Area,Perimeter,MajorAxisLength,MinorAxisLength,AspectRation,Eccentricity,ConvexArea,EquivDiameter,Extent,Solidity,roundness,Compactness,ShapeFactor1,ShapeFactor2,ShapeFactor3,ShapeFactor4,0
25730,602.505,220.8064387,149.0596422,1.481329456,0.737754346,26113,180.9984903,0.797013908,0.985332976,0.890693616,0.819715636,0.008581673,0.002390037,0.671933724,0.995355217,3
35067,694.734,257.3896686,174.2525592,1.477106963,0.735983897,35476,211.3023689,0.694657396,0.988471079,0.913001246,0.820943475,0.00733994,0.002056484,0.673948189,0.995493563,3
37943,725.296,272.4195768,177.7357646,1.532722338,0.757845642,38424,219.7965606,0.777903067,0.987481782,0.906381359,0.806831004,0.007179706,0.001876795,0.650976269,0.997765869,3
34243,676.392,248.6549214,175.8971686,1.413637999,0.706818765,34555,208.8050328,0.823426153,0.990970916,0.940556188,0.839738187,0.007261482,0.00222731,0.705160222,0.996841285,3
29850,632.695,225.9155814,168.5936421,1.340000599,0.665645243,30231,194.95179,0.747801689,0.987397043,0.937055674,0.862940877,0.007568361,0.002588843,0.744666957,0.997854169,3
31725,658.802,235.0157365,172.7741731,1.360248076,0.677893611,32092,200.9814035,0.773893741,0.988564128,0.918547621,0.855182749,0.007407903,0.002444054,0.731337534,0.994800473,3
31242,656.919,248.6522245,160.8588295,1.545779149,0.762555377,31627,199.4456063,0.737709563,0.987826857,0.909756246,0.802106664,0.007958909,0.002032178,0.6433751,0.994515815,3
33323,666.635,238.2342886,178.4807274,1.334789991,0.662364736,33687,205.9809733,0.769300028,0.989194645,0.942275142,0.864615142,0.007149245,0.002464514,0.747559344,0.99783473,3
33250,670.611,245.8324785,172.6497789,1.423879486,0.711874568,33588,205.7552305,0.81567069,0.989936882,0.929095096,0.83697334,0.007393458,0.002238071,0.700524371,0.997462281,3
37946,738.476,264.9601146,182.5882627,1.45113443,0.724651016,38540,219.8052496,0.759223689,0.984587442,0.874385798,0.829578633,0.006982557,0.002039973,0.688200708,0.998671742,3
28090,618.098,229.0966014,156.557486,1.46333853,0.730073274,28402,189.1171563,0.759332847,0.989014858,0.923946717,0.825490885,0.008155806,0.002336124,0.681435202,0.997170386,3
27426,618.587,228.3237121,153.6259714,1.486231201,0.739785464,27822,186.8685842,0.704748689,0.985766659,0.900680496,0.818437045,0.008325082,0.002304143,0.669839196,0.995535914,3
31768,666.528,247.9793566,164.2668421,1.509612978,0.749131389,32247,201.1175623,0.719481814,0.985145905,0.898592815,0.811025422,0.007805948,0.002083259,0.657762235,0.992966406,3
38622,742.379,283.1655151,174.3847613,1.623797361,0.787870937,39112,221.7544987,0.785958486,0.987471876,0.880629575,0.783126782,0.007331715,0.001701037,0.613287557,0.995854717,3
32682,670.794,252.3898426,164.9950037,1.529681729,0.756727225,33036,203.9902321,0.771074673,0.989284417,0.91272543,0.808234713,0.007722595,0.002032792,0.653243352,0.99925442,3
41657,745.22,259.4401353,205.0985657,1.264953435,0.612406621,42101,230.3027132,0.748082967,0.989453932,0.942603072,0.887691155,0.006228008,0.002385484,0.787995586,0.996777723,3
26603,600.076,218.0865189,155.8256592,1.399554605,0.699622135,26945,184.0434503,0.787303936,0.987307478,0.928384676,0.843901087,0.008197817,0.002564745,0.712169044,0.996719466,3
37278,737.864,281.7473468,168.8338586,1.668784622,0.800570556,37788,217.8619374,0.773434582,0.986503652,0.860418668,0.773252845,0.007558006,0.00166676,0.597919962,0.997799637,3
33782,678.193,256.8022247,167.7475339,1.530885246,0.757170905,34116,207.3947403,0.725511672,0.990209872,0.922972191,0.807604921,0.007601747,0.001994752,0.652225708,0.998482713,3
30501,651.07,244.9141178,158.9151774,1.541162536,0.760907107,30878,197.0661801,0.760092703,0.98779066,0.904208475,0.804633812,0.008029708,0.002076216,0.647435571,0.997803446,3
31601,666.526,254.7055794,158.5586143,1.606381214,0.782606086,31971,200.5882421,0.789748588,0.988427012,0.8938744,0.787529832,0.008060048,0.00191243,0.620203236,0.996282827,3
35195,695.057,253.5426002,177.4739262,1.428618872,0.714165628,35593,211.6876609,0.704181673,0.988818026,0.915482381,0.8349195,0.007203938,0.002159375,0.697090571,0.995876745,3
39411,752.423,283.4832967,177.5984473,1.596203689,0.779432303,39897,224.0081331,0.711210163,0.987818633,0.874788759,0.790198702,0.007192999,0.001729956,0.624413989,0.996691913,3
29930,640.443,235.2698504,162.3481434,1.449168716,0.723760957,30245,195.2128571,0.780321201,0.989585055,0.916971029,0.829740219,0.00786067,0.002298306,0.68846883,0.99770749,3
35489,702.532,267.2950921,169.7669948,1.574482086,0.77240568,35815,212.5699842,0.686095967,0.990897669,0.903589976,0.795263327,0.007531773,0.001858321,0.632443759,0.99577137,3
37149,713.446,266.1961182,177.8854551,1.49644679,0.743937124,37584,217.4846566,0.770246734,0.988425926,0.917138188,0.817009121,0.007165633,0.001969436,0.667503904,0.998884074,3
24277,582.828,220.2652552,141.9059831,1.552191461,0.764814616,24743,175.8136412,0.686760962,0.98116639,0.898098698,0.798190532,0.009073001,0.002271732,0.637108125,0.988913791,3
23459,556.684,200.2933849,149.2299734,1.342179325,0.667000884,23690,172.8262899,0.757719638,0.99024905,0.951265795,0.862865691,0.008538019,0.002919508,0.7445372,0.999302436,3
29336,640.593,242.9514106,154.2343178,1.575209811,0.772646859,29693,193.2660221,0.722099148,0.987976964,0.898351679,0.795492488,0.008281682,0.002045703,0.632808298,0.99680584,3
29819,659.388,251.4298096,151.7986598,1.65633748,0.797180007,30224,194.8505324,0.789865438,0.986600053,0.861828517,0.774969892,0.008431866,0.001876043,0.600578334,0.994760404,3
33978,667.754,241.5791627,179.3886182,1.346680548,0.66977223,34287,207.9955126,0.757085561,0.990987838,0.957579146,0.860982836,0.00710987,0.002410013,0.741291443,0.998282767,3
25094,586.953,204.2226965,157.3683789,1.297736546,0.637352442,25457,178.7475123,0.736607274,0.985740661,0.915320321,0.875257821,0.008138308,0.00294617,0.766076253,0.99416515,3
40951,762.85,285.2574343,183.7581266,1.552352756,0.764870999,41450,228.3427962,0.722239859,0.987961399,0.88429277,0.800479738,0.006965823,0.001764223,0.640767811,0.994697677,3
36548,725.724,267.6696671,174.5499145,1.533484951,0.758124851,37077,215.7182396,0.755748553,0.985732395,0.872028159,0.80591216,0.007323784,0.001905751,0.64949441,0.995989903,3
33896,695.663,257.4012325,168.242884,1.529938304,0.756821921,34357,207.7443804,0.725731169,0.986582065,0.880157724,0.807083861,0.007593853,0.001987543,0.651384358,0.99657788,3
29346,631.556,235.8091427,158.6433177,1.486410813,0.739859402,29687,193.2989593,0.716175322,0.988513491,0.924559885,0.819726314,0.008035478,0.002238036,0.67195123,0.998795573,3
28322,625.881,229.5551129,157.4856443,1.457625639,0.727557028,28703,189.8965255,0.733920705,0.986726126,0.908552958,0.827237185,0.008105187,0.002341332,0.684321361,0.997484361,3
25576,596.602,225.7376431,144.7314481,1.559700025,0.767416478,25970,180.4560185,0.783722498,0.984828648,0.902969492,0.799405965,0.008826151,0.002223416,0.639049897,0.99672614,3
26403,588.912,213.7594715,157.5659892,1.356634592,0.675763873,26646,183.3503305,0.779815701,0.990880432,0.95667039,0.857741316,0.00809603,0.002703194,0.735720166,0.998103427,3
28461,633.854,239.9876164,151.9461717,1.579425225,0.774035894,28896,190.3619465,0.711276053,0.984946013,0.890187617,0.793215706,0.008432157,0.002059129,0.629191156,0.993760383,3
39311,737.159,278.0802937,180.5208523,1.540433086,0.760644986,39792,223.7237577,0.713189405,0.987912143,0.90907897,0.804529349,0.007073854,0.001828115,0.647267474,0.997072232,3
36555,709.93,266.6777218,175.1535007,1.522537208,0.754066219,36948,215.7388967,0.7474543,0.98936343,0.911434775,0.808987325,0.007295246,0.001927465,0.654460491,0.996440449,3
39797,755.236,287.8634353,176.4977828,1.630974796,0.789981826,40299,225.1024526,0.682437067,0.987543115,0.876788474,0.781976538,0.007233295,0.001668364,0.611487306,0.997320385,3
23757,567.677,213.9019038,141.6176662,1.510418223,0.749443519,24029,173.9205332,0.728652926,0.988680345,0.926400678,0.813085485,0.009003742,0.002427435,0.661108006,0.99854958,3
40906,747.915,278.3183814,188.1656213,1.479113875,0.736827797,41346,228.2173017,0.750968405,0.9893581,0.918951077,0.819986451,0.006803852,0.001897411,0.672377779,0.994523303,3
31908,663.923,245.2032937,166.143589,1.475851672,0.735453806,32287,201.5602327,0.764739718,0.988261529,0.909649362,0.822012746,0.007684696,0.002164316,0.675704954,0.997240286,3
27948,631.844,237.8532117,149.9074151,1.586667421,0.776390795,28296,188.6385401,0.689257177,0.987701442,0.879712711,0.793088051,0.008510563,0.002076939,0.628988656,0.997995809,3
38148,717.9,260.3562771,187.0793114,1.391689306,0.695474079,38554,220.3895237,0.815041128,0.989469316,0.930151587,0.846492069,0.0068249,0.002161562,0.716548823,0.997213334,3
34749,697.879,255.7623156,173.4749962,1.474346858,0.734816053,35209,210.3421045,0.739844149,0.986935159,0.896585921,0.822412418,0.007360278,0.002076982,0.676362186,0.997192464,3
31877,673.251,250.3800064,162.2994261,1.5427042,0.761459571,32271,201.4622966,0.720091262,0.987790896,0.883757866,0.804626134,0.007854566,0.002030853,0.647423216,0.998782515,3
24890,582.247,211.6866932,149.9156023,1.412039107,0.7060162,25213,178.0194716,0.743095984,0.987189148,0.922614427,0.840957308,0.008504889,0.002623882,0.707209194,0.998607038,3
35457,688.197,248.6037386,181.9081818,1.366644073,0.681605971,35806,212.4741267,0.76148444,0.99025303,0.940776155,0.854669877,0.007011415,0.002307698,0.730460599,0.998279649,3
26728,616.154,218.9914088,155.6294124,1.407133815,0.703531107,27089,184.4753278,0.748746393,0.986673558,0.884703575,0.842386141,0.008193333,0.002544985,0.70961441,0.998522433,3
32915,681.518,263.1933205,160.1062358,1.643866769,0.793690482,33250,204.7160952,0.836042672,0.989924812,0.890531041,0.777816454,0.007996151,0.001805383,0.604998435,0.994536823,3
40061,756.806,278.5365624,183.4217785,1.518557745,0.752563599,40567,225.8478457,0.707891575,0.987526808,0.878946653,0.810837341,0.006952811,0.001853852,0.657457194,0.998386714,3
33133,668.032,239.6109719,176.7487903,1.355658342,0.6751844,33480,205.392906,0.798866787,0.989635603,0.932988072,0.857193243,0.007231792,0.002408467,0.734780256,0.996110983,3
35282,703.49,270.4880703,166.3696731,1.62582558,0.788470847,35664,211.9491392,0.693067751,0.989288919,0.895874557,0.783580359,0.007666461,0.001782826,0.613998179,0.998253946,3
29054,621.3,229.3542841,161.7145945,1.418265834,0.709121372,29351,192.3348687,0.757344316,0.989881094,0.945830009,0.838592876,0.007894069,0.00240816,0.703238012,0.997378445,3
34855,688.682,252.7764551,176.1330977,1.43514455,0.717271378,35184,210.662679,0.817118342,0.990649159,0.923501249,0.833395179,0.007252229,0.002158019,0.694547524,0.996776093,3
40649,750.717,279.0215276,185.9987668,1.500125686,0.745405948,41076,227.4992621,0.75786785,0.989604635,0.906373562,0.81534663,0.006864167,0.001871271,0.664790126,0.997268744,3
36373,706.208,260.7169424,178.2056931,1.463011298,0.729930173,36774,215.2011663,0.759226017,0.989095557,0.916481538,0.82542072,0.00716787,0.002052444,0.681319365,0.996777928,3
28960,627.343,230.5684836,160.4623716,1.436900635,0.71809766,29266,192.0234809,0.765550239,0.989544181,0.924694573,0.83282623,0.007961619,0.002362646,0.693599529,0.996633603,3
32953,675.085,258.5233923,162.8425082,1.587567,0.776680564,33268,204.8342323,0.811910218,0.990531442,0.908631745,0.792323783,0.007845216,0.001907196,0.627776978,0.996638013,3
27166,639.697,231.7196861,149.7418292,1.547461302,0.763151414,27700,185.9807126,0.710538017,0.980722022,0.834232168,0.802610757,0.008529768,0.002183418,0.644184027,0.996849854,3
41941,770.196,292.6198886,183.3620757,1.59585829,0.779323297,42390,231.0864335,0.710094135,0.989407879,0.888476873,0.789715404,0.006976941,0.001673891,0.623650419,0.995257691,3
32061,653.995,237.928599,171.9643956,1.383592215,0.691102974,32411,202.042899,0.71913061,0.989201197,0.94197217,0.8491745,0.007421122,0.00238033,0.721097331,0.997704653,3
41574,754.002,273.506578,193.8869062,1.410650071,0.705316011,41973,230.0731641,0.743375174,0.990493889,0.918938993,0.841197918,0.006578789,0.002031976,0.707613938,0.998195652,3
25677,586.209,215.5427721,151.9313763,1.418685049,0.709328475,25895,180.8119791,0.743248328,0.991581386,0.938964518,0.838868209,0.008394391,0.002564153,0.703699872,0.998328487,3
28723,620.313,226.5884564,161.8852939,1.39968524,0.699690234,29059,191.2361353,0.784910095,0.988437317,0.938032524,0.843980044,0.007888746,0.002468974,0.712302314,0.996999035,3
26571,626.86,215.0255524,157.9695125,1.361183871,0.678441309,27000,183.9327267,0.799079755,0.984111111,0.849721578,0.855399391,0.00809249,0.002672623,0.731708119,0.995989289,3
37632,713.497,265.529855,180.7686029,1.468893661,0.732483787,37954,218.8939253,0.753710269,0.991516046,0.928929727,0.824366531,0.007055959,0.002010098,0.679580177,0.998231014,3
28628,626.577,231.0964606,158.5905524,1.457189329,0.727363277,28931,190.919621,0.705366382,0.989526805,0.916330146,0.826146885,0.008072393,0.002319589,0.682518675,0.99455893,3
32211,671.846,248.3245435,165.8386389,1.497386527,0.744313626,32560,202.5149846,0.737532628,0.989281327,0.896756638,0.815525448,0.007709309,0.002103513,0.665081756,0.995884461,3
24723,592.848,218.6189668,144.2485864,1.515570947,0.751426024,25152,177.4212537,0.737647691,0.982943702,0.883943109,0.811554717,0.008842736,0.002366125,0.658621059,0.998186942,3
29760,656.499,248.0332937,153.1977689,1.619039856,0.786453083,30254,194.6576709,0.683949255,0.983671581,0.867710101,0.784804604,0.008334452,0.001950307,0.615918267,0.997196222,3
22190,564.639,202.9816946,139.9455813,1.450433037,0.724333972,22701,168.0868392,0.773602008,0.977489978,0.87463212,0.828088658,0.00914744,0.002653302,0.685730826,0.994606645,3
29709,639.387,238.9270984,158.7439363,1.505110079,0.747374301,29986,194.490806,0.721617683,0.990762356,0.913209233,0.814017361,0.008042246,0.00217817,0.662624264,0.997322457,3
26420,605.129,221.7853347,152.0815434,1.458331693,0.727870085,26769,183.4093476,0.817121826,0.986962531,0.906664778,0.826967878,0.0083946,0.002421778,0.683875871,0.997317857,3
27092,603.301,214.568627,161.1379927,1.331583095,0.66031835,27441,185.7272348,0.766870471,0.987281805,0.935368716,0.8655843,0.00792,0.002742473,0.74923618,0.997670232,3
22333,545.278,201.0372975,142.0385806,1.415371068,0.707684588,22596,168.6275741,0.799434422,0.988360772,0.943889116,0.83878751,0.009001804,0.002748636,0.703564486,0.995804819,3
32408,674.039,257.0555033,161.0262144,1.59635811,0.779481009,32781,203.1333236,0.708913923,0.988621458,0.896379763,0.790231374,0.007931853,0.00190797,0.624465625,0.996870765,3
28279,629.709,232.1746238,155.7236598,1.490939939,0.741712608,28617,189.7523151,0.720098801,0.988188839,0.896177655,0.81728275,0.008210143,0.002259539,0.667951094,0.995874963,3
39577,733.731,273.7498462,184.3631701,1.484840199,0.739211689,39963,224.479401,0.784884182,0.990341065,0.923802213,0.820016537,0.006916892,0.001929218,0.672427121,0.998446821,3
23018,567.483,209.2048084,140.1855369,1.492342313,0.742282075,23306,171.1941233,0.73315072,0.987642667,0.898197285,0.818308741,0.009088748,0.002513927,0.669629195,0.999315982,3
27332,626.434,234.3922922,149.6996445,1.565750494,0.769479624,27859,186.5480722,0.719869364,0.981083312,0.875247006,0.795879721,0.008575746,0.002122469,0.633424531,0.991784771,3
26307,606.265,217.531817,154.6776643,1.406355714,0.703133705,26684,183.0167006,0.696726522,0.985871683,0.899406859,0.84133302,0.008268971,0.002555659,0.707841251,0.995476588,3
34283,692.028,256.3055328,170.9765596,1.499068255,0.744985164,34703,208.9269521,0.709704799,0.9878973,0.899583227,0.815148038,0.00747617,0.002036127,0.664466323,0.996080371,3
30086,640.508,236.9364386,162.7266285,1.456039744,0.726851703,30409,195.7209364,0.824725877,0.989378145,0.921563357,0.826048275,0.007875305,0.002261876,0.682355753,0.993537096,3
40335,740.017,271.1893015,189.7444059,1.429234766,0.714461148,40733,226.6188806,0.7891802,0.990229053,0.925568428,0.835648307,0.006723424,0.002022388,0.698308093,0.998046203,3
28515,622.373,235.4868924,154.4033616,1.525140968,0.75504142,28829,190.542451,0.757008601,0.98910819,0.925085242,0.809142492,0.008258351,0.0021836,0.654711572,0.998527441,3
28240,648.293,247.933286,145.2984482,1.706372567,0.810283216,28646,189.6214248,0.669194313,0.985826992,0.844368245,0.764808259,0.008779507,0.001852935,0.584931673,0.99811136,3
32781,674.424,260.4018626,160.8078929,1.619335083,0.786541507,33087,204.2989611,0.793075918,0.990751655,0.905661755,0.784552611,0.007943683,0.001856479,0.615522799,0.996737663,3
33359,680.514,250.2176681,170.3707644,1.468665525,0.732385487,33781,206.0922075,0.705801456,0.987507771,0.905208782,0.823651699,0.007500754,0.002129409,0.678402121,0.996345808,3
31874,665.463,250.3141899,162.3610836,1.541712979,0.761104598,32199,201.4528164,0.7001274,0.989906519,0.904479244,0.804799826,0.007853241,0.002032264,0.64770276,0.998571752,3
25918,598.787,221.1815288,149.8769869,1.475753772,0.735412391,26281,181.6585327,0.738404558,0.98618774,0.908378034,0.82130969,0.008533896,0.002395272,0.674549606,0.995469126,3
30017,634.725,231.4203017,165.4694413,1.398568219,0.699107104,30345,195.4963719,0.728285132,0.989190971,0.936280419,0.844767596,0.007709641,0.002421937,0.713632291,0.998063441,3
37037,708.535,261.7894114,180.3889056,1.451250067,0.724703229,37454,217.1565634,0.726215686,0.988866343,0.92709246,0.829508582,0.007068321,0.002064332,0.688084487,0.998582659,3
36623,712.553,263.225672,177.7805501,1.480621316,0.737458783,37100,215.9394634,0.714149214,0.987142857,0.906419907,0.820358674,0.007187442,0.002008025,0.672988355,0.996440903,3
41964,756.887,287.164102,186.2711081,1.541645964,0.761080567,42310,231.1497875,0.798705748,0.991822264,0.920501817,0.804939705,0.006843106,0.001772093,0.647927928,0.998875476,3
31520,657.536,239.070754,168.4081575,1.419591293,0.709775351,31870,200.3310022,0.821346675,0.989017885,0.916129783,0.83795696,0.007584732,0.002306784,0.702171866,0.996797068,3
26874,609.355,230.0850987,149.1908917,1.542219475,0.761286089,27275,184.978484,0.788093842,0.985297892,0.90949731,0.803956818,0.008561625,0.002206312,0.646346566,0.996808262,3
24796,581.279,215.8817669,146.6524754,1.472063573,0.733843575,25087,177.6829979,0.72933702,0.988400367,0.922193857,0.823056993,0.008706314,0.002464528,0.677422814,0.997209447,3
33165,674.921,261.1331351,162.0316558,1.611618013,0.784210853,33414,205.4920668,0.816751219,0.992548034,0.914921815,0.786924519,0.007873757,0.00186249,0.619250199,0.997994775,3
32038,675.473,239.9630491,170.6138358,1.406468872,0.703191553,32573,201.970415,0.747259411,0.983575354,0.882387349,0.841672982,0.007489951,0.002318634,0.708413408,0.996361407,3
35790,700.082,260.6489341,175.2987023,1.486884561,0.74005426,36164,213.4695372,0.737725193,0.989658224,0.917642965,0.818992558,0.007282731,0.002021128,0.67074881,0.997326049,3
27384,609.637,231.6569315,151.0573014,1.533569906,0.758155922,27624,186.7254447,0.771597633,0.991311903,0.925900067,0.806042986,0.008459572,0.002202729,0.649705295,0.996368487,3
27815,613.813,228.5974907,155.3319184,1.471671071,0.733675818,28104,188.1891547,0.777498253,0.989716766,0.927719668,0.823233685,0.008218497,0.002328438,0.6777137,0.997371647,3
31136,655.339,242.2245189,163.9991576,1.47698636,0.735933043,31546,199.1069724,0.756205372,0.987003107,0.911046732,0.821993468,0.007779564,0.002190829,0.675673262,0.997960192,3
30136,638.327,230.3926265,167.3832636,1.376437653,0.687152604,30491,195.8835034,0.778687889,0.98835722,0.92941364,0.850216026,0.007645096,0.002464222,0.722867292,0.994981758,3
31991,666.561,252.1849516,161.9232936,1.557434672,0.76663638,32385,201.8222145,0.757416483,0.987833874,0.904811018,0.80029444,0.007882997,0.001994667,0.64047119,0.997492038,3
25878,585.837,207.5047699,159.3829129,1.301926073,0.640338583,26154,181.5182992,0.736341908,0.989447121,0.947516929,0.874766875,0.008018578,0.002896319,0.765217086,0.996256076,3
40536,751.453,284.8866746,181.5916585,1.568831283,0.770518883,40936,227.1828299,0.805900714,0.99022865,0.90208427,0.797449829,0.007027992,0.001753172,0.63592623,0.997660962,3
37570,721.363,270.7227895,177.3597368,1.526405003,0.755512596,37933,218.7135334,0.692496267,0.990430496,0.90728417,0.807887411,0.007205824,0.001893506,0.652682068,0.996257174,3
32600,673.72,249.5018232,166.9111706,1.494818006,0.743282421,33108,203.734163,0.798549873,0.984656276,0.902544417,0.816563824,0.00765343,0.002098923,0.666776479,0.996709488,3
24343,572.561,208.593682,148.9329752,1.400587624,0.700159943,24630,176.0524644,0.776243622,0.988347544,0.933126316,0.843997109,0.008568939,0.002682073,0.712331119,0.99768215,3
32054,666.875,257.4984326,159.0768072,1.618705059,0.786352738,32398,202.0208414,0.753467162,0.989382061,0.905739323,0.784551733,0.00803327,0.001877407,0.615521421,0.996347638,3
30872,653.682,250.0381319,157.8422594,1.584101323,0.775560903,31178,198.2610684,0.823033858,0.990185387,0.907907444,0.792923331,0.008099188,0.001974904,0.628727408,0.995967919,3
29119,643.089,250.4928561,148.3821804,1.688159962,0.80567272,29407,192.5498956,0.764719786,0.990206413,0.884798053,0.76868418,0.008602385,0.001852637,0.590875368,0.99749214,3
37622,712.941,253.8932944,189.2208783,1.341782665,0.666754772,38017,218.8648399,0.777571098,0.989609911,0.930131947,0.86203474,0.006748533,0.002298731,0.743103892,0.997083921,3
26432,596.331,223.4038666,151.0013061,1.479483009,0.736982537,26708,183.4509952,0.777983812,0.989666018,0.934039229,0.821163026,0.008452023,0.002370598,0.674308716,0.997628288,3
40448,747.503,282.4991849,182.8734254,1.544779862,0.762200156,40849,226.9360992,0.705160391,0.990183358,0.90966406,0.803315943,0.006984256,0.001794095,0.645316505,0.996871941,3
41712,772.602,285.7319166,186.6747539,1.530640382,0.757080741,42286,230.4546981,0.705428716,0.986425767,0.878130824,0.806541673,0.006850113,0.001788071,0.650509471,0.995696065,3
27550,608.478,223.362128,157.2186007,1.420710571,0.710325709,27828,187.2905482,0.804262152,0.990010062,0.935064795,0.838506285,0.008107518,0.002472253,0.70309279,0.99889136,3
34999,688.989,250.4135016,178.2378358,1.404940205,0.702408486,35406,211.0973965,0.759922703,0.988504773,0.926490399,0.842995267,0.007154876,0.002228858,0.71064102,0.99840814,3
29577,628.476,230.6839252,163.5540529,1.410444567,0.705212185,29930,194.0582542,0.758851601,0.988205814,0.940993427,0.841230068,0.007799436,0.002409362,0.707668028,0.998126525,3
33848,689.11,262.173124,165.6426459,1.58276344,0.775126267,34122,207.5972353,0.672147424,0.99196999,0.895706595,0.791832634,0.007745602,0.001878315,0.62699892,0.992390968,3
28532,626.691,230.3359945,157.9116792,1.458638117,0.728005767,28861,190.5992411,0.720486856,0.988600534,0.912925134,0.827483527,0.0080729,0.002334784,0.684728987,0.998771801,3
31958,681.223,261.3888144,156.1522341,1.673935797,0.801947529,32425,201.7180938,0.743071057,0.985597533,0.865387965,0.771716625,0.008179136,0.001789446,0.59554655,0.996906689,3
30916,663.031,247.4947087,159.5767298,1.550944859,0.764378117,31324,198.4023028,0.697941123,0.986974844,0.883741997,0.801642604,0.008005392,0.002039321,0.642630865,0.996685036,3
38261,734.029,271.8838261,179.5208841,1.514496921,0.751014893,38662,220.7156955,0.713931184,0.989628059,0.892359279,0.811801491,0.00710603,0.001903734,0.659021661,0.998086276,3
26061,607.468,219.3658829,152.0946569,1.442298417,0.720612729,26501,182.1589849,0.792248062,0.983396853,0.887470917,0.830388858,0.008417401,0.002468788,0.689545655,0.994530606,3
31511,652.328,243.9790135,164.68033,1.481530997,0.737838366,31768,200.3023996,0.802153603,0.991910098,0.930550634,0.820982087,0.007742662,0.002169725,0.674011587,0.998569058,3
29548,662.921,256.8856508,146.5285233,1.753144337,0.821364493,29911,193.9630946,0.763336692,0.987863997,0.844917686,0.755056166,0.008693842,0.001743045,0.570109814,0.999484792,3
27247,609.007,233.4412941,148.8718917,1.568068299,0.770262202,27482,186.2577727,0.809404985,0.991448948,0.923174897,0.797878428,0.008567596,0.002141833,0.636609985,0.998247937,3
25929,597.772,224.6099506,147.2894074,1.524956577,0.754972565,26208,181.697078,0.703178391,0.989354396,0.911852293,0.808944918,0.0086625,0.002288225,0.65439188,0.997919201,3
28935,625.763,217.2830795,169.937502,1.278605822,0.6231506,29254,191.9405799,0.760246978,0.989095508,0.928567735,0.883366438,0.007509351,0.002820628,0.780336263,0.99774249,3
35441,703.568,274.5416921,164.6718149,1.667205116,0.800145298,35732,212.4261818,0.816311959,0.991856039,0.899712335,0.773748352,0.007746443,0.001712699,0.598686512,0.998133215,3
29688,634.872,231.2620901,163.8302407,1.411595864,0.705793069,30068,194.4220553,0.715752929,0.98736198,0.925589583,0.84070007,0.00778975,0.002400311,0.706776608,0.997682936,3
33222,679.444,256.3828441,165.4872051,1.549260826,0.763786379,33590,205.6685784,0.792566262,0.989044358,0.90433284,0.802193217,0.007717261,0.001971328,0.643513957,0.996970964,3
30630,644.058,238.2480779,164.3594486,1.449555106,0.723936284,30924,197.4824733,0.757306038,0.990492821,0.927912238,0.828894298,0.007778259,0.002264951,0.687065757,0.995939676,3
36035,708.696,260.9400059,177.1052407,1.47336129,0.734397,36461,214.1989426,0.745325556,0.988316283,0.901601088,0.820874292,0.007241293,0.002028161,0.673834603,0.99280182,3
36932,708.292,253.2997261,185.7826545,1.363419673,0.679743532,37379,216.8485252,0.749386198,0.988041414,0.925098587,0.85609459,0.006858543,0.002272473,0.732897947,0.99924748,3
38621,748.95,283.119477,174.4883418,1.622569588,0.787506468,39137,221.7516279,0.68789185,0.986815545,0.865222348,0.783243987,0.007330713,0.001701823,0.613471143,0.995399619,3
34044,686.252,256.7741355,169.170536,1.517841945,0.752291742,34448,208.1974233,0.779252884,0.988272178,0.908412705,0.810819294,0.00754242,0.002010883,0.657427928,0.997871685,3
27084,606.3,224.705259,153.7233179,1.461751294,0.729378002,27413,185.6998111,0.710362735,0.987998395,0.925864714,0.826415064,0.008296605,0.002387114,0.682961859,0.998320381,3
38803,734.716,278.4685032,177.824913,1.565970135,0.769553967,39222,222.2735118,0.759993732,0.98931722,0.903308657,0.79819983,0.007176468,0.001796954,0.637122968,0.997715541,3
39309,732.876,272.4482733,184.388709,1.477575687,0.736181388,39628,223.7180665,0.703781287,0.991950136,0.919688721,0.821139601,0.006930939,0.001943747,0.674270245,0.99628532,3
23018,578.382,203.7609998,144.2976069,1.412088559,0.706041077,23465,171.1941233,0.781994225,0.980950352,0.864665065,0.840171198,0.008852246,0.002720849,0.705887642,0.996775863,3
34286,680.595,250.8824835,174.1883366,1.440294387,0.719683286,34624,208.9360932,0.762436345,0.990237985,0.930141831,0.832804627,0.007317345,0.00217123,0.693563547,0.998935684,3
29294,644.536,238.8184262,156.5272034,1.525731125,0.755261587,29674,193.1276242,0.769477279,0.987194177,0.886123353,0.808679746,0.008152469,0.002150677,0.653962931,0.997771599,3
29307,627.269,228.2960041,163.7280852,1.39436068,0.696893577,29592,193.1704722,0.787230042,0.990369019,0.935995107,0.8461404,0.007789811,0.002463068,0.715953576,0.998297515,3
32036,665.675,248.5658622,164.4457259,1.511537383,0.749876286,32421,201.9641108,0.8054913,0.988124981,0.90849733,0.812517492,0.007758954,0.002085998,0.660184674,0.997893815,3
25919,602.036,230.2421418,143.5329493,1.604106534,0.781903095,26196,181.6620372,0.760779594,0.989425867,0.898634696,0.789004288,0.008883141,0.002123556,0.622527767,0.998600858,3
35875,697.442,259.0436208,176.6381816,1.466521102,0.731458595,36220,213.7228782,0.764013119,0.990474876,0.926799049,0.825045904,0.007220728,0.002063827,0.680700743,0.998262004,3
27572,612.275,220.4603472,159.5873459,1.381440026,0.689923473,27880,187.3653136,0.737613697,0.988952654,0.92424068,0.849882149,0.007995805,0.002573219,0.722299666,0.99781367,3
31675,664.884,246.6259639,164.1611106,1.502340981,0.746283835,32032,200.8229633,0.725226669,0.988854895,0.900398418,0.814281514,0.007786139,0.002111544,0.663054384,0.996133774,3
24378,570.738,202.9009984,153.5903063,1.321053414,0.653447703,24726,176.1789818,0.717654332,0.985925746,0.940447072,0.868300221,0.008323119,0.002918405,0.753945274,0.996001978,3
35680,703.303,257.4026315,176.840615,1.455562861,0.726639024,36100,213.1412371,0.787429379,0.988365651,0.906462349,0.828046069,0.007214199,0.002092117,0.685660292,0.998021657,3
36183,699.394,257.8609676,179.4804676,1.436707688,0.718007069,36516,214.638362,0.782166018,0.99088071,0.929545455,0.832380193,0.007126578,0.002110317,0.692856786,0.995432671,3
23521,559.892,205.8476826,145.7216814,1.412608478,0.706302413,23770,173.0545213,0.768208244,0.989524611,0.942881515,0.840692104,0.008751655,0.002696608,0.706763213,0.998379706,3
30857,642.562,236.0944526,167.0391418,1.41340796,0.706703521,31124,198.2128972,0.757971014,0.991421411,0.939146809,0.839549151,0.007651245,0.002344749,0.704842777,0.996230391,3
36684,717.317,275.036248,170.2850265,1.615152276,0.785283251,37121,216.1192251,0.706167706,0.988227688,0.89590983,0.785784516,0.007497444,0.001763222,0.617457306,0.997287573,3
21706,546.187,199.3233899,138.8673301,1.435351208,0.717368823,22006,166.2436091,0.791034985,0.986367354,0.914338368,0.834039644,0.009182871,0.002740975,0.695622127,0.99846206,3
33163,676.418,251.0718558,168.5556793,1.489548479,0.741145548,33561,205.4858706,0.800729187,0.988140997,0.910821687,0.818434508,0.007570843,0.002095365,0.669835043,0.99775177,3
29098,638.41,243.2299584,152.7184161,1.592669467,0.778312847,29464,192.4804517,0.711895092,0.987578061,0.897167724,0.791351744,0.008358992,0.002022143,0.626237582,0.997389476,3
34649,690.897,246.5441413,179.6603417,1.372279152,0.684817403,35072,210.0392273,0.802691933,0.987939097,0.912166157,0.851933557,0.007115476,0.0023121,0.725790785,0.995987563,3
31249,648.912,237.887999,167.564227,1.41968249,0.709820258,31551,199.4679486,0.757000969,0.990428196,0.932554833,0.838495214,0.00761266,0.002321232,0.703074224,0.998142164,3
34468,694.399,257.6113301,170.6910637,1.509225641,0.748981025,34876,209.4899058,0.720831503,0.988301411,0.898271819,0.813201445,0.007473927,0.002016142,0.66129659,0.998045769,3
25953,596.042,224.5859701,147.5849989,1.521739823,0.753766315,26279,181.7811484,0.733197729,0.987594657,0.918002162,0.809405629,0.008653565,0.002291077,0.655137472,0.996948781,3
25726,594.314,214.3770492,153.0590422,1.400616691,0.700175053,26034,180.9844207,0.725391231,0.988169317,0.915272065,0.844234126,0.008333089,0.002611184,0.712731259,0.998263298,3
29426,632.397,232.2972696,161.5792213,1.437667961,0.718457459,29824,193.5622557,0.73199005,0.986655043,0.924616188,0.833252393,0.007894286,0.002347464,0.69430955,0.998186595,3
38897,741.924,275.309866,180.1804474,1.527967491,0.756093003,39330,222.542577,0.790894858,0.988990592,0.88798807,0.808334914,0.00707792,0.001864021,0.653405334,0.998382108,3
32886,673.097,251.4364676,167.1550016,1.504211451,0.747021258,33257,204.625892,0.698438993,0.988844454,0.912148623,0.813827421,0.007645699,0.002068837,0.662315071,0.996261914,3
38250,742.209,285.0766321,171.6516215,1.660786129,0.798402216,38800,220.6839654,0.721807065,0.985824742,0.872547083,0.774121554,0.007452984,0.001650998,0.59926418,0.995249638,3
27125,603.014,213.8352397,162.18972,1.318426591,0.651696494,27498,185.8403149,0.744721742,0.986435377,0.937399722,0.8690818,0.007883327,0.002774163,0.755303175,0.99581179,3
30502,641.008,228.7848135,169.9916744,1.345858933,0.669269299,30830,197.0694106,0.724960783,0.989361012,0.932848852,0.861374527,0.00750065,0.002547104,0.741966076,0.998581672,3
38028,719.218,264.6085195,183.3178967,1.443440735,0.721140257,38448,220.0426173,0.738350419,0.989076155,0.923830408,0.831577977,0.006958255,0.002052542,0.691521931,0.998170924,3
28488,626.458,223.0923398,162.9172243,1.369360058,0.683160646,28869,190.4522201,0.780236635,0.986802452,0.912195458,0.853692333,0.007831099,0.002565712,0.7287906,0.997976739,3
25617,619.412,243.7947675,134.4487057,1.813292038,0.834186033,25959,180.6006019,0.699459371,0.986825378,0.83903273,0.740789492,0.009516913,0.00176789,0.548769071,0.995078587,3
40748,760.445,294.9468402,176.4278662,1.671770149,0.801370463,41191,227.7761291,0.771669349,0.989245223,0.885483645,0.772261635,0.007238315,0.00158809,0.596388033,0.997023711,3
35072,700.46,252.0062132,177.3886293,1.420644684,0.71029336,35550,211.3174326,0.73655914,0.986554149,0.898263425,0.838540566,0.007185396,0.002191426,0.70315028,0.998926707,3
29010,631.818,238.4778657,155.4379018,1.534232404,0.758398005,29332,192.1891755,0.779650085,0.989022228,0.913216193,0.805899428,0.00822054,0.002138964,0.649473888,0.996443884,3
30695,647.597,234.1149917,170.5548881,1.372666561,0.685036187,31423,197.6919013,0.765232349,0.976832257,0.919745868,0.844422221,0.007627138,0.002392103,0.713048887,0.978778364,3
35086,690.369,257.8885007,173.6431322,1.485163838,0.739345371,35424,211.3596051,0.819000934,0.990458446,0.925083978,0.819577471,0.007350182,0.002045681,0.67170723,0.997595288,3
28784,637.509,242.4056074,151.4868411,1.600176,0.780679783,29094,191.4390949,0.708965517,0.989344882,0.889996645,0.789746974,0.00842154,0.002020799,0.623700283,0.998030223,3
38404,734.438,279.9279238,175.9157134,1.591261624,0.777864387,39072,221.1277718,0.686472186,0.982903358,0.894697135,0.789945386,0.00728903,0.001750805,0.624013713,0.992969074,3
29118,634.887,244.7380163,151.9323565,1.610835388,0.783972228,29411,192.5465893,0.73530303,0.990037741,0.907775666,0.78674573,0.008405042,0.001986357,0.618968844,0.997056917,3
33687,675.875,250.4412967,171.6043472,1.459411144,0.728347566,34042,207.1029226,0.725418838,0.989571706,0.926700581,0.826951966,0.00743436,0.002144591,0.683849554,0.998017659,3
39801,735.811,278.5207037,182.1990372,1.528661776,0.756350191,40116,225.1137648,0.709048153,0.992147771,0.923785829,0.808247868,0.006997832,0.001842135,0.653264615,0.998620647,3
32138,665.691,251.4435063,163.2265641,1.540457019,0.760653593,32461,202.2853739,0.795278513,0.990049598,0.9113461,0.804496313,0.007823869,0.002021611,0.647214318,0.997005839,3
34531,687.091,257.2543419,172.2982543,1.49307573,0.742579084,34931,209.6812694,0.698781771,0.988548853,0.919158695,0.815073782,0.007449953,0.002028248,0.66434527,0.991917799,3
24991,628.397,218.7656148,145.7919178,1.500533213,0.745567814,25568,178.3802945,0.794247577,0.977432728,0.79528958,0.81539457,0.008753776,0.002386967,0.664868305,0.997656975,3
34790,701.516,257.0292429,173.3050263,1.483103222,0.738492307,35175,210.4661582,0.805697082,0.989054726,0.888360278,0.818841295,0.007388021,0.002048834,0.670501067,0.994422293,3
29070,637.119,241.9412146,153.0790439,1.5804986,0.774387416,29353,192.3878207,0.776815777,0.990358737,0.89994047,0.795184157,0.008322711,0.002052653,0.632317843,0.999377466,3
31225,661.627,251.1724603,158.8730165,1.580963626,0.774539436,31563,199.3913358,0.678656814,0.989291259,0.896367025,0.793842348,0.008043954,0.001970545,0.630185674,0.996300629,3
29909,646.672,239.7630481,159.3046756,1.505059705,0.747354532,30387,195.1443608,0.710849673,0.984269589,0.898759808,0.813905072,0.008016418,0.002169977,0.662441465,0.997013956,3
22298,539.161,191.9546902,148.0978821,1.296133932,0.636198754,22505,168.4953868,0.736709948,0.990802044,0.963915214,0.877787287,0.008608606,0.003152606,0.770510522,0.998684832,3
35504,706.605,268.5835624,168.6971706,1.592104725,0.778133126,35954,212.6149026,0.786827117,0.987484007,0.89358061,0.791615469,0.007564882,0.001832479,0.62665505,0.997700466,3
27797,613.276,223.8411244,158.6793154,1.410650934,0.705316447,28106,188.1282531,0.754410248,0.989005906,0.928743639,0.840454379,0.008052708,0.002478439,0.706363563,0.996432419,3
34653,697.633,258.9204543,170.6879204,1.516923129,0.751942072,35094,210.0513507,0.747863432,0.987433749,0.894739625,0.811258235,0.007471805,0.001996373,0.658139924,0.998347673,3
28187,621.785,228.6742393,157.2353672,1.454343532,0.726093997,28533,189.4434033,0.806633471,0.98787369,0.91617458,0.828442259,0.008112755,0.002357204,0.686316576,0.998140073,3
26666,607.932,230.6419078,147.5829967,1.562794582,0.768475375,26928,184.2612431,0.806594071,0.990270351,0.906687713,0.79890617,0.008649288,0.002173418,0.638251068,0.997455311,3
26783,608.733,225.8112135,152.1589041,1.484048632,0.738884256,27142,184.6650338,0.817377239,0.986773267,0.908270886,0.817785047,0.00843114,0.00232607,0.668772383,0.99249074,3
35702,691.2,254.3248283,179.08571,1.420129101,0.710040011,36036,213.2069376,0.746778782,0.990731491,0.939063479,0.838325298,0.007123546,0.002170332,0.702789306,0.998051545,3
30250,649.872,237.8158697,162.3839301,1.464528353,0.730592549,30612,196.2536528,0.731382979,0.988174572,0.90007685,0.825233627,0.007861682,0.00224907,0.68101054,0.997359244,3
26264,599.479,221.7402597,151.2012457,1.466524026,0.731459863,26596,182.8670648,0.800682885,0.98751692,0.918380778,0.824690406,0.008442745,0.002408947,0.680114266,0.997403912,3
34768,710.766,267.8747111,165.8074215,1.615577328,0.785411653,35200,210.3996019,0.687848692,0.987727273,0.864841026,0.785440332,0.007704634,0.001808775,0.616916515,0.996676335,3
32940,674.619,253.6697594,165.6243528,1.531596985,0.757432676,33307,204.7938246,0.712663075,0.988981295,0.90952852,0.807324551,0.007700964,0.002017983,0.651772931,0.998253455,3
38359,719.697,267.668939,182.729028,1.464840819,0.730728648,38693,220.9981803,0.761272525,0.991367948,0.930631516,0.825639991,0.006977996,0.0020002,0.681681394,0.998554731,3
31010,710.926,279.08787,141.9808008,1.965673304,0.860925214,31532,198.7036947,0.767498267,0.983445389,0.771015014,0.711975389,0.008999931,0.001426523,0.506908954,0.996417399,3
24642,584.645,211.964293,148.5383674,1.427000287,0.713386583,24997,177.1303725,0.754778241,0.985798296,0.905943968,0.835661375,0.008601749,0.002587545,0.698329934,0.996517016,3
31953,662.338,245.4183625,166.1746785,1.47686979,0.735883875,32346,201.7023133,0.716370729,0.987850121,0.915297253,0.821871319,0.007680605,0.002161675,0.675472465,0.997584877,3
26653,606.282,224.1766326,152.2279738,1.472637564,0.734088592,27108,184.2163228,0.701099537,0.983215287,0.91118511,0.82174632,0.008410934,0.002365784,0.675267014,0.994423571,3
25396,595.917,219.0418528,148.1542613,1.478471499,0.736558158,25749,179.8198862,0.755046826,0.98629073,0.898677012,0.820938482,0.008625053,0.002416484,0.673939992,0.99640107,3
31746,661.676,241.9665261,167.461571,1.444907776,0.721815346,32126,201.0479112,0.723209404,0.988171574,0.911188251,0.830891423,0.007621953,0.002240903,0.690380556,0.997536235,3
36115,695.367,251.9558192,183.4432137,1.373481276,0.685495454,36515,214.4365784,0.763353131,0.989045598,0.938575752,0.851088017,0.006976487,0.002257951,0.724350812,0.994882277,3
29181,625.086,228.9899946,162.564724,1.408608147,0.704281678,29490,192.7547747,0.76246342,0.989521872,0.938491817,0.841760685,0.007847229,0.002430248,0.708561051,0.998084869,3
27983,620.189,230.3036902,154.9381159,1.486423717,0.739864713,28323,188.7566216,0.788364558,0.987995622,0.914231158,0.819598771,0.008230129,0.002290823,0.671742146,0.998493458,3
30768,647.162,236.5545568,165.8821221,1.426040093,0.712922771,31137,197.9268408,0.709561367,0.988149147,0.923173042,0.836706946,0.007688331,0.00232437,0.700078513,0.998340028,3
24868,606.435,217.3319579,146.6943078,1.481529591,0.737837781,25379,177.9407795,0.787260985,0.979865243,0.849732455,0.818751099,0.008739422,0.002422535,0.670353363,0.993148344,3
28351,616.298,228.5883755,158.106545,1.445786925,0.722218618,28625,189.9937218,0.719751206,0.990427948,0.937986805,0.831160908,0.008062798,0.002373591,0.690828456,0.998790748,3
35414,705.743,264.0358214,171.0983486,1.543181588,0.761630229,35815,212.3452501,0.788871068,0.988803574,0.893494099,0.804228945,0.00745569,0.001923917,0.646784196,0.998105463,3
39536,735.628,276.6419013,182.1474792,1.518779741,0.752647814,39881,224.3630955,0.731700998,0.991349264,0.91809176,0.811023545,0.006997215,0.001867406,0.657759191,0.998991334,3
26584,608.165,220.6112556,153.9603325,1.432909711,0.716214046,26937,183.9777162,0.728708095,0.986895348,0.903207108,0.833945284,0.008298648,0.002475924,0.695464736,0.996538175,3
39939,745.006,269.4404149,189.1329802,1.424608308,0.712228856,40496,225.5036899,0.72180655,0.986245555,0.904247902,0.836933427,0.006746298,0.00204178,0.700457562,0.997877662,3
31845,679.808,246.9477956,164.3658541,1.5024276,0.746318061,32393,201.3611514,0.745435393,0.983082765,0.865921604,0.815399671,0.00775468,0.002114588,0.664876624,0.998928991,3
29529,626.727,226.7241395,166.75948,1.35958771,0.677506167,29793,193.9007234,0.726849801,0.991138858,0.944717138,0.855227519,0.007678016,0.002533702,0.731414109,0.994421634,3
24767,597.703,226.9693901,139.2806607,1.629582952,0.789575102,25154,177.5790635,0.698448957,0.984614773,0.871189027,0.782392125,0.009164186,0.002118222,0.612137438,0.997528733,3
22416,559.918,213.2098015,133.9332071,1.591911416,0.778071554,22648,168.9406335,0.716624041,0.98975627,0.898502156,0.792368044,0.009511501,0.002312792,0.627847118,0.999476995,3
24567,583.214,220.8598819,141.9189579,1.556239456,0.7662231,24838,176.8606115,0.759811957,0.989089299,0.907624287,0.800781971,0.008990104,0.002280351,0.641251765,0.997941297,3
32911,669.371,245.9198274,170.8312523,1.439548233,0.719335929,33262,204.7036557,0.808048319,0.989447417,0.923032848,0.832399965,0.007472268,0.002212893,0.692889701,0.997448145,3
35259,692.931,263.2856261,170.8966277,1.54061335,0.760709805,35562,211.8800441,0.701002028,0.991479669,0.922783611,0.804753557,0.007467189,0.001931917,0.647628288,0.997744786,3
29708,641.595,226.5666379,167.6910498,1.35109559,0.67245272,30162,194.4875327,0.710887772,0.984947948,0.906904042,0.858412053,0.007626452,0.00255438,0.736871252,0.9955835,3
32775,686.128,260.6636671,160.7947083,1.621096054,0.787067727,33269,204.2802636,0.700320513,0.985151342,0.874867491,0.783692894,0.007953125,0.001850552,0.614174552,0.995635942,3
38104,734.849,282.8693844,172.1419269,1.643233519,0.793510751,38471,220.2623881,0.702818356,0.990460347,0.886715331,0.778671713,0.007423614,0.001683498,0.606329637,0.996341183,3
28615,628.078,226.9721739,161.1857974,1.408140032,0.704043706,29028,190.8762677,0.815799977,0.985772358,0.911541512,0.840967703,0.00793193,0.002447236,0.707226677,0.995874196,3
31472,669.924,240.3034118,167.1150549,1.437951906,0.718590409,31932,200.1784078,0.783294756,0.985594388,0.881217541,0.833023578,0.007635467,0.002268008,0.693928281,0.997835494,3
35464,688.353,253.4245694,178.6021843,1.418933203,0.709450955,35828,212.4950993,0.785714286,0.989840348,0.940535437,0.838494467,0.007145967,0.002178921,0.703072971,0.997613583,3
27057,606.138,227.4609041,151.8603199,1.497829744,0.744490887,27358,185.607226,0.801831437,0.988997734,0.925436197,0.815996168,0.00840673,0.002299108,0.665849746,0.997329554,3
34276,692.661,251.5432798,173.9222662,1.446297161,0.722452227,34754,208.9056214,0.730520034,0.986246187,0.897756436,0.830495736,0.007338758,0.002153535,0.689723168,0.99754466,3
35176,702.735,267.5652851,167.5810136,1.596632454,0.779567498,35546,211.6305135,0.757450474,0.989590953,0.895103279,0.79094907,0.007606473,0.001836357,0.625600432,0.998853953,3
28705,646.974,249.6961611,146.6078322,1.703157037,0.809481837,29097,191.1762044,0.78172658,0.986527821,0.861774738,0.765635337,0.008698699,0.001843835,0.586197469,0.998386344,3
36644,711.555,267.3048539,175.1489704,1.526157152,0.755420324,37036,216.0013655,0.701992337,0.989415704,0.90948552,0.808071243,0.007294642,0.001918591,0.652979133,0.996548775,3
29293,646.903,230.4747612,162.4538894,1.418708792,0.709340198,29751,193.1243278,0.713767057,0.984605559,0.879620587,0.837941329,0.007867913,0.00239273,0.702145671,0.996140237,3
26416,610.628,231.6622388,145.7261842,1.589709084,0.77736815,26803,183.3954629,0.776165011,0.985561318,0.890273591,0.791650223,0.00876977,0.002124718,0.626710075,0.996286699,3
28912,630.948,233.888155,157.7573468,1.482581697,0.738275682,29305,191.8642794,0.795597138,0.986589319,0.912642866,0.820324909,0.008089657,0.002259714,0.672932956,0.997678084,3
31719,657.969,240.6548496,168.2282518,1.430525771,0.71507897,32040,200.9623973,0.726749914,0.989981273,0.920700727,0.835064814,0.007587088,0.002275808,0.697333244,0.997553176,3
24880,628.352,240.3802818,132.3079693,1.816823907,0.834893795,25346,177.9837068,0.692727475,0.981614456,0.791870632,0.740425568,0.009661587,0.00179124,0.548230022,0.996037411,3
29651,641.489,244.368005,155.0088954,1.576477301,0.773065948,29936,194.300864,0.709167444,0.99047969,0.905463152,0.795115809,0.008241476,0.002031919,0.63220915,0.996663374,3
34961,695.037,256.8946818,173.5412641,1.480308924,0.737328224,35308,210.9827664,0.714160232,0.990172199,0.909447977,0.821281176,0.007348036,0.002062142,0.67450277,0.99847247,3
25865,596.414,224.3210784,147.2662318,1.523234999,0.754328182,26147,181.4726999,0.761496791,0.989214824,0.913748523,0.808986392,0.008672765,0.002291407,0.654458983,0.996894828,3
29756,635.482,237.7558875,159.7211444,1.488568645,0.740745022,30124,194.6445887,0.737813042,0.987783827,0.92592947,0.818674106,0.007990183,0.002214016,0.670227292,0.997679332,3
31020,650.302,242.4736009,163.4176724,1.483766091,0.73876722,31419,198.7357308,0.77121973,0.987300678,0.921767684,0.819618012,0.007816686,0.002175947,0.671773686,0.996755015,3
30606,641.99,237.0693706,164.6067772,1.440216343,0.719646987,30901,197.4050899,0.765915916,0.990453383,0.933168158,0.832689138,0.007745846,0.002297102,0.693371201,0.998604535,3
25187,590.941,219.3864284,146.7625379,1.494839429,0.74329105,25548,179.0784309,0.705182406,0.985869735,0.906354428,0.816269412,0.008710304,0.002385323,0.666295753,0.996005163,3
38311,725.439,269.4731238,181.8148409,1.482129415,0.738087582,38713,220.8598655,0.730275824,0.989615891,0.914811368,0.819598862,0.007033832,0.00195784,0.671742294,0.995609014,3
29281,644.304,249.1192975,150.1236534,1.659427358,0.798030152,29644,193.0847666,0.800027322,0.987754689,0.886368092,0.775069489,0.008507882,0.001893929,0.600732713,0.996872299,3
38759,736.821,269.1772997,183.8870658,1.463818559,0.73028297,39185,222.1474544,0.793770096,0.989128493,0.897136316,0.825283019,0.006944898,0.001987272,0.681092061,0.996995199,3
37730,721.47,274.9098151,175.0194929,1.570738268,0.771158417,38035,219.1787581,0.715464113,0.99198107,0.910877795,0.797275128,0.007286239,0.001816001,0.63564763,0.998436058,3
35465,692.525,257.3349865,175.7158153,1.464495304,0.730578148,35843,212.4980952,0.73977889,0.989454008,0.92926358,0.825764495,0.007256027,0.00208115,0.681887001,0.998620312,3
31757,655.887,240.6649408,168.4837496,1.42841634,0.714068338,32129,201.0827397,0.731054328,0.988421675,0.927665247,0.835529841,0.007578327,0.002278248,0.698110115,0.997191895,3
25719,594.694,223.4502302,147.2776894,1.51720353,0.752048868,26050,180.9597962,0.717045835,0.987293666,0.913854025,0.809843857,0.008688138,0.002305216,0.655847072,0.995053493,3
38844,740.042,279.8671492,177.3099133,1.578406666,0.773701513,39320,222.3909101,0.719146888,0.987894201,0.891294185,0.794630276,0.0072049,0.001772018,0.631437276,0.996664806,3
28740,622.001,227.6661333,161.1326443,1.412911296,0.706454447,29052,191.2927195,0.786384655,0.989260636,0.9335003,0.840233533,0.007921577,0.002435519,0.70599239,0.997504622,3
36135,694.588,257.4644772,178.996224,1.438379377,0.718790367,36464,214.4959462,0.783567525,0.990977402,0.941203148,0.833108895,0.007125072,0.002117269,0.694070432,0.998336595,3
28816,633.073,232.5481194,158.1632811,1.470304092,0.733090213,29174,191.5454795,0.800444444,0.9877288,0.903516267,0.823681051,0.008070104,0.00229137,0.678450475,0.997528509,3
23573,563.728,198.2148862,151.6301266,1.30722628,0.644055815,23848,173.2457093,0.792449659,0.988468635,0.932149363,0.874029759,0.008408556,0.003026956,0.76392802,0.998626783,3
30057,633.911,234.2013462,163.7145135,1.430547244,0.715089227,30379,195.6265856,0.777108434,0.989400573,0.939937376,0.835292319,0.007791907,0.002339793,0.697713259,0.998111779,3
34014,681.258,252.9275604,171.4126012,1.475548231,0.735325406,34368,208.10567,0.747396177,0.989699721,0.920967577,0.822787638,0.007435984,0.002102177,0.676979497,0.998915899,3
26127,590.039,216.8729437,153.7995856,1.410100962,0.705038451,26350,182.3894997,0.719990079,0.991537002,0.943057064,0.840997021,0.008300721,0.002561377,0.70727599,0.997330554,3
35968,719.739,267.8430402,171.4105079,1.562582385,0.768403013,36544,213.9997195,0.718010141,0.984238179,0.872521387,0.798974352,0.007446704,0.001871868,0.638360015,0.997490115,3
28206,625.882,241.5864235,148.8962569,1.622515089,0.787490267,28463,189.5072415,0.70515,0.990970734,0.904828856,0.784428358,0.008565072,0.002000433,0.615327849,0.99837872,3
37600,721.237,268.883109,178.20375,1.508852137,0.748835892,38001,218.8008384,0.717488789,0.989447646,0.908325931,0.813739618,0.007151147,0.001934182,0.662172166,0.999119887,3
25684,599.595,226.9274963,144.6189366,1.569140955,0.77062293,26050,180.8366237,0.814434297,0.985950096,0.897752287,0.796891636,0.008835364,0.002197866,0.635036279,0.996461433,3
34572,696.203,268.5661806,164.1571002,1.636031462,0.791449015,34903,209.8057138,0.760476012,0.990516575,0.896318969,0.781206753,0.007768315,0.001784722,0.61028399,0.998443809,3
27659,613.789,224.0025441,157.700083,1.420433901,0.710189829,27997,187.6606847,0.727868421,0.987927278,0.922588711,0.837761399,0.008098722,0.002460807,0.701844161,0.99692324,3
32048,655.044,242.9274442,168.1903973,1.444359774,0.721563486,32309,202.001933,0.727206717,0.991921756,0.938576876,0.831531957,0.007580112,0.002235482,0.691445395,0.998695914,3
31918,661.896,241.8120563,168.5512179,1.434650306,0.717038104,32297,201.5918148,0.761148471,0.988265164,0.915516174,0.83367148,0.00757604,0.002257365,0.695008136,0.997093635,3
29790,657.903,262.8507583,144.560822,1.818271054,0.83518243,30136,194.75576,0.729021364,0.988518715,0.864881552,0.740936649,0.008823456,0.001640374,0.548987118,0.998207385,3
30512,648.563,243.795684,160.3418775,1.520474176,0.753289078,30803,197.1017123,0.796283731,0.990552868,0.911540988,0.808470884,0.007990157,0.002105681,0.653625171,0.993820193,3
28317,653.994,245.903404,147.369039,1.668623244,0.800527173,28893,189.8797625,0.803912105,0.980064375,0.83197366,0.772172159,0.00868395,0.00190438,0.596249844,0.994916349,3
33213,684.27,261.4875575,162.1965754,1.612164479,0.784377224,33610,205.6407182,0.7276372,0.988188039,0.891380173,0.786426399,0.007873048,0.001857612,0.618466481,0.997069692,3
37236,712.542,265.2183788,179.1313551,1.48058043,0.737441701,37602,217.7391735,0.797942784,0.990266475,0.921620123,0.820980712,0.007122633,0.001995962,0.67400933,0.997925023,3
38617,731.032,276.9789911,177.9396075,1.556589873,0.766344388,38946,221.7401441,0.702548802,0.991552406,0.908062247,0.800566654,0.007172463,0.001817348,0.640906967,0.997629295,3
32481,658.17,239.3627374,173.2571047,1.381546447,0.689981974,32765,203.3619769,0.746723987,0.991332214,0.942243369,0.849597473,0.007369316,0.002368426,0.721815866,0.997222146,3
25416,585.633,213.7695189,153.075718,1.396495288,0.698019942,25694,179.8906787,0.70845993,0.989180353,0.931249353,0.841516974,0.008410825,0.002601776,0.708150817,0.98892928,3
26431,598.299,219.5729451,153.9217707,1.426522994,0.713156186,26715,183.4475249,0.756381639,0.989369268,0.927869512,0.835474174,0.008307402,0.002496762,0.698017095,0.995737436,3
36996,732.336,274.871254,172.027861,1.597829865,0.77994436,37447,217.0363338,0.688169643,0.987956312,0.866849828,0.789592694,0.007429756,0.001781422,0.623456622,0.99617761,3
34518,714.282,270.0853828,163.9291451,1.647573911,0.794737694,35168,209.6417959,0.664126984,0.981517288,0.850190164,0.776205635,0.007824479,0.001752033,0.602495187,0.992655352,3
30671,657.835,245.2232571,159.5048584,1.537403058,0.759551202,31054,197.6145999,0.751298256,0.987666645,0.890643386,0.805855865,0.007995281,0.002079902,0.649403675,0.998395195,3
36118,707.575,268.5289965,171.830508,1.562755063,0.768461901,36513,214.4454846,0.70460398,0.989181935,0.906543394,0.798593401,0.007434769,0.001865306,0.637751421,0.996649262,3
41541,761.157,284.9234628,186.1767122,1.530392601,0.756989448,41998,229.9818339,0.710539819,0.989118529,0.901028067,0.80717057,0.006858849,0.001795942,0.651524329,0.997088013,3
25305,588.474,217.5970715,148.3688069,1.466595816,0.731490977,25627,179.4974281,0.744943919,0.987435127,0.9182515,0.82490737,0.008598975,0.002456107,0.68047217,0.997977637,3
29970,639.615,239.8071356,159.4309789,1.504143908,0.746994689,30256,195.3432598,0.765321757,0.990547329,0.920575318,0.814584851,0.008001573,0.002173204,0.663548479,0.998072403,3
27710,613.763,229.2990591,154.4416766,1.484696775,0.739152411,28000,187.8336173,0.795030699,0.989642857,0.924368169,0.819164361,0.008274957,0.002298422,0.671030251,0.996276449,3
26622,600.457,222.1114152,152.9317327,1.452356625,0.725202046,26951,184.109161,0.746571693,0.987792661,0.927869115,0.828904542,0.008343153,0.002429562,0.68708274,0.99788917,3
35740,703.208,258.5587569,176.6122078,1.46399142,0.730358418,36193,213.3203725,0.704375246,0.987483768,0.908232015,0.825036348,0.007234436,0.002067649,0.680684975,0.996516963,3
29928,645.731,241.6901588,158.1128904,1.528592376,0.756324502,30331,195.2063347,0.714510815,0.986713264,0.901953787,0.807671838,0.00807572,0.002119829,0.652333797,0.997152469,3
24687,597.668,236.3729804,133.396772,1.771954276,0.825536555,24926,177.2920321,0.802672649,0.990411618,0.868476704,0.750052023,0.009574796,0.001869282,0.562578037,0.996862557,3
40633,750.263,268.3977998,193.1601358,1.389509272,0.694307427,41121,227.4544843,0.755330421,0.988132584,0.907113632,0.847452865,0.006605414,0.002101561,0.718176358,0.997912708,3
32257,679.625,261.0839521,157.7447956,1.655103429,0.796838886,32758,202.6595371,0.802572651,0.984706026,0.877597033,0.776223646,0.00809387,0.001812523,0.602523148,0.997238128,3
32928,680.297,254.89548,165.858057,1.536829048,0.759343088,33575,204.7565182,0.762716576,0.98072971,0.894083552,0.803295995,0.007740995,0.001988286,0.645284455,0.991691895,3
33903,684.459,256.8778802,168.5016179,1.524483168,0.754795641,34340,207.7658304,0.716856261,0.987274316,0.909396162,0.808811682,0.007576848,0.002000129,0.654176337,0.997280815,3
41966,746.121,273.5086784,195.4491535,1.399385331,0.699533855,42250,231.1552957,0.751997993,0.993278107,0.947303001,0.845147938,0.006517387,0.002051088,0.714275038,0.999546011,3
34288,685.929,254.6030427,171.9706283,1.480503068,0.737409376,34680,208.942187,0.786873207,0.988696655,0.915785343,0.820658641,0.007425427,0.00207755,0.673480605,0.997090102,3
29310,640.286,238.6403771,156.7726573,1.522206622,0.753941955,29686,193.1803589,0.773187718,0.987334097,0.898416399,0.80950408,0.008141944,0.002156672,0.655296855,0.997497213,3
23937,579.371,224.3188937,136.1951646,1.647040071,0.794587413,24243,174.578163,0.710381054,0.9873778,0.896119809,0.778258844,0.00937122,0.002120665,0.605686829,0.997590478,3
37393,729.503,278.4071329,171.6490448,1.621955621,0.787323836,37812,218.1977229,0.76662703,0.988918862,0.882970124,0.783736109,0.007445435,0.001732803,0.614242288,0.996273731,3
26330,622.645,227.9515235,148.0741025,1.53944221,0.760288182,26813,183.0966882,0.761466829,0.98198635,0.853453204,0.803226429,0.008657483,0.002222918,0.645172696,0.99320608,3
25306,589.45,220.5987438,146.1876275,1.50901104,0.748897654,25639,179.5009747,0.773694509,0.987011974,0.915249338,0.813698988,0.008717251,0.002357298,0.662106044,0.99912533,3
31345,659.404,238.177771,168.255497,1.415572003,0.707784699,31720,199.7741063,0.80869453,0.988177806,0.905888995,0.8387605,0.007598589,0.002319875,0.703519176,0.99588205,3
36244,693.795,258.6270773,178.7907749,1.446534797,0.722560917,36504,214.8192125,0.768483769,0.992877493,0.946201548,0.830613773,0.007135721,0.002095145,0.68991924,0.997992188,3
35755,709.456,263.2737943,173.2182828,1.519896111,0.75307061,36162,213.3651329,0.784307274,0.988745092,0.892679814,0.810430576,0.007363272,0.001959358,0.656797719,0.998264299,3
34315,686.338,254.6475688,172.4675332,1.476495687,0.73572598,34715,209.0244363,0.716687552,0.988477603,0.91541448,0.820838138,0.007420882,0.002078095,0.673775249,0.994826249,3
35368,692.123,256.012242,176.3743858,1.451527334,0.724828355,35704,212.2072954,0.798735321,0.99058929,0.927798792,0.82889511,0.007238528,0.002107795,0.687067103,0.99729668,3
33748,699.061,251.8217596,170.9244269,1.473292988,0.734367919,34301,207.2903475,0.749655693,0.983878021,0.867816207,0.82316297,0.007461828,0.002113335,0.677597275,0.998299314,3
38597,728.609,249.0154676,198.190154,1.256447218,0.605434739,39116,221.6827163,0.775819095,0.986731772,0.913638413,0.890236733,0.006451679,0.002499623,0.79252144,0.995761359,3
22748,554.747,204.2664271,142.1328542,1.437151377,0.718215316,23002,170.1871122,0.791427478,0.988957482,0.928887586,0.833162427,0.008979533,0.002669023,0.69415963,0.997612468,3
41641,761.973,281.0476122,189.9692329,1.479437528,0.73696348,42155,230.2584806,0.773019232,0.987806903,0.901263637,0.819286379,0.0067493,0.001875778,0.671230171,0.993043105,3
34197,685.626,251.96495,173.0572597,1.455962902,0.726817451,34610,208.6647376,0.740451239,0.988067033,0.914162318,0.828149858,0.007368043,0.002137803,0.685832188,0.998546222,3
27117,608.494,229.2682079,150.8614367,1.519727062,0.753006662,27421,185.8129079,0.801969657,0.988913606,0.920320094,0.810460855,0.008454778,0.002250143,0.656846798,0.998227854,3
39123,721.955,263.8370123,189.4261297,1.392822694,0.696077683,39458,223.1881509,0.766186205,0.99150996,0.943239016,0.845931922,0.006743783,0.002130223,0.715600816,0.996705057,3
40489,739.802,269.4193377,192.0476192,1.402877781,0.701346545,40877,227.0510866,0.78460972,0.99050811,0.929642377,0.842742353,0.006654137,0.002070383,0.710214673,0.996344385,3
39834,739.577,272.7283641,186.4733818,1.462559221,0.729732272,40256,225.2070692,0.778007813,0.989517091,0.915159916,0.825755949,0.006846623,0.001963645,0.681872888,0.99727948,3
42023,746.715,272.9626858,196.3340474,1.390297248,0.694729975,42365,231.3122249,0.795347869,0.991927298,0.947081092,0.847413353,0.006495554,0.002066223,0.718109391,0.998385511,3
33421,676.708,256.2730653,166.5515765,1.538700928,0.760020693,33778,206.2836368,0.802309391,0.989430991,0.917121095,0.804936861,0.007668025,0.001985686,0.647923351,0.996960261,3
23179,559.315,205.1829928,144.0200511,1.424683516,0.712265375,23473,171.7917909,0.735561056,0.987474971,0.931089923,0.837261356,0.008852107,0.002683309,0.701006579,0.998712518,3
33255,679.397,259.7923659,163.6283832,1.587697445,0.776722532,33605,205.7707002,0.735404688,0.989584883,0.90535638,0.792058302,0.007812129,0.001896609,0.627356354,0.99605208,3
36774,704.528,260.4162811,180.4722028,1.442971699,0.720923853,37134,216.3841746,0.801665504,0.990305381,0.93100973,0.830916461,0.007081533,0.002082267,0.690422165,0.996259644,3
36535,705.802,259.909709,179.2930016,1.449636666,0.723973269,36961,215.679871,0.764970687,0.988474338,0.921622792,0.829826142,0.007113992,0.002080854,0.688611425,0.998236371,3
26586,600.927,226.1641531,150.2471222,1.505281098,0.747441399,26902,183.9846367,0.799242424,0.988253661,0.9251655,0.813500434,0.008506889,0.002298168,0.661782956,0.996169375,3
32752,679.57,260.1803743,160.4255607,1.621813714,0.787281588,33112,204.2085737,0.710393892,0.989127809,0.891208444,0.784873088,0.007943954,0.001859577,0.616025764,0.999079031,3
32609,668.679,240.565921,173.0431786,1.390207478,0.694681885,32994,203.7622838,0.756238404,0.988331212,0.916456754,0.847012258,0.007377286,0.00234226,0.717429765,0.997376224,3
34003,687.389,261.6872275,166.0757913,1.575709653,0.772812277,34364,208.072017,0.694080425,0.98949482,0.904319599,0.795117205,0.007696004,0.001897447,0.63221137,0.996181559,3
30654,665.333,222.27489,176.9758888,1.255961428,0.605029841,31200,197.5598264,0.825630252,0.9825,0.870199617,0.888808567,0.007251089,0.002791361,0.789980668,0.992185248,3
25842,617.884,232.4788081,142.305972,1.633654617,0.79076141,26260,181.3919963,0.664045637,0.984082254,0.850593554,0.780251747,0.008996162,0.002056724,0.608792789,0.994557151,3
31497,664.096,237.1334746,169.4922012,1.399081921,0.699375512,31860,200.2578986,0.728085992,0.988606403,0.897464597,0.84449443,0.007528764,0.002362058,0.713170843,0.997784434,3
31344,664.552,247.4443435,162.1403108,1.526112429,0.755403668,31725,199.7709195,0.727373991,0.987990544,0.891879833,0.80733678,0.007894472,0.002068816,0.651792676,0.994708904,3
36296,706.169,262.2950517,176.4635149,1.486398204,0.739854213,36656,214.97326,0.716236483,0.990178961,0.914642406,0.819585648,0.007226555,0.002011354,0.671720635,0.998444346,3
33281,686.947,252.0290034,169.1351504,1.490104232,0.741372276,33791,205.8511241,0.740087616,0.984907224,0.886257184,0.816775535,0.007572759,0.002078954,0.667122275,0.994081725,3
35086,689.535,255.0924527,175.4664838,1.453795888,0.725848626,35415,211.3596051,0.800173326,0.990710151,0.92732313,0.828560794,0.007270491,0.002113689,0.686512989,0.998049761,3
31760,661.245,243.6777547,166.85405,1.460424573,0.728794595,32082,201.0922374,0.716962391,0.989963219,0.912778823,0.825238388,0.007672473,0.002194991,0.681018396,0.994576001,3
33172,673.649,255.1735001,166.0027753,1.53716406,0.759464586,33489,205.5137518,0.762294329,0.990534205,0.91857407,0.805388302,0.007692436,0.00199648,0.648650316,0.997081954,3
30439,650.08,254.7344625,152.3698789,1.671816401,0.801382815,30686,196.865788,0.727857484,0.991950727,0.905120986,0.772827462,0.008368687,0.001841481,0.597262286,0.998512885,3
26816,609.169,227.9826047,150.451682,1.515321076,0.751330473,27176,184.778764,0.698333333,0.986753017,0.908088701,0.810495013,0.008501738,0.002263022,0.656902165,0.995417696,3
28117,627.741,225.9123035,158.631502,1.424132663,0.711997722,28470,189.2080238,0.769338113,0.987600983,0.896639475,0.837528638,0.008034723,0.002438649,0.70145422,0.998963866,3
36747,708.291,264.764496,177.2567046,1.493678316,0.742822695,37184,216.3047238,0.804690579,0.988247633,0.920467177,0.816970278,0.007205064,0.001979897,0.667440435,0.996941304,3
24827,578.304,214.1926993,147.7881718,1.449322341,0.723830688,25121,177.794033,0.716507937,0.988296644,0.932871265,0.830065794,0.00862741,0.002526447,0.689009223,0.99859646,3
30411,645.132,236.2713325,164.2263249,1.438693417,0.718937116,30759,196.7752215,0.795849471,0.988686238,0.918212914,0.832835788,0.007769272,0.002305672,0.693615451,0.997899983,3
35615,697.563,253.5231179,179.0336483,1.416064077,0.708029623,35980,212.9470037,0.788989809,0.989855475,0.919763009,0.839951029,0.007118437,0.002185648,0.705517731,0.999058314,3
33378,667.268,240.0370346,177.4984468,1.352333155,0.673197471,33703,206.1508902,0.724333239,0.990356942,0.942040509,0.858829516,0.007191474,0.002413379,0.737588137,0.997464892,3
33257,699.209,257.9021903,164.4426667,1.568341085,0.770354025,33814,205.7768878,0.77630719,0.983527533,0.854828346,0.797887321,0.007754824,0.001938733,0.636624177,0.998443853,3
34774,681.562,249.3156726,177.9383454,1.401135163,0.700444353,35096,210.4177557,0.780456055,0.990825165,0.940705702,0.843981261,0.0071696,0.002243912,0.712304369,0.998034698,3
31972,661.829,243.9211798,167.5224022,1.45605111,0.726856769,32321,201.7622728,0.799180123,0.989202067,0.917250764,0.827161762,0.007629212,0.002203034,0.68419658,0.99622519,3
39594,738.419,274.8058009,184.1173872,1.492557574,0.742369306,39976,224.5276075,0.772038608,0.990444267,0.912501353,0.817041004,0.006940592,0.001907883,0.667556003,0.996365768,3
26091,613.028,231.8915594,143.6484353,1.614299236,0.785025193,26509,182.2638005,0.716667582,0.98423177,0.872448833,0.785987213,0.008887799,0.002092358,0.617775899,0.997275162,3
25308,596.521,219.3471346,147.3987193,1.488121034,0.740561716,25685,179.5080678,0.727910723,0.985322172,0.89375033,0.818374346,0.008667107,0.00239807,0.66973657,0.996649077,3
30900,701.895,256.91668,153.6367611,1.672234419,0.801494398,31444,198.3509565,0.797213622,0.982699402,0.788177524,0.772043903,0.008314456,0.001822139,0.596051789,0.996738317,3
40556,753.828,284.165244,182.2939555,1.558829766,0.767117292,41011,227.2388677,0.766349842,0.988905416,0.896851314,0.799671573,0.007006737,0.00176743,0.639474625,0.99683208,3
30917,646.018,233.9420375,168.6486595,1.387156223,0.693039788,31312,198.4055115,0.778883458,0.987385028,0.930932028,0.848096877,0.007566777,0.002414752,0.719268313,0.997737517,3
33647,689.085,249.2471898,172.1904723,1.447508602,0.723005588,34096,206.9799289,0.789984035,0.9868313,0.890452217,0.830420311,0.007407709,0.002172979,0.689597893,0.998198882,3
33272,671.659,247.3729375,171.9769022,1.438407916,0.718803708,33626,205.8232886,0.700477905,0.989472432,0.926810818,0.832036401,0.007434868,0.002197973,0.692284573,0.995787609,3
26989,603.446,209.2363658,164.9686621,1.268340078,0.615121828,27389,185.3738441,0.724887194,0.985395597,0.931364824,0.885954234,0.007752654,0.002946289,0.784914904,0.995539031,3
26639,601.862,216.5579368,157.1603046,1.377942969,0.687990766,27043,184.1679349,0.806875663,0.985060829,0.924131841,0.850432626,0.008129357,0.002622984,0.723235651,0.996577481,3
36226,696.319,253.7819798,182.085373,1.393752697,0.696571482,36566,214.7658626,0.755652899,0.990701745,0.938887929,0.846261278,0.00700552,0.002216348,0.716158151,0.998147355,3
26920,607.998,227.5359148,151.0809268,1.50605321,0.747743971,27204,185.1367293,0.799429827,0.989560359,0.915125418,0.813659371,0.0084523,0.002285205,0.662041572,0.997069835,3
24442,583.818,212.6703587,146.8278997,1.448432888,0.723426566,24761,176.4100931,0.759445687,0.987116837,0.901138702,0.829500144,0.008701021,0.002541065,0.688070488,0.996623924,3
33518,676.825,249.6162305,171.2239019,1.457835195,0.727650004,33885,206.5827753,0.746370357,0.989169249,0.919464946,0.827601534,0.007447229,0.002155061,0.6849243,0.99850675,3
30908,649.087,239.6682434,164.4775624,1.457148561,0.727345162,31276,198.3766313,0.736325519,0.988233789,0.921881172,0.827713461,0.007754246,0.002245119,0.685109574,0.99830643,3
29251,624.585,229.6995259,162.3417064,1.414913832,0.70745657,29532,192.9858283,0.718627162,0.990484898,0.942252898,0.84016642,0.007852707,0.002413573,0.705879613,0.998758828,3
27340,607.122,226.0621005,154.1075559,1.466911205,0.731627601,27620,186.5753712,0.797735761,0.989862419,0.932086962,0.825327955,0.008268548,0.002366548,0.681166234,0.999210381,3
25415,587.392,214.9297596,151.000226,1.423373761,0.711628306,25727,179.8871397,0.716622022,0.987872663,0.925643857,0.836957804,0.008456807,0.002559767,0.700498366,0.997070994,3
35545,720.761,261.6638997,173.4719121,1.508393472,0.748657482,36160,212.7376309,0.745100094,0.982992257,0.859816597,0.813018652,0.007361483,0.001984025,0.660999328,0.997047071,3
26031,597.991,227.2733294,146.1657257,1.554901659,0.765759122,26319,182.054109,0.795957681,0.989057335,0.914768962,0.801035957,0.008730872,0.002217407,0.641658605,0.997716029,3
27220,616.84,219.9697757,157.9569004,1.392593645,0.69595586,27572,186.1654651,0.725944101,0.987233425,0.898985999,0.84632293,0.008081182,0.002557402,0.716262502,0.997462609,3
35499,699.309,271.0406628,167.2360504,1.620707151,0.786951691,35770,212.5999309,0.81991408,0.992423819,0.912195127,0.784383895,0.007635163,0.001782842,0.615258095,0.997153195,3
30410,664.084,257.6781763,150.5722661,1.711325618,0.811507265,30822,196.7719862,0.664263871,0.986632925,0.866523311,0.763634659,0.008473468,0.001777393,0.583137892,0.997938813,3
30200,639.057,234.246627,164.556349,1.423504036,0.711691777,30517,196.0913926,0.719767386,0.989612347,0.929260794,0.837115117,0.007756511,0.002349562,0.700761719,0.997537136,3
28581,627.368,236.7231605,153.9600203,1.537562544,0.759608974,28927,190.7628356,0.78467494,0.988038856,0.912520349,0.805847789,0.008282536,0.002154543,0.649390659,0.998478754,3
30851,680.959,269.3265593,146.1434455,1.842891814,0.839974774,31272,198.1936255,0.702356289,0.986537478,0.836059491,0.73588593,0.008729913,0.00157918,0.541528102,0.997977705,3
27617,617.768,232.3433506,151.6086237,1.532520676,0.757771722,27937,187.5181498,0.725312533,0.988545656,0.909359372,0.807073451,0.008413055,0.00220184,0.651367556,0.998234247,3
32626,672.253,252.4336296,164.8412484,1.531374168,0.757350775,32958,203.8153905,0.696244131,0.989926573,0.907210771,0.807401893,0.007737192,0.002028253,0.651897817,0.998299478,3
36728,714.376,274.9892243,170.602728,1.611868858,0.784287248,37034,216.2487965,0.679971859,0.991737322,0.90438517,0.786390074,0.007487182,0.001766242,0.618409349,0.996794771,3
32839,670.5,239.5935664,175.7564591,1.363213436,0.679623783,33190,204.4796161,0.718640581,0.989424525,0.917914485,0.853443685,0.007296007,0.002387616,0.728366123,0.992918485,3
24707,590.391,217.5571133,145.3784403,1.49648815,0.743953714,25080,177.3638335,0.76063666,0.985127592,0.890738907,0.815251824,0.008805485,0.002399386,0.664635537,0.994619206,3
41564,761.144,277.2666254,191.3140557,1.449274724,0.723809078,42027,230.0454921,0.820174833,0.988983273,0.901557735,0.829690525,0.006670836,0.001949955,0.688386368,0.997660964,3
38772,732.365,274.593569,180.0761833,1.524874439,0.754941883,39190,222.1847061,0.80080965,0.989334014,0.908391174,0.809140239,0.007082265,0.001872609,0.654707927,0.998347382,3
37579,721.462,272.6699312,175.9862743,1.549381804,0.763828969,37908,218.7397286,0.692292104,0.991321093,0.907252472,0.802214339,0.007255912,0.001853674,0.643547845,0.997101322,3
28210,638.738,246.1271263,146.4530431,1.680587313,0.803703432,28625,189.5206784,0.785596926,0.985502183,0.868895288,0.770011341,0.008724818,0.001892015,0.592917465,0.996449569,3
31049,645.82,240.0487768,164.8330843,1.456314294,0.726974023,31337,198.8286062,0.753323952,0.990809586,0.935479987,0.828284188,0.007731289,0.002244653,0.686054696,0.999111261,3
34778,699.833,246.961998,179.9426088,1.372448691,0.68491318,35384,210.4298574,0.725161075,0.982873615,0.892330284,0.852073838,0.007101098,0.002308948,0.726029825,0.996438683,3
34930,698.5,265.7952771,167.612051,1.585776652,0.776103272,35388,210.8892062,0.761599512,0.98705776,0.899654235,0.793427214,0.00760937,0.001860188,0.629526744,0.998288812,3
37583,717.057,259.2028285,185.1352856,1.400072534,0.699891979,38057,218.7513698,0.799638298,0.987544998,0.918531276,0.843938977,0.00689681,0.002158103,0.712232996,0.997177856,3
35353,689.072,252.0301948,179.1753345,1.406612107,0.703264751,35704,212.1622908,0.798937853,0.990169169,0.935636017,0.841812986,0.007128962,0.002208353,0.708649103,0.996794408,3
34585,709.382,266.1923934,165.7113517,1.606361849,0.782600117,35082,209.8451564,0.801840861,0.985833191,0.863649081,0.788321385,0.007696759,0.001833584,0.621450607,0.998274546,3
33020,664.025,248.3135489,169.6085604,1.464039011,0.730379183,33285,205.0423609,0.717857298,0.992038456,0.941061642,0.825739722,0.007520095,0.002156631,0.681846089,0.998249273,3
21602,558.343,208.5232304,132.1875207,1.577480455,0.77339676,21932,165.8448692,0.745282042,0.984953493,0.870766423,0.795330424,0.009652959,0.002382487,0.632550483,0.997836024,3
37054,714.082,266.6096158,177.1924391,1.504633138,0.747187025,37411,217.2063951,0.776813417,0.990457352,0.913164016,0.814698279,0.007195164,0.001955274,0.663733286,0.998675097,3
24667,591.758,214.5327994,148.5503059,1.444176086,0.72147898,25110,177.2202016,0.701684019,0.982357626,0.8851929,0.82607509,0.008697158,0.002498246,0.682400054,0.98550584,3
35240,697.995,251.5585481,178.7095536,1.40763906,0.703788679,35620,211.8229486,0.763034817,0.989331836,0.9089524,0.84204234,0.007138438,0.002213699,0.709035303,0.998065788,3
25952,604.386,228.4588075,144.7934815,1.577825225,0.773510277,26251,181.7776462,0.728906864,0.988609958,0.89279532,0.795669242,0.008803129,0.002176442,0.633089543,0.998904651,3
30573,661.776,260.1477983,149.9551614,1.73483724,0.817151505,30901,197.2986381,0.65961165,0.989385457,0.877255085,0.758409794,0.00850907,0.001736511,0.575185415,0.997853079,3
37885,720.469,269.5969499,179.1802581,1.504613024,0.747179122,38301,219.6285049,0.720548518,0.989138665,0.917163067,0.814655006,0.007116192,0.001933403,0.663662779,0.99855566,3
28819,637.061,240.712885,153.1319163,1.571931514,0.771557137,29320,191.55545,0.741458269,0.982912688,0.892332546,0.795783948,0.008352576,0.002066241,0.633272092,0.995460359,3
31913,654.952,244.1220484,166.7432158,1.464059855,0.730388277,32221,201.5760243,0.741972984,0.990441017,0.934885773,0.825718225,0.007649611,0.002193545,0.681810586,0.998211508,3
32897,678.629,246.9204785,170.4400074,1.448723702,0.723558804,33261,204.6601117,0.726411553,0.989056252,0.897638208,0.828850296,0.007505866,0.002185169,0.686992813,0.995262771,3
28735,626.796,237.5535597,154.265672,1.539899037,0.760452787,29049,191.2760788,0.797397047,0.989190678,0.919112416,0.805191381,0.008267046,0.002143515,0.64833316,0.998367608,3
33767,687.552,257.4015727,167.8300362,1.533703851,0.758204898,34158,207.3486911,0.707903564,0.988553194,0.897617358,0.805545549,0.007622874,0.001979971,0.648903631,0.995225997,3
38441,740.082,290.2403582,168.9692311,1.717711303,0.813067085,38777,221.234268,0.779657236,0.99133507,0.881951814,0.762245021,0.007550281,0.001572249,0.581017472,0.99802028,3
32507,674.634,252.3741389,164.4122664,1.535007968,0.758680908,32883,203.443353,0.743017143,0.98856552,0.897532752,0.806118067,0.007763686,0.002022285,0.649826338,0.997488606,3
34955,696.192,255.6482989,174.6651336,1.463648146,0.730208557,35452,210.9646612,0.801793743,0.985981045,0.906277324,0.825214414,0.00731364,0.002092091,0.68097883,0.996713401,3
37445,727.189,274.5401485,174.0813783,1.577079359,0.773264583,37836,218.3493869,0.772093695,0.989665927,0.889834208,0.795327707,0.007331824,0.001809574,0.632546162,0.997575496,3
35217,715.405,275.5889968,163.1102827,1.6895869,0.806040304,35746,211.7538124,0.697021277,0.985201141,0.864685705,0.768368167,0.007825454,0.001682545,0.59038964,0.997514602,3
30609,649.193,238.8592449,163.4631431,1.461242212,0.729154384,30969,197.4147645,0.742792662,0.988375472,0.912664901,0.826489946,0.007803563,0.002246068,0.683085631,0.998153559,3
25927,602.169,230.7090129,143.4895673,1.607845206,0.783056624,26256,181.6900704,0.791736648,0.987469531,0.898515025,0.78752914,0.008898408,0.002111342,0.620202146,0.997189047,3
28911,618.046,218.624846,168.8209692,1.295010016,0.63538586,29182,191.8609613,0.813706727,0.990713453,0.951111379,0.877580773,0.007561995,0.002766716,0.770148013,0.997349391,3
39659,742.829,280.2756751,180.6504477,1.551480656,0.764565886,40165,224.7118313,0.736499034,0.987401967,0.903179191,0.801752886,0.007067139,0.001801298,0.642807689,0.997303696,3
39127,768.735,268.8967365,186.7196758,1.440109273,0.719597176,39977,223.1995602,0.790827876,0.978737774,0.832018734,0.830056783,0.006872409,0.002012426,0.688994264,0.992227028,3
23307,579.979,228.9675009,129.7481935,1.764706657,0.823947311,23567,172.2654756,0.802140694,0.988967624,0.870706332,0.752357758,0.00982398,0.001941623,0.566042196,0.998898431,3
25537,597.771,229.8323892,141.7851431,1.620990636,0.787036283,25884,180.3183802,0.722200226,0.986594035,0.898069726,0.784564703,0.008999976,0.002103469,0.615541774,0.997787451,3
38071,717.993,264.2306153,183.7717131,1.43781984,0.718528586,38445,220.1669882,0.797081423,0.990271817,0.928033659,0.833237996,0.00694047,0.002063692,0.694285557,0.998257549,3
40111,757.236,289.8581595,177.1040652,1.636654467,0.791628652,40573,225.9887417,0.73172556,0.988613117,0.879044474,0.779652855,0.007226401,0.00164705,0.607858575,0.994854452,3
24479,584.661,219.812534,142.3045242,1.544663006,0.76215856,24836,176.5435663,0.758662369,0.985625705,0.899902143,0.803155139,0.008979637,0.002304816,0.645058178,0.996397503,3
27656,615.615,228.9305673,154.1616638,1.485003221,0.739279041,27997,187.6505072,0.801716141,0.987820124,0.9170243,0.819683057,0.00827779,0.002305038,0.671880314,0.99774443,3
23288,558.113,207.567738,143.085693,1.450653336,0.724433616,23545,172.1952453,0.80458817,0.989084731,0.939502152,0.829585787,0.008913077,0.00260407,0.688212579,0.998357873,3
33125,678.046,251.3819485,168.7421694,1.489739935,0.741223692,33533,205.3681083,0.806314201,0.987832881,0.905414477,0.816956466,0.007588889,0.002085228,0.667417868,0.994279051,3
37528,735.285,264.8035443,181.0498978,1.4625998,0.729750045,38049,218.5912478,0.750454936,0.98630713,0.872275895,0.8254846,0.007056159,0.002021082,0.681424825,0.996651813,3
25404,584.604,211.2019292,153.3860687,1.376930323,0.687427339,25737,179.8482065,0.743046009,0.987061429,0.934089312,0.85154623,0.008313727,0.00269655,0.725130981,0.998454837,3
34495,706.993,265.9185663,166.4407707,1.59767685,0.779896259,34924,209.5719401,0.752705769,0.987716184,0.867232981,0.788105709,0.007708902,0.001834468,0.621110608,0.99233404,3
32757,687.218,270.5807894,154.4605336,1.751779455,0.82105568,33093,204.2241606,0.807140745,0.989846795,0.871615475,0.754762232,0.008260243,0.001653534,0.569666027,0.997929243,3
39588,728.106,262.788948,192.125264,1.367800062,0.682269243,39978,224.5105946,0.768400621,0.990244635,0.938391804,0.85433804,0.006638096,0.002181435,0.729893486,0.998348355,3
29513,646.689,243.9750274,155.3809161,1.570173696,0.770969378,29885,193.8481846,0.722720149,0.987552284,0.886813456,0.794541092,0.008266697,0.00203225,0.631295546,0.991243662,3
26724,605.805,223.6799618,153.1847776,1.460197059,0.728694342,27029,184.4615233,0.691185599,0.988715824,0.915051675,0.82466718,0.008370003,0.002387922,0.680075958,0.993044914,3
24190,572.586,205.6501386,150.6131453,1.365419587,0.680900851,24510,175.4983321,0.7792668,0.986944104,0.927180485,0.853383,0.008501453,0.002781306,0.728262544,0.994383942,3
30328,640.099,232.118192,166.745123,1.392053859,0.695668445,30683,196.5065111,0.742750784,0.988430075,0.930163595,0.846579535,0.007653594,0.002425025,0.71669691,0.997680699,3
30455,659.854,250.9167134,155.1456934,1.617297316,0.785929985,30828,196.9175217,0.736535345,0.98790061,0.878967385,0.784792368,0.008238933,0.001927835,0.615899061,0.996091898,3
25507,598.818,225.4114379,144.6482345,1.55834213,0.766949377,25871,180.2124332,0.759136905,0.985930192,0.893880685,0.799482204,0.008837238,0.002227058,0.639171794,0.996048335,3
37873,728.892,270.906835,178.8882121,1.514391764,0.75097458,38252,219.5937187,0.736112731,0.990092021,0.895804428,0.810587591,0.007153033,0.00190489,0.657052242,0.995034504,3
35197,700.976,263.1297559,170.888144,1.539777715,0.760409089,35571,211.6936755,0.701526748,0.989485817,0.900138245,0.804521993,0.007475914,0.001931949,0.647255637,0.996629805,3
34970,698.053,259.9372371,171.5361346,1.515349741,0.751341438,35414,211.0099213,0.77365545,0.987462585,0.901838352,0.811772579,0.007433149,0.001991087,0.65897472,0.998577171,3
33226,676.869,255.1960511,165.9358357,1.537920064,0.759738401,33569,205.6809595,0.716602683,0.98978224,0.911336315,0.805972344,0.007680613,0.0019992,0.64959142,0.999019678,3
38322,731.614,273.1869248,178.9159781,1.526900658,0.755696955,38754,220.8915703,0.768468758,0.988852764,0.899692325,0.808572996,0.007128723,0.001879613,0.65379029,0.998272824,3
32898,676.984,244.5141073,171.9040188,1.422387382,0.711146988,33296,204.6632223,0.705239239,0.988046612,0.90203326,0.837020099,0.007432492,0.00225039,0.700602646,0.996528364,3
32714,666.213,247.2244903,168.6270325,1.46610236,0.731276989,33076,204.0900744,0.766351199,0.989055509,0.926226724,0.825525312,0.007557146,0.002165006,0.68149204,0.999137089,3
33029,694.109,270.4288359,155.9618807,1.733941876,0.81694146,33482,205.0703024,0.758920981,0.986470342,0.861489399,0.758315221,0.008187618,0.001670077,0.575041974,0.997089359,3
29184,637.004,235.5254125,157.9421877,1.491212803,0.741823571,29603,192.7646826,0.735632184,0.985846029,0.903795889,0.818445367,0.008070361,0.002233734,0.669852819,0.9988931,3
23687,573.605,213.4650262,141.4477461,1.509144063,0.748949338,23983,173.6641157,0.737223778,0.987657924,0.904678079,0.813548331,0.009011906,0.002435173,0.661860886,0.998843427,3
31762,662.124,248.1775532,163.5682922,1.517271776,0.752074849,32109,201.0985689,0.708561995,0.989193061,0.910414247,0.810301199,0.007813663,0.002077879,0.656588033,0.996222491,3
26849,597.794,213.151365,160.702667,1.326371049,0.656946907,27159,184.8924242,0.807950408,0.988585736,0.944136691,0.86742313,0.007938894,0.00277245,0.752422887,0.997991934,3
28736,646.635,246.1159663,148.9879431,1.65191868,0.79595433,29138,191.279407,0.800245064,0.986203583,0.863610201,0.777192191,0.008564726,0.001927556,0.604027701,0.997804643,3
34961,689.99,248.6870586,179.2903659,1.387063144,0.692989464,35316,210.9827664,0.769371273,0.989947899,0.922801129,0.848386593,0.007113271,0.00227313,0.719759811,0.998352307,3
27501,607.532,224.8741739,156.2300701,1.439378308,0.719256725,27805,187.1239181,0.720865007,0.989066715,0.936310802,0.832127206,0.008176945,0.002418409,0.692435687,0.996676908,3
35060,690.528,256.6835868,174.199042,1.473507453,0.734459216,35349,211.281278,0.762124209,0.99182438,0.923972805,0.823119548,0.007321266,0.002073087,0.67752579,0.998339302,3
29162,653.27,242.7035113,153.7599865,1.578456898,0.773718022,29651,192.6920123,0.693920286,0.983508145,0.858700549,0.793939945,0.008322595,0.002039807,0.630340636,0.994965524,3
27353,652.432,225.3461477,155.3221377,1.450830841,0.724513861,28126,186.6197237,0.789818665,0.972516533,0.80750333,0.828146944,0.008238444,0.002390312,0.685827362,0.995019488,3
32743,693.638,260.359802,160.5226333,1.621950728,0.78732238,33290,204.1805143,0.763240093,0.983568639,0.855189928,0.784224418,0.007951617,0.001855225,0.615007939,0.997512574,3
40390,729.154,258.9370128,199.1531789,1.300190206,0.639106514,40689,226.7733344,0.742681671,0.992651577,0.954652231,0.875785706,0.006410919,0.002326438,0.767000602,0.997246671,3
37894,719.216,267.5446754,180.9072851,1.478904928,0.73674014,38235,219.6545909,0.815556129,0.99108147,0.920580209,0.821001541,0.007060344,0.001978707,0.674043531,0.9968463,3
37783,725.097,276.5671888,174.2024924,1.587619011,0.776697299,38182,219.3326463,0.770358439,0.98955005,0.903054759,0.79305375,0.007319884,0.001786054,0.628934251,0.998507973,3
38819,717.192,259.0951011,191.207899,1.355043921,0.674818801,39207,222.3193331,0.779560607,0.990103808,0.94838207,0.858060736,0.00667444,0.002231859,0.736268227,0.997675784,3
26564,605.984,220.3652256,154.06486,1.430340608,0.714990494,26874,183.908497,0.703533026,0.988464687,0.90903587,0.834562243,0.008295634,0.002482357,0.696494138,0.996223849,3
34397,681.261,248.865816,176.3313768,1.411352991,0.705670686,34709,209.2740324,0.725185529,0.991010977,0.931329533,0.840911121,0.007235102,0.002231644,0.707131514,0.998012177,3
24171,569.727,207.6817145,148.3817131,1.399644944,0.699669231,24478,175.4293962,0.728612769,0.987458126,0.935773795,0.844703139,0.008592185,0.00269836,0.713523393,0.998679409,3
30950,664.641,256.7604858,153.8983449,1.668377174,0.800460994,31251,198.5113697,0.784895516,0.990368308,0.880432896,0.773138316,0.008295977,0.001828421,0.597742856,0.997260537,3
29123,626.011,229.1810558,162.0426957,1.414325125,0.707162554,29432,192.5631202,0.797628177,0.989501223,0.933860584,0.840222677,0.007869418,0.002419357,0.705974147,0.998476973,3
32708,680.721,259.8021476,161.0423351,1.613253729,0.784708236,33247,204.0713577,0.698888889,0.983788011,0.887003954,0.78548757,0.007943077,0.001865202,0.616990723,0.995362585,3
33026,677.312,256.758086,164.1744967,1.563934053,0.768863332,33373,205.060989,0.756089744,0.989602373,0.904666066,0.798654454,0.007774423,0.001951118,0.637848937,0.997553673,3
35202,698.174,265.0585583,169.5227481,1.563557465,0.76873523,35483,211.7087113,0.702718888,0.992080715,0.90750674,0.7987243,0.007529645,0.001890348,0.637960507,0.997487913,3
33468,683.722,255.9969811,166.8002313,1.534751955,0.758587581,33849,206.4286344,0.706075949,0.988744128,0.899664359,0.806371362,0.007649007,0.001994919,0.650234774,0.99794909,3
27647,611.382,228.990404,153.8789671,1.48812023,0.740561387,27973,187.6199715,0.785760978,0.988345905,0.929464014,0.819335519,0.008282649,0.002302482,0.671310693,0.998991022,3
29495,631.626,227.8184094,165.4037898,1.377346974,0.687659366,29906,193.7890615,0.784775436,0.986256938,0.929048244,0.850629508,0.007723967,0.002494491,0.72357056,0.996607721,3
31745,660.531,251.4502982,161.0402564,1.561412679,0.768003473,32091,201.0447446,0.81141528,0.989218161,0.914321192,0.799540689,0.007920942,0.001996728,0.639265313,0.998156965,3
25642,589.767,212.2822111,154.5115643,1.373892059,0.685726591,26006,180.6887058,0.71569722,0.98600323,0.926404857,0.851172149,0.008278692,0.002680471,0.724494027,0.995376591,3
32052,666.57,249.7227831,164.4658,1.518387307,0.752498911,32443,202.0145388,0.734783705,0.987948094,0.906511819,0.808955179,0.007791176,0.002058167,0.654408482,0.993645533,3
25597,599.802,226.0067735,144.8345563,1.560447861,0.767673085,25898,180.5300879,0.806153943,0.988377481,0.894093862,0.798781758,0.008829424,0.002217301,0.638052297,0.995647342,3
30708,659.27,250.6504374,156.5493905,1.601094942,0.780966767,31070,197.7337602,0.694515436,0.98834889,0.887840125,0.788882566,0.008162382,0.001950052,0.622335703,0.996418546,3
31258,657.511,239.9123315,166.378725,1.441965201,0.72045854,31641,199.4966709,0.780669331,0.987895452,0.908583834,0.831539878,0.00767523,0.00226362,0.691458569,0.997059194,3
33911,686.717,260.061908,166.5262932,1.561686765,0.768097193,34270,207.7903419,0.742587483,0.989524365,0.903638786,0.799003374,0.007668954,0.001928015,0.638406391,0.996990812,3
24046,573.722,209.4120245,146.6914134,1.427568388,0.713660415,24361,174.9751928,0.708694371,0.987069496,0.918014835,0.835554659,0.008708809,0.002618412,0.698151589,0.996659138,3
36230,704.574,261.9357694,176.5242937,1.483851112,0.738802447,36589,214.7777193,0.704178814,0.990188308,0.917117482,0.819963305,0.007229803,0.002015969,0.672339822,0.997652192,3
28194,634.778,227.0370844,159.0118204,1.427800045,0.713771954,28708,189.4669251,0.768061458,0.982095583,0.879271155,0.834519725,0.008052674,0.002409164,0.696423171,0.994353035,3
24425,579.59,216.6100061,143.9506413,1.504751935,0.747233693,24744,176.3487337,0.803877041,0.987107986,0.913697989,0.814130136,0.008868373,0.00240325,0.662807879,0.997361438,3
25098,581.869,207.7521342,154.4272061,1.34530786,0.668931245,25444,178.7617579,0.716676185,0.986401509,0.931533631,0.860456903,0.008277637,0.002798998,0.740386081,0.996047215,3
35858,714.124,276.1287602,166.1544695,1.661879822,0.798700908,36348,213.672234,0.703718968,0.986519203,0.883585681,0.773813759,0.007700618,0.001703143,0.598787734,0.995113253,3
31611,655.395,247.5684815,163.1310109,1.517605268,0.752201747,31879,200.6199772,0.801394347,0.991593212,0.924787287,0.810361545,0.007831719,0.002083302,0.656685834,0.996589881,3
30090,644.68,237.6355399,161.7764635,1.468912935,0.732492089,30455,195.7339467,0.712627889,0.988015104,0.909795234,0.823672868,0.007897492,0.002242271,0.678436994,0.996564876,3
33552,679.815,254.0594706,168.8456593,1.504684643,0.74720726,33963,206.6875255,0.802199641,0.987898596,0.91231915,0.813539936,0.007572111,0.002046031,0.661847228,0.99587136,3
26496,604.717,220.7736963,153.5778553,1.437536003,0.718395638,26830,183.6729566,0.731045139,0.987551249,0.910512314,0.831951268,0.008332341,0.002462285,0.692142913,0.994980356,3
28654,636.062,236.7389484,154.5394214,1.531900056,0.757544004,29012,191.0062981,0.690541029,0.987660279,0.890012732,0.806822449,0.008261986,0.002159614,0.650962464,0.997209436,3
26168,601.464,218.9375896,152.8051196,1.432789622,0.716157046,26520,182.5325516,0.789929665,0.986726998,0.908994214,0.833719563,0.008366615,0.002493501,0.69508831,0.995915318,3
34495,683.225,253.374587,173.69329,1.458747122,0.728054007,34812,209.5719401,0.797572254,0.990893945,0.92862103,0.827122967,0.007345255,0.00212064,0.684132403,0.997976174,3
32363,666.115,244.7720092,168.6752973,1.451143191,0.724654972,32720,202.9922446,0.736258986,0.989089242,0.916558544,0.82931151,0.007563329,0.002206803,0.687757581,0.998034731,3
41643,768.896,303.1101621,175.3556847,1.72854483,0.815667277,42039,230.2640101,0.737958533,0.990580176,0.885149584,0.759671034,0.007278778,0.001495342,0.577100079,0.997543358,3
33946,696.486,273.6432785,158.5030844,1.726422419,0.815162372,34289,207.8975459,0.66755816,0.989996792,0.879374137,0.759739274,0.008061135,0.001656663,0.577203765,0.996497521,3
31534,655.093,241.4660024,166.5977529,1.449395314,0.7238638,31893,200.375487,0.733263574,0.988743611,0.923385413,0.829828982,0.007657322,0.00223981,0.68861614,0.998077006,3
27073,604.727,218.0702417,158.3461335,1.377174401,0.687563298,27423,185.6620968,0.729180134,0.987236991,0.930309655,0.85138667,0.008054898,0.002610641,0.724859261,0.998257619,3
36132,715.089,268.4672703,171.8213196,1.562479388,0.768367876,36545,214.4870421,0.757484277,0.988698864,0.887936013,0.79893181,0.00743018,0.001867317,0.638292037,0.99731815,3
33190,681.471,263.7494965,161.0785054,1.637397217,0.791842496,33566,205.5695028,0.816221135,0.988798189,0.898095165,0.779411925,0.007946656,0.001808974,0.607482949,0.994690891,3
33274,681.892,256.5113796,165.5218787,1.549712833,0.763945441,33685,205.8294746,0.796982036,0.987798723,0.899256707,0.802418493,0.007709064,0.001971447,0.643875438,0.997822029,3
33429,679.27,249.3812917,171.0141798,1.458249205,0.727833541,33812,206.3083245,0.815500585,0.988672661,0.910433817,0.82728068,0.007460028,0.002155419,0.684393323,0.998016019,3
22777,563.861,204.878906,141.8015588,1.444828306,0.721778845,23071,170.2955581,0.772049353,0.987256729,0.90024822,0.831201032,0.008994991,0.002648529,0.690895155,0.998224877,3
36845,712.535,270.5971203,173.6505523,1.5582854,0.766929829,37162,216.5929616,0.791514501,0.991469781,0.911960485,0.800425967,0.007344202,0.001859555,0.640681728,0.998364983,3
27760,618.33,221.8992881,159.8084343,1.388533022,0.693782563,28162,188.0030047,0.73270515,0.985725446,0.912407171,0.84724474,0.00799349,0.00254069,0.717823649,0.996721841,3
36593,707.994,268.9312389,173.4317207,1.550646201,0.764273348,36923,215.8510011,0.767390165,0.991062481,0.917378854,0.802625243,0.007349254,0.00188137,0.644207281,0.998937573,3
26593,603.549,222.267753,152.5197646,1.45730459,0.727414482,26901,184.0088563,0.777664054,0.988550612,0.917386042,0.827870232,0.00835813,0.002421798,0.685369122,0.998791567,3
28749,626.105,229.6698895,159.9659553,1.435742306,0.717553085,29085,191.322669,0.715184835,0.988447653,0.921591081,0.833033313,0.007988796,0.00237307,0.693944501,0.996325478,3
25135,607.531,229.8754823,139.8878933,1.64328361,0.793524977,25611,178.8934766,0.671879177,0.981414236,0.855759772,0.778219037,0.009145633,0.002069193,0.60562487,0.995213423,3
34260,674.024,234.0035746,187.3058915,1.249312409,0.599412484,34667,208.8568572,0.737869096,0.988259728,0.947646802,0.892537037,0.006830227,0.002673744,0.796622363,0.995230204,3
33096,672.63,254.9744645,165.7613652,1.538202006,0.759840388,33371,205.2781917,0.793802317,0.991759312,0.919248448,0.805093138,0.007704087,0.001996574,0.64817496,0.997024024,3
31855,664.685,251.8856928,161.2512721,1.562069492,0.768227959,32169,201.3927648,0.718360996,0.99023905,0.906057411,0.79954031,0.007907258,0.001993274,0.639264707,0.998575895,3
32942,674.93,247.0960351,169.9765205,1.453706868,0.725808707,33368,204.8000417,0.77854982,0.987233277,0.908745685,0.828827713,0.007500942,0.002183497,0.686955378,0.998631751,3
38553,732.761,281.6122005,174.6184563,1.612728726,0.784548794,39006,221.5563228,0.697728712,0.988386402,0.902284193,0.786742628,0.007304547,0.00172625,0.618963963,0.998220964,3
40166,742.872,282.6189876,181.3420961,1.558485281,0.76699869,40466,226.1436259,0.745928278,0.992586369,0.914619527,0.800171382,0.007036274,0.001779322,0.640274241,0.99785798,3
30409,642.868,236.4930792,163.9142466,1.442785384,0.720837813,30787,196.7687509,0.73364858,0.98772209,0.924630863,0.832027523,0.007777075,0.002299042,0.692269799,0.998796748,3
28122,640.318,248.9921126,145.372383,1.712788272,0.811866351,28556,189.2248464,0.740461834,0.984801793,0.861915413,0.759963215,0.008853997,0.001821753,0.577544088,0.98921074,3
41565,770.034,293.1837407,180.8184311,1.621426195,0.787166151,41998,230.0482595,0.807997356,0.989689985,0.880882224,0.784655585,0.007053621,0.001649332,0.615684387,0.998286792,6
43021,781.572,296.0573014,186.3717086,1.588531348,0.776990529,43558,234.0428133,0.79868189,0.98767161,0.885018564,0.790532144,0.006881693,0.00165788,0.624941071,0.992738482,6
51547,845.219,312.9640768,210.5812183,1.486191785,0.739769234,51987,256.1868045,0.778443928,0.991536346,0.906723259,0.818582142,0.006071431,0.001681589,0.670076724,0.995862523,6
38998,747.763,281.3657909,177.618235,1.584104193,0.775561834,39652,222.8313168,0.768009768,0.983506507,0.876444167,0.791963075,0.007214877,0.001750767,0.627205511,0.993558881,6
49439,831.769,306.5407719,206.0399739,1.4877733,0.740419167,49997,250.893782,0.700249285,0.98883933,0.897995337,0.818467901,0.006200384,0.001716346,0.669889704,0.996644016,6
50599,893.763,358.0119924,180.4795517,1.983670665,0.863635988,51246,253.820109,0.745638078,0.987374624,0.795988978,0.708970969,0.007075476,0.001102679,0.502639834,0.997071894,6
47644,817.345,301.6092342,201.749414,1.494969568,0.743343457,48158,246.2970257,0.698879305,0.989326799,0.896204787,0.816609698,0.006330477,0.001736498,0.666851399,0.996922548,6
47026,815.622,312.6353105,192.7472981,1.621995813,0.787335799,47758,244.6944275,0.741290709,0.984672725,0.888321228,0.782683271,0.006648137,0.001538948,0.612593103,0.993623448,6
53749,871.252,330.7474713,208.4934352,1.586368755,0.776294458,54383,261.6015143,0.806206783,0.988341945,0.889800564,0.790940331,0.006153556,0.001485528,0.625586607,0.992411047,6
42463,796.355,308.3238598,175.9624395,1.752214056,0.821154102,43014,232.5200438,0.671351779,0.987190217,0.841408927,0.754142232,0.007261,0.001448736,0.568730506,0.996537587,6
41698,773.824,288.6198738,184.5802145,1.563655533,0.7687686,42268,230.4160206,0.740244985,0.986514621,0.875065776,0.798337334,0.006921672,0.001734349,0.637342499,0.996584125,6
50131,846.379,320.937581,199.6998116,1.607100069,0.782827497,50891,252.6435663,0.710050707,0.985066122,0.879400024,0.787204682,0.006401978,0.001516508,0.619691211,0.995905788,6
44580,789.579,302.344412,188.2582008,1.606009251,0.782491378,45068,238.2457112,0.799985644,0.989171918,0.898584142,0.787994425,0.006782064,0.001612999,0.620935214,0.997227698,6
50834,867.083,339.9933639,190.9237322,1.780781048,0.827441891,51509,254.4088423,0.65775581,0.986895494,0.849655368,0.748275906,0.006688306,0.00129343,0.559916831,0.997089281,6
45955,802.157,298.8251195,196.7251398,1.51899813,0.752730615,46522,241.8919661,0.765151515,0.987812218,0.89747814,0.809476682,0.006502559,0.001722192,0.655252498,0.995327319,6
43261,790.347,296.5017215,186.2165979,1.592241104,0.778176548,43756,234.6947293,0.750850458,0.988687266,0.87030364,0.791545925,0.006853788,0.001659644,0.626544951,0.997610624,6
49122,834.234,303.9392027,206.2565071,1.473598128,0.7344978,49671,250.0881303,0.808033952,0.988947273,0.886972455,0.822822881,0.006187435,0.001749508,0.677037493,0.997681182,6
47018,808.716,303.8267515,197.7982496,1.536043682,0.759057873,47495,244.673613,0.814771172,0.989956838,0.903403866,0.805306352,0.006461924,0.001676433,0.648518321,0.99615247,6
43016,798.253,309.9445226,177.5463546,1.745710428,0.819672318,43531,234.0292124,0.726719827,0.988169351,0.848318169,0.75506807,0.007205331,0.001444702,0.57012779,0.995278028,6
53232,880.63,348.7819052,195.4604503,1.784411653,0.828216139,53796,260.34033,0.828268683,0.989515949,0.862572673,0.746427284,0.00655211,0.001254616,0.55715369,0.994191536,6
49293,844.304,321.9051701,195.9944572,1.642419764,0.793279422,49842,250.5230466,0.694933175,0.988985193,0.868955269,0.778251081,0.006530444,0.001477751,0.605674745,0.994772172,6
41581,766.314,288.9771986,184.1078462,1.569608273,0.770779803,42050,230.0925325,0.815073998,0.988846611,0.88979769,0.796230753,0.006949741,0.001723075,0.633983412,0.995105609,6
45083,794.349,296.5770826,194.3932231,1.525655462,0.755233378,45589,239.5860146,0.819616399,0.988900831,0.8978421,0.807837249,0.006578468,0.001728224,0.652601021,0.995644313,6
41491,776.189,291.5147858,182.2705511,1.599352084,0.780421964,42065,229.8433857,0.708085876,0.986354451,0.865423729,0.788445036,0.007025976,0.001674835,0.621645574,0.994230145,6
40574,755.384,279.5383619,186.0400771,1.502570662,0.746374574,41130,227.2892899,0.716361518,0.986481887,0.893556721,0.813088008,0.006889593,0.001857478,0.661112109,0.99336766,6
48006,823.958,314.2968657,195.229854,1.60988117,0.783680713,48552,247.2309398,0.750257869,0.988754325,0.888577343,0.786615989,0.006547033,0.001546235,0.618764714,0.996137662,6
40167,754.25,276.6234307,185.2069426,1.493591044,0.742787436,40724,226.146441,0.735659341,0.986322562,0.887255342,0.817524533,0.006886833,0.001897591,0.668346362,0.998236141,6
42933,769.443,286.1550205,191.3969976,1.495086256,0.743390433,43310,233.803322,0.728851541,0.991295313,0.911272353,0.817051267,0.006665153,0.00183226,0.667572773,0.998078877,6
45638,806.878,304.8508151,191.8747638,1.588800992,0.777077076,46250,241.0562307,0.814237288,0.986767568,0.880888052,0.79073507,0.006679758,0.001610885,0.625261951,0.993416808,6
46397,809.254,304.1119956,195.0191384,1.559395648,0.767311907,46873,243.0524535,0.744950387,0.9898449,0.890287047,0.799220212,0.006554562,0.00164964,0.638752947,0.996068565,6
43361,783.976,294.8634476,188.4483465,1.564691084,0.769120502,43918,234.9658271,0.680172549,0.987317273,0.886550783,0.796863189,0.006800199,0.001691362,0.634990941,0.993564665,6
48436,831.069,316.266048,195.6102923,1.61681701,0.785785442,48994,248.3357215,0.796120973,0.98861085,0.881259819,0.785211448,0.006529566,0.001531125,0.616557018,0.996859875,6
47327,825.849,321.678254,188.3403868,1.707962161,0.810677415,47812,245.4762879,0.812062457,0.989856103,0.872002129,0.76311123,0.006796929,0.001421818,0.582338749,0.994612548,6
46820,805.902,291.4460742,206.674857,1.410167054,0.705071882,47752,244.1578905,0.771283606,0.980482493,0.905892797,0.837746369,0.00622482,0.001891284,0.701818979,0.989682002,6
45909,794.895,295.0094227,198.8993094,1.48320989,0.738536577,46412,241.7708714,0.766529754,0.989162286,0.913036557,0.819536099,0.006425961,0.001788093,0.671639417,0.996182226,6
48831,828.398,315.8449177,197.5912861,1.598475945,0.780147273,49355,249.3462657,0.793922544,0.989383041,0.894185038,0.789457901,0.006468123,0.001549794,0.623243777,0.996240185,6
43775,783.151,289.9181162,192.8547699,1.503297618,0.746661419,44195,236.0848599,0.775533705,0.990496663,0.896902026,0.814315652,0.006622915,0.001796388,0.663109982,0.996851656,6
41782,758.921,279.547511,191.1905228,1.462141046,0.729549,42259,230.6479886,0.772753334,0.988712464,0.911603425,0.825076166,0.006690621,0.001912592,0.68075068,0.995353512,6
45740,795.417,299.7430061,194.6576994,1.539846649,0.76043392,46104,241.3254582,0.76447386,0.992104807,0.908481916,0.805107887,0.006553192,0.001698435,0.648198709,0.998126611,6
40560,753.898,287.4563604,180.7057961,1.590742337,0.777698605,41072,227.2500736,0.697314582,0.987534086,0.896773215,0.790555037,0.007087188,0.001707584,0.624977266,0.994177797,6
52210,861.858,331.8370259,201.4842406,1.646962685,0.794565614,52818,257.8290841,0.818903319,0.988488773,0.88326724,0.776975033,0.006355814,0.001428825,0.603690202,0.994255236,6
45269,803.314,311.7337514,186.0045825,1.67594662,0.802480968,45851,240.0797387,0.799240819,0.987306711,0.881536083,0.770143553,0.006886252,0.00149434,0.593121092,0.994039289,6
39004,729.561,278.1358615,179.226865,1.551864791,0.764700358,39379,222.8484579,0.822435424,0.990477158,0.920864629,0.801221593,0.007130957,0.001812751,0.641956041,0.996228977,6
41706,779.458,293.979372,181.3670123,1.620908722,0.787011846,42292,230.4381228,0.67820148,0.986143952,0.862626837,0.783858137,0.007048851,0.001641527,0.614433579,0.995940747,6
46958,831.681,324.4320834,185.908756,1.745114595,0.8195356,47945,244.5174483,0.770864797,0.979413912,0.853111695,0.753678384,0.006908984,0.001375112,0.568031107,0.991279374,6
43497,774.492,289.2876329,192.0904089,1.505997278,0.747722072,43866,235.334019,0.806097109,0.991588018,0.911245289,0.813494917,0.006650749,0.001796676,0.66177398,0.996629813,6
46039,814.361,322.1623863,182.2376083,1.767815048,0.824631682,46403,242.1129393,0.683020547,0.99215568,0.872372189,0.75152454,0.006997597,0.001376897,0.564789135,0.998442732,6
48340,834.914,318.2489783,195.1589178,1.630717068,0.789906607,49038,248.0894992,0.779476264,0.985766141,0.871431036,0.779545312,0.006583554,0.001499704,0.607690894,0.990971913,6
44129,777.472,286.7355667,196.7564839,1.457311907,0.727417732,44588,237.0375242,0.748596244,0.98970575,0.91741204,0.826676393,0.006497667,0.001871886,0.68339386,0.995918008,6
44034,802.811,300.0388235,188.3883682,1.592661088,0.778310182,44621,236.782242,0.712259192,0.986844759,0.858561428,0.789172012,0.006813799,0.001630256,0.622792464,0.991897324,6
47928,838.842,306.2995139,200.8561609,1.524969474,0.754977382,48754,247.0300081,0.795063203,0.9830578,0.855931159,0.806498205,0.006390826,0.001667825,0.650439354,0.99190016,6
35249,706.381,272.6598718,165.2835727,1.649648948,0.795320184,35703,211.8499958,0.751609877,0.987283982,0.8877254,0.776975337,0.007735251,0.001738934,0.603690674,0.995877686,6
47224,813.702,308.3457263,195.5595514,1.576735701,0.773151235,47759,245.2090216,0.801901851,0.988797923,0.896276207,0.795240539,0.006529428,0.001610827,0.632407515,0.997139506,6
47368,813.385,306.4134428,197.4035616,1.552218411,0.764824038,47773,245.5825946,0.808217308,0.991522408,0.899710096,0.80147461,0.006468786,0.0016465,0.64236155,0.997085425,6
48597,821.543,313.7206419,197.823364,1.585862436,0.776130987,48998,248.7481099,0.752566783,0.991815992,0.904812778,0.792896854,0.006455556,0.001573911,0.62868542,0.997008592,6
45031,800.27,304.1753051,190.1157588,1.599947879,0.780608448,45693,239.4478021,0.780609149,0.985512004,0.883585097,0.787203294,0.006754798,0.001600073,0.619689026,0.991470143,6
50002,860.687,333.9125523,191.8964947,1.740065929,0.81837058,50710,252.3182984,0.713498858,0.986038257,0.848216572,0.755641849,0.006677984,0.001343041,0.570994604,0.993568256,6
46245,805.849,303.7389482,194.5713657,1.561067052,0.767885205,46760,242.653998,0.700310441,0.988986313,0.894885158,0.798889966,0.006568039,0.001650302,0.638225178,0.996312297,6
43378,787.214,304.1804748,182.437741,1.667311123,0.800173883,43943,235.0118826,0.774800843,0.987142435,0.879617316,0.772606732,0.007012321,0.001541259,0.596921163,0.995253294,6
48467,827.697,307.0635192,202.0145132,1.520007223,0.753112627,49135,248.4151787,0.753939488,0.986404803,0.889023499,0.809002578,0.006335517,0.001674023,0.654485171,0.994822188,6
48168,826.879,315.9670874,194.8026949,1.621985197,0.787332639,48644,247.6477385,0.708155074,0.990214621,0.885287951,0.783777008,0.006559689,0.001526979,0.614306399,0.996395885,6
47209,832.896,317.6324832,190.1410298,1.670509955,0.801033442,47820,245.170075,0.757513519,0.987222919,0.85517129,0.771867136,0.006728219,0.001473161,0.595778875,0.995254542,6
49388,847.409,317.1477962,200.0028923,1.585716049,0.776083689,50144,250.7643408,0.775480082,0.984923421,0.864261484,0.790686058,0.006421556,0.001548233,0.625184442,0.991365004,6
48545,818.048,306.7569726,202.4398151,1.515299609,0.751322261,49124,248.6149909,0.721665576,0.988213501,0.911584212,0.810462396,0.006319023,0.001681749,0.656849295,0.995323479,6
36503,713.806,266.3914955,174.7192151,1.524683449,0.754870516,36922,215.5853963,0.803889183,0.988651752,0.900280895,0.809280326,0.007297797,0.001930934,0.654934646,0.998568015,6
37222,721.683,267.1871893,178.0170112,1.500908185,0.745716602,37610,217.6982369,0.70362949,0.989683595,0.898083295,0.814777974,0.007178206,0.001951429,0.663863147,0.996397632,6
39247,771.589,275.1653269,182.2915835,1.509479053,0.749079416,39984,223.5415675,0.788472356,0.981567627,0.828407981,0.812390028,0.007011117,0.001883759,0.659977557,0.996222298,6
50527,851.72,328.499128,196.8972941,1.668378073,0.800461236,51073,253.6394576,0.72269184,0.98930942,0.87526525,0.772116076,0.006501457,0.001425348,0.596163235,0.994625668,6
40102,750.315,280.0596619,183.0599384,1.529879581,0.756800253,40594,225.9633869,0.709820164,0.987879982,0.895135207,0.806840176,0.006983683,0.001825637,0.65099107,0.995937945,6
43862,834.968,285.4021766,196.6532656,1.451296401,0.724724145,44938,236.3193452,0.723174833,0.976055899,0.790603316,0.828022225,0.006506821,0.00188676,0.685620804,0.995039006,6
43999,790.708,289.945887,196.0156435,1.479197689,0.736862944,44623,236.6881212,0.703421263,0.98601618,0.884342312,0.816318258,0.006589829,0.001805061,0.666375498,0.985701096,6
44380,799.872,303.6898924,186.5010273,1.628355065,0.789215248,44802,237.7106876,0.808378871,0.990580778,0.871678177,0.782741519,0.006842945,0.001584515,0.612684285,0.997667559,6
40647,750.745,281.1800423,184.5515684,1.523585222,0.754459491,41131,227.4936654,0.75367129,0.98823272,0.906261362,0.809067612,0.006917609,0.001828416,0.654590401,0.997324261,6
35129,703.253,268.4473909,167.1702673,1.605832157,0.782436731,35497,211.4890824,0.814453306,0.989632927,0.892590919,0.787823199,0.00764176,0.001815885,0.620665393,0.996684447,6
35570,710.53,263.2603831,173.378732,1.518412207,0.752508363,36054,212.8124306,0.789286824,0.986575692,0.885378334,0.808372411,0.007401192,0.001949518,0.653465955,0.992230682,6
45298,805.407,309.1636307,187.263429,1.650955728,0.79568567,45759,240.1566258,0.796826625,0.989925479,0.877522159,0.776794558,0.006825106,0.0015329,0.603409785,0.99620284,6
52385,856.068,325.1681021,206.4413706,1.575111137,0.772614181,52904,258.2608247,0.835326572,0.990189778,0.898256328,0.794237882,0.006207275,0.001523643,0.630813813,0.993601862,6
37882,722.964,264.8873785,182.7408907,1.449524392,0.723922354,38277,219.6198088,0.745297867,0.989680487,0.910771473,0.829106355,0.006992434,0.002038211,0.687417348,0.996428213,6
38973,746.316,280.1364234,177.6329681,1.577051976,0.773255554,39456,222.7598814,0.785841029,0.987758516,0.879282028,0.795183571,0.007187961,0.001772781,0.632316911,0.997196634,6
43415,782.236,285.8082596,193.7644594,1.475029324,0.735105598,43835,235.1120899,0.709580936,0.990418615,0.891608235,0.822621747,0.006583168,0.001859583,0.676706539,0.998161989,6
46435,813.7,312.5285507,190.7317125,1.638576756,0.792181379,47098,243.1519654,0.834681478,0.985922969,0.881305909,0.778015208,0.006730452,0.001521165,0.605307664,0.991843068,6
44725,792.243,293.1964593,194.9031834,1.504318473,0.747063345,45258,238.6328532,0.720905867,0.988223077,0.895454229,0.81390087,0.006555538,0.001774493,0.662434626,0.996512645,6
49068,841.14,326.3957289,191.9415712,1.700495244,0.808814414,49477,249.9506311,0.821826952,0.991733533,0.871508542,0.765790141,0.006651906,0.001411123,0.586434539,0.997229145,6
48467,836.742,318.3429999,194.5731646,1.636109484,0.791471525,49001,248.4151787,0.754937695,0.989102263,0.869907079,0.780338122,0.006568242,0.001502312,0.608927585,0.996272196,6
40610,743.566,273.4562028,189.494928,1.443079272,0.720973509,41048,227.3901007,0.726138111,0.989329565,0.923004476,0.831541206,0.006733716,0.001985956,0.691460778,0.997832716,6
40987,763.823,283.4743918,184.7669779,1.534226489,0.758395846,41469,228.4431422,0.787726784,0.98837686,0.882816685,0.805868709,0.006916202,0.001799304,0.649424376,0.996364081,6
44820,807.284,314.663635,182.2107792,1.726921077,0.815281195,45289,238.8861578,0.774976657,0.989644284,0.86422938,0.759179426,0.007020608,0.001438574,0.576353401,0.995316836,6
43507,790.454,300.6493224,184.9498492,1.625572142,0.788396032,44067,235.3610692,0.800644093,0.987292078,0.875015606,0.782842507,0.006910367,0.001600953,0.61284239,0.996219516,6
47659,810.033,299.9297382,202.8816436,1.478348326,0.736506405,48129,246.3357941,0.719685301,0.990234578,0.912744796,0.82131167,0.006293244,0.001766389,0.674552859,0.99722409,6
44148,783.07,295.578713,190.8405069,1.548825864,0.763633153,44559,237.0885476,0.776679216,0.990776274,0.90473153,0.802116449,0.006695178,0.001709588,0.643390798,0.996500308,6
49316,860.959,332.2884919,191.0829637,1.738974974,0.818117279,50243,250.5814865,0.694689393,0.981549669,0.836050994,0.75410823,0.006737945,0.001344132,0.568679223,0.988918937,6
40592,748.889,277.8225076,186.4673548,1.489925719,0.741299484,41038,227.3397009,0.767479675,0.989132024,0.909526612,0.818291156,0.006844268,0.001892946,0.669600416,0.997654881,6
50048,843.532,316.6585009,203.1791244,1.558518877,0.767010261,50849,252.4343335,0.751031678,0.984247478,0.883880324,0.79718161,0.006327096,0.001576207,0.635498519,0.990436438,6
42429,779.817,285.3447964,190.7662919,1.495782056,0.743670257,43035,232.4269361,0.827963704,0.985918438,0.876773193,0.81454766,0.00672523,0.001826219,0.66348789,0.992433281,6
33739,686.903,255.8043441,168.5926382,1.517292492,0.752082735,34101,207.2627053,0.771353452,0.989384476,0.898568612,0.810239193,0.007581859,0.002015619,0.656487549,0.996083629,6
41241,753.95,284.1485805,185.4490628,1.532219016,0.75766108,41618,229.14989,0.796158301,0.99094142,0.91170421,0.806443902,0.006889954,0.001797599,0.650351767,0.996481344,6
43728,784.141,287.4418993,194.8553993,1.475154912,0.735158824,44259,235.958087,0.832248487,0.98800244,0.893678179,0.820889674,0.006573406,0.001841236,0.673859857,0.994047678,6
38883,732.331,267.1679014,185.7064006,1.438657475,0.718920327,39288,222.5025241,0.800457016,0.989691509,0.91107639,0.832819073,0.006871072,0.002038952,0.693587609,0.997834998,6
41028,762.898,298.3388971,175.455882,1.700364181,0.808781456,41415,228.5573714,0.81217832,0.99065556,0.885844021,0.766099807,0.007271592,0.001545079,0.586908914,0.997958895,6
39900,756.421,292.0864695,175.1400879,1.667730518,0.800286914,40361,225.3935621,0.663010967,0.988578083,0.876305636,0.771667248,0.007320463,0.001601174,0.595470341,0.993084061,6
49342,830.819,315.7918099,200.1867591,1.577486,0.773398587,50046,250.6475326,0.714666435,0.985932942,0.898284226,0.793711315,0.006400061,0.001566802,0.629977651,0.993780925,6
41567,768.363,286.8489529,185.1102001,1.549611814,0.763909907,42083,230.053794,0.796852235,0.987738517,0.884760364,0.802003255,0.006900882,0.00176112,0.643209222,0.996724609,6
41847,763.857,286.1000097,187.6363842,1.524757636,0.754898241,42322,230.8273277,0.796660829,0.988776523,0.901259939,0.806806431,0.006836811,0.001786943,0.650936617,0.992520578,6
44710,784.35,291.2182623,195.9964807,1.48583414,0.73962189,45172,238.5928332,0.7911734,0.989772425,0.913260622,0.819292139,0.006513493,0.001810293,0.67123961,0.997350729,6
50819,838.628,309.0626807,210.3212432,1.469479145,0.732735794,51364,254.3713042,0.797949346,0.989389456,0.908023863,0.82304115,0.006081636,0.001721418,0.677396735,0.995420375,6
40693,770.418,290.2484929,179.2307203,1.619412634,0.786564725,41174,227.6223557,0.689887259,0.988317871,0.861542548,0.784232688,0.007132639,0.001664216,0.615020908,0.995972629,6
41704,778.258,292.0013691,182.6032013,1.599103231,0.780343999,42191,230.4325975,0.72747571,0.988457254,0.865247571,0.789149031,0.007001759,0.001675032,0.622756193,0.99585144,6
42106,764.759,284.080714,189.3102011,1.500609647,0.745598154,42514,231.5405456,0.7736376,0.990403161,0.904700139,0.81505197,0.006746799,0.001836618,0.664309714,0.996869565,6
44977,812.835,313.3930895,183.3279576,1.709466977,0.811049402,45529,239.3041893,0.708857368,0.987875859,0.855451825,0.763591149,0.006967852,0.001461242,0.583071443,0.996741377,6
46150,804.515,303.9296996,194.8274072,1.559994582,0.767517604,46644,242.4046307,0.74050897,0.989409142,0.896010869,0.797568092,0.006585692,0.001643813,0.636114862,0.992335738,6
51131,842.796,316.1856205,207.0289919,1.527252863,0.755827821,51654,255.1509576,0.812505959,0.989874937,0.904584661,0.806965722,0.006183834,0.001617551,0.651193677,0.994537407,6
43726,788.823,306.4328456,182.5712495,1.678428813,0.803136327,44342,235.9526909,0.702154992,0.986107979,0.883060552,0.769998041,0.007008024,0.001519616,0.592896984,0.99513538,6
52533,873.235,333.785661,201.1396296,1.659472386,0.798042499,53222,258.6253913,0.681742087,0.987054226,0.865724679,0.77482475,0.006353828,0.001412632,0.600353393,0.996269877,6
42817,776.073,298.4059492,183.3819622,1.627237191,0.788886784,43310,233.4872536,0.791061597,0.988616948,0.893348578,0.782448387,0.006969333,0.001611365,0.612225478,0.996236068,6
44838,786.953,292.0132583,196.4204943,1.486674083,0.739967717,45298,238.9341221,0.700670386,0.989845026,0.909826341,0.81823039,0.006512629,0.001800688,0.66950097,0.995329741,6
36792,714.062,261.8870219,179.3977763,1.459811974,0.728524518,37191,216.4371256,0.792760181,0.989271598,0.906758043,0.826452277,0.007118043,0.002048384,0.683023366,0.997085688,6
50011,834.774,308.9094629,206.6630549,1.49474933,0.743254757,50530,252.3410051,0.794733664,0.989728874,0.90185678,0.816876902,0.00617683,0.00169657,0.667287874,0.997428102,6
48669,821.12,305.6859359,203.187362,1.50445349,0.747116426,49183,248.9323109,0.77875384,0.989549234,0.907087174,0.814340084,0.006280917,0.001703829,0.663149773,0.997677991,6
34593,697.522,259.7300932,170.1627664,1.526362663,0.755496838,35028,209.8694251,0.767369122,0.987581363,0.893474724,0.808028914,0.007508169,0.001974338,0.652910725,0.996578553,6
36474,713.319,259.3227454,179.5186179,1.444545131,0.721648717,36885,215.4997428,0.811290538,0.988857259,0.900794392,0.8310098,0.007109797,0.002091518,0.690577288,0.997570059,6
39114,725.852,267.876582,186.5576829,1.435891451,0.717623301,39605,223.1624779,0.741708543,0.987602575,0.9329233,0.833079459,0.006848611,0.002034829,0.694021384,0.996539373,6
40176,759.93,281.0137131,182.8070817,1.53721459,0.759482903,40677,226.1717753,0.725879887,0.987683457,0.874237397,0.804842486,0.006994567,0.00181044,0.647771427,0.995763688,6
41248,750.674,280.9798518,187.2193105,1.500805932,0.745676042,41620,229.1693364,0.816711217,0.991061989,0.919835171,0.81560772,0.006811963,0.001859419,0.665215954,0.998360049,6
37975,716.986,268.7176338,180.1857166,1.491337043,0.741874069,38299,219.889226,0.730738147,0.991540249,0.928295607,0.818291018,0.007076172,0.001957083,0.669600189,0.998599566,6
40494,760.31,286.9312509,180.2077172,1.592225101,0.778171454,40982,227.0651055,0.786596737,0.988092333,0.880276559,0.79135718,0.007085772,0.001714183,0.626246186,0.997124897,6
46063,792.738,288.9321891,203.5215767,1.419663672,0.709810993,46480,242.1760375,0.790631812,0.991028399,0.921091406,0.838176038,0.006272544,0.001909697,0.702539071,0.997369197,6
49916,833.692,316.1569277,201.617206,1.568104895,0.770274524,50430,252.10122,0.799705213,0.989807654,0.902481633,0.79739268,0.006333779,0.001579544,0.635835087,0.997056112,6
46003,817.836,316.1360287,186.8850728,1.691606632,0.806558719,46610,242.0182612,0.746656495,0.986977044,0.864298125,0.765551026,0.006872074,0.001456009,0.586068374,0.991397148,6
41445,766.338,293.2136362,180.602938,1.623526392,0.787790585,41871,229.7159397,0.784943182,0.989825894,0.886831857,0.783442212,0.007074765,0.001644068,0.613781699,0.996490787,6
43864,791.987,293.9515738,190.5840128,1.542372676,0.761340941,44330,236.3247329,0.69725004,0.989487931,0.878783696,0.803958046,0.006701431,0.001726954,0.64634854,0.996910327,6
43684,776.51,286.7975332,194.5149076,1.474424438,0.734848993,44082,235.8393442,0.788249517,0.990971372,0.910412384,0.822319988,0.006565276,0.001851809,0.676210163,0.99702079,6
45136,794.457,294.1787609,195.6769536,1.503389926,0.746697805,45597,239.726803,0.765224468,0.989889686,0.898653233,0.814901804,0.006517608,0.00177292,0.664064951,0.998348557,6
45750,798.725,304.884846,191.4516133,1.592490346,0.77825587,46099,241.3518369,0.812798692,0.992429337,0.901169338,0.791616376,0.00666415,0.001614298,0.626656487,0.997944406,6
46120,807.139,306.7725315,192.5335109,1.593346166,0.778527892,46727,242.3258298,0.705846342,0.987009652,0.889615821,0.789920234,0.006651616,0.001597496,0.623973976,0.994206543,6
49011,840.74,318.6756123,196.7553529,1.619654091,0.786636988,49596,249.8054109,0.690198564,0.988204694,0.871324663,0.783886188,0.006502124,0.001514423,0.614477556,0.995241087,6
44487,782.475,299.631194,189.5121477,1.581065898,0.774572848,44833,237.9970748,0.80643524,0.992282471,0.913065729,0.794300058,0.006735253,0.001653758,0.630912583,0.997514369,6
43514,792.22,300.3497746,185.1161293,1.622493813,0.787483942,43961,235.3800024,0.688469084,0.989831896,0.871258979,0.783686296,0.006902371,0.001606006,0.614164211,0.996477633,6
44174,800.778,290.3858048,194.711052,1.491367859,0.741886592,44788,237.1583514,0.691948622,0.986290971,0.865669915,0.816700911,0.006573681,0.001804017,0.667000379,0.994742927,6
38542,732.248,267.5410702,183.8782334,1.454990431,0.726383376,38941,221.5247131,0.793437088,0.98975373,0.903291082,0.828002643,0.006941546,0.002012625,0.685588376,0.997524527,6
47714,819.146,304.6973255,200.0375245,1.523200841,0.754315369,48326,246.4778928,0.730241812,0.98733601,0.893579219,0.808926998,0.00638591,0.001686708,0.654362888,0.996726101,6
52836,874.536,342.6316354,198.2759928,1.728054065,0.815550721,53598,259.370169,0.673293065,0.985783052,0.868129295,0.756994224,0.006484814,0.001313553,0.573040256,0.990244543,6
47142,839.093,327.1550577,183.9536544,1.778464575,0.826945028,47669,244.996038,0.694132371,0.988944597,0.84139063,0.748868257,0.006939779,0.001346316,0.560803667,0.997369455,6
43489,769.887,285.8844844,194.201811,1.472099992,0.733859132,43893,235.3123766,0.807415246,0.990795799,0.922009324,0.823102999,0.006573719,0.001861263,0.677498548,0.997345606,6
42217,768.191,287.8539186,188.0462679,1.530761136,0.757125212,43040,231.8455388,0.762039711,0.980878253,0.89899816,0.805427767,0.006818436,0.00176999,0.648713887,0.993026007,6
48053,825.869,303.520751,202.5562334,1.498451792,0.744739335,48678,247.3519352,0.724038693,0.987160524,0.885335831,0.814942419,0.006316375,0.001718523,0.664131147,0.995168508,6
42269,776.825,283.9212175,189.8355744,1.4956165,0.743603722,42786,231.9882806,0.742655844,0.987916608,0.880208281,0.817086805,0.006717008,0.001846836,0.667630847,0.998519712,6
41838,793.242,301.2973987,182.0390145,1.655125411,0.796844971,42690,230.8025045,0.694072563,0.980042164,0.835544102,0.766028865,0.007201525,0.001529624,0.586800223,0.97122796,6
47116,809.205,303.6299867,197.9538834,1.533842032,0.758255407,47605,244.9284679,0.741283826,0.98972797,0.904193045,0.806667584,0.006444307,0.001683195,0.650712591,0.998090324,6
43333,783.624,298.9089791,185.3006653,1.613102568,0.784662348,43790,234.8899512,0.787071346,0.989563827,0.886774434,0.78582434,0.006897953,0.001622564,0.617519893,0.996122926,6
43608,795.74,298.6075167,186.8078623,1.598474031,0.780146673,44295,235.6341021,0.758254943,0.984490349,0.865433404,0.789109748,0.00684754,0.001637812,0.622694194,0.995360498,6
50436,850.438,331.0326391,194.3291145,1.70346394,0.809558554,50908,253.4109502,0.75668377,0.990728373,0.876324967,0.765516509,0.00656342,0.001390363,0.586015525,0.998256316,6
45440,799.876,306.0673646,189.8177577,1.612427458,0.784457215,46013,240.5327523,0.728485315,0.987546998,0.892488964,0.785881737,0.006735637,0.001584847,0.617610105,0.995851492,6
49332,836.361,327.782973,192.3932829,1.703713186,0.809620823,49726,250.6221323,0.796011231,0.99207658,0.886239373,0.764597777,0.006644429,0.001400779,0.58460976,0.996007357,6
45336,807.124,311.8727363,185.7511412,1.678981536,0.803281791,45813,240.257337,0.817616188,0.989588108,0.874525628,0.770369799,0.006879141,0.001494552,0.593469626,0.996424545,6
48233,837.447,323.2370831,191.4630718,1.688247661,0.805695343,48934,247.8147755,0.695400807,0.985674582,0.864250176,0.766665672,0.006701575,0.001428173,0.587776252,0.992311883,6
39789,746.535,274.5095337,185.3600269,1.480953247,0.737597392,40254,225.0798264,0.732398255,0.988448353,0.897165451,0.81993446,0.006899131,0.001923494,0.672292519,0.99563379,6
43098,778.746,294.8125659,186.5086959,1.580690726,0.774450243,43585,234.2521673,0.754318719,0.988826431,0.893049071,0.794579996,0.006840516,0.001681973,0.63135737,0.997980739,6
50094,847.172,334.6608374,191.2143222,1.750187087,0.820694336,50531,252.5503153,0.767771204,0.991351843,0.87710662,0.754645561,0.006680657,0.001336506,0.569489922,0.996713908,6
43506,789.994,310.1025768,179.5050458,1.727542396,0.815429077,43952,235.3583643,0.703070459,0.989852566,0.876014781,0.758969392,0.007127812,0.001458925,0.576034539,0.995124087,6
45156,813.969,299.1175177,194.354903,1.539027383,0.760138552,45944,239.7799093,0.678394904,0.982848685,0.856464957,0.801624429,0.006624092,0.001687291,0.642601725,0.988981651,6
48649,841.797,322.3650828,192.5169993,1.674475937,0.802091043,49095,248.8811576,0.693203192,0.990915572,0.862718347,0.772047504,0.006626346,0.001452212,0.596057349,0.998083687,6
44459,783.979,295.5516022,192.0185757,1.539182348,0.760194466,44918,237.9221657,0.799982006,0.989781379,0.908993326,0.805010577,0.006647734,0.001722105,0.648042028,0.997454851,6
46523,807.757,302.383648,196.4632437,1.539135984,0.76017774,47038,243.3822577,0.769051476,0.989051405,0.896016724,0.804879031,0.006499659,0.001682646,0.647830255,0.997098857,6
50544,845.08,323.362311,200.2731424,1.614606467,0.785118192,51173,253.682123,0.804290056,0.987708362,0.889372763,0.784513576,0.00639764,0.001494863,0.615461551,0.993728201,6
49593,846.147,321.5217397,196.9141546,1.632801564,0.790513749,50165,251.2842389,0.739145987,0.988597628,0.870439532,0.781546651,0.006483208,0.001492071,0.610815168,0.997339962,6
47273,817.055,306.0334048,197.0364124,1.553181978,0.765160521,47838,245.336204,0.714395817,0.988189306,0.889857457,0.801664786,0.006473746,0.001649327,0.642666429,0.998177916,6
48560,828.554,306.8195739,202.4611475,1.51544915,0.751379456,49122,248.6533979,0.809333333,0.988559098,0.888887718,0.810422213,0.00631836,0.001681239,0.656784163,0.995323001,6
44716,801.453,304.0559021,188.1908571,1.615678396,0.785442166,45234,238.608842,0.80301697,0.988548437,0.874815952,0.784753199,0.006799712,0.001590753,0.615837584,0.99499548,6
41957,767.143,287.962974,186.1666946,1.546801777,0.762918012,42310,231.1305077,0.721542933,0.991656819,0.895904336,0.802639674,0.006863288,0.001757092,0.644230447,0.9964968,6
49699,821.93,300.5880917,210.9711763,1.424782745,0.712313545,50144,251.5526429,0.802243745,0.991125558,0.924459415,0.836868292,0.006048172,0.001829921,0.700348538,0.997844512,6
44579,785.7,289.9130585,196.272241,1.477096593,0.735979525,45033,238.2430391,0.760098211,0.989918504,0.907458305,0.821774087,0.006503355,0.001829477,0.675312651,0.997502016,6
47145,819.001,308.9069945,194.9084044,1.584882886,0.775814186,47633,245.0038333,0.805773471,0.989755002,0.883235751,0.793131388,0.006552275,0.001599383,0.629057399,0.996982306,6
42553,775.735,289.9129425,188.276929,1.539821921,0.760425013,43164,232.7663256,0.730649038,0.985844685,0.888614252,0.802883526,0.006812985,0.001746334,0.644621957,0.99260302,6
36128,712.701,265.2350469,174.0750675,1.523682,0.754495756,36468,214.4751694,0.71699611,0.990676758,0.89379732,0.808623038,0.007341537,0.001936204,0.653871217,0.996291804,6
53317,886.334,341.5432102,199.2423134,1.714210222,0.812214412,53963,260.5481008,0.689892991,0.988028835,0.8528659,0.762855454,0.006405897,0.001338224,0.581948444,0.997581971,6
41724,769.477,282.9024233,189.4299351,1.493440955,0.742726781,42394,230.4878452,0.691710875,0.984195877,0.88553252,0.814725595,0.006780328,0.00184279,0.663777795,0.991312945,6
46324,808.065,291.8019271,203.0235359,1.437281278,0.718276238,46863,242.8611716,0.6906093,0.988498389,0.891504057,0.832280904,0.006299152,0.001864411,0.692691503,0.995592528,6
35135,692.108,253.0996749,176.9096429,1.430672013,0.715148816,35530,211.5071427,0.775829708,0.988882634,0.92172652,0.835667382,0.007203634,0.002167031,0.698339973,0.999095455,6
41195,759.615,284.0638731,185.4795379,1.531510571,0.757400918,41821,229.022058,0.798259892,0.985031444,0.897154639,0.806234371,0.006895591,0.0017972,0.650013861,0.995503099,6
41637,754.847,279.4591949,190.4777582,1.467148698,0.731730405,42111,230.2474211,0.735948105,0.988744034,0.918272181,0.823903544,0.006711799,0.001907762,0.67881705,0.995925551,6
46412,820.147,320.8010812,184.9643097,1.734394498,0.817047689,46926,243.0917394,0.699523723,0.989046584,0.867075163,0.757764714,0.006912029,0.001405798,0.574207361,0.995902088,6
54103,891.178,337.3914786,204.9899157,1.645893055,0.794263926,54738,262.4615764,0.719914307,0.988399284,0.856056241,0.777914064,0.006236096,0.001408702,0.605150292,0.996012662,6
47237,819.735,311.5520284,193.5668017,1.609532345,0.78357399,47804,245.2427703,0.701428487,0.988139068,0.883375225,0.787164736,0.006595508,0.001562034,0.619628322,0.997311827,6
47426,815.015,299.5949928,202.7726422,1.477492178,0.73614622,48072,245.732901,0.812450749,0.986561824,0.897212173,0.820216983,0.006317104,0.001763652,0.672755899,0.993991578,6
56346,920.06,369.1918069,195.2081802,1.891272213,0.848780968,56942,267.846888,0.670474423,0.989533209,0.836451289,0.725495211,0.006552227,0.001119714,0.526343302,0.995458461,6
51141,854.791,318.4461962,205.3048732,1.55108932,0.764428767,51718,255.1759071,0.696364379,0.988843343,0.879547297,0.801315607,0.006226828,0.001583657,0.642106702,0.995964849,6
52640,856.435,315.5711822,214.0551919,1.474251474,0.734775544,53413,258.8886433,0.736223776,0.985527868,0.901855441,0.820381131,0.005994893,0.001675035,0.6730252,0.992208393,6
51074,858.232,321.6669537,203.4811617,1.580819329,0.774492282,51874,255.0086989,0.687476444,0.984578016,0.871365436,0.79277245,0.006298057,0.001534548,0.628488157,0.993526227,6
47760,817.968,300.7705221,202.8335896,1.482843757,0.73838457,48238,246.5966761,0.802230658,0.9900908,0.897018819,0.819883127,0.00629754,0.001755329,0.672208342,0.996779943,6
37722,725.351,264.3512239,182.90405,1.445300002,0.721995381,38207,219.1555204,0.780024814,0.987305991,0.90096547,0.829031608,0.007007879,0.002041976,0.687293408,0.993345164,6
43634,778.307,293.9791211,189.2642738,1.553273184,0.76519233,43994,235.7043366,0.767663617,0.991817066,0.905175975,0.80177237,0.006737386,0.001717416,0.642838933,0.998504476,6
54772,896.262,354.2456832,198.1826786,1.787470457,0.828864232,55364,264.0792993,0.650236247,0.989307131,0.856837562,0.74546935,0.006467642,0.001232097,0.555724552,0.99334122,6
40564,764.684,275.5796198,188.5512833,1.461563215,0.729295422,41107,227.2612789,0.761050657,0.986790571,0.871739312,0.824666494,0.006793699,0.001938204,0.680074827,0.99397235,6
45183,782.681,293.2475521,196.5511515,1.491965577,0.742129293,45524,239.851584,0.800435799,0.992509446,0.926862571,0.817915042,0.006490219,0.001791727,0.668985016,0.998102616,6
38651,728.81,266.6288675,184.9356127,1.441738903,0.720353745,39139,221.8377372,0.747196876,0.987531618,0.914412076,0.832009449,0.006898369,0.002039103,0.692239724,0.99802894,6
45811,801.271,303.5523447,192.7018759,1.57524333,0.772657958,46256,241.5126845,0.811819954,0.990379626,0.896645527,0.795621212,0.006626189,0.001637831,0.633013114,0.997149685,6
46937,868.451,305.1511731,197.2595108,1.546952904,0.762971528,47931,244.4627671,0.753064433,0.979261856,0.782050059,0.801120194,0.006501293,0.001651848,0.641793566,0.992824421,6
38326,752.941,293.0184093,167.6879488,1.747402908,0.820059784,38888,220.9030982,0.740370127,0.985548241,0.849535372,0.753888122,0.007645421,0.001523382,0.5683473,0.993131724,6
50023,848.958,319.2951885,201.5756517,1.583996807,0.775526997,50774,252.3712776,0.777116669,0.985208965,0.872182137,0.790401129,0.006382968,0.001536712,0.624733945,0.989576574,6
41198,776.727,303.9009381,172.7715857,1.758975221,0.822674389,41696,229.030397,0.723864076,0.988056408,0.85812231,0.753635045,0.007376594,0.001467844,0.567965781,0.999037734,6
46746,818.623,317.669208,187.8191589,1.691356781,0.806494707,47249,243.9648658,0.789361702,0.989354272,0.876569659,0.76798399,0.006795645,0.001458207,0.589799409,0.99756123,6
39639,755.253,288.96019,175.0510139,1.650719888,0.795619786,40186,224.6551631,0.680147563,0.986388294,0.87326818,0.777460602,0.007289795,0.001642891,0.604444987,0.997769361,6
41058,753.867,281.6904735,186.2009275,1.512830668,0.750374879,41476,228.6409177,0.805564276,0.989921883,0.907858552,0.811674299,0.006860794,0.001836882,0.658815168,0.996675791,6
41646,767.796,287.9063394,185.6231138,1.551026344,0.764406689,42225,230.2723042,0.737815573,0.986287744,0.887751609,0.79981672,0.006913181,0.001745097,0.639706786,0.992202078,6
44591,802.209,302.6703418,187.9804312,1.610116223,0.78375258,45122,238.2751026,0.698480576,0.988231905,0.870727009,0.787242983,0.0067877,0.001608191,0.619751514,0.997871966,6
51560,850.918,316.8622226,208.4950408,1.519759038,0.75301876,52472,256.2191073,0.785724082,0.982619302,0.894844043,0.808613615,0.006145505,0.001620696,0.653855978,0.993703532,6
44806,785.824,291.877525,195.8439983,1.490357261,0.741475396,45256,238.8488456,0.803306022,0.990056567,0.911791337,0.81831873,0.006514251,0.001801915,0.669645544,0.998011099,6
44940,794.941,295.9991921,193.8465814,1.526976591,0.755725179,45467,239.2057381,0.694289952,0.988409176,0.893661685,0.808129699,0.006586542,0.001732852,0.653073611,0.997228116,6
40968,751.828,269.6172146,194.496095,1.38623459,0.692540888,41527,228.3901873,0.705408337,0.986538878,0.910788703,0.847090523,0.006581166,0.002090268,0.717562354,0.994709756,6
46387,816.487,310.2402655,192.0700328,1.615245548,0.785311438,47144,243.0262594,0.806534061,0.983942814,0.874394871,0.783348541,0.006688086,0.001553466,0.613634937,0.991171101,6
42219,769.884,288.7779838,187.1060851,1.543391727,0.761705287,42680,231.8510305,0.807200352,0.989198688,0.895091057,0.802869483,0.006840001,0.001753136,0.644599406,0.994869391,6
53519,877.465,331.9782172,206.4390997,1.608116959,0.783140091,54178,261.0411983,0.755725945,0.987836391,0.873490627,0.786320261,0.006202997,0.001462781,0.618299552,0.994297996,6
35827,703.778,269.6084179,169.4919236,1.590685928,0.777680584,36164,213.579852,0.740349645,0.990681341,0.908968712,0.792185399,0.007525286,0.001828143,0.627557706,0.998247212,6
36580,705.852,259.442714,179.9459293,1.441781512,0.720373481,37021,215.8126561,0.779342523,0.988087842,0.922627226,0.831831632,0.007092474,0.002094688,0.691943863,0.997631869,6
49345,847.426,327.1755275,193.0762219,1.694540758,0.807307947,49928,250.6551522,0.818447198,0.988323185,0.863474364,0.76611828,0.006630368,0.001408967,0.586937218,0.994589039,6
42096,764.009,289.85428,185.812754,1.55992672,0.767494313,42462,231.513049,0.78858042,0.991380528,0.906261949,0.798722203,0.006885554,0.001728629,0.637957158,0.995166416,6
48101,825.797,310.7655768,197.6018619,1.572685468,0.771808495,48685,247.4754439,0.740414069,0.988004519,0.886374733,0.796341237,0.006460688,0.001602712,0.634159366,0.99733322,6
37356,723.044,268.5293042,177.4421174,1.513334647,0.75056874,37768,218.089744,0.774892134,0.989091294,0.897926477,0.812163666,0.007188385,0.001929236,0.65960982,0.998210394,6
37240,731.308,276.0085871,172.8292023,1.597002031,0.779683925,37848,217.7508683,0.709941855,0.983935743,0.87502183,0.788927876,0.007411616,0.001771095,0.622407193,0.993985551,6
42040,765.575,278.4441063,193.2416194,1.440911679,0.71997012,42520,231.3590077,0.686771,0.988711195,0.901357518,0.830899281,0.006623314,0.001947371,0.690393615,0.994796223,6
47463,817.819,303.3413163,199.8199479,1.518073243,0.75237964,47902,245.8287382,0.795025126,0.990835456,0.89176548,0.810403084,0.006391111,0.001700437,0.656753158,0.996999397,6
41035,765.015,294.1168061,177.9955825,1.652382615,0.796083567,41374,228.5768683,0.803977273,0.991806448,0.881098375,0.777163574,0.007167462,0.001612853,0.603983221,0.998011375,6
50914,843.481,313.330817,207.4562818,1.510346249,0.749415646,51386,254.6089515,0.816976893,0.990814619,0.899283187,0.812588286,0.006154119,0.001655114,0.660299723,0.997281209,6
39712,748.993,270.6895485,187.6197853,1.44275588,0.720824185,40330,224.8619328,0.808732486,0.98467642,0.889561761,0.830700461,0.006816316,0.002002199,0.690063256,0.99559282,6
44934,803.049,305.7228218,188.7362172,1.619841842,0.78669315,45433,239.1897692,0.793214235,0.989016794,0.875590123,0.782374596,0.006803819,0.001572503,0.612110009,0.991521404,6
48524,825.251,312.1133684,198.8010094,1.569978791,0.770904058,49088,248.5612111,0.75497884,0.98851043,0.895353096,0.796381175,0.006432144,0.001595951,0.634222976,0.995716621,6
47160,817.827,311.8671938,193.785565,1.609341717,0.783515632,47702,245.0428063,0.807534247,0.988637793,0.886055186,0.785728064,0.00661296,0.001554765,0.61736859,0.993557027,6
42026,775.61,282.6605008,190.1728942,1.486334328,0.739827921,42503,231.3204814,0.707329799,0.988777263,0.877892059,0.818368611,0.006725848,0.001860898,0.669727183,0.995438503,6
47270,808.68,296.3622417,203.7909855,1.45424608,0.72605036,47765,245.3284192,0.784173855,0.989636763,0.908326661,0.827799175,0.006269563,0.001816005,0.685251474,0.99652427,6
45190,798.844,295.1510008,195.3887881,1.510583097,0.74950735,45712,239.8701629,0.714240556,0.988580679,0.889873451,0.8127032,0.006531334,0.001757558,0.660486491,0.99771973,6
42160,766.993,278.6374807,193.004773,1.443681814,0.721251379,42738,231.6889708,0.732147819,0.986475736,0.900591131,0.831506839,0.006609048,0.001948866,0.691403623,0.998166837,6
49657,834.77,316.7777699,200.4871271,1.580040446,0.774237481,50273,251.4463284,0.742645629,0.987746902,0.89548162,0.793762544,0.006379318,0.001562127,0.630058976,0.995518665,6
41138,751.833,273.1844114,192.0701764,1.422315617,0.711111917,41557,228.8635585,0.781615747,0.989917463,0.914555929,0.837762145,0.006640683,0.002017788,0.701845411,0.998245689,6
51290,844.228,316.1689438,207.5508659,1.523332329,0.754364685,51815,255.547366,0.772416493,0.989867799,0.904321922,0.808262073,0.006164339,0.001622838,0.653287579,0.995174089,6
44838,807.043,300.7365093,190.7734858,1.576406218,0.773042478,45454,238.9341221,0.824379482,0.986447837,0.865092898,0.79449656,0.006707179,0.001648496,0.631224784,0.995066674,6
43911,777.878,290.8162462,193.080875,1.506188773,0.747797034,44403,236.4513093,0.747930506,0.988919668,0.911927293,0.813060867,0.006622856,0.001785325,0.661067973,0.99569316,6
38119,730.496,272.7856865,179.3109083,1.521300009,0.753600644,38625,220.305738,0.812771855,0.986899676,0.897667865,0.807614728,0.007156161,0.001877919,0.652241549,0.992255075,6
47639,809.7,300.6238998,202.4460449,1.484958128,0.739260414,48092,246.2841015,0.799312081,0.990580554,0.913112361,0.819243253,0.006310458,0.001753445,0.671159507,0.996643765,6
47189,804.934,304.3901522,197.8968625,1.538125205,0.759812614,47596,245.1181366,0.810640418,0.991448861,0.915229677,0.805276172,0.006450447,0.001673204,0.648469713,0.997427611,6
46125,815.524,312.9621903,188.7189631,1.658350519,0.797734514,46634,242.3389651,0.741559486,0.989085217,0.871510754,0.774339433,0.006785088,0.001504738,0.599601558,0.994349555,6
48663,846.191,326.6919433,190.7971149,1.712247816,0.811733793,49557,248.916966,0.686341711,0.981960167,0.854027665,0.761931756,0.006713354,0.001395673,0.580540001,0.994028348,6
46973,817.358,316.9078969,189.3736326,1.673453122,0.801819144,47364,244.5564989,0.77811092,0.991744785,0.883554873,0.771695819,0.006746597,0.001475873,0.595514436,0.996565493,6
43841,785.132,300.7763356,186.6696678,1.611275892,0.784106591,44336,236.2627666,0.735587248,0.988835258,0.893727165,0.785509825,0.006860618,0.0016112,0.617025685,0.99419861,6
46124,814.407,313.2070315,188.4883408,1.661678543,0.79864599,46525,242.3363381,0.74050765,0.991380978,0.873884088,0.773725727,0.006790544,0.001501179,0.5986515,0.994766353,6
49705,845.105,322.776958,196.4548056,1.643008717,0.793446887,50213,251.567827,0.749110803,0.989883098,0.874557966,0.779385953,0.006493853,0.001478062,0.607442464,0.998033262,6
43005,767.416,291.2970747,188.366899,1.546434518,0.762787881,43390,233.9992877,0.76857776,0.991126988,0.917628972,0.803301193,0.006773563,0.001739845,0.645292807,0.997903071,6
37924,741.726,283.105509,170.914937,1.656411745,0.797200507,38341,219.741522,0.796722689,0.989123914,0.866237531,0.77618243,0.007465075,0.001671357,0.602459165,0.997920437,6
43530,795.624,289.3108689,191.8889275,1.50769965,0.748387212,44126,235.4232728,0.728121236,0.986493224,0.864137358,0.813738086,0.006646241,0.001797606,0.662169673,0.998352984,6
38619,721.624,268.42155,183.534885,1.462509702,0.72971058,39087,221.745886,0.784779516,0.98802671,0.931942142,0.826110594,0.006950505,0.001996866,0.682458713,0.998102489,6
43960,805.111,301.1208528,187.2110818,1.608456347,0.78324426,44657,236.5831997,0.689568627,0.984392145,0.852228448,0.785675245,0.006849883,0.001610035,0.61728559,0.992876925,6
31751,671.914,244.102719,168.5224911,1.448487483,0.723451399,32462,201.0637431,0.69428409,0.978097468,0.883771295,0.82368498,0.007688032,0.002182929,0.678456946,0.982736393,6
33885,680.022,245.4253999,176.3160798,1.391962662,0.695619842,34281,207.7106689,0.811422414,0.988448412,0.92081297,0.846329145,0.007242892,0.002292181,0.716273022,0.997025303,6
43874,790.864,301.4945475,186.549139,1.616166921,0.785589556,44410,236.3516697,0.68294885,0.987930646,0.881482066,0.78393348,0.006871827,0.001600917,0.6145517,0.993218129,6
47056,803.179,298.078954,201.613242,1.478469127,0.736557162,47605,244.7724658,0.706122449,0.988467598,0.916642906,0.821166548,0.006334558,0.001776728,0.6743145,0.996953171,6
44648,802.656,300.346173,190.2982432,1.578291885,0.773663782,45266,238.4273457,0.686797213,0.986347369,0.870869259,0.793841797,0.006726979,0.001647918,0.630184799,0.994615554,6
45320,803.555,302.5886455,191.5670753,1.57954411,0.774074871,45915,240.2149374,0.779927032,0.987041272,0.881999928,0.79386633,0.006676713,0.001635807,0.63022375,0.995466212,6
40130,746.638,271.568027,189.189184,1.43543104,0.717406451,40637,226.0422592,0.789556526,0.987523685,0.90460471,0.832359618,0.006767207,0.002003703,0.692822533,0.994498969,6
40672,775.893,298.1930072,174.1351923,1.712422419,0.811776634,41208,227.5636148,0.673154585,0.986992817,0.848988339,0.763142023,0.007331653,0.001533922,0.582385747,0.99729041,6
44719,791.542,293.3548722,194.628998,1.507251618,0.748212435,45258,238.616846,0.701408495,0.988090503,0.896920643,0.813406794,0.00655996,0.001771382,0.661630612,0.997243811,6
44818,790.151,306.1559554,186.9013658,1.638061627,0.792033489,45243,238.8808279,0.797870825,0.990606282,0.902073964,0.780258635,0.006831094,0.001561796,0.608803537,0.997257713,6
49608,832.409,319.189669,198.3725095,1.609041847,0.78342378,50045,251.322238,0.770669567,0.991267859,0.899679962,0.787375853,0.006434238,0.001525476,0.619960734,0.997542765,6
42041,776.552,287.8691487,186.3729721,1.54458635,0.762131268,42536,231.3617594,0.741725476,0.988362799,0.876076068,0.803704601,0.006847343,0.001762332,0.645941086,0.997711784,6
38611,741.171,284.0497023,174.0405903,1.632088824,0.790306467,39096,221.7229173,0.673134589,0.987594639,0.883250877,0.78057789,0.007356704,0.001684721,0.609301843,0.994434728,6
51401,856.431,328.4893162,200.0197708,1.642284235,0.793240855,51860,255.8237398,0.832270078,0.991149248,0.880636485,0.778788616,0.006390718,0.001450133,0.606511708,0.996064616,6
42827,771.36,285.8508014,192.7730395,1.482835993,0.738381345,43593,233.5145177,0.79231495,0.982428372,0.904509826,0.816910488,0.006674546,0.001833578,0.667342746,0.989559843,6
42826,782.424,290.2968171,188.6197057,1.539058795,0.760149888,43311,233.5117914,0.748955072,0.988801921,0.879089413,0.804389775,0.006778518,0.001750575,0.647042911,0.995837083,6
51285,856.939,327.818822,199.8548042,1.640284923,0.792670585,51856,255.5349097,0.738317353,0.988988738,0.877607664,0.779500421,0.006392099,0.001455756,0.607620906,0.99667141,6
44660,808.103,300.3827429,190.9193504,1.573348863,0.772029296,45356,238.4593845,0.715418502,0.984654731,0.859399595,0.793851811,0.006725991,0.001647759,0.630200698,0.991525552,6
44568,786.042,296.2760188,191.9347493,1.543628862,0.761789943,44910,238.2136437,0.723130841,0.99238477,0.9064451,0.804026072,0.00664773,0.001713695,0.646457925,0.997891111,6
43949,802.9,309.6484079,181.9301141,1.702018434,0.809196792,44415,236.5535981,0.805900906,0.989508049,0.856714162,0.763942562,0.00704563,0.001480275,0.583608238,0.993311979,6
40422,746.151,280.9801432,183.6846474,1.529687686,0.756729424,40760,226.8631501,0.815239094,0.991707556,0.912376753,0.807399226,0.006951169,0.001822178,0.65189351,0.997193474,6
47257,831.164,318.9919571,189.0486076,1.687354174,0.80546466,47715,245.2946823,0.68561936,0.990401341,0.859612185,0.768968235,0.006750153,0.001455885,0.591312147,0.997753019,6
40364,764.547,288.7231377,178.9353459,1.613561235,0.784801537,40880,226.700333,0.716894004,0.987377691,0.867752122,0.785182424,0.007152986,0.001677063,0.616511438,0.994778958,6
50211,882.965,340.6604271,188.7608966,1.804719268,0.832448249,51232,252.8450727,0.700488281,0.980071049,0.809322766,0.742220266,0.006784578,0.001270088,0.550890923,0.994203463,6
55501,881.021,330.1670418,215.2827304,1.533643879,0.758182972,56118,265.8309011,0.80934743,0.98900531,0.898541523,0.805140633,0.005948849,0.001542054,0.648251439,0.994186852,6
53347,859.683,319.4557212,213.1670012,1.498617138,0.744805308,53832,260.621392,0.806747724,0.990990489,0.90707498,0.815829471,0.00598826,0.001636357,0.665577726,0.997446186,6
40971,769.264,296.3083827,177.5063445,1.669283335,0.80070453,41552,228.3985494,0.785426731,0.98601752,0.87003277,0.770813662,0.007232149,0.00157487,0.594153701,0.991810871,6
49575,850.029,323.8390008,197.1317702,1.642753984,0.793374482,50068,251.2386324,0.815445349,0.990153391,0.862194209,0.775813388,0.006532305,0.001459739,0.601886413,0.988751303,6
38858,753.174,280.9159617,176.5629748,1.591024177,0.777788606,39287,222.4309831,0.690808889,0.989080357,0.860794868,0.791806139,0.007229295,0.001752876,0.626956962,0.997503685,6
41741,756.956,281.0310209,189.7241324,1.481261331,0.737725936,42253,230.5347953,0.747711599,0.987882517,0.915443282,0.820317965,0.006732733,0.001880616,0.672921564,0.996772692,6
38828,758.732,291.5890097,171.3388383,1.7018267,0.809148726,39668,222.3451035,0.68209047,0.978824241,0.847574892,0.762529094,0.007509761,0.001566144,0.58145062,0.989528189,6
43390,768.192,281.7185673,197.2122182,1.428504633,0.714110758,43855,235.044387,0.766039335,0.989396876,0.923974433,0.834323379,0.006492707,0.001940632,0.6960955,0.994375647,6
41854,764.973,289.0148725,185.5032852,1.558004066,0.766832852,42437,230.8466329,0.683397557,0.986261988,0.898782526,0.798736172,0.006905311,0.00173371,0.637979472,0.993974612,6
34112,693.8,258.1399044,168.6966258,1.530201942,0.756919163,34507,208.4052479,0.777747378,0.988553047,0.890529798,0.807334489,0.007567422,0.001983087,0.651788978,0.997368759,6
38523,732.182,271.4652247,181.1326167,1.498709784,0.744842262,38880,221.470104,0.782097612,0.990817901,0.903008563,0.81583232,0.007046835,0.001925651,0.665582374,0.997514816,6
40292,742.57,261.4182115,197.5214725,1.323492622,0.655060352,40759,226.4980524,0.770136473,0.988542408,0.9182351,0.866420327,0.006488092,0.002255336,0.750684184,0.993524978,6
41845,779.103,294.7959058,181.7622974,1.621875989,0.78730013,42528,230.8218117,0.703111873,0.983939992,0.866290762,0.782988526,0.007044949,0.00163335,0.613071031,0.994325185,6
36125,718.771,269.1317271,171.4965849,1.569312457,0.770680521,36539,214.4662644,0.693351503,0.988669641,0.878691908,0.796882132,0.007450013,0.001853161,0.635021132,0.996546572,6
57239,919.405,356.0448175,206.1805585,1.726859313,0.815266484,58301,269.9610311,0.69659243,0.981784189,0.850918918,0.758222049,0.006220319,0.001268172,0.574900676,0.992772586,6
41955,765.642,292.8365735,183.204409,1.598414444,0.78012797,42360,231.1249989,0.694216927,0.990439093,0.899377651,0.789262748,0.006979778,0.001670736,0.622935686,0.995709398,6
37743,744.71,282.2922165,170.8426403,1.652352223,0.796075104,38236,219.2165143,0.791191514,0.987106392,0.855208305,0.776558833,0.007479326,0.001677798,0.603043622,0.996440469,6
41292,766.244,288.0197016,182.8352024,1.575296758,0.772675647,41722,229.2915334,0.694286579,0.989693687,0.88377479,0.796096698,0.006975194,0.001728221,0.633769952,0.998375751,6
45528,800.854,292.8849181,198.7353314,1.473743577,0.734559673,45982,240.7655498,0.712176198,0.990126571,0.892034679,0.822048303,0.006433072,0.001812122,0.675763412,0.995901988,6
46482,798.985,301.8648834,196.568571,1.535672167,0.758922764,46868,243.2749895,0.728101504,0.991764103,0.914992256,0.80590689,0.006494232,0.001689846,0.649485916,0.997397444,6
42745,767.781,285.6236225,191.0934163,1.494680602,0.743227066,43142,233.2908578,0.722239119,0.99079783,0.911214169,0.816777183,0.006682036,0.001834438,0.667124967,0.997138747,6
47679,820.384,296.503643,205.6287843,1.441936468,0.720445238,48182,246.3874758,0.772930649,0.989560417,0.890230847,0.830976218,0.006218747,0.001829098,0.690521475,0.995688096,6
39428,744.798,275.5565663,183.0033814,1.505745764,0.747623561,39885,224.056441,0.715312046,0.988542058,0.893177159,0.81310507,0.006988855,0.001884397,0.661139854,0.995508535,6
44546,787.039,293.8289361,193.8645897,1.515640048,0.751452438,45117,238.154842,0.773300929,0.987344017,0.90370372,0.810522085,0.006596079,0.001756002,0.656946051,0.995693744,6
43372,773.114,280.1265252,197.8736413,1.415683884,0.707840417,43819,234.9956288,0.753928522,0.989798946,0.91186855,0.838891028,0.006458695,0.001973089,0.703738157,0.996270768,6
40780,751.925,276.6824988,188.2445968,1.469803136,0.732875081,41235,227.8655495,0.791660196,0.988965684,0.906375247,0.823563292,0.00678476,0.001925317,0.678256495,0.996903524,6
45595,801.717,301.0928283,193.505323,1.555992484,0.766137556,46054,240.9426426,0.769925701,0.990033439,0.891425183,0.800227106,0.006603637,0.001670383,0.640363421,0.99640067,6
42411,775.906,289.1281694,187.9553781,1.538280907,0.759868917,42962,232.3776287,0.817640254,0.987174713,0.885258604,0.803718397,0.006817292,0.001754718,0.645963261,0.993672951,6
45010,802.097,301.8021811,191.1676981,1.578730006,0.773807747,45468,239.3919629,0.66881631,0.989926982,0.879154276,0.793208194,0.006705225,0.001637351,0.629179239,0.993304143,6
47919,815.389,306.3850795,200.2312465,1.530156181,0.756902289,48422,247.0068132,0.802703653,0.98961216,0.905707395,0.806197265,0.006393812,0.001666115,0.64995403,0.994531177,6
34892,710.337,273.7491085,163.0004469,1.679437779,0.803401735,35261,210.7744629,0.680753097,0.989535181,0.868974144,0.769954883,0.007845612,0.001700857,0.592830522,0.995621975,6
44390,789.818,291.9659033,193.9742858,1.505178391,0.747401106,44806,237.7374674,0.770418966,0.990715529,0.89421295,0.81426449,0.00657729,0.001783564,0.66302666,0.997973401,6
44258,786.675,291.921597,194.7910702,1.498639525,0.744814239,44835,237.3837311,0.767408795,0.98713059,0.898692156,0.813176324,0.006595906,0.00177907,0.661255733,0.990983978,6
43549,788.619,296.0748245,188.7950757,1.568233829,0.770317928,44372,235.4746461,0.800283,0.981452267,0.87994105,0.795321407,0.00679866,0.00167793,0.632536141,0.991964574,6
47771,823.47,308.2403568,198.9142967,1.549613889,0.763910637,48339,246.6250723,0.799113416,0.988249653,0.885275882,0.800106368,0.006452458,0.001631157,0.6401702,0.992016633,6
46186,812.239,315.4152836,187.6318774,1.681032498,0.803820075,46639,242.499158,0.769766667,0.990287099,0.879736352,0.768825008,0.00682924,0.001471845,0.591091893,0.993644682,6
41889,771.13,283.532964,188.6554447,1.502914292,0.74651023,42520,230.9431343,0.709441951,0.985159925,0.885227013,0.814519522,0.006768673,0.001837762,0.663442052,0.997096541,6
40556,765.979,287.6491875,180.4904587,1.593708551,0.778642915,41153,227.2388677,0.671512542,0.98549316,0.868622854,0.789986127,0.007092642,0.001703985,0.624078081,0.994598575,6
40751,770.797,295.0184998,176.403116,1.672410933,0.801541485,41228,227.7845137,0.732088962,0.988430193,0.861922272,0.772102474,0.00723954,0.00158705,0.596142231,0.996994785,6
46111,801.42,295.6974399,198.889569,1.48674182,0.739995574,46611,242.3021846,0.764959605,0.989272918,0.90218178,0.819426048,0.006412731,0.001783454,0.671459048,0.998286248,6
38055,743.589,275.3327074,177.1477249,1.554254832,0.765534257,38618,220.1207189,0.689977155,0.985421306,0.864879647,0.799471741,0.007235126,0.001823217,0.639155064,0.993409847,6
41829,763.022,279.4653276,191.2794395,1.461031715,0.729061833,42283,230.7776785,0.761579637,0.989262824,0.90284506,0.825782864,0.006681138,0.001916433,0.681917338,0.996302858,6
45548,806.084,313.6472271,186.567643,1.681144823,0.803849487,46323,240.818427,0.808190496,0.98326965,0.880883701,0.767800274,0.006886081,0.001476199,0.589517261,0.991063892,6
60493,931.321,363.8142429,212.6137517,1.711151043,0.811464334,61239,277.5285207,0.791813922,0.98781822,0.876427902,0.76283028,0.006014154,0.001256221,0.581910036,0.995735964,6
51321,868.552,319.725866,205.8437782,1.553245227,0.76518258,52228,255.6245815,0.738166127,0.982633836,0.854896078,0.799511734,0.006229923,0.001570225,0.639219013,0.99286388,6
37316,718.059,265.5290926,179.2660522,1.481201206,0.737700858,37723,217.9729498,0.731256124,0.989210826,0.909462274,0.820900443,0.00711569,0.001993236,0.673877538,0.998148221,6
42370,767.68,291.2183681,185.8198785,1.567207827,0.769972173,42854,232.2652783,0.78550241,0.988705838,0.903457808,0.797563972,0.006873221,0.001715545,0.636108289,0.99691389,6
44008,793.67,298.6141063,189.1117165,1.57903546,0.773908032,44599,236.7123273,0.800465641,0.986748582,0.87793339,0.792703098,0.006785451,0.001652725,0.628378202,0.992231463,6
44642,802.456,297.3153679,192.0522386,1.548096341,0.763375802,45289,238.4113247,0.713518524,0.98571397,0.871186325,0.801880261,0.006659992,0.001698602,0.643011953,0.995444451,6
31519,676.641,255.0735621,157.80274,1.616407689,0.785662138,32065,200.3278244,0.758032708,0.982972088,0.865098731,0.785372748,0.008092692,0.001899224,0.616810353,0.997016997,6
44744,805.538,307.179977,186.3511364,1.648393366,0.79496804,45273,238.6835356,0.788718491,0.988315331,0.866508058,0.777015279,0.006865278,0.001543676,0.603752745,0.995222019,6
45569,796.675,302.8578218,192.593621,1.572522601,0.771754235,46067,240.8739355,0.764375335,0.989189659,0.902229419,0.795336683,0.006646137,0.001640413,0.63256044,0.994715588,6
44190,788.858,298.1736288,189.5833199,1.572784088,0.771841341,44718,237.2012974,0.804771444,0.988192674,0.892351992,0.795514004,0.006747536,0.001666926,0.632842531,0.995324663,6
52156,870.899,342.1205085,195.1835561,1.752814199,0.821289874,52843,257.6957153,0.796031746,0.986999224,0.864128954,0.753230832,0.006559562,0.001302468,0.567356687,0.994470856,6
44570,807.791,308.0542278,184.8333766,1.666659093,0.799997955,45178,238.2189886,0.688318508,0.986542122,0.858330367,0.773302124,0.006911695,0.001524618,0.597996175,0.996655762,6
50704,841.018,313.9273193,206.304773,1.521667747,0.753739178,51338,254.0833286,0.782589906,0.987650473,0.900827227,0.809369918,0.006191372,0.001638909,0.655079664,0.996813596,6
37883,716.14,264.4647442,182.88286,1.446088191,0.72235659,38214,219.6227076,0.778540455,0.991338253,0.928235907,0.830442289,0.006981093,0.002048052,0.689634396,0.997272156,6
44651,796.996,296.5120409,192.618527,1.539374459,0.760263754,45329,238.4353558,0.745550175,0.985042688,0.883341776,0.804133806,0.006640658,0.00171279,0.646631177,0.995407519,6
45921,821.571,309.2877169,190.456676,1.623926887,0.78790933,46450,241.8024672,0.665232508,0.98861141,0.85493087,0.781804301,0.006735213,0.001552113,0.611217964,0.992573286,6
51126,861.669,339.2117923,192.8160513,1.759250799,0.822735923,51691,255.1384819,0.791399647,0.989069664,0.865308046,0.75215098,0.00663482,0.001309872,0.565731096,0.995262883,6
44278,776.522,279.8073491,201.8910878,1.385932148,0.692376875,44719,237.4373613,0.71996748,0.99013842,0.922763337,0.848574428,0.006319331,0.002021206,0.720078561,0.997980027,6
45165,791.454,292.3904356,197.3641063,1.481477261,0.737815969,45658,239.8038032,0.809844002,0.98920233,0.906067435,0.820149273,0.006473828,0.00180681,0.67264483,0.996508021,6
39435,735.516,275.860289,182.3901964,1.512473227,0.750237238,39841,224.0763295,0.770877316,0.989809493,0.916025282,0.812281936,0.006995316,0.001878513,0.659801943,0.997932774,6
38751,739.551,271.1629633,182.2863325,1.48756607,0.740334155,39175,222.1245272,0.792940454,0.989176771,0.890341303,0.819155111,0.006997573,0.001943532,0.671015095,0.998179289,6
49039,830.002,310.7796401,201.254755,1.544210173,0.761997263,49514,249.8767577,0.782096265,0.990406754,0.894526461,0.804031943,0.006337398,0.001633744,0.646467365,0.998281481,6
41761,761.423,286.0089482,186.2643563,1.535500156,0.758860167,42214,230.5900185,0.70447031,0.989268963,0.905167123,0.806233581,0.006848709,0.001784975,0.650012587,0.998094429,6
43197,766.806,285.2327442,193.2649859,1.475863529,0.735458821,43571,234.5210622,0.739067205,0.991416309,0.923192878,0.822209466,0.006603068,0.001861467,0.676028405,0.997725668,6
42196,786.561,299.6811149,179.7147384,1.667537774,0.80023498,42648,231.7878682,0.700011613,0.989401613,0.857070071,0.773448364,0.007102121,0.001567809,0.598222373,0.997558404,6
45732,799.376,307.267083,189.8158858,1.618763791,0.786370346,46150,241.3043532,0.716802508,0.990942579,0.899348156,0.785324451,0.006718864,0.001576421,0.616734493,0.998347466,6
43894,783.953,288.5641455,195.4823109,1.476165,0.735586282,44524,236.4055341,0.794001664,0.985850328,0.897501061,0.819247775,0.006574114,0.001826746,0.671166917,0.990753112,6
48321,811.486,289.3949067,213.1760915,1.357539228,0.67629928,48773,248.0407387,0.776765046,0.990732577,0.922112086,0.857101258,0.005989009,0.001993716,0.734622567,0.997278953,6
36457,709.285,247.0727088,188.5366505,1.310475752,0.646302092,36944,215.4495163,0.72083597,0.986817887,0.910645281,0.872008557,0.006777099,0.002417167,0.760398924,0.996484351,6
53661,871.401,334.471822,205.2799979,1.629344434,0.789505276,54210,261.3872744,0.784827344,0.989872717,0.888039979,0.781492661,0.006233052,0.001434102,0.61073078,0.995090797,6
54496,882.834,326.2241745,215.1626174,1.516174968,0.751656758,55707,263.4131019,0.731136632,0.97826126,0.878650963,0.807460398,0.005986204,0.001569698,0.651992295,0.988534397,6
43914,790.779,292.9425776,192.0286374,1.525515056,0.755181017,44550,236.4593863,0.699211846,0.985723906,0.882475397,0.807186815,0.006670824,0.00174685,0.651550555,0.993950182,6
48161,826.049,314.0014615,196.1708863,1.600652714,0.780828735,48722,247.6297432,0.796708023,0.988485694,0.886938976,0.788626085,0.006519829,0.001555609,0.621931102,0.995495705,6
44231,801.688,301.9073807,187.1526599,1.613161046,0.784680102,44726,237.3113109,0.686102967,0.988932612,0.864820262,0.786040111,0.006825696,0.001607332,0.617859056,0.996706161,6
43159,782.565,282.2424096,195.095726,1.44668679,0.722630399,43661,234.4178865,0.753250606,0.988502325,0.885605687,0.830555149,0.006539596,0.001919573,0.689821855,0.997956165,6
39176,734.729,273.4148497,182.9584707,1.494409352,0.743117733,39576,223.3392764,0.799608115,0.989892864,0.911959583,0.816851304,0.006979142,0.001916698,0.667246053,0.997138741,6
34990,700.748,257.018073,174.0215042,1.476932832,0.735910467,35507,211.0702529,0.768335529,0.985439491,0.895426767,0.82122728,0.007345472,0.002060881,0.674414245,0.996064541,6
46590,814.364,308.8688781,192.6788031,1.603024687,0.781567477,47140,243.5574478,0.734950782,0.988332626,0.882806334,0.788546419,0.00662951,0.00158114,0.621805455,0.996769495,6
52663,879.681,337.3990861,200.9331953,1.679160507,0.803328855,53503,258.9451953,0.820871327,0.984299946,0.855194769,0.767474501,0.006406758,0.001371115,0.58901711,0.989054269,6
43152,783.691,298.2100055,184.6168438,1.615291429,0.785325301,43698,234.3988755,0.771342771,0.987505149,0.882919431,0.786019487,0.006910688,0.001627175,0.617826634,0.997970066,6
39712,744.546,276.4276649,184.1283399,1.501277126,0.74586286,40142,224.8619328,0.808140008,0.989288028,0.900219786,0.813456688,0.006960809,0.001880084,0.661711783,0.993412764,6
40552,754.842,276.9097806,187.1582947,1.479548534,0.73700999,41013,227.2276612,0.798613573,0.988759662,0.894355185,0.820583732,0.006828511,0.001909842,0.673357661,0.996265341,6
42061,758.676,284.1890347,188.7481953,1.505651666,0.747586689,42460,231.4167852,0.733050995,0.99060292,0.918283469,0.814305821,0.006756592,0.001832558,0.66309397,0.998388541,6
46605,805.94,300.3804625,198.0865316,1.516410329,0.751746571,47164,243.5966522,0.709144857,0.98814774,0.901647856,0.810960374,0.006445241,0.001719561,0.657656728,0.997277456,6
47520,817.323,306.1716937,198.4069796,1.543149814,0.761618876,48050,245.9763061,0.805478338,0.988969823,0.893920414,0.803393361,0.006443007,0.001655699,0.645440893,0.996011994,6
46788,820.847,314.189191,190.5993327,1.64842755,0.79497764,47446,244.0744391,0.808027079,0.986131602,0.872609456,0.776839071,0.006715166,0.001508554,0.603478942,0.994791313,6
34717,700.168,262.5162029,168.8110526,1.555088952,0.765824168,35181,210.2452313,0.815527367,0.986811063,0.889912971,0.80088478,0.007561604,0.001918995,0.64141643,0.997459604,6
49577,834.853,303.9435568,208.6102253,1.456992611,0.727275847,50265,251.2437002,0.71477797,0.986312544,0.893861193,0.826613016,0.006130737,0.001765637,0.683289079,0.995547138,6
48688,829.382,305.7543086,203.321885,1.503794383,0.746857132,49210,248.9808968,0.740456854,0.9893924,0.889452147,0.814316887,0.00627987,0.001703351,0.663111992,0.997184089,6
49442,824.19,310.6162208,203.2771675,1.528042842,0.756120937,49877,250.9013941,0.81337808,0.991278545,0.914642153,0.807753676,0.006282436,0.001649771,0.652466001,0.996996002,6
42044,777.85,294.5178513,182.9759506,1.609598695,0.783594297,42486,231.3700141,0.789514206,0.989596573,0.873216995,0.785589101,0.007004991,0.00164577,0.617150236,0.993364214,6
47011,824.669,318.7532097,188.5430487,1.690612367,0.80630379,47682,244.655399,0.75187525,0.985927604,0.868660382,0.767538621,0.006780396,0.001451563,0.589115535,0.995966008,6
40066,761.588,287.7866508,178.2415104,1.614588264,0.785112684,40549,225.8619392,0.667766667,0.988088486,0.868051848,0.784824239,0.007182815,0.001680986,0.615949086,0.994504166,6
33462,689.937,265.4699791,161.0284951,1.648590077,0.795023273,33812,206.4101297,0.827284415,0.989648645,0.88337049,0.777527201,0.007933476,0.001788569,0.604548548,0.996652737,6
46436,802.578,302.9331091,195.8905496,1.546440651,0.762790054,46889,243.1545835,0.808876812,0.990338885,0.905920662,0.802667573,0.006523669,0.001670377,0.644275233,0.996333411,6
46711,819.378,313.3485588,190.5359274,1.644564168,0.793888134,47218,243.8735172,0.689685211,0.989262569,0.874299904,0.778281917,0.006708239,0.001518225,0.605722743,0.996149918,6
43877,781.608,290.1891389,193.0789828,1.502955603,0.74652653,44239,236.3597502,0.710558704,0.991817175,0.902544862,0.8145024,0.006613696,0.001795533,0.66341416,0.997082029,6
39943,754.976,269.4805753,189.2457042,1.423971955,0.711919558,40487,225.5149821,0.737826954,0.986563588,0.880611297,0.836850603,0.006746628,0.002041072,0.700318932,0.997234519,6
46014,812.918,307.9433601,191.864326,1.605005821,0.782181453,46726,242.0471946,0.741969814,0.984762231,0.874996613,0.786012059,0.006692384,0.001575714,0.617814957,0.991596603,6
45325,801.826,301.8587494,192.0677478,1.571626433,0.771455301,45963,240.2281881,0.80022952,0.98611927,0.88590552,0.7958298,0.006659873,0.001647884,0.63334507,0.995381854,6
46652,805.423,296.1416551,201.3172229,1.47101997,0.733397152,47209,243.7194519,0.79486131,0.988201402,0.903716218,0.822982676,0.006347888,0.001796271,0.677300486,0.99632254,6
43733,791.206,305.8261842,183.2707654,1.66871232,0.800551121,44102,235.9715767,0.819860523,0.991633033,0.877889774,0.771587225,0.00699303,0.001528922,0.595346845,0.993462615,6
46315,819.571,315.7643151,188.2873181,1.67703443,0.8027686,46798,242.8375785,0.674870315,0.989679046,0.866479649,0.769046934,0.006817755,0.001471067,0.591433187,0.991853818,6
47989,826.362,315.4734278,195.0339039,1.617531216,0.786000319,48580,247.1871609,0.824383289,0.9878345,0.88310204,0.783543523,0.00657387,0.001528457,0.613940452,0.993067846,6
48947,834.814,315.1635105,198.6220033,1.586750235,0.776417496,49509,249.642256,0.785893195,0.988648529,0.882584905,0.792103933,0.006438873,0.001563573,0.62742864,0.995572542,6
41461,781.557,298.1568984,177.7151523,1.677723562,0.802950474,42068,229.7602767,0.703468051,0.98557098,0.852959327,0.770601915,0.007191262,0.001564246,0.593827311,0.996278071,6
39374,740.919,272.9861883,184.310568,1.48112065,0.737667251,39840,223.9029563,0.745776195,0.988303213,0.901317778,0.820198845,0.006933159,0.001935475,0.672726145,0.996388585,6
40987,749.125,272.5650428,192.210719,1.418053292,0.709016277,41441,228.4431422,0.708700764,0.989044666,0.91779865,0.838123407,0.006650036,0.002024117,0.702450845,0.996112733,6
37153,713.493,270.7479812,175.2476152,1.54494531,0.762259027,37501,217.496365,0.812051932,0.990720247,0.917116102,0.803316664,0.007287379,0.001871967,0.645317663,0.996980496,6
35640,688.039,254.5170737,178.7279813,1.424047157,0.711956139,36020,213.0217298,0.777894185,0.989450305,0.946066027,0.8369644,0.007141332,0.002161658,0.700509407,0.997558429,6
44573,800.383,304.3857141,187.6475671,1.622113832,0.787370922,45206,238.2270057,0.675676085,0.985997434,0.874351417,0.782648445,0.006828926,0.001580517,0.612538588,0.993607316,6
42957,763.858,277.7128948,197.2265434,1.408090869,0.704018695,43389,233.8686621,0.790711801,0.990043559,0.925163616,0.842123886,0.006464904,0.002005607,0.709172639,0.998579517,6
57209,922.051,365.2606061,199.8641929,1.827543998,0.837013362,57675,269.8902761,0.714755122,0.991920243,0.845598754,0.738897849,0.00638467,0.001173967,0.545970031,0.997784253,6
44944,789.925,292.130211,196.9045114,1.4836136,0.738704018,45374,239.2163834,0.81562137,0.990523207,0.905127725,0.818869033,0.006499871,0.001802778,0.670546493,0.994831897,6
39463,756.557,293.6881473,171.4977095,1.712490203,0.811793262,39969,224.1558658,0.72877193,0.987340189,0.866396429,0.763244509,0.007442114,0.001557869,0.58254218,0.997597776,6
43010,791.397,310.4352082,177.311997,1.750785133,0.82083018,43510,234.0128903,0.746390393,0.988508389,0.862959685,0.753822003,0.007217745,0.001437661,0.568247611,0.99487947,6
39775,753.771,273.8009306,186.2738571,1.46988383,0.732909753,40304,225.0402251,0.694881202,0.986874752,0.879713391,0.821911834,0.006883744,0.001937784,0.675539063,0.992963945,6
47121,836.282,329.9991624,182.0643942,1.812540908,0.834034901,47507,244.9414636,0.68559581,0.991874882,0.846679148,0.742248743,0.007003229,0.001311221,0.550933197,0.998588957,6
41943,754.232,277.8627259,192.819817,1.441048593,0.720033673,42276,231.0919432,0.774885457,0.99212319,0.926529914,0.831676658,0.00662477,0.001955098,0.691686063,0.996753228,6
41867,763.931,281.9307647,189.5290707,1.487533093,0.740320623,42267,230.882481,0.802464876,0.990536352,0.901516,0.818933263,0.006733961,0.001868291,0.670651689,0.997616581,6
47445,827.126,310.5265317,195.2888452,1.590088422,0.777489561,47955,245.7821194,0.697310406,0.98936503,0.871479087,0.79150119,0.006544979,0.001584508,0.626474134,0.996149266,6
41019,772.852,301.2666435,174.6029943,1.725438012,0.814927451,41505,228.5323016,0.677831942,0.988290567,0.862983043,0.75857154,0.007344563,0.00150014,0.575430781,0.992870143,6
48929,836.372,313.6497671,198.9756383,1.576322457,0.773014816,49417,249.5963495,0.705008501,0.990124856,0.878976438,0.79578044,0.006410304,0.001585738,0.633266508,0.998232218,6
38629,757.856,298.8212256,165.8993752,1.801219716,0.831730656,39215,221.7745936,0.684377436,0.985056738,0.845181424,0.742164795,0.007735671,0.001447702,0.550808583,0.992127279,6
50134,849.747,328.8438125,194.8011777,1.688099715,0.805657176,50647,252.6511257,0.695609946,0.989871068,0.872494988,0.768301291,0.006559297,0.001409819,0.590286874,0.996463104,6
42678,779.318,288.7268216,188.7602614,1.529595369,0.756695338,43156,233.107952,0.688521416,0.988923904,0.883048401,0.807365075,0.006765238,0.001773139,0.651838365,0.997048944,6
44202,799.28,305.6843171,185.0507295,1.651894688,0.795947643,44755,237.2335018,0.715937804,0.987643839,0.86946858,0.776073513,0.006915622,0.001547471,0.602290097,0.994919813,6
50467,860.826,334.6706657,193.70085,1.727770764,0.815483385,51041,253.4888165,0.71669791,0.988754139,0.855828217,0.757427652,0.006631475,0.001346339,0.573696648,0.991216296,6
54203,883.783,342.8480526,202.1813972,1.695744799,0.807614074,54803,262.7040217,0.786097575,0.989051694,0.872051034,0.766240379,0.00632526,0.001344988,0.587124318,0.995613009,6
42062,756.391,275.742659,194.4406527,1.418132757,0.709055577,42474,231.4195362,0.763736064,0.990299948,0.923861944,0.839259101,0.006555624,0.002006218,0.704355839,0.998870088,6
47423,818.69,298.3263088,203.3102351,1.467345255,0.731815442,48054,245.7251288,0.739055901,0.986868939,0.889119053,0.823679044,0.006290752,0.001786135,0.678447168,0.995516232,6
46569,824.156,315.7776635,189.2145959,1.668886388,0.800597906,47326,243.502551,0.734944132,0.984004564,0.86156476,0.771120251,0.006780856,0.001478947,0.594626441,0.992363973,6
36814,719.256,265.8447609,176.8942783,1.502845448,0.746483062,37293,216.5018259,0.798360514,0.987155766,0.894243692,0.814391922,0.007221295,0.001959425,0.663234203,0.996738503,6
45147,819.219,318.0026771,181.4369533,1.752689688,0.821261719,45652,239.7560129,0.692608616,0.988938053,0.845354227,0.753943379,0.007043717,0.001403901,0.568430619,0.996282484,6
44539,789.43,285.6342278,200.2151604,1.426636361,0.713210938,45123,238.1361293,0.733369558,0.987057598,0.898096643,0.83371006,0.006413126,0.001911216,0.695072465,0.991615652,6
40225,758.276,269.2926818,190.5246578,1.413426928,0.706713026,40719,226.3096566,0.720335948,0.987868071,0.879126347,0.840385469,0.00669466,0.002059787,0.706247736,0.998229568,6
35291,723.178,276.2396963,163.1613077,1.693046593,0.806926986,35849,211.9761703,0.71922638,0.984434712,0.847975719,0.767363175,0.007827483,0.001674194,0.588846242,0.996944124,6
48495,846.321,323.4666807,193.2019193,1.67424155,0.802028787,49376,248.4869246,0.695807507,0.982157323,0.850817851,0.768199445,0.006670104,0.001432875,0.590130388,0.988020815,6
50789,843.161,316.0550121,205.5335759,1.53772935,0.759669374,51382,254.2962116,0.733362212,0.988458993,0.897756391,0.804594776,0.006222903,0.001608724,0.647372753,0.995484083,6
44974,791.935,297.0611998,193.4300709,1.535755007,0.758952901,45499,239.2962083,0.77916183,0.988461285,0.901140078,0.805545148,0.006605176,0.00171563,0.648902986,0.996556009,6
39009,729.669,259.6263611,191.582575,1.355166884,0.674892023,39404,222.8627412,0.788554448,0.989975637,0.920710063,0.858397969,0.00665555,0.002229043,0.736847074,0.998550753,6
51557,855.45,325.9143178,202.7329847,1.607603806,0.782982436,52258,256.2116531,0.773304735,0.986585786,0.885336239,0.786131934,0.006321437,0.001489283,0.618003418,0.993504647,6
50713,866.1,343.0013052,189.6905852,1.808214703,0.833160231,51159,254.1058776,0.774587222,0.991282081,0.849558109,0.740830643,0.006763577,0.001256701,0.548830042,0.992402552,6
43471,771.879,284.2202125,195.2462163,1.455701513,0.726700888,43891,235.2636739,0.823314394,0.99043084,0.916876927,0.827751383,0.006538157,0.001893367,0.685172352,0.997406429,6
44022,793.537,303.427691,185.5220171,1.63553467,0.791305594,44480,236.7499762,0.819349315,0.989703237,0.87850709,0.780251715,0.006892638,0.001575811,0.608792738,0.99570163,6
43580,781.353,292.3252512,190.5401044,1.534192774,0.758383535,44176,235.5584415,0.702450032,0.986508511,0.897020818,0.805809421,0.006707785,0.001744569,0.649328823,0.996195589,6
46640,834.946,323.3127995,184.8112087,1.749422028,0.820520319,47269,243.6881047,0.726117823,0.986693182,0.840720484,0.753722417,0.006932093,0.001380034,0.568097482,0.993842249,6
47974,807.211,288.8991216,212.4174442,1.360053656,0.677779624,48520,247.148526,0.760731332,0.988746908,0.925212841,0.855483826,0.006021994,0.001989607,0.731852577,0.995358774,6
51561,858.03,333.29467,198.3860735,1.68003058,0.803557408,52271,256.2215919,0.816989114,0.986416942,0.880088306,0.768753943,0.006464085,0.001392632,0.590982626,0.992868883,6
42891,771.513,289.3309151,189.7893204,1.5244847,0.754796214,43430,233.6889328,0.696056475,0.987589224,0.905502261,0.807687394,0.006745726,0.001770849,0.652358926,0.994511202,6
47264,820.003,302.6105823,199.8204105,1.514412774,0.750982636,47983,245.3128489,0.74186156,0.985015526,0.883302491,0.810655223,0.00640256,0.001705604,0.65716189,0.995214361,6
46739,810.188,302.6586743,197.7817204,1.530266163,0.756942841,47273,243.9465988,0.749863629,0.988703911,0.894782883,0.806012249,0.006475506,0.001685854,0.649655746,0.994146205,6
38709,747.193,278.3041772,177.9968145,1.563534594,0.768727447,39155,222.0041205,0.72065011,0.988609373,0.871276954,0.797703156,0.00718965,0.001795779,0.636330325,0.994924477,6
39631,740.396,268.2960268,188.6837678,1.421934859,0.710925728,40053,224.6324919,0.761183136,0.98946396,0.908482921,0.837256125,0.006769853,0.002052071,0.70099782,0.996773236,6
48836,844.94,314.3703168,198.4752855,1.583926764,0.77550427,49455,249.3590311,0.706692714,0.987483571,0.859603566,0.793201577,0.006437266,0.001571866,0.629168742,0.99655721,6
38348,739.888,281.1918534,174.7548996,1.609064204,0.783430631,38760,220.9664908,0.814943897,0.989370485,0.880279555,0.785821097,0.007332634,0.001724783,0.617514797,0.993620955,6
45163,798.896,299.1589708,193.0184595,1.549898241,0.764010636,45735,239.7984937,0.777305428,0.987493167,0.889226002,0.801575473,0.006623984,0.001686851,0.64252324,0.995845639,6
49309,831.6,310.4086535,202.9295689,1.529637377,0.756710849,49899,250.5637019,0.731609247,0.988176116,0.895998119,0.807205917,0.006295172,0.001648636,0.651581393,0.996683253,6
48212,826.362,309.6394622,199.2858107,1.553745653,0.765357,48777,247.760822,0.677001713,0.988416672,0.887205725,0.800159063,0.006422456,0.001624001,0.640254527,0.994792688,6
45395,804.02,298.7957659,193.693778,1.542619329,0.76142921,45898,240.4136209,0.707021151,0.989040917,0.882437957,0.804608527,0.006582129,0.001701707,0.647394881,0.998683857,6
49658,841.965,311.5370989,203.7515958,1.529004461,0.756476972,50240,251.4488602,0.696582875,0.988415605,0.880260089,0.807123328,0.006273654,0.001642328,0.651448067,0.996067001,6
41196,756.365,274.9410719,191.2819573,1.437360197,0.71831324,41620,229.0248377,0.779562873,0.98981259,0.904903078,0.832996089,0.006673975,0.001982148,0.693882485,0.997359066,6
47291,827.422,325.0290757,186.2673085,1.744960392,0.819500191,47888,245.3829075,0.770864576,0.987533411,0.868028998,0.75495679,0.006872958,0.001377247,0.569959754,0.994557196,6
50246,843.69,322.3092782,198.9166128,1.620323581,0.786837148,50717,252.9331812,0.77564063,0.990713173,0.887044801,0.784753025,0.006414626,0.001500663,0.615837311,0.997855717,6
47228,818.195,308.2874707,195.9859246,1.573008221,0.771915961,47746,245.2194063,0.709779227,0.989150924,0.886534776,0.795424497,0.006527642,0.001611877,0.63270013,0.995242507,6
46957,809.342,305.0926079,196.6425461,1.551508633,0.764575684,47315,244.5148447,0.822234674,0.992433689,0.900836657,0.801444671,0.006497276,0.001653504,0.64231356,0.996555034,6
52303,851.191,319.5957116,208.929805,1.529679844,0.756726529,52806,258.0586133,0.817745466,0.990474567,0.90715692,0.807453304,0.006110466,0.001602226,0.651980838,0.997321947,6
46829,820.888,317.9655926,188.9931187,1.682418889,0.804182621,47497,244.181356,0.771457283,0.985935954,0.873286876,0.767948991,0.006789929,0.001456715,0.589745653,0.992199226,6
44358,785.631,288.3032752,196.9707137,1.463685996,0.730225088,44898,237.6517615,0.791937442,0.987972738,0.903118205,0.824311695,0.006499465,0.001851072,0.679489771,0.994559661,6
42438,782.142,297.9735621,182.2210678,1.635231127,0.791217885,43022,232.4515859,0.790735807,0.98642555,0.871753214,0.780108088,0.007021386,0.001604064,0.60856863,0.995150366,6
36876,716.9,246.9691627,191.5704905,1.289181659,0.631119186,37505,216.6840591,0.763826173,0.983228903,0.901646933,0.877372935,0.006697287,0.002448024,0.769783267,0.992390468,6
48550,820.627,311.2734957,199.5234265,1.560084954,0.767548617,49142,248.6277939,0.758001561,0.987953278,0.905956811,0.798743861,0.006411401,0.001609766,0.637991756,0.995321339,6
38749,729.743,268.5252537,184.3366137,1.456711438,0.727150803,39196,222.1187951,0.818871513,0.988595775,0.914387936,0.827180282,0.006929863,0.002001267,0.684227219,0.996721616,6
38923,740.031,265.9525235,186.7242825,1.424306041,0.712082009,39422,222.6169419,0.788425701,0.987342093,0.893133429,0.837055197,0.006832786,0.002069159,0.700661402,0.997956268,6
53335,881.24,342.2415341,199.8183913,1.712762934,0.81186014,54233,260.592078,0.695934132,0.983441816,0.863045634,0.76142739,0.006416828,0.001330498,0.57977167,0.993011426,6
46114,804.554,299.600559,196.4877346,1.524779954,0.754906581,46622,242.3100666,0.790882741,0.989103857,0.895225125,0.808777084,0.006496954,0.001714766,0.654120372,0.997389631,6
48238,845.75,326.2513188,189.292724,1.723528047,0.814470308,48905,247.8276198,0.711495914,0.986361313,0.847452069,0.759621818,0.006763367,0.001389097,0.577025306,0.994519299,6
56642,921.327,352.3944833,207.0553753,1.701933518,0.809175507,57583,268.5495006,0.642250519,0.983658371,0.838534328,0.762070672,0.006221434,0.001294349,0.580751709,0.988400799,6
44054,791.976,295.810213,189.9812875,1.557049207,0.766503223,44619,236.8360085,0.743640384,0.987337233,0.882614727,0.800634995,0.006714719,0.001701946,0.641016395,0.99809407,6
45550,797.549,296.9324933,196.3919571,1.511938156,0.750030966,46093,240.8237141,0.775662421,0.988219469,0.899877712,0.811038601,0.006518825,0.001739864,0.657783613,0.994528142,6
47894,815.472,307.7692624,199.1248209,1.545609739,0.762495216,48413,246.9423713,0.800956586,0.989279739,0.905050612,0.802362034,0.00642605,0.001642878,0.643784833,0.995040108,6
48677,836.033,317.276689,197.6734232,1.605054862,0.782196616,49358,248.9527693,0.718373672,0.986202845,0.875158727,0.784655091,0.006518,0.001524085,0.615683612,0.988205974,6
46839,807.204,295.4637857,202.4909279,1.459145794,0.728230319,47366,244.2074263,0.710704802,0.988873876,0.903339223,0.826522363,0.006308072,0.001815912,0.683139216,0.996799714,6
44252,804.829,304.6403624,186.0165133,1.637706013,0.791931298,44862,237.3676396,0.731510563,0.986402746,0.85849058,0.77917331,0.006884217,0.001565203,0.607111047,0.994269413,6
37310,736.832,271.2325674,179.3587324,1.512235082,0.750145466,38097,217.9554253,0.725522606,0.979342205,0.863571211,0.803573949,0.007269702,0.00186982,0.645731092,0.97649721,6
49422,859.314,325.5628232,194.4635313,1.674158754,0.802006788,50202,250.8506424,0.665741689,0.98446277,0.84105889,0.770513783,0.006587407,0.00143224,0.593691489,0.993933804,6
47811,820.103,305.8660985,199.5730828,1.532601964,0.757801523,48317,246.7283038,0.814566829,0.989527495,0.893307315,0.806654627,0.0063974,0.001670836,0.650691688,0.997251359,6
49671,855.787,327.9113639,193.6300823,1.693493904,0.80704116,50380,251.4817716,0.794329303,0.985926955,0.852278235,0.766919964,0.006601666,0.001408749,0.588166232,0.996055928,6
34783,724.442,252.1944891,175.8885352,1.433831312,0.716650856,35370,210.4449835,0.769518373,0.983404015,0.832855502,0.834455123,0.00725051,0.002168504,0.696315353,0.998398756,6
43022,788.25,292.1564816,188.717299,1.548117121,0.763383139,43500,234.0455334,0.70308874,0.989011494,0.870106677,0.801096495,0.006790862,0.001725218,0.641755594,0.993512823,6
40735,744.372,269.946649,192.4672883,1.402558592,0.701181633,41160,227.739792,0.79034167,0.989674441,0.923841628,0.843647413,0.006626897,0.00207078,0.711740957,0.998258395,6
51739,849.569,316.8708189,209.1628955,1.514947563,0.75118753,52428,256.6634777,0.775604125,0.986858167,0.900804569,0.80999405,0.006124409,0.00162619,0.65609036,0.993942492,6
44216,783.854,287.6206261,196.4868532,1.463816136,0.730281912,44679,237.271068,0.791550304,0.98963719,0.904313383,0.82494455,0.006504899,0.001858315,0.680533511,0.996175934,6
41130,767.813,268.9152404,197.6332955,1.360677814,0.678145321,42068,228.8413041,0.705367861,0.977702767,0.876713414,0.850979304,0.006538177,0.00211501,0.724165776,0.985356305,6
44152,801.564,310.120723,182.0644351,1.703356962,0.809531818,44731,237.099288,0.702430953,0.987055957,0.86354274,0.764538679,0.007023934,0.001480328,0.584519392,0.995645176,6
42980,770.916,284.5934234,192.7101153,1.47679546,0.735852515,43434,233.9312626,0.714998669,0.989547359,0.908787106,0.821984077,0.006621531,0.001864626,0.675657824,0.997808407,6
44875,787.846,301.5002544,189.9134265,1.587566819,0.776680505,45314,239.0326851,0.729912167,0.990312045,0.908514069,0.79281089,0.006718669,0.00163735,0.628549108,0.997863708,6
55314,896.53,343.5686694,205.9817402,1.667956922,0.800347889,56015,265.38269,0.703337784,0.987485495,0.864799194,0.772429833,0.006211243,0.001363937,0.596647847,0.995182907,6
45880,820.718,300.3378642,196.4296153,1.528984638,0.756469642,46723,241.6944979,0.687176108,0.981957494,0.855944009,0.804742014,0.006546161,0.001693531,0.64760971,0.990185298,6
45057,800.592,305.9610158,188.086067,1.6267075,0.788730861,45486,239.5169183,0.682681818,0.990568527,0.883384234,0.78283476,0.006790532,0.001573128,0.612830261,0.996895582,6
45313,802.357,298.0036989,194.0043539,1.536067067,0.759066374,45769,240.1963853,0.733362465,0.990036925,0.884499086,0.806018134,0.006576561,0.001712213,0.649665232,0.997929368,6
48836,832.466,311.8477094,200.3161078,1.556777998,0.766409462,49425,249.3590311,0.801983775,0.988082954,0.885557854,0.799617966,0.006385611,0.001610321,0.639388892,0.995386559,6
48192,837.335,315.07645,195.9413113,1.608014399,0.783108596,48921,247.7094268,0.683303085,0.985098424,0.863746548,0.786188326,0.006537941,0.001540732,0.618092084,0.993900971,6
34189,687.252,249.0621247,174.9936597,1.423263706,0.711574669,34559,208.6403288,0.730066197,0.989293672,0.909628874,0.837703963,0.007284861,0.002212908,0.701747929,0.998772358,6
45599,802.728,296.1481332,199.4456793,1.484856099,0.739218259,46617,240.9532112,0.778392312,0.978162473,0.889259183,0.813623941,0.006494619,0.001755611,0.661983917,0.982950857,6
46338,798.429,301.6286942,197.0381277,1.530813847,0.75714462,46746,242.8978675,0.782842276,0.99127198,0.91342847,0.805287667,0.006509316,0.001688571,0.648488227,0.992714757,6
38496,727.03,268.6302011,182.6817648,1.470481749,0.733166439,38871,221.3924784,0.801198801,0.990352705,0.915210104,0.824153344,0.006978133,0.001985871,0.679228734,0.998793457,6
51191,849.927,319.1020181,205.4676187,1.553052593,0.765115384,51839,255.300618,0.783911672,0.987499759,0.890512922,0.800059553,0.006233557,0.001575451,0.640095288,0.994101647,6
48329,840.97,313.5422659,197.2644009,1.589451845,0.777285758,49122,248.0612706,0.71465117,0.98385652,0.858730061,0.791157358,0.006487663,0.001567904,0.625929965,0.994885537,6
47934,828.947,312.3790646,196.5937019,1.58895764,0.777127331,48331,247.0454702,0.695017979,0.99178581,0.876597055,0.790851559,0.006516858,0.001572526,0.625446188,0.993807499,6
39610,747.285,286.7688179,176.4712709,1.625017015,0.788232013,40040,224.5729689,0.743640289,0.989260739,0.891337496,0.783115021,0.007239809,0.001679612,0.613269136,0.996572781,6
48363,815.384,297.6873389,207.6800474,1.433394024,0.716443733,48995,248.1485122,0.724083723,0.987100725,0.914110561,0.833587727,0.00615527,0.001833294,0.694868499,0.996020353,6
52745,859.859,326.9764932,206.0875532,1.586590205,0.776365895,53187,259.1467148,0.775205761,0.991689699,0.896471894,0.792554572,0.006199194,0.0015088,0.62814275,0.996605135,6
36398,708.613,258.4921149,179.5853194,1.439383329,0.719259066,36836,215.2751099,0.777535675,0.988109458,0.910896752,0.832811129,0.007101822,0.002107345,0.693574376,0.998319394,6
47099,833.628,327.7793514,185.2744074,1.769156118,0.824925657,47960,244.8842774,0.693754603,0.98204754,0.85168101,0.747100988,0.00695937,0.001337417,0.558159887,0.987471979,6
39600,736.956,276.151578,183.0653099,1.508486661,0.748693747,39961,224.5446191,0.757749713,0.990966192,0.91626676,0.813120898,0.006973525,0.00188041,0.661165595,0.99735948,6
53379,875.74,328.260127,207.5667388,1.581467864,0.77470409,53953,260.6995467,0.695945241,0.989361111,0.874641186,0.794185846,0.006149612,0.001509093,0.630731158,0.997481057,6
49201,832.864,315.9453399,199.4038569,1.584449493,0.775673792,49720,250.2891505,0.794987801,0.989561545,0.891324026,0.792191303,0.006421523,0.001560048,0.627567061,0.994348311,6
41449,784.715,303.1167782,174.3190352,1.738862184,0.81809106,41924,229.7270247,0.71433003,0.988669974,0.845862969,0.757882906,0.007313006,0.001488278,0.574386499,0.998778962,6
43156,780.507,289.2802886,190.9457232,1.514987001,0.751202629,43845,234.4097391,0.7552942,0.984285551,0.890220198,0.810320469,0.00670313,0.001782726,0.656619263,0.994769647,6
41943,760.064,276.5469405,193.2997925,1.430663411,0.715144708,42362,231.0919432,0.773713337,0.99010906,0.912365866,0.8356337,0.006593399,0.001983138,0.698283681,0.999008913,6
36646,697.989,255.1575678,183.2213236,1.392619389,0.695969557,37017,216.00726,0.755120544,0.989977578,0.945233891,0.846564191,0.006962767,0.002205978,0.71667093,0.998049833,6
48478,837.905,332.5086584,186.5632334,1.78228396,0.827763057,49088,248.4433671,0.692325269,0.987573338,0.867690803,0.74717864,0.00685896,0.001318669,0.55827592,0.995006217,6
39479,732.103,258.9186658,195.1284297,1.326914105,0.657300852,39880,224.2013024,0.740138733,0.989944835,0.925617665,0.865914019,0.00655839,0.002274448,0.749807088,0.994929601,6
49332,849.87,322.0088313,196.5557926,1.638256634,0.792089494,50173,250.6221323,0.697962649,0.983237997,0.858289083,0.778308257,0.006527382,0.001477493,0.605763744,0.992396472,6
46850,805.168,304.7662612,196.2529606,1.552925674,0.765071093,47274,244.2361003,0.756621447,0.991031011,0.908126704,0.801388249,0.00650515,0.001655042,0.642223125,0.997324779,6
48610,819.362,307.9601725,201.640009,1.527277122,0.755836831,49068,248.7813785,0.760077556,0.990666015,0.909879432,0.80783621,0.006335325,0.00166434,0.652599342,0.996700044,6
36804,717.304,268.126433,176.0088339,1.52336918,0.754378504,37279,216.472419,0.793600138,0.987258242,0.898873094,0.807352027,0.007285252,0.001909309,0.651817295,0.992958378,6
40209,747.442,276.4890351,186.0529408,1.486077209,0.739722045,40680,226.2646434,0.794769924,0.988421829,0.904436625,0.818349427,0.006876297,0.001902346,0.669695784,0.995219642,6
39480,750.41,285.2504009,177.4917944,1.607118807,0.782833264,40031,224.2041419,0.805714286,0.986235667,0.881028145,0.785990628,0.007225187,0.001700977,0.617781268,0.992847894,6
41130,751.167,278.9962563,187.7938233,1.485651932,0.739546771,41511,228.8413041,0.719005664,0.99082171,0.916000209,0.820230734,0.006783279,0.001893929,0.672778457,0.999514615,6
48240,818.361,305.8212866,201.7208192,1.516062089,0.751613665,48935,247.8327574,0.720021493,0.985797486,0.905164086,0.810384261,0.006339579,0.001686569,0.656722651,0.995632314,6
37318,724.77,267.1270422,178.4003095,1.497346294,0.744297525,37722,217.978791,0.820175824,0.989290069,0.892745783,0.816011697,0.007158129,0.001957784,0.665875089,0.997045597,6
45684,799.811,293.4970999,199.0398848,1.474564258,0.734908344,46175,241.1776842,0.72120485,0.98936654,0.897427227,0.821737878,0.006424505,0.001806977,0.675253141,0.995704146,6
45342,801.253,297.3335972,194.8520314,1.525945586,0.755341516,45876,240.273235,0.803252551,0.988359927,0.887505799,0.808093123,0.006557576,0.001724919,0.653014495,0.996464585,6
43398,782.63,294.2643333,188.495993,1.561117181,0.767902364,43892,235.066054,0.827574371,0.988745102,0.89036196,0.798826183,0.006780597,0.001703165,0.63812327,0.996185201,6
43409,796.222,289.7391227,192.8290097,1.502570195,0.746374389,44138,235.095843,0.726632072,0.98348362,0.860441401,0.811405242,0.006674633,0.001784672,0.658378467,0.989259861,6
44615,788.391,297.8581841,191.1882013,1.557931829,0.766807941,45072,238.3392168,0.704428831,0.989860667,0.902001886,0.800176828,0.006676189,0.00168831,0.640282956,0.997517196,6
45654,779.187,268.0358794,217.2553626,1.23373654,0.585675224,46140,241.0984823,0.74842623,0.98946684,0.944942326,0.899500779,0.005871027,0.002370828,0.809101652,0.998218272,5
39277,720.153,256.9960951,194.8667003,1.318830229,0.651966573,39599,223.6269876,0.772773777,0.991868482,0.951696834,0.870157142,0.00654317,0.002313975,0.757173452,0.998583237,5
33429,658.605,229.4460905,185.6980934,1.235586679,0.587351259,33713,206.3083245,0.791743641,0.99157595,0.968463377,0.899158159,0.006863684,0.00276746,0.808485396,0.998953785,5
35996,686.723,235.3434819,194.8065986,1.208087835,0.561090618,36312,214.0829994,0.779134199,0.991297643,0.95918178,0.909661902,0.006538045,0.002761517,0.827484777,0.999674292,5
39728,727.917,249.8275953,202.9217998,1.231152078,0.583313174,40129,224.9072267,0.767557333,0.990007227,0.94219944,0.900249736,0.006288451,0.00254786,0.810449587,0.997786693,5
39383,717.481,247.2889133,203.0436418,1.217910155,0.570815106,39745,223.9285444,0.774645948,0.990891936,0.961386125,0.905534103,0.006279078,0.002604323,0.819992012,0.998676599,5
41301,742.837,257.2850816,205.1865217,1.253908295,0.60331037,41673,229.3165202,0.780117865,0.991073357,0.940553224,0.891293497,0.006229512,0.002425028,0.794404098,0.996109889,5
44554,771.972,257.6997529,220.5798625,1.168283224,0.517047302,45003,238.1762261,0.774852174,0.990022887,0.939492825,0.924239249,0.005783987,0.002603423,0.854218189,0.99796878,5
40622,727.43,250.4514143,206.7284747,1.211499357,0.564514039,40942,227.4236944,0.765009416,0.992184065,0.964692162,0.908055141,0.006165413,0.002585776,0.82456414,0.998958925,5
32251,644.051,220.9809628,186.0277835,1.187892253,0.539747143,32514,202.6406883,0.764060649,0.991911177,0.977040422,0.917005183,0.00685191,0.002988674,0.840898506,0.998896821,5
37735,722.21,251.7711979,191.2624919,1.316364727,0.650311244,38145,219.1932805,0.791256029,0.98925154,0.909132584,0.870605067,0.006672087,0.002364429,0.757953182,0.997742833,5
48067,791.313,271.5494225,225.7855432,1.202687376,0.555567752,48402,247.3879649,0.733993006,0.993078798,0.964628925,0.91102372,0.005649394,0.002400493,0.829964218,0.998187487,5
36393,681.994,233.8313405,198.3315724,1.178992016,0.52970465,36655,215.2603232,0.782864027,0.992852271,0.983256019,0.920579435,0.006425174,0.00284649,0.847466495,0.999156232,5
46411,783.759,286.8878275,206.3306558,1.390427546,0.694799752,46760,243.0891205,0.791591335,0.992536356,0.949436029,0.847331595,0.006181462,0.001965552,0.717970832,0.998286423,5
40021,719.269,252.3099645,202.1951506,1.247853688,0.598160934,40316,225.7350656,0.782332473,0.992682806,0.972109337,0.894673605,0.006304439,0.002491637,0.80044086,0.99883308,5
43504,759.998,246.0012834,225.3381677,1.091698251,0.401169057,43929,235.3529544,0.773404444,0.990325298,0.946485915,0.956714335,0.005654682,0.002922248,0.91530232,0.999233941,5
36439,689.312,237.3111158,195.7067932,1.212584969,0.565593065,36736,215.3963226,0.799276157,0.991915287,0.963706162,0.907653743,0.006512558,0.002726542,0.823835318,0.998970323,5
35376,681.424,236.606393,190.5127968,1.241944882,0.593018666,35693,212.231294,0.770702163,0.991118707,0.95737865,0.896980387,0.006688331,0.002670726,0.804573815,0.999236332,5
37557,697.113,244.9331917,195.328494,1.253955256,0.603349848,37810,218.6756904,0.765095339,0.993308649,0.971168069,0.892797293,0.006521639,0.002555924,0.797087006,0.999511441,5
39454,717.993,255.6058624,196.9123275,1.298069378,0.637591243,39779,224.1303036,0.796567737,0.99182986,0.961746211,0.87685901,0.006478579,0.002362537,0.768881724,0.998061821,5
31573,674.103,217.3070261,185.4482507,1.171793345,0.52126839,32197,200.499357,0.756964757,0.980619312,0.873118507,0.922654737,0.006882685,0.003076767,0.851291764,0.997538024,5
32465,653.85,225.2024494,183.6920946,1.225977906,0.578509868,32767,203.3118831,0.765034405,0.99078341,0.954265043,0.902796056,0.006936777,0.002842471,0.815040719,0.999221913,5
38940,715.812,241.5768501,205.474267,1.175703671,0.525886976,39325,222.6655516,0.769185185,0.99020979,0.955009874,0.921717257,0.006203823,0.00276204,0.849562702,0.998833987,5
39930,721.559,251.5436147,202.2441844,1.243761918,0.594612535,40234,225.4782806,0.769319693,0.992444201,0.963752412,0.89637847,0.006299615,0.002508762,0.803494362,0.999355689,5
49377,800.422,279.1055223,225.5725729,1.237320294,0.588910617,49719,250.7364134,0.794148868,0.993121342,0.968493098,0.898357049,0.005652541,0.002271012,0.807045388,0.998573636,5
33194,664.658,232.3085443,182.0856017,1.275820505,0.621001572,33520,205.5818899,0.773698809,0.990274463,0.944219534,0.88495191,0.00699851,0.002647671,0.783139883,0.99914592,5
36888,697.864,249.4449261,188.6030203,1.322592426,0.654466701,37205,216.7193123,0.77758806,0.99147964,0.951816836,0.868806256,0.006762224,0.002376627,0.75482431,0.998324916,5
37693,709.359,252.2616301,190.4736717,1.324391072,0.655651111,38032,219.0712627,0.775002056,0.991086454,0.941322419,0.868428792,0.006692533,0.002348049,0.754168567,0.998814116,5
40962,727.564,255.622513,204.2785081,1.251343156,0.601143226,41237,228.3734622,0.782912844,0.993331232,0.972408202,0.893401209,0.006240479,0.002452358,0.79816572,0.998779212,5
46009,798.716,287.505734,203.9274163,1.409843459,0.704908141,46553,242.0340435,0.78642486,0.988314394,0.906291463,0.841840753,0.006248902,0.001935991,0.708695853,0.999150212,5
39343,716.234,250.6220206,200.3343357,1.251018802,0.600867689,39669,223.8147971,0.74407565,0.991781996,0.963756833,0.893037238,0.006370181,0.002499251,0.797515509,0.997706897,5
41466,733.677,259.6745351,203.5889547,1.275484397,0.620740789,41747,229.7741303,0.754805592,0.993268977,0.968037537,0.884854305,0.006262348,0.002368122,0.782967141,0.998662372,5
39573,719.251,245.3796561,205.8101582,1.192262123,0.544529434,39935,224.4680568,0.779732818,0.99093527,0.961275537,0.914778594,0.006200684,0.002678449,0.836819876,0.997708641,5
43220,747.775,252.0251914,218.8593068,1.15153975,0.495859954,43537,234.5834886,0.77958153,0.992718837,0.971298557,0.930793812,0.005831217,0.002699932,0.86637712,0.997667692,5
44722,776.694,264.2160633,216.073136,1.222808481,0.575517375,45158,238.6248498,0.763851882,0.990345011,0.931603649,0.903142855,0.005907966,0.002424619,0.815667017,0.997404546,5
40146,732.715,254.082944,201.5371523,1.260725088,0.60896859,40549,226.0873167,0.767257855,0.990061407,0.939684319,0.889816975,0.006328973,0.002447461,0.791774249,0.99820966,5
38834,713.685,248.8086305,198.8165004,1.251448597,0.601232724,39151,222.3622821,0.772600668,0.991903144,0.958095615,0.893708074,0.006406979,0.002521249,0.798714122,0.999549667,5
37031,700.842,245.1397042,192.4627248,1.273699645,0.619350705,37423,217.138973,0.764503076,0.989525158,0.947403672,0.885776434,0.006619851,0.002513764,0.78459989,0.999344602,5
49878,822.009,292.0031631,218.0170791,1.339359119,0.665244314,50429,252.005242,0.779977482,0.989073747,0.9276107,0.863022302,0.005854348,0.002003302,0.744807494,0.997564709,5
37190,738.964,243.8296133,194.384226,1.25436934,0.603697651,37707,217.6046384,0.785659963,0.986289018,0.855833889,0.892445489,0.006556322,0.002565469,0.79645895,0.999053688,5
31203,639.782,215.067737,184.8748759,1.163315112,0.510946829,31558,199.3210815,0.762984155,0.988750871,0.957948542,0.926782809,0.006892534,0.003136682,0.858926376,0.999202033,5
43061,773.258,290.4197929,189.0982874,1.535813978,0.758974351,43491,234.151592,0.704163396,0.990112897,0.904992816,0.806252183,0.006744381,0.001757946,0.650042583,0.998344484,5
48620,898.957,288.2629577,215.4478056,1.337971195,0.664374045,49827,248.8069667,0.723964383,0.975776186,0.756043844,0.863125004,0.005928897,0.002029778,0.744984773,0.996768167,5
40873,730.159,241.997203,215.1844935,1.124603354,0.457514036,41202,228.1252286,0.766330433,0.992014951,0.963410763,0.942677129,0.005920711,0.002884068,0.88864017,0.999367715,5
42175,742.742,252.7310852,213.0457404,1.186276171,0.537954265,42638,231.7301832,0.745879315,0.989141142,0.960702652,0.916904159,0.005992438,0.002612637,0.840713237,0.99731808,5
38008,715.481,255.362506,189.7001966,1.346137277,0.669439826,38388,219.9847463,0.760464186,0.990101073,0.933015096,0.861460634,0.006718651,0.002282462,0.742114424,0.99898789,5
34410,684.481,232.4579361,188.9396293,1.230329164,0.582555932,34802,209.3135751,0.80069808,0.98873628,0.92293633,0.900436348,0.006755534,0.002739375,0.810785617,0.997533191,5
36136,711.044,234.6393277,196.2778303,1.195444882,0.547953699,36663,214.4989142,0.775583791,0.985625835,0.898166783,0.914164374,0.006493229,0.002797291,0.835696503,0.999029108,5
35473,687.235,241.0501435,187.6446637,1.284609638,0.627710839,35874,212.5220609,0.791348771,0.988821988,0.943837534,0.881650837,0.006795313,0.002532653,0.777308199,0.998537604,5
35955,683.377,242.604317,188.8736921,1.284479136,0.627612745,36232,213.9610428,0.743624744,0.992354824,0.967494358,0.881934194,0.006747443,0.002518046,0.777807923,0.999078049,5
34333,665.686,229.2148642,190.8718701,1.200883421,0.553693873,34592,209.0792512,0.779056047,0.99251272,0.973604944,0.912153982,0.006676226,0.002850909,0.832024887,0.999164893,5
43238,754.895,267.6586352,205.9311504,1.299748167,0.638791598,43630,234.6323325,0.775569507,0.991015356,0.953459749,0.87661036,0.006190357,0.002254872,0.768445723,0.998785919,5
35758,682.303,239.4353205,190.4997504,1.25687997,0.605794808,36049,213.3740838,0.745890697,0.991927654,0.965224912,0.891155421,0.006695993,0.002605005,0.794157984,0.998161263,5
43413,755.879,256.9822722,215.541613,1.192262917,0.544530294,43828,235.1066744,0.76888881,0.990531167,0.954827904,0.914875071,0.005919477,0.002558058,0.836996395,0.997919763,5
46090,779.136,276.9653075,212.8479067,1.30123576,0.639849493,46412,242.2470033,0.76612367,0.993062139,0.954091506,0.874647462,0.006009228,0.002169355,0.765008183,0.995456004,5
41433,749.935,261.1735592,202.5314316,1.289545811,0.63138831,42055,229.6826812,0.747834091,0.985209844,0.925782566,0.879425474,0.006303516,0.002325727,0.773389165,0.997320758,5
49105,813.679,289.7182954,216.0480583,1.340990045,0.666262054,49553,250.0448517,0.76312804,0.990959175,0.932028868,0.863062001,0.005899975,0.002019287,0.744876017,0.998871324,5
40367,732.896,262.7937627,195.9637197,1.341032734,0.666288623,40675,226.7087574,0.768895238,0.992427781,0.944390557,0.86268698,0.006510114,0.002224238,0.744228825,0.998035216,5
48782,811.014,274.6782807,226.3339856,1.213597154,0.566594658,49312,249.2211297,0.802414712,0.989252109,0.931993242,0.907320116,0.00563073,0.002353893,0.823229794,0.999069335,5
40834,737.916,264.2154584,196.9876855,1.341279064,0.666441861,41174,228.0163669,0.749357704,0.991742362,0.942362367,0.862994044,0.006470477,0.002213845,0.74475872,0.998929278,5
42455,739.126,251.4739389,215.2834437,1.168106263,0.516832572,42756,232.4981395,0.778547982,0.992960052,0.976566338,0.924541686,0.005923306,0.002669623,0.85477733,0.998470752,5
40119,734.219,264.7946821,193.1224646,1.37112315,0.684163049,40472,226.0112769,0.753408451,0.991277921,0.935209103,0.853534048,0.006600231,0.002160839,0.728520371,0.998891146,5
41265,732.882,255.7183241,205.6748568,1.24331349,0.594220229,41606,229.2165566,0.774958684,0.991804067,0.965436253,0.89636344,0.006196979,0.002467722,0.803467416,0.998961878,5
38581,709.625,234.0327802,210.328979,1.112698693,0.438531348,38948,221.6367634,0.779792222,0.99057718,0.962776607,0.947032989,0.006066011,0.00300984,0.896871483,0.997947727,5
31915,640.718,216.3203615,188.0653069,1.150240653,0.494138341,32184,201.5823407,0.777655945,0.99164181,0.976946683,0.93186947,0.006778015,0.003152845,0.868380709,0.998846794,5
35730,698.169,242.2163347,187.9909129,1.288447037,0.630575224,36142,213.2905271,0.786294316,0.98860052,0.921131761,0.880578625,0.006779075,0.002514333,0.775418715,0.999085947,5
38115,711.327,238.4789606,203.8050799,1.170132563,0.519280231,38531,220.2941789,0.787760417,0.989203498,0.946601527,0.923746809,0.006256827,0.002810255,0.853308167,0.998483673,5
36536,687.345,231.5417418,201.2117885,1.150736463,0.494796802,36879,215.6828227,0.784775324,0.990699314,0.971809873,0.9315073,0.006337359,0.00294329,0.867705849,0.99850076,5
39645,715.39,251.0146923,201.2619935,1.247203647,0.597600952,39941,224.6721651,0.772265077,0.992589069,0.973447549,0.895055835,0.00633156,0.002506634,0.801124948,0.999165957,5
41798,744.664,259.0496348,206.0168242,1.257419804,0.606243154,42168,230.6921466,0.778883423,0.991225574,0.947206453,0.890532607,0.006197656,0.002404399,0.793048324,0.997194668,5
35932,688.727,242.4962302,188.7911616,1.28446813,0.627604469,36273,213.8925976,0.742780362,0.990599068,0.951912517,0.882045042,0.006748754,0.002519802,0.778003456,0.999320645,5
39183,721.153,254.1591215,196.5899686,1.292838711,0.633806441,39567,223.3592288,0.753765654,0.990294943,0.946787944,0.878816497,0.006486464,0.002386605,0.772318435,0.998483169,5
43250,748.18,258.7000462,213.1307068,1.213809357,0.566804099,43565,234.6648894,0.796911851,0.992769425,0.970920759,0.907092569,0.005981504,0.002498024,0.822816928,0.998742887,5
35106,688.658,231.1126201,193.5514908,1.194062723,0.54647266,35503,211.419837,0.787430186,0.988817846,0.930216457,0.914791398,0.00658328,0.002843874,0.836843303,0.999243393,5
42743,771.732,268.9633822,202.8777724,1.325741007,0.656535483,43327,233.2854,0.742104624,0.986521107,0.901865653,0.867350039,0.006292571,0.002196775,0.75229609,0.997349776,5
39757,719.823,247.9948932,204.4680936,1.212878199,0.565883667,40101,224.9892988,0.775746341,0.99142166,0.964210888,0.907233596,0.006237767,0.002606666,0.823072799,0.998287054,5
42453,742.904,258.356186,209.5106195,1.233141244,0.585133318,42776,232.4926631,0.782875689,0.992449037,0.9666135,0.899891993,0.006085699,0.002461794,0.809805599,0.998604683,5
38210,705.63,236.731011,205.9160211,1.149648336,0.493349441,38529,220.5685449,0.782158356,0.991720522,0.964345878,0.931726452,0.006195525,0.002880127,0.868114181,0.998026024,5
43362,751.489,263.160769,210.2474285,1.251671761,0.601422027,43682,234.9685365,0.765139752,0.992674328,0.964881353,0.892870687,0.006068926,0.002379282,0.797218063,0.997855337,5
38609,710.915,248.6802633,197.9753156,1.256117524,0.605160025,38911,221.7171748,0.773820499,0.992238699,0.959981938,0.891575278,0.006440992,0.002510525,0.794906476,0.998495954,5
46699,783.519,275.6673112,216.0020244,1.276225591,0.621315456,47066,243.8421897,0.78567583,0.992202439,0.955913027,0.884552429,0.005903067,0.002229214,0.782433,0.998561017,5
40790,753.802,259.9481037,200.0359094,1.299507196,0.638619725,41366,227.8934862,0.793579767,0.986075521,0.902088193,0.876688396,0.006372839,0.002322169,0.768582544,0.998778547,5
35499,688.485,228.5197507,197.9982626,1.154150283,0.499284173,35887,212.5999309,0.771650291,0.989188285,0.941102697,0.930335038,0.006437357,0.002974712,0.865523282,0.998943941,5
39364,714.687,249.3821884,201.1797264,1.239599004,0.590944123,39692,223.8745216,0.78476874,0.99173637,0.968450265,0.897716565,0.006335286,0.002538066,0.805895032,0.998986678,5
36746,701.775,243.9710923,191.984946,1.27078241,0.617059141,37125,216.3017806,0.759230563,0.989791246,0.937614142,0.886587745,0.006639392,0.002530434,0.78603783,0.998883048,5
35481,679.09,237.9018822,190.0844881,1.251558634,0.601326085,35754,212.5460239,0.789010207,0.992364491,0.966832064,0.893418841,0.00670505,0.002635131,0.798197226,0.99899063,5
43634,772.146,257.3974491,216.4794615,1.189015564,0.540985555,44106,235.7043366,0.778816978,0.989298508,0.919678512,0.915721338,0.005899011,0.002558658,0.83854557,0.997043734,5
55107,850.202,297.8084705,235.9882769,1.261962986,0.609980703,55515,264.8856576,0.760096552,0.992650635,0.958015175,0.88944971,0.005404186,0.002086391,0.791120786,0.998365149,5
40485,733.929,255.6823119,202.1582879,1.264762946,0.612252891,40835,227.0398709,0.792177044,0.991428921,0.944486839,0.887976447,0.006315483,0.0024221,0.788502171,0.997268329,5
39385,748.882,258.7458213,194.2559154,1.331984258,0.660575497,39895,223.9342302,0.767110748,0.987216443,0.882498406,0.865460277,0.006569654,0.002273583,0.749021491,0.997684836,5
34750,675.599,223.1988366,198.5282098,1.124267613,0.456997571,35091,210.3451311,0.805069039,0.990282409,0.956724018,0.942411414,0.006422988,0.003125209,0.888139273,0.99850622,5
39504,725.338,243.6988427,206.7136807,1.178919759,0.529621399,39885,224.2722787,0.767813411,0.990447537,0.943561204,0.920284545,0.006168966,0.002729485,0.846923644,0.998455019,5
45169,766.629,265.7160514,217.2634507,1.223013123,0.575711767,45532,239.814422,0.809393255,0.992027585,0.965783658,0.902521397,0.005882708,0.002407615,0.814544873,0.996199069,5
36988,697.873,242.5012245,194.4981765,1.246804618,0.59725651,37312,217.0128666,0.762167731,0.991316467,0.954372508,0.8948939,0.006556213,0.002593696,0.800835093,0.998484891,5
49235,801.151,279.1017679,224.8524408,1.241266348,0.592420569,49611,250.3756158,0.791305047,0.992421036,0.963951199,0.897076424,0.005668768,0.002264572,0.80474611,0.998904265,5
34878,679.271,229.2969816,193.9498701,1.182248699,0.533427616,35217,210.7321732,0.784480432,0.990373967,0.949894318,0.919035967,0.006574258,0.002893054,0.844627109,0.998559301,5
37424,695.317,238.5826817,199.8395309,1.193871306,0.546266826,37686,218.2881507,0.781343299,0.993047816,0.97273462,0.914937116,0.006375125,0.00275571,0.837109926,0.99940152,5
43157,749.909,261.2728966,210.5395698,1.240968132,0.592157203,43478,234.4124549,0.771763233,0.992616956,0.96437064,0.897193922,0.00605401,0.002419737,0.804956935,0.998925903,5
35822,691.654,235.4053042,194.2379233,1.211943065,0.564955654,36203,213.5649479,0.749539672,0.98947601,0.940983282,0.907222327,0.006571529,0.002746004,0.823052351,0.997492589,5
38669,721.004,248.3315607,198.7615526,1.249394349,0.599482579,39053,221.8893868,0.740700303,0.990167209,0.934754268,0.893520687,0.00642198,0.002525034,0.798379218,0.997490484,5
31837,656.404,224.9125542,180.4394219,1.246471264,0.596968354,32238,201.3358572,0.785245659,0.987561263,0.928537748,0.89517394,0.007064502,0.002798279,0.801336382,0.998842773,5
35442,681.165,228.7551275,197.5865551,1.157746424,0.503925709,35791,212.4291787,0.791557789,0.990248945,0.959894351,0.928631332,0.006454352,0.002960777,0.86235615,0.998389748,5
42946,751.381,258.6002925,211.6571339,1.221788691,0.574546223,43341,233.8387168,0.761534915,0.990886228,0.955899349,0.904247689,0.006021522,0.002483337,0.817663883,0.999012485,5
37987,701.371,244.4664752,198.0109659,1.234610791,0.586468741,38307,219.9239655,0.775878268,0.991646435,0.970396566,0.899607872,0.00643553,0.002600022,0.809294323,0.999163504,5
40453,728.447,258.3112058,199.5561865,1.294428453,0.634963992,40801,226.9501251,0.780704802,0.991470797,0.957998172,0.878591869,0.006385465,0.002347043,0.771923673,0.999199965,5
37646,703.337,249.2379262,192.5507286,1.294401366,0.634944322,37941,218.9346384,0.803577527,0.99222477,0.956316772,0.878416226,0.006620569,0.002431512,0.771615065,0.998779595,5
39446,724.726,253.9489856,197.8599896,1.283478212,0.626858874,39830,224.1075793,0.772632898,0.990359026,0.943767788,0.882490547,0.006437889,0.002408594,0.778789566,0.999559439,5
41626,740.681,265.1217788,200.0727973,1.325126566,0.656133432,41933,230.2170048,0.763093732,0.992678797,0.953481202,0.868344373,0.006369139,0.002233719,0.75402195,0.999174517,5
40484,733.501,254.4467838,202.7484452,1.254987596,0.604215932,40856,227.0370669,0.758681434,0.99089485,0.945566026,0.892277212,0.00628512,0.002457494,0.796158623,0.999169196,5
30519,629.727,212.9967551,182.7372038,1.165590535,0.513759558,30847,197.1243203,0.770681818,0.989366875,0.967109244,0.925480392,0.006979152,0.003158285,0.856513956,0.99834456,5
46701,781.494,274.3479976,217.1541499,1.263379022,0.611132771,47058,243.8474113,0.753339141,0.992413617,0.960914503,0.888825191,0.005874564,0.002261626,0.79001022,0.998082339,5
42230,759.426,282.1025031,190.8845728,1.477869578,0.736305093,42626,231.8812325,0.784652546,0.990709895,0.920152948,0.821975097,0.006680145,0.00188105,0.675643061,0.998512325,5
37212,698.087,241.8861037,196.0563656,1.23375797,0.585694708,37535,217.6689917,0.776738749,0.991394698,0.959563622,0.899882169,0.006500218,0.002629361,0.809787918,0.999082298,5
37849,713.618,251.8815424,191.6705939,1.314137643,0.648804313,38243,219.5241297,0.775530694,0.989697461,0.933969473,0.871537182,0.006654906,0.002368456,0.75957706,0.998188807,5
37761,698.336,236.5589109,203.4651127,1.162650971,0.51011981,38115,219.2687813,0.781493822,0.990712318,0.973026098,0.926909836,0.006264636,0.002852499,0.859161844,0.998905352,5
39261,714.215,243.4054931,205.5627348,1.184093476,0.535511524,39589,223.5814343,0.77946753,0.99171487,0.967193317,0.918555417,0.006199676,0.002722515,0.843744055,0.99907183,5
39676,721.502,240.6243367,210.2338045,1.144555878,0.486462717,40044,224.7599879,0.773562098,0.990810109,0.95777317,0.934070057,0.006064733,0.002847798,0.872486872,0.998609978,5
41638,738.396,256.2777597,207.2002163,1.236860483,0.588498066,41948,230.250186,0.796518412,0.992609898,0.95966809,0.898439983,0.006154901,0.002473757,0.807194403,0.998386859,5
44409,758.724,268.853506,210.6264322,1.276447135,0.621486928,44698,237.7883406,0.777958798,0.993534386,0.969422765,0.884453189,0.006054032,0.002285198,0.782257443,0.998510272,5
41386,736.395,250.5685931,210.7087179,1.189170508,0.541155877,41768,229.5523727,0.772674657,0.990854242,0.959050896,0.916125879,0.006054429,0.002630713,0.839286627,0.998054904,5
45460,783.344,267.2120104,217.5853339,1.228079143,0.580472617,45965,240.5856806,0.770338739,0.98901338,0.930966927,0.900355041,0.005877959,0.002382657,0.8106392,0.995529094,5
33446,656.077,224.2339338,190.2565986,1.178586895,0.529237524,33713,206.3607759,0.767814509,0.992080206,0.97643744,0.920292359,0.006704357,0.002966471,0.846938026,0.998190058,5
36880,694.705,239.5827578,196.2747237,1.220650083,0.573457092,37219,216.6958108,0.776094276,0.990891749,0.960284518,0.904471644,0.006496279,0.002681787,0.818068955,0.998575937,5
38001,725.626,240.242188,201.8166779,1.19039809,0.542501069,38491,219.9644879,0.749260618,0.987269751,0.906941381,0.915594758,0.006321996,0.00274061,0.83831376,0.997927099,5
33584,658.848,223.7351826,191.3544824,1.169218404,0.518178984,33884,206.7860655,0.748056576,0.991146264,0.972236276,0.924244739,0.006661958,0.002998676,0.854228338,0.998779494,5
44466,760.049,269.4836158,210.2681728,1.281618669,0.625451195,44807,237.9408952,0.770534415,0.992389582,0.967285647,0.882951249,0.006060442,0.002272118,0.779602908,0.999153642,5
46494,799.436,254.0924038,233.2003968,1.089588214,0.397094066,47084,243.30639,0.769106068,0.987469204,0.914196117,0.957550821,0.005465058,0.002834144,0.916903575,0.999047329,5
43917,758.75,253.6714269,220.7663022,1.14904958,0.492549438,44382,236.4674631,0.763521619,0.98952278,0.958616989,0.932180127,0.005776156,0.002690407,0.86895979,0.998477882,5
41439,740.182,254.6563438,207.7631138,1.225705271,0.578253972,41835,229.699311,0.770814732,0.990534242,0.950478049,0.901997208,0.00614533,0.002509261,0.813598963,0.997232538,5
37679,707.574,242.4523172,198.1308566,1.223697921,0.57636108,38045,219.030575,0.778491736,0.990379813,0.945726372,0.903396501,0.00643468,0.00264375,0.816125238,0.998690757,5
39859,724.609,255.68461,198.75285,1.286444999,0.62908565,40202,225.2777286,0.785476402,0.991468086,0.953957035,0.881076607,0.006414727,0.002384584,0.776295987,0.998662091,5
34130,666.585,235.5413478,184.7780345,1.274725908,0.620151121,34392,208.4602256,0.795515465,0.992381949,0.965239485,0.885026037,0.006901299,0.002611769,0.783271086,0.998455947,5
33539,662.418,223.6835362,191.2006021,1.169889288,0.518987648,33915,206.6474802,0.76426488,0.98891346,0.96049636,0.923838579,0.006669356,0.002996733,0.85347772,0.998474442,5
34748,669.267,221.0904959,200.2691414,1.103966864,0.423653581,35046,210.3390779,0.770465632,0.99149689,0.974856864,0.951370963,0.006362683,0.003215286,0.905106709,0.999207815,5
38577,728.126,243.8771137,201.6438623,1.209444765,0.562458249,38948,221.6252736,0.782685441,0.990474479,0.914376881,0.908757982,0.006321827,0.002659594,0.82584107,0.998809158,5
37220,697.179,246.030186,192.8818788,1.275548473,0.620790529,37513,217.6923881,0.762454933,0.992189374,0.962271534,0.884819833,0.006610161,0.002499259,0.782906137,0.998634728,5
39224,715.918,247.3995557,202.1959303,1.223563478,0.576233748,39565,223.4760567,0.778439311,0.991381271,0.961690178,0.903300154,0.006307352,0.00259033,0.815951167,0.998368048,5
40846,737.982,257.3563132,202.3259564,1.271988616,0.61800959,41230,228.0498683,0.77744152,0.990686393,0.942470703,0.88612502,0.006300649,0.002396321,0.785217552,0.998787787,5
41251,743.017,250.6483104,209.9098243,1.194076129,0.546487069,41836,229.1776701,0.793715847,0.986016828,0.938959465,0.914339577,0.006076175,0.002619631,0.836016862,0.998267778,5
41493,737.428,251.1591551,210.7495966,1.191742045,0.543965223,41887,229.8489252,0.784070295,0.99059374,0.958838476,0.915152486,0.006053049,0.002618954,0.837504073,0.998088817,5
45725,778.722,276.2327551,210.989002,1.309228218,0.645442605,46072,241.2858848,0.744913087,0.99246831,0.947542481,0.873487594,0.006041176,0.002169343,0.762980578,0.998915702,5
40973,783.467,267.9969304,194.979185,1.374489951,0.686062503,41510,228.404124,0.773075472,0.987063358,0.838815044,0.852263956,0.006540818,0.00212867,0.72635385,0.998366068,5
37644,695.582,238.9158223,200.7943345,1.189853404,0.541905124,37973,218.9288227,0.779153041,0.991335949,0.977707527,0.916342922,0.006346717,0.00276033,0.839684351,0.999101283,5
36166,684.301,238.5692529,193.2829526,1.234300541,0.586187457,36460,214.5879339,0.787347063,0.991936369,0.970545706,0.899478584,0.006596506,0.002663527,0.809061724,0.998625323,5
43242,753.985,256.332891,215.0265347,1.192098879,0.54435248,43702,234.6431853,0.791282389,0.989474166,0.955851057,0.915384617,0.005927869,0.002567395,0.837928997,0.998894218,5
30685,635.681,213.5341452,183.1571463,1.165852108,0.51408086,31044,197.659696,0.771561479,0.988435769,0.954239808,0.925658498,0.00695891,0.00315155,0.856843654,0.998952981,5
39091,717.854,248.1300288,200.7329978,1.236119779,0.587831913,39454,223.0968557,0.745556149,0.990799412,0.95326664,0.899112682,0.006347498,0.002558814,0.808403616,0.999283698,5
42018,742.118,252.8851414,211.9111119,1.193354794,0.545710531,42387,231.2984634,0.806797235,0.991294501,0.958736606,0.914638409,0.006018495,0.002598157,0.83656342,0.998316968,5
33607,690.171,214.7652972,199.5241432,1.076387518,0.369995763,34162,206.8568621,0.770802752,0.983753879,0.886596875,0.963176382,0.006390493,0.003392637,0.927708744,0.998574112,5
45479,772.273,266.0924017,218.0103624,1.22054933,0.57336047,45886,240.6359517,0.752527509,0.991130192,0.95825053,0.904332293,0.005850885,0.002413868,0.817816896,0.998185864,5
38159,701.909,243.5396831,199.7537433,1.219199596,0.572062194,38461,220.4212961,0.784486658,0.99214789,0.973296646,0.905073429,0.006382234,0.002641726,0.819157912,0.998716995,5
38747,704.737,245.5420687,201.2303264,1.220204097,0.573029088,39008,222.1130627,0.791886368,0.993309065,0.980378549,0.904582518,0.00633706,0.002617341,0.818269532,0.998455835,5
41267,739.795,243.4433928,216.1715351,1.126158413,0.459892611,41734,229.2221113,0.774065876,0.988810083,0.947523475,0.941582799,0.005899227,0.002860282,0.886578168,0.998427462,5
43879,765.193,268.7811697,208.3114239,1.290285308,0.631933777,44259,236.365137,0.755596501,0.991414176,0.941726103,0.879396192,0.006125508,0.002259749,0.773337662,0.997826223,5
36120,683.177,229.6596022,200.469555,1.145608381,0.487901589,36437,214.4514219,0.763539509,0.991300052,0.972503408,0.933779471,0.006358239,0.002981906,0.871944101,0.998906469,5
44598,783.045,263.6465646,216.4566255,1.218011063,0.570912941,45129,238.2938044,0.791727321,0.98823373,0.914011806,0.903838079,0.005911623,0.002433599,0.816923273,0.995021584,5
43712,759.328,261.0795717,213.6792805,1.221829141,0.574584821,44059,235.9149147,0.786286043,0.992124197,0.952690232,0.903613075,0.005972721,0.002456303,0.81651659,0.997643764,5
36986,693.771,232.7137695,202.5916367,1.148683989,0.492059713,37350,217.0069994,0.771747522,0.990254351,0.965639328,0.932506056,0.006291942,0.00293475,0.869567545,0.998858317,5
45085,773.652,264.8520015,216.9371436,1.220869774,0.573667635,45537,239.5913289,0.783596357,0.990074006,0.946565416,0.904623441,0.005874504,0.002426735,0.818343569,0.999090929,5
31091,638.558,210.4862549,188.3268476,1.117664622,0.446621924,31458,198.9630385,0.786377317,0.988333651,0.958172836,0.945254305,0.006770006,0.003333984,0.8935057,0.998639711,5
35254,687.045,225.0636401,199.6920336,1.127053674,0.461251975,35676,211.8650205,0.769805223,0.98817132,0.938529434,0.941356056,0.00638406,0.003092377,0.886151223,0.998739992,5
47044,792.003,279.620142,214.5121886,1.303516335,0.641460923,47419,244.7412535,0.779829593,0.992091778,0.942454629,0.875263319,0.0059438,0.002151785,0.766085877,0.998605455,5
41193,735.826,261.5895515,200.7088801,1.30332824,0.64132849,41524,229.0164985,0.776640271,0.992028706,0.956055331,0.875480298,0.00635034,0.002301242,0.766465752,0.99895646,5
37109,694.497,239.8597557,197.2022904,1.216313235,0.56926133,37419,217.3675373,0.787475596,0.991715439,0.966826103,0.906227627,0.006463655,0.002689101,0.821248512,0.998895434,5
35467,683.515,226.947476,199.2610778,1.13894534,0.478650982,35845,212.5040869,0.766721432,0.989454596,0.953977692,0.936358009,0.006398835,0.003034229,0.876766322,0.998588916,5
40527,754.329,234.8360911,220.4469239,1.065272706,0.344662244,41159,227.1576083,0.769451301,0.984644914,0.895019941,0.9673028,0.005794559,0.00312932,0.935674706,0.996748726,5
44369,780.415,272.2403783,208.0100428,1.308784781,0.645136231,44967,237.6812264,0.789034713,0.986701359,0.915457713,0.87305648,0.006135824,0.002198984,0.762227617,0.997591905,5
42223,736.821,250.6663218,215.0788966,1.16546219,0.513601753,42491,231.8620135,0.75175373,0.993692782,0.977315893,0.924982709,0.005936725,0.00268078,0.855593013,0.997161306,5
39141,711.099,249.1619299,200.2064042,1.244525273,0.595278786,39419,223.239488,0.759341171,0.992947563,0.972706113,0.895961466,0.006365753,0.002530386,0.802746949,0.999038866,5
49680,819.726,278.0028246,227.9971291,1.219325987,0.572184074,50264,251.5045538,0.749253461,0.988381346,0.929081967,0.904683448,0.00559587,0.002312246,0.81845214,0.997959964,5
34276,689.626,229.5589772,190.4115066,1.205594039,0.558556303,34738,208.9056214,0.763113367,0.986700443,0.905675761,0.910030285,0.006697368,0.002833396,0.828155119,0.998418874,5
35762,690.56,236.8214407,192.7075785,1.228916073,0.581249747,36157,213.3860178,0.791159683,0.989075421,0.942386,0.901041803,0.006622153,0.002692519,0.81187633,0.997727872,5
38042,723.178,243.9204105,198.8758364,1.226495963,0.578995336,38508,220.0831178,0.783886256,0.987898618,0.914077026,0.902274301,0.006411871,0.002621313,0.814098914,0.998489031,5
46347,779.401,261.4360325,225.8533322,1.157547821,0.503671612,46748,242.9214548,0.76769032,0.991422093,0.958759267,0.929181232,0.00564084,0.002593733,0.863377762,0.999401047,5
33717,664.363,231.6225255,185.6531262,1.247609077,0.597950376,33985,207.1951199,0.766225798,0.992114168,0.959948457,0.894537867,0.006869607,0.002713355,0.800197996,0.998334283,5
39901,730.829,258.1497116,197.1490328,1.30941404,0.645570856,40316,225.3963866,0.769324207,0.98970632,0.938776262,0.873122752,0.006469755,0.002319364,0.76234334,0.998223072,5
34722,670.391,227.2593515,194.7318627,1.167037322,0.515531503,34999,210.2603707,0.790375817,0.992085488,0.970863662,0.925200082,0.006545111,0.002958281,0.855995192,0.998978336,5
35354,687.741,235.0153084,191.8282547,1.225133955,0.57771681,35726,212.1652914,0.754363504,0.989587415,0.939287602,0.902772219,0.006647488,0.002723642,0.814997679,0.99848133,5
41673,740.349,251.3109893,211.5472593,1.187966179,0.539828839,42010,230.3469374,0.755712317,0.9919781,0.95541409,0.916581237,0.006030547,0.00262555,0.840121163,0.998035528,5
39088,719.97,254.2456423,195.9227554,1.297683068,0.637314046,39470,223.0882949,0.783420852,0.990321763,0.947598823,0.877451794,0.006504442,0.002378389,0.76992165,0.999114289,5
52807,839.524,298.0882333,225.8175693,1.32004004,0.652773918,53201,259.2989792,0.768705601,0.992594124,0.941532092,0.869873247,0.005644862,0.001993687,0.756679465,0.998847191,5
38814,717.913,254.3454882,194.5432979,1.307397844,0.644175028,39196,222.305015,0.745992697,0.990254108,0.946356197,0.874027751,0.006552932,0.002358937,0.763924509,0.998753256,5
37039,690.695,236.0162492,200.0525001,1.179771555,0.530600992,37324,217.1624265,0.772853417,0.992364162,0.97565549,0.920116421,0.006372101,0.002817303,0.846614228,0.998811385,5
44048,763.489,271.0824375,207.2220042,1.308173997,0.644713487,44378,236.8198798,0.761614939,0.992563883,0.949577661,0.873608346,0.006154251,0.00221117,0.763191542,0.99838733,5
35208,678.529,232.2855372,193.4634694,1.200668725,0.55346987,35535,211.7267529,0.767660911,0.990797805,0.960980094,0.911493481,0.006597522,0.002809149,0.830820366,0.99754003,5
34543,670.896,235.0180104,187.2911352,1.254827198,0.604081588,34826,209.7176998,0.769194798,0.991873887,0.964405129,0.892347354,0.006803636,0.002661072,0.7962838,0.99919857,5
39325,719.707,251.611543,199.3970376,1.261861991,0.609898304,39710,223.763592,0.776376056,0.990304709,0.954041226,0.889321648,0.006398259,0.00246875,0.790892993,0.997997807,5
34772,671.947,228.0476746,194.336638,1.173467221,0.523256094,35103,210.4117046,0.763179843,0.990570607,0.967764075,0.922665425,0.006558371,0.002931924,0.851311487,0.998986125,5
40339,732.176,254.6785591,202.3967107,1.258313725,0.606983583,40755,226.6301171,0.803565737,0.989792663,0.945592489,0.889867282,0.006313457,0.002442013,0.79186378,0.996413062,5
43780,771.185,273.2704509,204.1967966,1.338270019,0.664561742,44206,236.0983424,0.788999423,0.990363299,0.925056957,0.863973187,0.006241902,0.002145348,0.746449668,0.998951211,5
39515,714.776,238.9512884,210.6437034,1.134386096,0.472120399,39852,224.3035011,0.796207862,0.991543712,0.97192315,0.938699693,0.006047103,0.002896235,0.881157114,0.999572378,5
34474,672.3,225.6494093,194.6503481,1.159255102,0.505847536,34774,209.5081384,0.793308174,0.991372865,0.958462926,0.92846748,0.006545495,0.003000469,0.862051862,0.999338019,5
34421,678.034,232.4039146,189.1497475,1.228676843,0.581027879,34762,209.3470286,0.755708264,0.990190438,0.940871694,0.900789597,0.006751806,0.002742162,0.811421898,0.996975296,5
37492,701.925,242.9843493,196.9110602,1.233980199,0.585896659,37814,218.4863772,0.771440329,0.991484635,0.956240318,0.899178807,0.006480965,0.002613387,0.808522526,0.997700788,5
35069,692.225,234.2366519,191.2138075,1.224998628,0.57758939,35563,211.3083945,0.752682864,0.986109158,0.919684117,0.902114988,0.006679308,0.002728719,0.813811452,0.996917913,5
41918,750.442,280.0744683,190.7890144,1.467980058,0.732089774,42224,231.0230621,0.714714408,0.992752937,0.935354312,0.824862986,0.006681485,0.001908007,0.680398945,0.998812082,5
38354,715.527,253.6098213,192.8160004,1.315294482,0.649588466,38702,220.9837766,0.79630437,0.991008217,0.941387604,0.871353386,0.006612343,0.002351324,0.759256724,0.998646179,5
42435,757.59,266.8592754,202.6516218,1.316837601,0.650629777,42788,232.4433696,0.757767857,0.991750023,0.929106725,0.871033504,0.00628866,0.002232941,0.758699364,0.999083851,5
37776,700.671,246.1757026,196.0336313,1.255783005,0.604880942,38029,219.3123276,0.735514019,0.993347182,0.966935595,0.890877228,0.006516722,0.002532097,0.793662236,0.996667547,5
40115,735.396,252.9439951,202.9171526,1.246538264,0.597026299,40613,226.0000096,0.763658862,0.987737916,0.932124952,0.893478454,0.006305472,0.002478755,0.798303747,0.995116167,5
45278,771.915,275.8822277,209.2012554,1.318740784,0.651906755,45666,240.1036029,0.79355732,0.991503526,0.954900539,0.870311962,0.006093075,0.002156334,0.757442911,0.998870859,5
47534,786.076,278.3614339,217.7840958,1.278153177,0.622802818,47834,246.0125373,0.772157245,0.99372831,0.966685384,0.883788152,0.005856049,0.002203825,0.781081498,0.998341798,5
39257,723.526,255.0806668,196.2999924,1.299443081,0.638573971,39588,223.5700445,0.760455611,0.99163888,0.942364002,0.87646801,0.006497712,0.00236529,0.768196173,0.998227202,5
36917,700.833,236.925477,198.7767875,1.191917225,0.544155416,37353,216.804484,0.771708683,0.988327577,0.944511346,0.915074591,0.006417788,0.002775819,0.837361508,0.998065604,5
33143,648.385,222.5263095,189.7373793,1.172812181,0.522480157,33377,205.4238989,0.769979556,0.992989184,0.9906854,0.923144321,0.006714127,0.003007791,0.852195437,0.999465189,5
43880,758.336,275.6476871,202.968522,1.35808097,0.676619194,44179,236.3678303,0.796746196,0.993232079,0.958855439,0.857499777,0.006281852,0.002095094,0.735305868,0.998604906,5
38333,718.19,237.9449273,205.4905757,1.157935962,0.504167967,38776,220.9232705,0.78515833,0.988575407,0.93390772,0.92846388,0.006207313,0.002845401,0.862045177,0.998193111,5
36851,699.211,240.5371522,195.5365482,1.230139094,0.582380673,37198,216.6105964,0.768930621,0.990671541,0.947202068,0.900528648,0.00652729,0.002647907,0.810951845,0.997583568,5
37410,697.345,241.4948759,197.4339125,1.223168162,0.575858932,37739,218.247317,0.753019324,0.991282228,0.966723308,0.903734773,0.006455356,0.002656219,0.816736541,0.999006134,5
44344,772.196,263.9895261,214.3562534,1.231545719,0.583674518,44806,237.6142554,0.750982252,0.989688881,0.934522225,0.900089708,0.005953219,0.00241032,0.810161482,0.997750905,5
31530,638.857,213.7856543,188.0664823,1.136755746,0.475535642,31791,200.3627781,0.768949371,0.991790129,0.970792739,0.937213391,0.006780389,0.003226921,0.878368941,0.99849094,5
37240,695.977,244.7527839,194.0844937,1.261063051,0.609245374,37527,217.7508683,0.789953757,0.992352173,0.966117082,0.889676779,0.006572309,0.002539959,0.79152477,0.998162642,5
38533,719.241,251.8181995,195.1590789,1.290322751,0.631961358,38942,221.4988473,0.784147334,0.989497201,0.93603872,0.879598249,0.006535131,0.002413079,0.77369308,0.998313783,5
41334,734.848,261.4167748,201.6866298,1.296153221,0.636212678,41654,229.4081152,0.783137552,0.992317665,0.961883037,0.877556979,0.006324497,0.0023137,0.770106252,0.998175699,5
38095,707.285,249.072897,194.9295706,1.277758404,0.622499041,38413,220.2363741,0.776608974,0.991721553,0.956949338,0.884224565,0.006538204,0.002465407,0.781853082,0.999019346,5
42794,745.798,259.5215563,210.2591515,1.234293749,0.586181295,43098,233.424534,0.786480923,0.992946308,0.966830445,0.899441793,0.006064438,0.002448288,0.808995539,0.998538137,5
35344,694.82,234.3666269,192.35218,1.218424594,0.571313449,35807,212.1352834,0.762545847,0.987069567,0.919985412,0.905142879,0.006631016,0.002745544,0.819283631,0.998235326,5
35302,679.016,235.9340907,190.7405476,1.236937262,0.588567005,35644,212.0092036,0.781674859,0.990405117,0.962164123,0.898595039,0.006683307,0.002687987,0.807473045,0.998793498,5
36104,698.492,247.9682578,185.621902,1.335878229,0.66305439,36456,214.4039191,0.755946399,0.990344525,0.929912984,0.8646426,0.006868166,0.00236792,0.747606826,0.998711682,5
46217,779.227,270.7798305,217.7277888,1.243662245,0.594525395,46553,242.5805269,0.754563265,0.99278242,0.956497041,0.895858922,0.005858879,0.002327838,0.802563207,0.99811756,5
31992,640.338,212.8873637,191.4872537,1.111757361,0.436968432,32258,201.8253689,0.774212284,0.991753984,0.980466376,0.948038274,0.006654394,0.003315826,0.898776569,0.999221466,5
32323,649.59,217.3714574,189.591319,1.146526426,0.489149967,32615,202.8667587,0.784843629,0.991047064,0.962593368,0.933272294,0.006724978,0.003147053,0.870997175,0.998621278,5
38148,700.346,240.6779695,202.0961522,1.190908223,0.543057876,38456,220.3895237,0.774295689,0.991990847,0.977363988,0.915702937,0.006309059,0.002736294,0.83851187,0.998590681,5
40988,730.037,248.2905837,210.3427843,1.180409323,0.531331878,41396,228.445929,0.754996408,0.990143975,0.966444342,0.92007488,0.006057641,0.002677787,0.846537785,0.999261094,5
49108,799.901,278.8531643,224.4414022,1.242431929,0.593447001,49455,250.0524896,0.784447781,0.99298352,0.964472017,0.896717418,0.005678365,0.002264777,0.804102128,0.999042159,5
41033,730.988,249.9321213,209.3633166,1.193772268,0.54616026,41380,228.5712979,0.759406289,0.991614306,0.964989614,0.914533501,0.006091003,0.002628252,0.836371525,0.998437132,5
43685,764.629,260.2794431,213.9669908,1.216446715,0.569391602,44142,235.8420436,0.770730416,0.989647048,0.938946123,0.906110912,0.005958096,0.002477495,0.821036985,0.998747743,5
37117,699.991,249.5144267,189.7779774,1.314770186,0.649233451,37429,217.3909662,0.750050519,0.991664218,0.951914229,0.8712561,0.006722376,0.002389384,0.759087191,0.998025207,5
32799,653.729,219.9055494,190.1123396,1.156713709,0.502601593,33087,204.3550436,0.746177996,0.991295675,0.964439446,0.929285523,0.006704642,0.003084267,0.863571584,0.998905089,5
36600,693.853,240.8547217,193.6350183,1.243859317,0.594697654,36908,215.8716455,0.770283069,0.991654926,0.955335703,0.896273256,0.00658073,0.002619483,0.803305749,0.99919934,5
42824,747.535,266.9887496,204.3706612,1.306394705,0.643477006,43142,233.5063388,0.787437482,0.992628993,0.963017173,0.874592428,0.006234559,0.002250134,0.764911915,0.999276876,5
40649,727.588,253.48059,204.3045933,1.240699418,0.591919629,40977,227.4992621,0.758575001,0.99199551,0.964914149,0.897501706,0.006235838,0.002495834,0.805509313,0.999394936,5
42158,762.389,273.0256377,197.0926525,1.385265428,0.692014797,42624,231.6834753,0.735241284,0.989067192,0.911457915,0.848577728,0.006476247,0.002071427,0.72008416,0.997507693,5
31335,635.011,216.7900923,184.1634403,1.177161395,0.52758671,31599,199.7422367,0.774277242,0.991645305,0.976510834,0.921362386,0.006918465,0.003075469,0.848908647,0.999302487,5
45646,771.593,274.6355365,211.9024499,1.296047009,0.636135998,45953,241.0773574,0.779274434,0.993319261,0.963465198,0.877808315,0.00601664,0.002203599,0.770547437,0.998665701,5
33961,667.497,233.113834,185.7332978,1.255099849,0.604309903,34279,207.9434735,0.771192406,0.990723183,0.957837195,0.892025454,0.006864163,0.002680874,0.79570941,0.99869476,5
42642,765.967,269.8155475,201.5531315,1.338681992,0.664820216,43139,233.009615,0.770100412,0.988479102,0.913329133,0.863588541,0.00632746,0.002170884,0.745785168,0.998369174,5
38823,724.18,255.1920319,193.7837191,1.316890981,0.650665703,39221,222.330787,0.748568344,0.989852375,0.930263332,0.871229346,0.006573218,0.00233608,0.759040573,0.999573684,5
34638,677.314,234.6904502,188.3397997,1.246101199,0.59664803,34989,210.0058841,0.757876772,0.989968276,0.948817239,0.894820747,0.00677552,0.002679579,0.80070417,0.997758426,5
41874,757.202,250.8892141,212.7029533,1.179528588,0.530321972,42388,230.9017815,0.749409407,0.987873927,0.917763556,0.920333631,0.005991527,0.002651542,0.847013993,0.999077219,5
39721,739.568,257.0632043,197.128875,1.304036277,0.641826562,40255,224.8874117,0.784550357,0.986734567,0.912586026,0.874833146,0.00647172,0.002338301,0.765333033,0.99802204,5
45530,769.815,267.0581518,217.3855045,1.228500274,0.580863986,45833,240.7708381,0.775744565,0.993389043,0.965461091,0.90156708,0.005865543,0.002390453,0.8128232,0.998553523,5
38852,716.903,252.0850582,197.1616516,1.278570433,0.62312343,39209,222.4138098,0.744291188,0.990894948,0.949953722,0.882296679,0.006488342,0.002425337,0.77844743,0.995299868,5
43616,752.431,262.5572705,211.7062083,1.240196368,0.591474202,43970,235.6557149,0.788259958,0.991949056,0.968104721,0.897540238,0.006019747,0.002409759,0.805578478,0.999075502,5
38938,781.143,241.3352881,205.8768154,1.1722315,0.521790248,39426,222.6598334,0.788138852,0.987622381,0.801904064,0.922616146,0.006197937,0.0027702,0.851220552,0.997827545,5
44945,772.411,272.5886252,211.348057,1.289761681,0.631547685,45285,239.2190447,0.786852241,0.992491995,0.946660702,0.877582638,0.006064938,0.002219005,0.770151286,0.993311617,5
36076,693.745,243.5262185,189.1972144,1.287155412,0.629615417,36427,214.3207638,0.759127159,0.99036429,0.941951431,0.880072647,0.006750366,0.002497935,0.774527865,0.996937733,5
47705,803.672,283.6167927,214.3764565,1.322984796,0.654725672,48140,246.4546459,0.778539372,0.990963855,0.928145554,0.86897057,0.005945222,0.002091068,0.755109851,0.998998852,5
38411,704.969,242.8942884,201.478931,1.205556766,0.558518217,38707,221.1479237,0.766273665,0.992352804,0.97123749,0.910469839,0.006323561,0.002680425,0.828955328,0.999352704,5
36975,694.805,241.367873,195.1891714,1.236584342,0.588249946,37252,216.974727,0.777422678,0.992564158,0.962481026,0.898937892,0.006527867,0.00262948,0.808089334,0.999270617,5
38017,707.111,246.2687768,196.8097212,1.251303926,0.601109918,38373,220.0107901,0.757808918,0.990722644,0.955460022,0.893376712,0.006477859,0.002545363,0.79812195,0.998693129,5
48673,807.338,278.9753671,222.6076032,1.253215807,0.602727403,49337,248.9425403,0.740026151,0.986541541,0.938398252,0.892345955,0.005731625,0.002241767,0.796281303,0.997912316,5
38845,710.022,242.8479608,203.978555,1.190556335,0.54267393,39162,222.3937727,0.769086085,0.991905419,0.96828093,0.915773688,0.006251717,0.002712263,0.838641447,0.998449888,5
50218,822.578,284.8714973,224.792585,1.267263764,0.614262562,50719,252.8626968,0.797820285,0.990122045,0.932642273,0.887637757,0.005672697,0.002172263,0.787900787,0.998478117,5
34666,681.015,225.7926672,195.8277652,1.153016616,0.497802899,35034,210.0907472,0.797799871,0.989495918,0.939291173,0.930458681,0.006513375,0.00301144,0.865753356,0.998228005,5
41423,738.127,267.2506913,197.7869605,1.351204805,0.672518559,41677,229.6549622,0.754407372,0.993905511,0.955408783,0.859324109,0.006451746,0.002170126,0.738437924,0.997780871,5
39102,715.945,254.5845493,195.9298469,1.299365836,0.638518834,39444,223.1282427,0.751932618,0.99132948,0.958626686,0.87644063,0.006510781,0.002369752,0.768148177,0.998105498,5
50371,827.936,293.940665,218.6727557,1.344203415,0.668251958,50872,253.2476043,0.784998519,0.990151753,0.923414954,0.861560289,0.005835514,0.00198336,0.742286132,0.997783554,5
38830,724.363,253.4957437,195.3429245,1.297696061,0.637323375,39225,222.3508298,0.761193445,0.989929892,0.929961003,0.877138316,0.006528348,0.002383721,0.769371626,0.998410529,5
33344,661.508,225.3180561,188.668526,1.194253546,0.54667768,33692,206.0458672,0.763352487,0.989671139,0.957540959,0.914466735,0.006757379,0.002914941,0.83624941,0.998693823,5
48644,835.917,323.1527042,192.3552368,1.679978719,0.803543797,49179,248.8683676,0.718183429,0.989121373,0.874808167,0.770126211,0.006643218,0.001441471,0.593094381,0.996385938,5
44782,765.251,272.7314485,209.398835,1.302449693,0.640708804,45136,238.7848682,0.74918861,0.992157037,0.960960503,0.875531112,0.006090203,0.002207485,0.766554727,0.998398969,5
35237,676.073,233.9276146,192.0229569,1.218227333,0.571122486,35502,211.8139321,0.778271049,0.992535632,0.968772063,0.905467841,0.006638693,0.002752672,0.819872011,0.998790493,5
42528,746.807,258.9735051,209.3971829,1.23675735,0.58840543,42883,232.6979402,0.788066339,0.991721661,0.958226248,0.898539563,0.006089482,0.00244855,0.807373347,0.998524921,5
36299,693.838,243.7414222,189.8014847,1.284191336,0.627396254,36649,214.982144,0.738339808,0.990449944,0.947519948,0.882009065,0.006714825,0.002506725,0.777939991,0.999023797,5
38641,718.184,247.7468033,198.8496914,1.245899863,0.596473563,39027,221.8090378,0.753206503,0.990109411,0.941427261,0.895305347,0.006411501,0.002541114,0.801571665,0.998678028,5
52530,831.059,296.6304835,225.9183413,1.312998678,0.648029319,52917,258.6180065,0.749571918,0.99268666,0.955770343,0.871852425,0.005646878,0.002012612,0.760126652,0.998045289,5
50747,842.609,300.5536668,215.4237774,1.395174064,0.697323598,51387,254.1910446,0.74980792,0.987545488,0.898189658,0.845742617,0.00592259,0.001869151,0.715280574,0.997940905,5
45984,790.582,293.5218655,199.762426,1.46935473,0.732682275,46363,241.9682773,0.750269212,0.991825378,0.924533743,0.824362018,0.00638313,0.001818383,0.679572736,0.998533414,5
31972,639.974,213.6874805,190.6449473,1.120866215,0.451705439,32246,201.7622728,0.772270531,0.991502822,0.980968377,0.944193232,0.006683582,0.003276669,0.891500859,0.999253193,5
35128,669.663,228.4024536,195.966868,1.16551566,0.51366751,35376,211.4860722,0.785527404,0.992989597,0.984352571,0.925936078,0.006502006,0.002948161,0.857357621,0.999263734,5
41276,743.692,266.9985935,197.2979578,1.353276012,0.673762949,41632,229.2471056,0.733795556,0.991448885,0.937823796,0.858607915,0.006468616,0.002168556,0.737207551,0.997645296,5
42659,761.493,268.3425462,203.3502833,1.319607437,0.652485598,43075,233.0560571,0.791124216,0.990342426,0.924461233,0.868502071,0.006290409,0.00220771,0.754295847,0.99537441,5
37438,698.989,238.7938728,199.7549906,1.195433826,0.547941889,37738,218.3289767,0.776222761,0.992050453,0.962901407,0.914298906,0.006378382,0.002749433,0.83594249,0.99931393,5
40248,725.14,256.4383641,200.0144013,1.282099501,0.625816077,40570,226.3743475,0.757894737,0.992063101,0.961856854,0.882763187,0.006371456,0.002386686,0.779270844,0.99910276,5
36532,697.29,243.796607,191.4935385,1.273132289,0.618906929,36893,215.6710158,0.812147081,0.990214946,0.944183571,0.884635018,0.006673508,0.002521102,0.782579115,0.99632674,5
40172,721.945,244.9037122,209.3768052,1.169679287,0.518734804,40501,226.160516,0.819736359,0.991876744,0.968556795,0.92346708,0.006096378,0.002734874,0.852791448,0.997492492,5
36105,712.899,247.771299,185.7046774,1.334222178,0.662003937,36668,214.4068883,0.742778966,0.984646013,0.892732205,0.865341907,0.00686252,0.002373637,0.748816616,0.999087735,5
38702,708.716,251.2348757,196.4299548,1.279004905,0.623456761,39004,221.9840464,0.751072212,0.992257204,0.968275175,0.88357178,0.006491522,0.002440583,0.780699091,0.998517967,5
38559,741.248,249.1681867,197.8475328,1.259394965,0.60787586,39182,221.5735625,0.77118,0.984099842,0.881878099,0.88925302,0.006461998,0.002492574,0.790770934,0.995892933,5
42365,746.022,264.5292803,204.5376552,1.293303573,0.634145585,42728,232.2515733,0.769405398,0.9915044,0.956563499,0.877980589,0.006244052,0.002288685,0.770849915,0.996942949,5
40064,721.433,241.5127855,211.386698,1.142516477,0.483651069,40450,225.8563019,0.794463503,0.990457355,0.967324446,0.935173272,0.006028175,0.002844028,0.874549049,0.999186699,5
31637,656.711,229.7192546,175.510446,1.308863717,0.645190802,32045,200.702465,0.761823348,0.987267905,0.921842182,0.873685862,0.007261095,0.002609775,0.763326986,0.999090996,5
39215,721.759,257.1489238,194.5365872,1.321853784,0.65397828,39711,223.4504168,0.738679174,0.987509758,0.945970661,0.868953342,0.006557412,0.002306206,0.75507991,0.998105237,5
37187,706.995,246.0929557,192.8446857,1.276119976,0.621233664,37563,217.5958615,0.742611231,0.98999015,0.934906809,0.88420191,0.006617715,0.002495132,0.781813018,0.99768721,5
41528,732.598,254.6742271,207.8648703,1.225191282,0.577770766,41852,229.9458454,0.801822675,0.992258434,0.972342844,0.902901907,0.006132591,0.00251412,0.815231854,0.998814961,5
42492,747.511,268.3935132,201.7675119,1.330211741,0.659436788,42859,232.5994298,0.764904954,0.991437038,0.955612586,0.86663581,0.00631633,0.002197815,0.751057628,0.999065674,5
35105,687.922,232.3755601,192.4946821,1.207179116,0.560170279,35508,211.4168258,0.782720178,0.988650445,0.932181424,0.909806632,0.006619443,0.002797677,0.827748108,0.999240229,5
50760,851.459,289.51083,223.9165127,1.292940956,0.633881082,51715,254.223601,0.754145124,0.981533404,0.879840596,0.878114304,0.005703523,0.002091834,0.771084731,0.996967029,5
38307,710.914,253.1995398,192.8264566,1.313095435,0.64809527,38617,220.8483354,0.780469419,0.991972447,0.952475629,0.872230398,0.006609746,0.002359877,0.760785867,0.998984449,5
37256,693.806,245.9339799,193.0760709,1.273767271,0.61940354,37502,217.7976411,0.775068653,0.99344035,0.972590418,0.885593935,0.006601191,0.002504613,0.784276618,0.998985888,5
43329,754.79,265.286554,208.1735397,1.2743529,0.619860543,43707,234.8791098,0.765854779,0.9913515,0.95573228,0.885378872,0.00612261,0.002320775,0.783895746,0.998959817,5
30279,634.927,212.5605564,181.5101816,1.171066849,0.52040066,30600,196.3477022,0.775688485,0.989509804,0.943851783,0.923725952,0.007020065,0.003152779,0.853269634,0.999235781,5
48324,812.215,285.3797054,216.0143229,1.321114737,0.653488405,48849,248.0484383,0.776700902,0.989252595,0.9205147,0.869187379,0.005905548,0.002079187,0.755486701,0.998084614,5
37420,704.994,238.9729806,199.7897404,1.196122384,0.548676341,37757,218.2764847,0.755898513,0.991074503,0.946112555,0.913393992,0.006386237,0.002741936,0.834288584,0.997911251,5
38802,707.093,245.7514913,201.2395485,1.221188842,0.573973077,39092,222.2706477,0.791958363,0.992581602,0.975238639,0.904452895,0.006333475,0.002614361,0.818035038,0.998975262,5
37844,703.919,245.7749899,196.1905182,1.252736331,0.602322861,38174,219.5096292,0.767689062,0.991355373,0.959757517,0.893132492,0.006494424,0.002549083,0.797685649,0.999289793,5
40533,755.94,252.952624,204.3172472,1.238038528,0.589553534,41130,227.174423,0.767205482,0.985485047,0.891341157,0.898090794,0.006240659,0.002504328,0.806567075,0.998561114,5
42173,741.927,259.6267087,207.0376737,1.25400708,0.603393407,42526,231.7246886,0.799700394,0.991699196,0.9627688,0.89253024,0.00615623,0.00240983,0.796610229,0.998954868,5
35246,683.282,240.0903587,186.9855135,1.284005131,0.627256068,35599,211.8409804,0.781282557,0.990083991,0.948679991,0.882338556,0.006811847,0.002546746,0.778521327,0.999625379,5
37957,713.931,255.1594978,189.9623637,1.343210796,0.667639428,38297,219.8371065,0.786429089,0.99112202,0.935813409,0.861567406,0.00672233,0.002284845,0.742298394,0.997063217,5
43805,773.977,293.6060564,190.2945711,1.542902957,0.761530647,44195,236.1657432,0.745211119,0.991175472,0.918919438,0.804362642,0.006702569,0.001730727,0.64699926,0.998257071,5
41629,742.831,262.2108879,202.5202822,1.294738903,0.635189299,42053,230.2253005,0.761153368,0.989917485,0.948038127,0.878015792,0.006298755,0.002309106,0.770911732,0.99812941,5
39082,719.5,247.5161406,201.4585114,1.228620915,0.580975979,39529,223.0711722,0.749328936,0.988691846,0.948691584,0.901238892,0.006333252,0.002577307,0.81223154,0.997924658,5
37516,708.078,244.5970352,195.6331116,1.250284439,0.60024259,37869,218.5562965,0.779019062,0.990678391,0.940295135,0.893536164,0.006519806,0.002563675,0.798406876,0.998235693,5
38776,711.692,242.0840129,204.0855316,1.186189001,0.53785718,39108,222.1961669,0.775209916,0.991510688,0.962030194,0.917847338,0.00624314,0.002733158,0.842443736,0.999297494,5
40821,729.317,249.1711775,208.8272025,1.193193102,0.545536119,41172,227.9800681,0.758430411,0.991474789,0.964408057,0.914953609,0.006103995,0.002638701,0.837140107,0.998869801,5
44042,774.452,266.9780244,210.135433,1.270504553,0.616839608,44538,236.80375,0.773480857,0.988863442,0.922758141,0.886978434,0.006061896,0.002314411,0.786730743,0.99954499,5
42811,752.58,266.8535388,204.8105217,1.302928857,0.641047013,43170,233.4708936,0.778353514,0.99168404,0.949860638,0.874902745,0.006233294,0.002252872,0.765454813,0.997333164,5
34523,673.987,231.9170486,189.734176,1.22232617,0.575058574,34878,209.6569789,0.785863874,0.989821664,0.955026346,0.904017105,0.006717755,0.002767646,0.817246926,0.998942305,5
46028,779.483,262.7993586,223.4295487,1.176206819,0.526474991,46414,242.0840139,0.771453473,0.991683544,0.951959939,0.921174295,0.005709554,0.002536,0.848562082,0.998084506,5
41546,734.502,251.730801,210.2820435,1.197110304,0.549726187,41893,229.9956741,0.77871495,0.991716993,0.967727573,0.913657261,0.006059086,0.002604475,0.83476959,0.999311278,5
35438,677.413,234.4297046,192.6140462,1.217095582,0.570023834,35725,212.4171909,0.767454955,0.99196641,0.97044743,0.906101858,0.006615207,0.002750624,0.821020577,0.999260517,5
40923,737.658,258.0333232,203.1529698,1.270143003,0.616553616,41374,228.2647189,0.816924183,0.989099434,0.945077044,0.884632714,0.006305337,0.002381991,0.782575038,0.993982209,5
41929,742.531,263.701083,202.8752946,1.299818608,0.638841813,42257,231.0533723,0.800171756,0.992237972,0.955641913,0.876194249,0.006289229,0.00228654,0.767716361,0.997892012,5
38837,715.528,253.2922345,195.3822164,1.296393495,0.636386041,39154,222.3708708,0.787960558,0.991903765,0.953240032,0.877922181,0.006521931,0.002389902,0.770747355,0.999191858,5
41274,734.41,258.0502468,203.8045989,1.266164984,0.613381854,41601,229.2415516,0.791933689,0.992139612,0.961632783,0.888360133,0.006252126,0.002401949,0.789183726,0.9992368,5
36278,689.943,246.5483426,187.7492127,1.313179102,0.648152282,36580,214.9199484,0.746153846,0.991744122,0.957694019,0.871715243,0.006796084,0.002420678,0.759887465,0.997868339,5
38118,716.011,259.9242681,186.9186498,1.390574287,0.694878303,38468,220.3028483,0.73011799,0.990901529,0.934330618,0.847565523,0.006818938,0.002170649,0.718367316,0.998943118,5
38172,712.28,255.3327747,190.5454144,1.340010073,0.665651159,38486,220.4588395,0.744093567,0.991841189,0.94548203,0.86341771,0.006689007,0.002293112,0.745490141,0.998964299,5
40646,741.995,253.3851611,204.8299855,1.237051111,0.588669191,41085,227.4908669,0.736861188,0.989314835,0.927738798,0.897806588,0.006233951,0.002498471,0.806056669,0.997133298,5
45623,770.991,270.4839862,215.0498095,1.257773661,0.606536548,46014,241.016613,0.750217881,0.991502586,0.964484131,0.891056866,0.005928676,0.002305468,0.793982338,0.998650072,5
44417,765.401,275.0257092,206.0544958,1.334723167,0.662322309,44758,237.8097577,0.757503923,0.99238125,0.952754559,0.864681918,0.006191902,0.002135155,0.747674819,0.997938903,5
39746,727.669,233.9385415,216.4976009,1.08055951,0.378878349,40185,224.9581715,0.782740557,0.989075526,0.943268964,0.961612268,0.005885839,0.003104474,0.924698155,0.999191385,5
38338,718.737,247.1090982,197.705007,1.249887912,0.599904331,38802,220.9376782,0.764131388,0.988041854,0.932608377,0.894089614,0.00644554,0.002540758,0.799396238,0.999155694,5
35725,684.673,235.1553949,193.9051263,1.212734286,0.565741088,36053,213.2756028,0.765727146,0.990902283,0.957669592,0.906956028,0.006582376,0.002747308,0.822569236,0.997557915,5
35083,687.873,229.6498757,194.93395,1.17809071,0.528664177,35513,211.3505688,0.767613338,0.987891758,0.931729962,0.920316496,0.006545902,0.002896664,0.846982453,0.997822159,5
55191,862.202,297.5859178,236.6141496,1.257684371,0.606462551,55791,265.0874643,0.754408267,0.989245577,0.932953665,0.89079304,0.005391928,0.002094263,0.793512239,0.997987941,5
37539,701.891,239.5729012,199.7187845,1.199551168,0.552300446,37844,218.6232816,0.785055524,0.991940598,0.957531822,0.912554302,0.006381973,0.002730044,0.832755354,0.998932658,5
38848,719.237,260.7438934,189.9817858,1.372467851,0.684924,39210,222.4023602,0.728076916,0.990767661,0.943701157,0.852953284,0.0067119,0.002191423,0.727529305,0.998510582,5
33058,655.511,224.4458788,187.8781612,1.194635275,0.547087283,33320,205.1603102,0.799274662,0.992136855,0.96677736,0.914074748,0.006789457,0.00292376,0.835532645,0.998156772,5
35544,683.35,232.2347035,195.0293809,1.190767783,0.542904715,35949,212.7346384,0.784462591,0.98873404,0.956510555,0.916032941,0.006533724,0.002837821,0.839116349,0.999192714,5
35975,685.086,235.3637924,194.9026697,1.207596555,0.560593502,36307,214.0205425,0.767614049,0.990855758,0.963208888,0.909318041,0.006542426,0.002759191,0.826859299,0.998512441,5
39898,743.961,257.4361065,197.9190711,1.300713999,0.639479058,40460,225.3879131,0.761528478,0.986109738,0.905859099,0.875510107,0.006452356,0.002338529,0.766517947,0.997020624,5
57994,906.71,339.931533,217.4740111,1.563090372,0.768576183,58461,271.7356328,0.787362876,0.992011769,0.886453823,0.799383424,0.005861495,0.001476416,0.639013859,0.998836411,5
31821,649.681,213.7356452,189.9692019,1.125106823,0.458286561,32168,201.2852592,0.772354369,0.989212882,0.947378132,0.941748668,0.006716811,0.003258989,0.886890554,0.997846613,5
45454,777.58,278.065298,208.3350827,1.334702223,0.66230901,45868,240.5698033,0.789954814,0.9909741,0.944695417,0.865155793,0.00611751,0.00211413,0.748494546,0.999017334,5
50695,832.041,302.4101617,213.8232786,1.414299526,0.707149758,51159,254.0607776,0.731571808,0.990930237,0.920207009,0.840119843,0.005965286,0.001833057,0.705801351,0.998214516,5
47720,799.753,293.7524103,207.022057,1.418942573,0.709455578,48085,246.4933895,0.779267436,0.992409275,0.937558862,0.839119547,0.00615575,0.001882592,0.704121614,0.999108136,5
34958,672.491,231.2618911,192.6081255,1.200686059,0.553487963,35254,210.973714,0.797927461,0.99160379,0.971367322,0.912271853,0.006615421,0.002826405,0.832239935,0.999258887,5
43204,781.451,263.3512758,209.8816264,1.254760983,0.604026104,44006,234.5400633,0.729181435,0.981775212,0.88905846,0.890597786,0.00609553,0.002365471,0.793164417,0.995231764,5
35364,683.341,222.2949087,202.8807894,1.09569225,0.408708385,35761,212.1952951,0.79216881,0.988898521,0.951691714,0.9545666,0.00628591,0.003219384,0.911197393,0.998391922,5
37268,714.729,250.0604704,189.9228983,1.31664203,0.650498099,37667,217.8327141,0.751249798,0.989407173,0.916775805,0.871120149,0.00670979,0.002383422,0.758850313,0.999134217,5
39686,715.976,239.5991081,211.2604241,1.134140997,0.471764514,40005,224.7883106,0.780452311,0.992025997,0.97285981,0.938185089,0.006037371,0.002885239,0.880191262,0.998260995,5
36272,724.509,242.8715934,190.5793454,1.274385705,0.619886114,36736,214.9021749,0.780647383,0.987369338,0.868347978,0.884838658,0.006695842,0.00253187,0.782939452,0.997766845,5
38628,720.599,251.4163481,196.6785032,1.278311274,0.622924354,39014,221.771723,0.74025526,0.990106116,0.934813072,0.882089509,0.006508656,0.002430646,0.778081902,0.994630867,5
40842,745.5,245.315108,212.2850518,1.155592944,0.501156588,41338,228.0387017,0.776301534,0.988001355,0.923467402,0.929574634,0.006006442,0.002766522,0.864109,0.998558263,5
37631,744.128,248.899729,192.992721,1.289684542,0.631490749,38388,218.891017,0.750353931,0.980280296,0.854004837,0.879434533,0.00661422,0.002440464,0.773405098,0.9974486,5
34879,689.973,236.1931301,188.3981624,1.253691263,0.603127827,35298,210.7351942,0.769785919,0.988129639,0.920682093,0.892215595,0.006771786,0.002647051,0.796048669,0.99799926,5
37135,696.823,242.7890097,195.1305704,1.244238712,0.595028909,37424,217.443672,0.750611445,0.992277683,0.961055212,0.895607558,0.00653801,0.002594755,0.802112897,0.998019919,5
34113,673.914,221.2423662,196.5103818,1.125855866,0.459431581,34492,208.4083026,0.77466164,0.989011945,0.943888774,0.941990931,0.006485573,0.003150032,0.887346915,0.99902473,5
38179,719.145,250.8627928,194.0046836,1.293075962,0.633979598,38618,220.4790525,0.737672927,0.988632244,0.927687025,0.878883034,0.006570701,0.002418331,0.772435388,0.998817632,5
34246,684.324,229.9085042,189.9911444,1.21010116,0.563116981,34732,208.8141792,0.779558388,0.98600714,0.91895908,0.908249044,0.006713441,0.002818024,0.824916327,0.998232204,5
38677,710.617,248.8307495,198.0754875,1.256242015,0.605263796,38972,221.9123383,0.774298813,0.992430463,0.962479435,0.891820399,0.006433559,0.002510387,0.795343624,0.999144077,5
36336,685.99,238.1356702,194.477831,1.224487485,0.577107476,36612,215.091683,0.764003364,0.992461488,0.97031202,0.903231687,0.006553712,0.002690691,0.81582748,0.998970539,5
41222,748.827,254.8110891,206.3904692,1.23460686,0.58646518,41791,229.0970984,0.722116143,0.986384628,0.923795692,0.899086061,0.006181434,0.002491576,0.808355745,0.998001549,5
37722,699.287,237.2051864,202.8017111,1.169640952,0.51868862,38031,219.1555204,0.798602731,0.991875049,0.96937913,0.92390695,0.006288245,0.002826325,0.853604053,0.998410257,5
33845,670.945,226.3816048,190.5214245,1.188221248,0.540110507,34159,207.5880353,0.763926508,0.990807693,0.944779673,0.916982789,0.006688775,0.002917233,0.840857435,0.999124671,5
38760,709.626,247.1737754,199.9785686,1.236001323,0.587725199,39056,222.1503202,0.769520935,0.992421139,0.96724077,0.89876169,0.006377032,0.002566709,0.807772576,0.998407973,5
40310,729.425,255.4046089,201.238656,1.269162764,0.615776332,40674,226.5486395,0.751659581,0.991050794,0.952053544,0.887018603,0.006336011,0.002419505,0.786802003,0.998579805,5
34441,675.683,228.6978291,191.9152031,1.191660824,0.543876991,34826,209.4078393,0.790874437,0.988945041,0.947980998,0.915652939,0.006640278,0.002879318,0.838420304,0.999112631,5
36606,700.229,246.8871858,188.8914566,1.30703204,0.643920762,36991,215.8893392,0.780012785,0.989592063,0.93817089,0.8744453,0.006744446,0.002432521,0.764654582,0.999428038,5
47735,795.626,273.7960664,222.4660455,1.230731934,0.582926871,48141,246.5321271,0.752324665,0.99156644,0.947608303,0.900422458,0.005735751,0.002325709,0.810760603,0.997828964,5
36059,692.057,237.0532471,193.8591292,1.222811885,0.575520609,36417,214.270261,0.791670326,0.990169426,0.946106031,0.90389085,0.006574038,0.002706923,0.817018669,0.999060138,5
40142,735.881,265.0161237,193.2607067,1.371288185,0.684256607,40542,226.0760531,0.781855011,0.990133689,0.931523233,0.853065278,0.006601966,0.002156662,0.727720368,0.997914342,5
37784,702.271,242.22684,198.8715078,1.218006755,0.570908765,38106,219.3355488,0.801799508,0.991549887,0.962738472,0.905496471,0.006410831,0.002658527,0.819923859,0.998672799,5
34841,675.857,231.9569641,191.6112724,1.210560116,0.563576479,35137,210.620367,0.789079132,0.991575832,0.958497188,0.908014846,0.006657586,0.002791698,0.82449096,0.998095872,5
39215,709.517,244.5157546,204.7266034,1.194352617,0.546784053,39488,223.4504168,0.77324263,0.993086507,0.978895816,0.91384875,0.006235261,0.00268245,0.835119538,0.997427206,5
43753,782.625,269.7175291,206.8390513,1.303997129,0.641799054,44377,236.0255279,0.782491281,0.985938662,0.89765668,0.875084125,0.006164549,0.002229874,0.765772225,0.998564783,5
38944,712.513,248.52265,199.8302719,1.243668678,0.59453102,39279,222.6769877,0.76107094,0.99147127,0.963972923,0.89600279,0.006381539,0.002537129,0.802820999,0.99844333,5
51408,866.227,300.8424616,218.0567255,1.379652294,0.688937967,52127,255.8411588,0.743610143,0.986206764,0.860948432,0.850415721,0.005852055,0.001888049,0.723206898,0.997774056,5
34865,680.0,224.8250921,197.677632,1.137331977,0.476359223,35256,210.6928967,0.793179543,0.988909689,0.947505431,0.937141378,0.006448447,0.003068,0.878233963,0.99884357,5
36396,689.842,231.7670524,200.3144339,1.157016236,0.502990213,36785,215.2691954,0.798665818,0.989425037,0.961090437,0.928817074,0.006367926,0.002923469,0.862701156,0.998159245,5
41117,734.27,248.8671551,210.5372225,1.182057748,0.533210888,41527,228.8051362,0.775792453,0.990126905,0.958340219,0.919386635,0.006052658,0.002667587,0.845271784,0.999160061,5
39989,718.723,247.1612238,206.1444571,1.19897099,0.551691071,40283,225.6448009,0.756064359,0.992701636,0.972808422,0.912945799,0.00618073,0.002648497,0.833470031,0.999306388,5
38066,704.695,236.66274,205.1389633,1.153670352,0.498658155,38393,220.1525301,0.79569398,0.991482822,0.963262663,0.930237392,0.006217169,0.002871756,0.865341606,0.998318955,5
35690,699.055,235.795252,192.902193,1.222356513,0.575087465,36122,213.1711035,0.754768853,0.988040529,0.917769708,0.904051721,0.00660676,0.002722334,0.817309515,0.999043608,5
35403,678.413,233.9865511,192.879318,1.21312411,0.566127097,35713,212.3122691,0.770669163,0.991319688,0.966632975,0.907369539,0.006609229,0.00276355,0.823319481,0.998788713,5
37248,705.116,232.2710332,204.4789927,1.13591636,0.474331137,37661,217.774256,0.781371932,0.989033748,0.941437912,0.937586805,0.006235799,0.002972472,0.879069017,0.998548879,5
34509,668.332,230.3294856,190.9197413,1.206420478,0.559399185,34776,209.6144638,0.783654283,0.992322291,0.970862501,0.910063526,0.006674476,0.002824124,0.828215621,0.999176286,5
39579,721.252,242.0461419,208.4598355,1.161116439,0.508198334,39904,224.4850729,0.769046925,0.991855453,0.956094061,0.927447433,0.006115519,0.002791067,0.860158741,0.998744454,5
45754,771.006,262.5414129,222.1515576,1.181812164,0.532931869,46104,241.3623876,0.786286303,0.992408468,0.967215876,0.919330725,0.005738108,0.002528341,0.845168982,0.998830984,5
46503,780.526,268.3833664,221.3346673,1.212568143,0.565576378,46896,243.3299376,0.757254519,0.991619754,0.959215275,0.90665059,0.005771313,0.002405549,0.822015293,0.996749557,5
41974,754.72,285.4805882,187.5134589,1.522453854,0.754034897,42324,231.1773273,0.803084223,0.99173046,0.926016029,0.809783,0.006801367,0.001804058,0.655748508,0.998346843,5
47397,795.724,276.4688863,218.6554002,1.264404565,0.611963374,47788,245.6577593,0.778505962,0.99181803,0.940666773,0.888554812,0.005833046,0.002242911,0.789529654,0.998284899,5
41389,738.976,257.1531925,205.2238431,1.253037604,0.602577136,41854,229.5606924,0.769240777,0.988889951,0.952432332,0.892700146,0.006213081,0.002433936,0.79691355,0.998562645,5
36361,685.038,234.7907394,197.4200707,1.189295185,0.541292841,36669,215.1656643,0.789426835,0.991600535,0.97368024,0.916414612,0.006457213,0.002809266,0.83981574,0.998788816,5
30834,631.934,217.2278128,180.8974686,1.2008339,0.553642225,31120,198.1390121,0.783682806,0.990809769,0.97027823,0.91212543,0.007045074,0.00300804,0.8319728,0.999061142,5
36109,690.918,236.9183865,194.403861,1.218691776,0.57157185,36461,214.4187649,0.771559829,0.990345849,0.950544188,0.905032184,0.0065612,0.002715308,0.819083255,0.998210026,5
34629,670.997,233.1312208,189.6828749,1.22905782,0.581381107,34915,209.9785994,0.745816373,0.991808678,0.966515131,0.900688456,0.006732254,0.002732994,0.811239696,0.997060492,5
34254,668.704,223.9688286,194.9291861,1.148975344,0.492450072,34575,208.8385677,0.775363303,0.990715835,0.962616531,0.932444792,0.006538472,0.003048938,0.86945329,0.998980392,5
37657,704.416,252.0951069,190.5731441,1.322825985,0.654620894,37993,218.966622,0.747459309,0.991156266,0.953667886,0.868587354,0.006694509,0.002350458,0.754443992,0.997998117,5
37810,712.632,241.1020938,200.0346228,1.205301815,0.558257544,38253,219.4110006,0.797679325,0.988419209,0.935590711,0.910033576,0.006376675,0.002697763,0.828161109,0.998184088,5
43520,760.012,271.0670038,204.7514643,1.323883103,0.655317318,43900,235.3962298,0.792540793,0.991343964,0.946799133,0.868406064,0.006228562,0.002185038,0.754129091,0.998378761,5
41723,741.176,261.3537983,203.7974531,1.282419355,0.626058455,42061,230.4850831,0.774483962,0.991964052,0.954426954,0.881889166,0.006264022,0.002337163,0.7777285,0.997374082,5
37968,709.268,252.1497999,191.899925,1.313965078,0.648687082,38292,219.8689588,0.785306528,0.991538703,0.948433428,0.871977526,0.006641114,0.002368328,0.760344806,0.999066523,5
44220,781.713,264.4764441,213.2033637,1.240489078,0.59173349,44842,237.2818001,0.779756657,0.986129075,0.909355993,0.897175553,0.005980924,0.002390329,0.804923974,0.998499398,5
41827,739.449,254.7888488,209.2691484,1.217517492,0.570434011,42226,230.7721613,0.743591111,0.990550845,0.961280491,0.905738859,0.006091492,0.002528806,0.820362881,0.998806158,5
45428,769.104,265.4741881,218.1533583,1.216915431,0.569848474,45811,240.5009897,0.785136536,0.991639563,0.965080057,0.905929844,0.005843845,0.002428045,0.820708881,0.998733303,5
39334,714.221,241.0411743,208.2253658,1.157597555,0.503735267,39735,223.789196,0.801295632,0.989908141,0.968975389,0.928427256,0.006128062,0.002808629,0.861977169,0.997822664,5
32066,669.313,236.436655,173.2308993,1.364864213,0.680580172,32481,202.058653,0.780878628,0.9872233,0.899489569,0.854599524,0.007373438,0.002426053,0.730340347,0.996815403,5
38866,727.944,250.8229574,197.6335925,1.269131195,0.615751253,39268,222.4538787,0.754914148,0.989762657,0.921687651,0.886896004,0.006453532,0.00246302,0.786584522,0.998278955,5
35672,690.775,241.4564778,188.2509018,1.282631188,0.626218826,36078,213.117341,0.779375137,0.988746605,0.939429298,0.882632526,0.006768796,0.002534025,0.779040176,0.999221227,5
45347,834.011,264.891106,220.2328694,1.202777345,0.555660823,46554,240.2864824,0.793945654,0.974073119,0.819247015,0.907114195,0.005841425,0.002439756,0.822856163,0.989712751,5
40126,730.299,265.7384078,192.4268591,1.38098397,0.689672565,40483,226.0309934,0.784584401,0.991181484,0.945440758,0.850577059,0.006622599,0.002138272,0.723481333,0.999116124,5
44028,768.937,274.5148104,204.5684639,1.341921453,0.66684092,44445,236.7661096,0.779104953,0.990617617,0.935744545,0.862489384,0.006235005,0.002128294,0.743887937,0.998239181,5
40695,730.309,256.9121046,201.8861475,1.27255935,0.61845786,41014,227.6279492,0.759518477,0.992222168,0.958821163,0.886014887,0.006313112,0.002399868,0.785022379,0.998987568,5
39108,717.398,256.096468,194.8200229,1.314528477,0.649069574,39413,223.145361,0.787721312,0.992261437,0.954893962,0.871333223,0.006548442,0.002328385,0.759221586,0.998018395,5
42461,747.718,265.8522749,203.4464715,1.30674311,0.643719708,42808,232.514568,0.759914811,0.991894038,0.954386771,0.874600633,0.006261093,0.002259795,0.764926267,0.99956213,5
41126,746.459,269.4241243,194.6013744,1.384492402,0.691594094,41581,228.8301761,0.770337348,0.989057502,0.927501067,0.849330685,0.006551187,0.002102844,0.721362613,0.998721057,5
46015,775.166,277.2145631,211.5356223,1.310486433,0.646309435,46401,242.0498247,0.785372931,0.991681214,0.962320769,0.873149744,0.006024439,0.002159988,0.762390475,0.999102374,5
33996,663.743,223.0963581,194.3808765,1.147727915,0.490774479,34285,208.0505986,0.764693974,0.991570658,0.969700851,0.932559367,0.00656243,0.003061614,0.869666974,0.998141063,5
44634,774.05,266.8971937,213.6078863,1.249472566,0.599549468,45116,238.3899617,0.738777807,0.989316429,0.93613319,0.893190214,0.005979684,0.002347652,0.797788759,0.996815168,5
36598,691.778,242.298842,192.637272,1.257798346,0.606557,36971,215.8657473,0.774790414,0.989911011,0.961022872,0.890907053,0.006620549,0.002572784,0.793715377,0.998333888,5
32167,654.893,217.960517,188.2047159,1.158103377,0.504381753,32521,202.3766203,0.76059302,0.989114726,0.942496457,0.928501286,0.006775904,0.003106541,0.862114638,0.998417873,5
33168,680.621,234.315548,180.5827539,1.297552191,0.637220052,33542,205.5013606,0.761240274,0.9888498,0.899742964,0.877028274,0.007064506,0.002578196,0.769178593,0.998049369,5
34543,669.456,226.9754434,193.972557,1.170142039,0.51929162,34827,209.7176998,0.786784803,0.991845407,0.968558463,0.923966472,0.006570809,0.002954088,0.853714042,0.99896669,5
35954,710.093,251.6607689,182.0148219,1.382638877,0.690581428,36380,213.9580674,0.794563536,0.988290269,0.896038386,0.85018443,0.006999521,0.0022558,0.722813565,0.999390135,5
45510,778.457,285.0243848,203.5342175,1.400375761,0.700049774,45877,240.7179505,0.782402393,0.992000349,0.943729309,0.844552127,0.006262896,0.001965445,0.713268296,0.998843633,5
36092,690.636,236.3009663,194.6810895,1.213784898,0.566779968,36433,214.3682851,0.769667114,0.990640354,0.950872719,0.907183277,0.006547184,0.00273536,0.822981499,0.998922515,5
34412,667.199,233.9589857,187.3982909,1.248458481,0.598680683,34677,209.319658,0.787459954,0.992358047,0.971424393,0.894685269,0.006798762,0.002687143,0.80046173,0.999343236,5
36166,693.373,226.8299222,203.3922504,1.115233849,0.442693642,36553,214.5879339,0.775428816,0.989412634,0.94531487,0.946030099,0.006271911,0.003098842,0.894972949,0.998104127,5
46568,783.891,275.3549027,216.0214592,1.274664581,0.620103373,46944,243.4999366,0.769973545,0.991990457,0.952326992,0.88431306,0.005912964,0.002230536,0.782009588,0.996799924,5
40446,742.366,264.1369026,195.4214614,1.351626892,0.672772802,41006,226.9304885,0.732876712,0.986343462,0.922251341,0.859139659,0.006530606,0.002194767,0.738120954,0.997664131,5
37970,703.416,246.4983607,196.4891967,1.254513555,0.603818654,38241,219.8747496,0.750039507,0.992913365,0.964330662,0.891992746,0.006491924,0.00253512,0.795651059,0.998155038,5
31768,650.954,220.9594949,183.2920681,1.205504947,0.558465259,32173,201.1175623,0.777674419,0.987411805,0.94210463,0.910201041,0.006955411,0.002944773,0.828465935,0.998719784,5
38159,707.153,247.7144126,196.5599343,1.260248756,0.608577894,38483,220.4212961,0.750599945,0.991580698,0.958914913,0.889820232,0.006491638,0.002510401,0.791780045,0.997839817,5
44901,760.063,256.0665644,223.6304356,1.145043445,0.487130289,45226,239.1019214,0.799007047,0.992813868,0.976712384,0.93374909,0.005702915,0.002674222,0.871887362,0.998348909,5
40736,732.691,249.2940001,208.5599159,1.195311185,0.547810836,41104,227.7425874,0.760141818,0.9910471,0.953556722,0.913550215,0.006119747,0.002629317,0.834573995,0.997575631,5
34850,674.295,230.4335815,192.7521882,1.195491391,0.548003376,35119,210.6475685,0.7725046,0.992340329,0.96319178,0.914135723,0.006612154,0.002848167,0.835644119,0.99900535,5
41786,741.814,253.9086134,210.1799175,1.208053635,0.561056046,42121,230.6590289,0.734608488,0.992046723,0.95422461,0.908433258,0.006076404,0.002552692,0.825250984,0.996947452,5
39245,713.933,242.4137474,206.4400701,1.174257242,0.524188675,39588,223.5358717,0.779134405,0.991335758,0.96756307,0.922125391,0.006176933,0.002754943,0.850315237,0.998488826,5
42209,749.314,262.250085,205.1999236,1.278022332,0.622702181,42613,231.8235707,0.76352158,0.990519325,0.944685465,0.883979011,0.006213132,0.002340228,0.781418892,0.998670794,5
38898,728.258,255.2031052,194.6186372,1.311298388,0.646866882,39279,222.5454376,0.738522878,0.99030016,0.921651232,0.87203264,0.006560828,0.002340289,0.760440926,0.99716496,5
38222,709.963,246.2705253,197.7036161,1.245655139,0.596261316,38555,220.6031774,0.780773788,0.991362988,0.952909903,0.895775802,0.006443162,0.002559034,0.802414288,0.999531481,5
32525,663.914,225.0778556,184.2147342,1.221823306,0.574579254,33000,203.4996712,0.769057978,0.985606061,0.927264249,0.904130132,0.006920149,0.002852456,0.817451295,0.998781044,5
37301,699.032,251.5874622,189.0989626,1.330453953,0.659592776,37579,217.9291359,0.737742529,0.992602251,0.959259756,0.866216202,0.006744791,0.002342359,0.750330508,0.99828019,5
38091,716.472,247.0380998,196.9387892,1.254390264,0.603715212,38511,220.2248113,0.781273716,0.989094025,0.932467691,0.891460918,0.006485472,0.002526565,0.794702569,0.996867165,5
37109,694.219,249.2224252,189.7102258,1.313700535,0.648507236,37369,217.3675373,0.769002818,0.993042361,0.967600589,0.872182899,0.006715956,0.002397275,0.760703009,0.99933595,5
50129,825.083,303.2506787,210.7995845,1.438573417,0.718881056,50553,252.6385266,0.786682778,0.991612763,0.925344882,0.833101274,0.006049406,0.001797561,0.694057732,0.998453004,5
41152,733.392,258.2434721,203.189017,1.270951924,0.617192964,41470,228.9024983,0.788790707,0.992331806,0.96145392,0.886382515,0.006275357,0.002389477,0.785673963,0.998553835,5
44903,772.654,277.1386431,206.6872579,1.340859837,0.666180995,45351,239.1072464,0.736307884,0.990121497,0.94518127,0.862771224,0.00617194,0.002109522,0.744374186,0.998101449,5
38929,715.093,247.637228,200.4703634,1.235280985,0.58707518,39229,222.6340994,0.75030838,0.992352596,0.956660975,0.89903324,0.006361253,0.002563454,0.808260767,0.998429156,5
43828,761.709,268.6600495,208.1461163,1.29072814,0.632259745,44224,236.227735,0.802710623,0.991045586,0.949255983,0.879281216,0.006129872,0.002260177,0.773135457,0.99790769,5
38841,721.773,257.9059406,191.9627768,1.343520576,0.667830795,39169,222.382322,0.787147374,0.991626031,0.936912434,0.862261341,0.006640044,0.002264156,0.743494619,0.99890032,5
46173,792.175,286.6587399,205.4085909,1.395553801,0.697524011,46608,242.4650274,0.782659547,0.990666838,0.924603838,0.845831624,0.006208363,0.001960165,0.715431136,0.998422641,5
41607,756.279,288.94124,183.6813274,1.573057229,0.771932272,41983,230.164458,0.708204255,0.991043994,0.914138888,0.796578772,0.006944534,0.001724796,0.63453774,0.998164178,5
32279,646.556,218.1816038,188.5531418,1.15713587,0.503143726,32623,202.7286345,0.790183599,0.989455292,0.970325944,0.929173821,0.006759243,0.00310789,0.86336399,0.999029442,5
37393,699.759,237.2305761,200.9293747,1.180666473,0.531625954,37751,218.1977229,0.763870731,0.990516808,0.959628611,0.919770657,0.006344251,0.002800776,0.845978062,0.998817935,5
54282,854.73,286.0227064,242.1620824,1.18112094,0.532144817,54824,262.8953955,0.788466846,0.990113819,0.93370097,0.919141696,0.0052692,0.00231982,0.844821457,0.997836314,5
39493,720.349,246.9105923,204.1021982,1.209739995,0.562754758,39854,224.2410519,0.799971642,0.990941938,0.956409924,0.90818725,0.006252009,0.00262362,0.824804081,0.997798486,5
42301,744.344,255.1204803,211.317871,1.207283034,0.560275708,42647,232.076078,0.762729895,0.991886885,0.959429603,0.909672472,0.006031074,0.002547503,0.827504007,0.999031547,5
42586,746.12,247.4483837,219.3118287,1.128294744,0.463124497,42974,232.8565637,0.780950285,0.990971285,0.961300904,0.941030853,0.005810557,0.00281069,0.885539067,0.999149075,5
35781,688.213,240.1784495,189.8509594,1.265089469,0.612516338,36108,213.4426952,0.775706202,0.990943835,0.949328664,0.888683792,0.006712458,0.00258256,0.789758882,0.999115645,5
36976,692.719,242.8508454,194.0600216,1.251421305,0.601209562,37264,216.9776611,0.799377378,0.992271361,0.968312622,0.893460596,0.006567797,0.002581672,0.798271837,0.998974383,5
50124,827.876,291.3830171,219.4732843,1.327646862,0.657777447,50718,252.6259269,0.792850364,0.988288182,0.919020079,0.866989193,0.005813243,0.002026063,0.751670261,0.997952663,5
35408,684.211,241.922654,186.6907132,1.295847286,0.635991732,35765,212.3272611,0.735093838,0.990018174,0.950454118,0.877665888,0.006832429,0.002500759,0.770297412,0.998187811,5
39202,723.947,250.4261713,199.5413702,1.255008779,0.604233668,39642,223.4133761,0.783272393,0.988900661,0.939949547,0.892132699,0.006388097,0.002496141,0.795900753,0.998862432,5
34971,673.194,235.0015866,189.6894581,1.238875312,0.590300279,35269,211.0129383,0.782454021,0.991550654,0.969700104,0.897921335,0.006719899,0.002694608,0.806262723,0.998858983,5
44478,772.434,259.7576665,218.7177415,1.187638756,0.539466792,44910,237.9729995,0.786608659,0.990380762,0.936768656,0.916134652,0.005840138,0.002537699,0.839302701,0.996788416,5
40822,732.103,260.5621947,199.6645625,1.304999703,0.642502367,41171,227.9828605,0.784148754,0.99152316,0.957105406,0.87496523,0.006382887,0.002307598,0.765564153,0.999060992,5
43165,755.211,271.8091504,202.578644,1.341746321,0.666732207,43482,234.4341804,0.755729468,0.992709627,0.951053603,0.862495542,0.00629698,0.00214951,0.74389856,0.998123156,5
39014,709.353,241.7751437,205.6539583,1.175640603,0.525813172,39295,222.8770235,0.762438929,0.992848963,0.974328764,0.921835968,0.006197138,0.002760486,0.849781551,0.999037696,5
38928,717.454,252.3058054,196.6759571,1.282850274,0.626384561,39271,222.6312399,0.801713485,0.99126582,0.950350556,0.882386513,0.006481345,0.002423708,0.778605959,0.998834867,5
35602,688.378,240.6556265,188.5903078,1.276076323,0.621199848,35941,212.9081358,0.780916868,0.990567875,0.944126734,0.884700428,0.00675961,0.002554385,0.782694847,0.998778363,5
36911,690.768,229.5186145,204.9146295,1.120069441,0.450449738,37249,216.786865,0.777090044,0.990925931,0.972078313,0.944528467,0.006218163,0.003052826,0.892134024,0.999252058,5
51426,879.177,300.8312456,217.9846705,1.380056886,0.689161461,52169,255.885945,0.740731138,0.985757826,0.836064866,0.850596302,0.005849789,0.001888922,0.723514069,0.998490572,5
50771,830.882,302.1716806,214.4716633,1.408911909,0.704435929,51286,254.2511454,0.742428895,0.989958273,0.924159389,0.841412884,0.005951659,0.001840155,0.707975642,0.997475314,5
41923,731.342,250.714385,213.0186626,1.176959718,0.527352253,42167,231.03684,0.787286385,0.994213484,0.984965881,0.921514096,0.005980354,0.002660202,0.84918823,0.99946034,5
35704,683.565,241.104352,188.6546976,1.278019339,0.622699879,35994,213.2129093,0.766311813,0.991943102,0.960211941,0.884317963,0.006752867,0.002547427,0.782018259,0.999434459,5
35414,680.978,237.1379832,190.3678563,1.245682899,0.596285403,35729,212.3452501,0.764749071,0.991183632,0.959662852,0.895450181,0.006696165,0.002655655,0.801831027,0.998827199,5
42219,740.738,263.2039537,204.6313396,1.286234818,0.62892866,42512,231.8510305,0.775628307,0.993107828,0.966915578,0.880879741,0.006234254,0.002315425,0.775949117,0.998052771,5
44353,758.998,256.4685192,220.3236834,1.164053338,0.51186288,44767,237.6383671,0.774454339,0.990752117,0.967501399,0.92657909,0.005782439,0.002629183,0.85854881,0.999396608,5
33089,663.915,217.3358221,194.2070489,1.119093377,0.448903019,33466,205.2564817,0.774410223,0.988734835,0.94334064,0.944420849,0.00656822,0.003223218,0.891930741,0.998153785,5
33993,669.092,219.7505747,197.0923214,1.114962639,0.442251584,34299,208.0414186,0.778228022,0.991078457,0.954174231,0.946716153,0.006464583,0.003203313,0.896271473,0.999309207,5
42030,745.326,256.8478441,208.924403,1.22938173,0.581680997,42433,231.3314896,0.778765981,0.990502675,0.950772718,0.900655758,0.00611106,0.002480457,0.811180794,0.997250847,5
44019,761.71,277.3292487,202.3444951,1.370579657,0.683854616,44351,236.7419091,0.769038593,0.992514261,0.953390284,0.853649264,0.006300217,0.002063731,0.728717066,0.998764787,5
44564,761.869,267.5093662,212.5174328,1.25876434,0.607355885,44905,238.2029535,0.759234019,0.992406191,0.964791401,0.890447153,0.006002813,0.002327915,0.792896133,0.998069377,5
34600,673.252,231.4349165,190.4578223,1.215150492,0.568123459,34919,209.8906578,0.777790266,0.990864572,0.959247461,0.906910077,0.00668887,0.00279119,0.822485887,0.99944413,5
40688,732.945,258.7484843,200.4328103,1.290948742,0.632421942,41046,227.6083711,0.798539831,0.991278078,0.951773117,0.879651031,0.006359332,0.002348729,0.773785937,0.998917982,5
46918,790.933,281.7664015,212.6099018,1.325274124,0.656230058,47341,244.4132831,0.718059382,0.991064828,0.942475269,0.867432319,0.006005508,0.002097355,0.752438828,0.997187709,5
56201,881.138,339.0068474,211.7934967,1.600648049,0.780827278,56601,267.5020293,0.784886319,0.992932987,0.90963266,0.789075593,0.006032043,0.001442509,0.622640292,0.996627969,5
44290,764.47,266.3331823,212.346134,1.254240787,0.603589734,44661,237.4695337,0.779040315,0.991692976,0.952345754,0.891625789,0.006013393,0.00234439,0.794996547,0.997117095,5
42642,753.58,258.8641831,209.9032861,1.233254552,0.585236563,43052,233.009615,0.780845999,0.990476633,0.943601673,0.900123038,0.006070639,0.002458225,0.810221484,0.999209333,5
51013,826.986,279.1888496,233.0075017,1.198196828,0.550875519,51500,254.8563691,0.767782427,0.990543689,0.937334093,0.912845802,0.005472896,0.002344157,0.833287457,0.998442389,5
41931,747.385,261.5048843,204.451655,1.279054867,0.623495059,42345,231.0588829,0.779966518,0.990223167,0.943314107,0.883573871,0.006236553,0.002344746,0.780702785,0.998561697,5
45650,772.065,261.4591461,222.5587218,1.174787238,0.524812328,46028,241.0879201,0.754957249,0.991787608,0.96237186,0.92208639,0.005727473,0.002554049,0.85024331,0.99885499,5
35259,677.828,234.8896338,191.2971925,1.227878103,0.580285549,35577,211.8800441,0.752240143,0.991061641,0.964363679,0.902040847,0.006661835,0.002720686,0.813677689,0.999097017,5
45073,782.275,270.1065059,212.858481,1.268948762,0.615606268,45552,239.5594415,0.793315263,0.989484545,0.925566072,0.886907335,0.005992645,0.002287238,0.786604622,0.998160961,5
34747,672.202,234.5404192,188.725983,1.242756379,0.593731888,35043,210.3360513,0.78414425,0.991553235,0.966334706,0.896800867,0.006749947,0.002693173,0.804251795,0.999489048,5
38512,710.718,246.2116357,199.4479802,1.234465425,0.586336991,38880,221.4384821,0.757662798,0.990534979,0.958101031,0.899382685,0.006393115,0.002580301,0.808889215,0.998545769,5
35083,685.515,227.9847727,196.1941843,1.162036344,0.509351984,35477,211.3505688,0.782700846,0.988894213,0.938150821,0.927038093,0.00649844,0.002960596,0.859399625,0.998653599,5
37606,700.716,229.643827,209.019182,1.098673456,0.414194161,37942,218.8182952,0.785733687,0.991144378,0.96246055,0.95285947,0.006106574,0.003105223,0.907941169,0.997530862,5
35598,694.499,245.397668,185.3486365,1.323978814,0.655380254,36045,212.896175,0.753636075,0.987598835,0.927453647,0.86755582,0.00689358,0.002408875,0.7526531,0.996496759,5
36453,687.95,239.7786797,193.7050328,1.237854671,0.589389131,36717,215.4376966,0.7583316,0.99280987,0.967897548,0.898485624,0.006577749,0.002644244,0.807276416,0.999290883,5
41301,754.588,278.0400871,189.3976816,1.468022654,0.732108166,41711,229.3165202,0.784593465,0.990170459,0.911487343,0.82476064,0.006732042,0.001921491,0.680230113,0.998593216,5
40884,733.137,249.6225809,208.7019391,1.196072169,0.548622855,41251,228.1559238,0.755809439,0.991103246,0.955857094,0.914003545,0.00610563,0.002628462,0.835402479,0.999201656,5
37092,706.388,238.3472402,198.4091776,1.201291408,0.554118968,37492,217.3177425,0.793785311,0.989331057,0.934121761,0.911769493,0.00642584,0.002739365,0.831323609,0.998661909,5
40388,729.945,261.2279958,197.1404288,1.325085866,0.656106772,40719,226.7677198,0.784537685,0.991871117,0.952537178,0.868083526,0.006467961,0.002265652,0.753569009,0.998543642,5
38489,707.978,244.1193992,200.9500838,1.214826063,0.567804979,38782,221.3723489,0.78887067,0.992444949,0.964954791,0.906819981,0.006342576,0.002645634,0.822322477,0.998978778,5
40587,746.02,262.969584,196.7418707,1.336622362,0.663524591,41053,227.3256989,0.777528736,0.98864882,0.916422776,0.864456244,0.006479158,0.002231878,0.747284598,0.998837305,5
40150,722.163,251.2671837,203.6652507,1.233726337,0.585665946,40443,226.0985797,0.765855985,0.992755236,0.96744202,0.899833302,0.006258211,0.002530919,0.809699972,0.99894818,5
38222,715.843,246.2234895,198.2120835,1.242222397,0.593262827,38662,220.6031774,0.757936901,0.988619316,0.937319619,0.895946922,0.006441931,0.002560501,0.802720886,0.997157863,5
38134,717.612,247.7518689,196.2718315,1.262289484,0.610246874,38522,220.3490794,0.778403756,0.989927833,0.930556702,0.889394217,0.006496876,0.002507619,0.791022073,0.998498844,5
38347,705.936,245.5716781,199.1923397,1.232836958,0.584855824,38686,220.9636097,0.77801899,0.99123714,0.966964651,0.899792726,0.006403935,0.002589385,0.80962695,0.998138026,5
32729,656.679,214.2657207,194.793825,1.099961565,0.416528466,33066,204.1368587,0.769153036,0.989808262,0.953753937,0.952727566,0.006546663,0.003327167,0.907689816,0.998423911,5
35412,675.129,228.0033684,197.9427918,1.151864973,0.496289109,35693,212.3392539,0.795918367,0.992127308,0.976307876,0.931298758,0.006438591,0.002987629,0.867317377,0.999032507,5
42302,748.595,263.1169071,205.0787113,1.283004489,0.626501145,42695,232.0788211,0.760923138,0.990795175,0.948586459,0.8820369,0.006219964,0.00232228,0.777989093,0.998163499,5
38723,716.994,254.2911515,194.5626858,1.306988288,0.643890329,39073,222.0442634,0.755231798,0.991042408,0.94655928,0.873189106,0.006566928,0.002354915,0.762459215,0.996525264,5
39698,742.795,251.1406602,201.8931814,1.243928391,0.594757999,40263,224.822293,0.745082583,0.985967265,0.904150128,0.895204675,0.00632628,0.00250621,0.80139141,0.996873527,5
47107,792.499,284.3996312,211.2066345,1.346546863,0.669690487,47479,244.9050739,0.795457616,0.992164957,0.942535823,0.861130069,0.006037311,0.002047851,0.741544995,0.998525087,5
44141,765.323,271.778025,207.1410008,1.312043603,0.647377176,44515,237.0697508,0.797488708,0.991598338,0.947027306,0.87229183,0.006157043,0.002198868,0.760893037,0.998324842,5
37248,703.557,249.1520443,190.7067662,1.306466725,0.643527199,37633,217.774256,0.735981031,0.989769617,0.945614767,0.874061686,0.006689005,0.002408295,0.763983832,0.998119454,5
34027,670.16,231.6577053,187.4123657,1.236085487,0.587801025,34334,208.1454347,0.778507367,0.991058426,0.952086748,0.898504258,0.006808056,0.002737054,0.807309902,0.997904053,5
60966,988.175,387.2990467,209.459412,1.849041029,0.841137785,63362,278.6114177,0.616503185,0.962185537,0.784566646,0.719370265,0.006352706,0.001049418,0.517493578,0.956866857,4
57531,960.364,406.3091754,180.6903526,2.24864897,0.895673883,58025,270.648747,0.79423215,0.991486428,0.78386278,0.666115272,0.007062439,0.000857693,0.443709556,0.997747036,4
60049,941.57,361.8765627,218.028992,1.659763499,0.798122297,61976,276.508158,0.700279883,0.968907319,0.851158456,0.764095237,0.006026355,0.001267139,0.583841531,0.969038863,4
59965,967.751,403.7273914,190.3505311,2.120968032,0.881875244,60695,276.3146925,0.750763722,0.98797265,0.804600771,0.68440908,0.006732717,0.000911241,0.468415789,0.993494914,4
57141,945.44,370.0875312,198.5954679,1.863524556,0.843825571,58117,269.7298293,0.699828536,0.983206291,0.803322175,0.728827119,0.006476742,0.001127287,0.53118897,0.98988369,4
62517,1011.37,404.4650897,198.3090131,2.039569878,0.87155404,63535,282.1331541,0.626736842,0.983977335,0.76804711,0.697546367,0.006469682,0.000944833,0.486570935,0.992395422,4
49426,893.226,361.0223466,175.0976048,2.061834866,0.874511437,49964,250.8607935,0.601487106,0.989232247,0.778471319,0.694862232,0.0073043,0.001050396,0.482833521,0.995522989,4
53032,941.666,368.5543167,188.2721868,1.95756114,0.85967597,55428,259.8508025,0.759237784,0.95677275,0.751543443,0.705054291,0.006949659,0.001059335,0.497101553,0.973106683,4
62597,979.535,393.4906691,203.4969369,1.933644187,0.855889811,63249,282.3136125,0.640483353,0.989691537,0.819829359,0.717459484,0.006286095,0.001027425,0.514748111,0.995339693,4
45470,842.281,339.4060381,173.5649996,1.955498165,0.859355504,46378,240.6121404,0.625017182,0.980421752,0.805417033,0.708921213,0.007464395,0.001162964,0.502569287,0.982773318,4
50973,901.106,347.3629702,189.5035976,1.833015175,0.838078784,51881,254.7564313,0.7746892,0.98249841,0.788857022,0.733401235,0.006814646,0.001216157,0.537877372,0.985937384,4
55046,946.19,376.8101519,187.0892505,2.014066286,0.868032152,55800,264.7390111,0.665095935,0.986487455,0.772643085,0.702579295,0.006845368,0.001028864,0.493617666,0.9941787,4
55314,921.142,378.8703414,186.5047413,2.031424718,0.870445188,55873,265.38269,0.740838959,0.989995168,0.819203426,0.700457811,0.006849448,0.001017099,0.490641145,0.99670055,4
41237,799.829,325.4126485,162.9457238,1.997061604,0.865600242,41914,229.138777,0.637554113,0.983847879,0.810032854,0.704148342,0.007891278,0.001196696,0.495824888,0.990192846,4
55381,914.969,363.1423524,194.4983503,1.867071633,0.844473023,55974,265.543366,0.76521631,0.989405796,0.831300224,0.731237666,0.006557165,0.001156459,0.534708523,0.998339116,4
48148,880.077,356.7759132,173.1598254,2.060385037,0.874322074,48911,247.5963198,0.591498771,0.984400237,0.781172189,0.693982723,0.007409984,0.001060209,0.48161202,0.9923062,4
42780,801.214,322.594105,169.394536,1.904394986,0.851039823,43293,233.3863486,0.800763702,0.988150509,0.837439778,0.723467494,0.007540769,0.001274299,0.523405215,0.996770266,4
59314,973.235,401.5320004,189.1397585,2.122938104,0.882109025,60033,274.8107173,0.602453938,0.988023254,0.786921913,0.68440552,0.006769599,0.000916214,0.468410915,0.99440738,4
49106,891.917,369.0260417,170.8577363,2.159843913,0.88636015,49927,250.0473977,0.761935794,0.983555992,0.775703123,0.677587404,0.007514887,0.000977155,0.45912469,0.991637668,4
61150,988.821,411.7081065,190.1822093,2.164808727,0.886914003,61889,279.0315361,0.608022114,0.988059267,0.785906649,0.677741176,0.006732757,0.00087625,0.459333101,0.994368306,4
50702,910.362,379.5664218,171.5962551,2.211973809,0.891974902,51298,254.0783174,0.723487443,0.988381613,0.768788206,0.669390923,0.007486222,0.000927175,0.448084208,0.991150532,4
33518,702.956,277.5713992,154.3055806,1.798842259,0.831240405,34023,206.5827753,0.808383378,0.9851571,0.852376909,0.744250942,0.008281264,0.001567307,0.553909465,0.996395753,4
40804,790.802,323.4756481,163.2877166,1.981016422,0.863241374,41636,227.9325918,0.787569967,0.980017293,0.819930582,0.704636015,0.007927547,0.00120553,0.496511914,0.983598255,4
55145,930.03,365.7450534,198.0564098,1.846671127,0.840691128,56953,264.9769701,0.78501573,0.968254526,0.801165223,0.724485451,0.006632425,0.001127122,0.524879169,0.969279207,4
51317,885.452,359.4584548,182.9682328,1.964594888,0.860760137,51864,255.6146195,0.769774244,0.989453185,0.822509792,0.711110328,0.007004666,0.00110488,0.505677898,0.993452214,4
60733,1004.11,409.1103494,189.7280564,2.156298637,0.885962097,61522,278.0785092,0.607944023,0.987175319,0.756958402,0.679715166,0.006736212,0.000886959,0.462012707,0.996237371,4
62444,994.226,408.4175499,198.2154803,2.060472519,0.874333512,63676,281.968385,0.649416561,0.980652051,0.79383519,0.690392431,0.006540541,0.000916595,0.476641708,0.982107141,4
47468,880.635,357.7413431,170.0492761,2.103751049,0.87980142,48071,245.8416863,0.64215368,0.987456055,0.769163937,0.68720513,0.007536474,0.001036797,0.472250891,0.993498308,4
50181,880.94,365.2980956,175.4863836,2.081632137,0.877053739,50724,252.7695266,0.743973314,0.989295008,0.812562013,0.691954132,0.00727961,0.001029431,0.478800521,0.996686551,4
56450,961.485,387.7501457,186.3026784,2.081291311,0.877010646,57305,268.0939617,0.638610781,0.985079836,0.767341671,0.691409055,0.006868913,0.000968296,0.478046481,0.994953987,4
54861,912.768,361.7302884,195.3273283,1.851918477,0.84167748,55665,264.2937658,0.831718743,0.985556454,0.82747098,0.730637644,0.006593578,0.001159068,0.533831367,0.988612173,4
43693,817.646,328.2848725,170.7242787,1.922895062,0.854136318,44262,235.8636374,0.802914477,0.987144729,0.821279714,0.718472452,0.007513443,0.001234978,0.516202665,0.992603555,4
60211,999.348,403.1209024,191.7422495,2.102410415,0.879637589,61166,276.8808882,0.606171348,0.984386751,0.757621357,0.686843293,0.006695137,0.000919115,0.471753709,0.991819912,4
50901,914.398,375.1159724,173.7367032,2.159106081,0.886277484,51573,254.5764444,0.602949538,0.986969926,0.765007413,0.678660636,0.007369521,0.000964339,0.460580259,0.994441638,4
49783,911.096,374.9938875,171.0159513,2.192742166,0.88995417,50523,251.7651371,0.850744228,0.985353205,0.753637757,0.671384642,0.007532569,0.000944079,0.450757338,0.988394622,4
48401,887.573,366.9005057,172.5478749,2.12636931,0.882514497,49563,248.2459812,0.693424069,0.976555091,0.772068855,0.676602996,0.007580432,0.000979962,0.457791614,0.973434038,4
45554,854.451,358.5586783,162.2078287,2.210489353,0.891820963,46189,240.8342879,0.702343509,0.986252138,0.784083034,0.671673292,0.007871069,0.000988202,0.451145011,0.997251244,4
48877,869.699,351.7130231,177.713433,1.979102069,0.862955663,49474,249.4636832,0.734650013,0.987933056,0.812038208,0.709281905,0.00719588,0.001123412,0.503080821,0.995648295,4
33263,719.325,271.3390351,158.5661122,1.711204439,0.811477467,34108,205.7954494,0.672740879,0.975225753,0.807831848,0.758443949,0.008157383,0.00166504,0.575237224,0.984348492,4
64227,1019.089,426.1913065,193.5193988,2.202318265,0.890967552,64941,285.9656557,0.842210858,0.989005405,0.777147176,0.670979561,0.006635703,0.000829667,0.450213571,0.991513571,4
57428,950.056,387.7882355,191.0338698,2.02994493,0.870242148,58271,270.4063619,0.661917935,0.985533113,0.799530703,0.697304191,0.006752599,0.000984781,0.486233135,0.987026487,4
65091,1022.129,420.5230297,198.3662108,2.119932765,0.881752106,65894,287.8826761,0.596027764,0.987813761,0.782923605,0.684582427,0.00646054,0.000875289,0.468653099,0.99351306,4
61505,982.866,395.7615143,203.3704923,1.946012471,0.857867277,63731,279.8403084,0.653474288,0.965071943,0.800076774,0.707093283,0.006434623,0.000992224,0.499980911,0.972969088,4
66146,1055.432,406.811607,207.7091593,1.958563639,0.859831291,67090,290.206311,0.636968559,0.985929349,0.746196032,0.713367824,0.006150207,0.00098248,0.508893653,0.996700604,4
54781,918.288,373.1675194,187.5421295,1.989779684,0.864537565,55385,264.1009949,0.618574977,0.98909452,0.816360535,0.707727713,0.006811988,0.001054189,0.500878515,0.996637894,4
72835,1074.908,434.1313881,219.2406024,1.980159621,0.863113613,75191,304.5265214,0.605696466,0.968666463,0.792149949,0.701461654,0.005960478,0.000890177,0.492048451,0.974334475,4
50861,902.832,378.0390217,172.0658543,2.197060092,0.890412894,51490,254.4763967,0.590445786,0.987784036,0.784117003,0.67314849,0.007432788,0.000941402,0.45312889,0.9955514,4
48623,896.599,360.6307342,173.7178725,2.075956429,0.876333064,49603,248.8146426,0.591024566,0.98024313,0.760072666,0.689942978,0.007416875,0.001036701,0.476021312,0.988199504,4
52907,930.83,364.183911,186.4900848,1.952832567,0.858939744,53810,259.5443789,0.602887552,0.983218733,0.767330139,0.712673929,0.006883473,0.001095345,0.507904129,0.991851725,4
54825,929.507,384.1827162,182.747826,2.102256013,0.879618698,55405,264.2070363,0.816321973,0.989531631,0.797412749,0.687711928,0.007007437,0.000966864,0.472947695,0.994257137,4
54982,916.327,373.1166089,188.3618504,1.980850199,0.863216602,55548,264.5850651,0.75978719,0.989810614,0.822866592,0.709121649,0.006786159,0.00105849,0.502853514,0.996077482,4
37503,766.505,308.1607301,155.3628758,1.983490126,0.863609203,38070,218.5184263,0.676949458,0.985106383,0.802132087,0.709105363,0.008216962,0.001281546,0.502830416,0.997359164,4
47512,839.433,312.732286,200.959732,1.556193786,0.766207285,49837,245.9556002,0.787927032,0.953347914,0.847307596,0.786473323,0.006582175,0.001553407,0.618540288,0.962568552,4
72525,1082.139,429.6596442,216.0151576,1.989025441,0.864426753,73699,303.8777682,0.617633533,0.98407034,0.778272174,0.707252292,0.005924297,0.000914353,0.500205805,0.994922071,4
56849,988.944,411.5627193,176.2822485,2.33468045,0.90362516,57601,269.0397645,0.570274961,0.986944671,0.730447982,0.653702952,0.007239577,0.000815483,0.427327549,0.997673275,4
58072,965.068,401.4215223,185.4722379,2.164321339,0.886859816,58805,271.9183091,0.815766924,0.987535074,0.783539358,0.677388466,0.00691248,0.000897769,0.458855134,0.993109957,4
48918,873.66,356.6948346,175.3600489,2.034071254,0.870807094,49448,249.5682914,0.615320755,0.98928167,0.80536667,0.699668925,0.007291689,0.001077899,0.489536604,0.995752334,4
66708,1038.033,396.2373656,219.8449661,1.802349049,0.831962753,68860,291.4365515,0.622473546,0.968748185,0.777974681,0.735510017,0.005939878,0.001072288,0.540974985,0.97502575,4
59564,949.712,387.9881268,196.8862562,1.970620673,0.861678652,60153,275.3892522,0.802208754,0.990208302,0.829869623,0.709787834,0.006513802,0.001019832,0.50379877,0.992796271,4
57311,953.118,373.2428761,196.5679635,1.898798103,0.850082877,58213,270.1307675,0.6401604,0.984505179,0.792783326,0.723739915,0.006512587,0.001102208,0.523799465,0.99458943,4
55884,950.102,379.6658949,189.1344091,2.007386687,0.867085054,56691,266.746544,0.597229941,0.985764936,0.777959312,0.702582317,0.006793821,0.001021134,0.493621912,0.990890054,4
52266,886.528,359.5803838,186.1317189,1.931859793,0.855600997,52802,257.9673197,0.818600426,0.989848869,0.835688093,0.717412104,0.006879814,0.001124168,0.514680127,0.994289843,4
52199,919.891,383.7124413,174.2700127,2.201827127,0.890915927,52840,257.801922,0.696209454,0.987869039,0.775174196,0.671862297,0.007350954,0.000923942,0.451398946,0.993902443,4
40074,783.028,325.4723144,157.6263883,2.064833928,0.874901751,40557,225.8844871,0.820768049,0.988090835,0.821330544,0.694020588,0.008121783,0.001162306,0.481664577,0.99455736,4
65521,1015.78,403.4499947,207.3342861,1.945891354,0.857848117,66400,288.8320069,0.795679207,0.986762048,0.797978271,0.715905343,0.006157568,0.000997726,0.51252046,0.997309132,4
48761,883.692,368.3732966,169.4301711,2.174189486,0.887949213,49263,249.1674807,0.718870706,0.989809796,0.784658387,0.676399411,0.007554671,0.000975457,0.457516163,0.99472683,4
40769,812.578,329.6831125,158.2840497,2.082857452,0.877208474,41473,227.8348152,0.704419794,0.983025101,0.775907238,0.691072143,0.008086613,0.001137732,0.477580707,0.994732535,4
45131,840.075,347.6025547,167.3656562,2.076904919,0.876453952,45781,239.7135246,0.727039871,0.98580197,0.80361623,0.689619571,0.00770208,0.001074549,0.475575153,0.987724374,4
55475,971.678,380.8088093,186.731661,2.039337129,0.871522558,56330,265.7686282,0.665574872,0.984821587,0.738350265,0.697905673,0.006864512,0.001004561,0.487072328,0.993304683,4
51552,916.781,386.7688482,170.0737636,2.274124122,0.898130146,52084,256.1992291,0.584980596,0.989785731,0.770768885,0.662409163,0.007502499,0.000891027,0.4387859,0.997853599,4
51478,899.728,372.0821857,176.8809099,2.103574579,0.879779875,52176,256.0152833,0.787908472,0.986622202,0.799114585,0.688061114,0.007227984,0.000999321,0.473428097,0.99589131,4
50701,917.335,373.3353063,174.5116722,2.139314245,0.884025059,51402,254.0758118,0.578019723,0.986362398,0.757130012,0.680556614,0.00736347,0.00097436,0.463157305,0.990839019,4
51515,896.279,375.9801827,174.9073548,2.149596185,0.885203683,52000,256.1072727,0.804293521,0.990673077,0.805855411,0.681172265,0.00729846,0.000969257,0.463995655,0.99740329,4
53527,946.749,392.3779286,174.0838971,2.253958782,0.896193283,54321,261.0607077,0.613166697,0.985383185,0.750434959,0.665329746,0.007330467,0.000886052,0.442663671,0.997745669,4
61349,997.884,408.1775015,192.8648759,2.116391072,0.881329348,62060,279.4851925,0.832912458,0.988543345,0.774207249,0.68471484,0.006653368,0.000902112,0.468834412,0.992236963,4
58706,952.554,376.1521502,200.3910905,1.877090191,0.846279313,59417,273.3986114,0.611852253,0.988033728,0.813042306,0.726829851,0.006407389,0.001103041,0.528281633,0.991632271,4
57366,956.177,390.7171442,188.4237235,2.073609082,0.876033103,58224,270.2603554,0.608657825,0.985263809,0.788474853,0.691703345,0.006810953,0.000961761,0.478453517,0.992125558,4
52425,902.771,363.5620574,184.3698847,1.971916715,0.861874982,53064,258.3594069,0.813699013,0.987957938,0.808338202,0.710633581,0.006934899,0.001090945,0.505000087,0.995818113,4
39931,785.747,320.9856849,159.5821638,2.011413289,0.867657238,40451,225.481104,0.805255304,0.987144941,0.812745526,0.702464672,0.008038509,0.001207406,0.493456616,0.992545195,4
55246,926.565,363.2898268,194.0522279,1.872123967,0.845388038,55923,265.2195164,0.74315308,0.987894069,0.80864689,0.73004939,0.006575858,0.001152235,0.532972112,0.997789864,4
59605,1001.665,399.3457097,196.1110647,2.036324214,0.871113951,62307,275.484016,0.778326217,0.956634086,0.746530504,0.689838426,0.006699869,0.000935913,0.475877055,0.969039969,4
50634,892.392,366.2751157,177.0268292,2.069037317,0.875445659,51401,253.9078792,0.718895972,0.985078111,0.798988934,0.693216296,0.007233778,0.001030434,0.480548834,0.99427347,4
52097,891.916,350.5119926,196.4888193,1.783877545,0.828102579,54156,257.5499186,0.719969596,0.961980205,0.822952312,0.734782045,0.006728065,0.001209774,0.539904653,0.963123787,4
56906,949.645,392.1080118,185.1701016,2.117555741,0.881468627,57496,269.1746079,0.813872998,0.989738417,0.792949175,0.686480765,0.006890451,0.000943932,0.471255841,0.997910511,4
54515,937.25,367.2654562,191.910564,1.913732358,0.852615318,55802,263.4590173,0.706802889,0.976936311,0.779857014,0.71735311,0.006736962,0.001100464,0.514595485,0.984798031,4
50253,872.982,354.0748474,181.3556334,1.952378543,0.858868738,50859,252.9507993,0.641604106,0.988084705,0.828631196,0.714399233,0.007045845,0.001132079,0.510366264,0.996428142,4
64697,1007.552,398.9407032,208.7410328,1.911175287,0.852186447,65497,287.0100675,0.784510356,0.9877857,0.800864546,0.719430394,0.006166294,0.001018965,0.517580093,0.989186282,4
43533,820.623,333.7998456,167.4809878,1.993061123,0.865018041,44179,235.4313851,0.81696881,0.985377668,0.812346083,0.705307052,0.007667743,0.00117047,0.497458038,0.991464275,4
41857,799.297,317.5037187,169.3315803,1.875041372,0.845912589,42538,230.854906,0.7046633,0.983990785,0.823306599,0.72709355,0.007585439,0.001307741,0.528665031,0.991268804,4
37454,772.679,297.6274753,162.1493177,1.835514817,0.838561934,38113,218.3756257,0.801669521,0.982709312,0.788333264,0.733721326,0.00794648,0.001420624,0.538346984,0.988143865,4
57948,969.322,396.5740546,186.8907844,2.121956178,0.881992593,58675,271.6278431,0.691066509,0.987609715,0.77501869,0.684935991,0.006843619,0.000929107,0.469137312,0.995488817,4
64492,999.141,389.7986798,216.4386871,1.80096583,0.831678409,66228,286.5549942,0.644958698,0.973787522,0.811824489,0.735135877,0.00604414,0.001088892,0.540424757,0.973286522,4
58887,946.704,384.1179233,195.8522646,1.96126363,0.860248288,59391,273.8197529,0.629053967,0.991513866,0.825659286,0.712853362,0.006522966,0.001039024,0.508159915,0.99663556,4
59471,957.54,361.3700973,211.6221386,1.707619532,0.810592557,60328,275.1741793,0.668965129,0.985794324,0.815081911,0.76147468,0.006076409,0.001260226,0.579843689,0.990152409,4
47937,853.142,337.1537579,184.1836671,1.830530161,0.83759622,48712,247.0532009,0.805474342,0.984090163,0.827633517,0.732761226,0.007033268,0.001250797,0.536939014,0.98288306,4
54983,941.046,376.9001653,187.4134185,2.011062859,0.867607593,55651,264.5874711,0.694229798,0.987996622,0.780219122,0.702009432,0.006854849,0.00102695,0.492817243,0.991086454,4
59944,997.437,401.0324375,191.9145798,2.089640287,0.878059615,60967,276.266305,0.60184739,0.983220431,0.757154721,0.688887679,0.006690118,0.00092941,0.474566234,0.991672721,4
58248,958.961,384.6793719,193.4503333,1.988517494,0.864352047,58831,272.3300516,0.679276968,0.990090259,0.795955873,0.707940356,0.006604164,0.001023256,0.501179548,0.996604298,4
55388,934.878,385.6247335,184.2763131,2.092644068,0.878433641,56017,265.5601474,0.730712401,0.988771266,0.796371424,0.688649157,0.006962243,0.000965875,0.474237661,0.992410628,4
53181,961.414,390.3221814,175.6367648,2.222326185,0.893039163,54343,260.215588,0.653361345,0.978617301,0.723011957,0.666668717,0.007339504,0.000894307,0.444447178,0.987706603,4
47601,853.375,345.5426622,176.6475883,1.956113103,0.859451148,48195,246.1858557,0.71117386,0.98767507,0.821383754,0.712461536,0.007259147,0.001153748,0.50760144,0.992925827,4
54413,923.367,384.9414135,180.5968826,2.131495339,0.883116262,55039,263.2124301,0.593944091,0.988626247,0.801980551,0.683772701,0.007074438,0.000953935,0.467545107,0.996570216,4
48997,877.282,355.2104461,176.2841922,2.014987513,0.868161954,49611,249.7697299,0.786342481,0.987623712,0.800020133,0.703159867,0.007249637,0.001093232,0.494433798,0.996277929,4
37089,759.483,304.3769382,156.3433159,1.946849704,0.857999612,37537,217.308954,0.675032761,0.988065109,0.808013978,0.713946843,0.008206663,0.001315255,0.509720094,0.992348414,4
53226,919.697,372.8302749,183.6102592,2.030552522,0.870325574,53942,260.3256576,0.627265656,0.986726484,0.790759019,0.698241734,0.007004665,0.001027047,0.487541519,0.989978661,4
43779,837.559,349.4661301,159.9980202,2.18419034,0.889036896,44241,236.0956459,0.802401026,0.989557198,0.784232582,0.675589494,0.007982506,0.001025771,0.456421164,0.996910698,4
36799,759.261,300.6202949,157.2337118,1.911932826,0.852313703,37393,216.4577141,0.711352961,0.984114674,0.802164976,0.72003693,0.008169252,0.001354507,0.51845318,0.991247654,4
57283,963.934,374.3286774,195.8871357,1.910940584,0.852146986,58125,270.0647716,0.627690116,0.985513978,0.774713316,0.721464285,0.006534725,0.00109211,0.520510714,0.994665048,4
61911,985.026,408.7900346,194.1173368,2.105891423,0.880062273,62612,280.7624146,0.787711843,0.988804063,0.801829989,0.686813256,0.006602866,0.000906289,0.471712448,0.993375199,4
65579,1020.648,399.3125033,212.5192001,1.878947893,0.846610656,66754,288.9598175,0.656919902,0.982398059,0.791084137,0.7236433,0.00608903,0.001029974,0.523659625,0.983929149,4
46415,844.864,349.7669781,169.7788506,2.060132795,0.874289083,46946,243.0995958,0.777080194,0.988689132,0.817136497,0.695033011,0.007535645,0.001084731,0.483070886,0.995190174,4
54037,920.421,375.4532964,186.7460967,2.01050144,0.867527997,55561,262.3014397,0.706680093,0.972570688,0.801545271,0.698626014,0.006948078,0.001020995,0.488078307,0.981282139,4
41210,802.191,303.233757,178.9334443,1.694673448,0.807341721,42802,229.0637502,0.783073006,0.962805476,0.804742445,0.755403199,0.007358257,0.001477985,0.570633994,0.967038278,4
55654,937.416,387.8621579,183.682077,2.111595014,0.880753141,56373,266.1970579,0.735007066,0.987245667,0.795868881,0.686318715,0.006969169,0.000953815,0.471033379,0.994631734,4
46298,842.976,329.6366159,179.9828696,1.831488834,0.83778265,46971,242.7930074,0.639731384,0.98567201,0.818731829,0.736547446,0.007119889,0.001292575,0.542502139,0.993586611,4
54591,912.897,367.6080579,190.8502185,1.926160005,0.854672412,55246,263.642599,0.690500885,0.988143938,0.823165867,0.71718395,0.006733858,0.00109892,0.514352818,0.990725827,4
52687,907.204,375.6454924,179.4649915,2.09314078,0.87849532,53290,259.0041928,0.786654921,0.988684556,0.804458087,0.689491018,0.007129757,0.00099396,0.475397863,0.995074655,4
47472,879.075,363.3302434,167.7152452,2.16635192,0.887085309,48044,245.8520443,0.602344821,0.988094247,0.77196131,0.676662757,0.007653569,0.000989767,0.457872487,0.991912941,4
47225,983.252,352.8577577,171.1026699,2.062257461,0.874566549,48501,245.2116178,0.793697479,0.973691264,0.613835715,0.694930499,0.007471842,0.001074912,0.482928399,0.995922694,4
64919,1031.617,439.3502666,188.4330088,2.331599274,0.903356644,65490,287.5020661,0.654953592,0.991281112,0.766557443,0.654380088,0.006767668,0.000765489,0.428213299,0.998421818,4
49386,856.83,344.4956902,183.1572904,1.88087348,0.846952935,49901,250.7592634,0.800797782,0.989679566,0.845326314,0.727902469,0.006975574,0.00120796,0.529842004,0.996565774,4
52887,905.99,377.4841536,178.8823401,2.110237117,0.880589218,53460,259.4953175,0.768527668,0.989281706,0.809677346,0.687433671,0.00713756,0.000983225,0.472565052,0.997224313,4
59435,963.995,390.7240258,194.2842718,2.011094476,0.867612073,59997,275.0908801,0.718126238,0.990632865,0.803715915,0.704054171,0.006573972,0.000996396,0.495692276,0.996883998,4
53002,931.496,382.7761912,177.3468881,2.15834738,0.886192384,53702,259.7772938,0.623061822,0.986965104,0.767609133,0.67866628,0.00722192,0.000945056,0.46058792,0.994108729,4
59527,958.355,393.7438418,193.1217328,2.038837556,0.871454945,60192,275.3037057,0.774949879,0.98895202,0.814462389,0.69919495,0.006614542,0.000975153,0.488873578,0.996733811,4
38110,861.568,310.1777403,157.4886783,1.969524055,0.861512194,39200,220.2797291,0.643924034,0.972193878,0.645163356,0.71017259,0.008139012,0.001277048,0.504345107,0.99331982,4
37781,738.792,283.2345962,170.2064106,1.664065386,0.799295696,38242,219.3268411,0.729362934,0.987945191,0.869839138,0.774364587,0.007496747,0.001662779,0.599640514,0.997841023,4
61277,998.285,421.5092818,185.6437814,2.270527343,0.89778876,61794,279.3211406,0.668743861,0.991633492,0.772677503,0.662669015,0.006878752,0.000818231,0.439130223,0.99705718,4
74509,1092.049,456.7581544,208.7097977,2.188484486,0.889498951,75260,308.0061773,0.797314072,0.99002126,0.78511694,0.674330987,0.006130241,0.000781897,0.454722281,0.995152657,4
43991,808.658,320.6896817,177.0497204,1.811297307,0.833784206,45031,236.6666027,0.746838022,0.976904799,0.845364339,0.737992571,0.007289893,0.001333856,0.544633035,0.986492349,4
64468,1145.488,431.817155,191.1580223,2.258953874,0.896678286,65649,286.5016701,0.702265795,0.982010389,0.617409025,0.663479129,0.006698163,0.000800653,0.440204555,0.994401785,4
52272,922.249,383.0831119,174.7655391,2.191983121,0.889873226,52913,257.9821263,0.658802178,0.987885775,0.772293883,0.673436438,0.007328648,0.000929801,0.453516636,0.994100811,4
43914,833.354,341.7289773,164.6392878,2.075622301,0.876290435,44402,236.4593863,0.591960531,0.989009504,0.79460961,0.69195006,0.007781778,0.001100418,0.478794885,0.993797341,4
58811,953.661,381.0500896,197.9058803,1.92541065,0.854549641,59505,273.6429989,0.670440036,0.988337115,0.812606671,0.718128683,0.006479232,0.001062949,0.515708805,0.992951226,4
57109,969.163,407.1832607,178.9490305,2.275414734,0.898252218,57833,269.6542919,0.737670826,0.987481196,0.76404822,0.662243068,0.007129932,0.000845931,0.438565881,0.997919269,4
51846,904.763,380.2072219,174.6331135,2.177177136,0.888275858,52443,256.92874,0.805062112,0.988616212,0.795894412,0.675759757,0.007333395,0.000943309,0.45665125,0.99421066,4
50541,887.768,364.4110206,177.0794623,2.057895455,0.873995878,51102,253.6745944,0.616564193,0.989021956,0.805850948,0.696122181,0.007210206,0.001044406,0.484586091,0.997227513,4
60489,978.422,403.2256657,192.6118636,2.093462251,0.878535214,61345,277.519345,0.655281118,0.986046133,0.794024403,0.688248216,0.006666099,0.000922639,0.473685606,0.991642936,4
57349,942.944,376.8234714,195.0177999,1.932251679,0.855664503,58138,270.2203076,0.655087727,0.986428842,0.810520326,0.717100521,0.006570707,0.001071796,0.514233157,0.993627881,4
46642,875.771,362.1727717,164.878319,2.196606406,0.890364834,47195,243.6933295,0.647859544,0.988282657,0.764198021,0.672864855,0.007764949,0.000981815,0.452747113,0.994507209,4
55616,910.56,363.1294378,196.382352,1.849094046,0.841147755,56083,266.106164,0.806695386,0.991673056,0.842931877,0.732813527,0.006529226,0.00116149,0.537015665,0.992992469,4
51025,900.15,374.270698,175.1092368,2.137355543,0.883798421,51785,254.8863428,0.748946851,0.985323936,0.791339977,0.681021368,0.007335046,0.000973253,0.463790104,0.99128435,4
50824,899.867,366.8201927,178.4143389,2.056001749,0.87374688,51974,254.3838175,0.73872093,0.977873552,0.78871855,0.693483681,0.00721746,0.001029696,0.480919616,0.988771571,4
53795,928.116,383.5121875,180.6248688,2.123252408,0.882146257,54602,261.7134336,0.619829473,0.985220322,0.784778789,0.682412299,0.007129142,0.000953684,0.465686546,0.98877008,4
58380,960.731,395.4961971,188.9707621,2.092896238,0.87846496,58898,272.6384504,0.598327389,0.991205134,0.794822854,0.689357957,0.006774515,0.000943707,0.475214393,0.994574415,4
50173,881.682,370.2981856,173.2948199,2.136810471,0.883735231,50545,252.7493772,0.810287468,0.992640222,0.811065605,0.682556348,0.007380427,0.000988133,0.465883168,0.995504032,4
47803,847.48,342.9915304,178.3733457,1.922885559,0.854134754,48298,246.7076609,0.618488808,0.989751128,0.836384741,0.719282079,0.007175105,0.001184691,0.517366709,0.994836972,4
42373,836.822,333.0176345,162.7437993,2.046269265,0.872455123,43049,232.2735009,0.807412348,0.984296964,0.760383875,0.697481085,0.007859194,0.001147328,0.486479863,0.995468792,4
58931,957.164,388.3543443,194.0430389,2.00138251,0.866224722,59526,273.922032,0.822713947,0.990004368,0.808315604,0.70534046,0.006589984,0.001006142,0.497505165,0.995698136,4
52614,909.269,374.9568373,180.2804515,2.079852996,0.87682853,53287,258.8247001,0.803021978,0.987370278,0.799698746,0.690278652,0.00712656,0.000998062,0.476484617,0.991017959,4
54600,915.833,377.5880225,184.7976491,2.043251223,0.872050401,55252,263.6643304,0.616197183,0.988199522,0.818031317,0.698285737,0.006915532,0.001014234,0.48760297,0.996295364,4
55758,936.443,389.5918224,182.90159,2.130062524,0.882948537,56364,266.4456615,0.66459272,0.989248456,0.79901394,0.68390979,0.006987191,0.000942926,0.467732601,0.996299685,4
44049,812.823,322.7544975,176.2762927,1.830958051,0.837679472,44699,236.822568,0.817235622,0.985458288,0.837826223,0.73375451,0.00732717,0.001310144,0.53839568,0.985779906,4
57304,946.431,375.4172524,200.2333228,1.874898978,0.845887051,58538,270.11427,0.681136337,0.978919676,0.803927506,0.719504147,0.006551327,0.001083034,0.517686218,0.970609361,4
48388,866.233,349.800953,177.5410253,1.970254212,0.861623061,48990,248.2126409,0.621825846,0.987711778,0.81036017,0.709582518,0.007229085,0.001130511,0.503507349,0.992037476,4
53759,899.51,354.1312794,194.4597156,1.821103556,0.835745098,54419,261.6258487,0.790806119,0.987871883,0.834928054,0.738782095,0.006587386,0.001210482,0.545798985,0.993956471,4
73141,1087.269,432.2970408,216.4599762,1.997122279,0.865609042,74002,305.165551,0.641317691,0.988365179,0.777493463,0.705916354,0.005910461,0.000905345,0.498317899,0.995201779,4
59663,973.132,394.5178831,194.0444291,2.033131716,0.870678794,60316,275.6180164,0.757625397,0.989173685,0.791719685,0.69861983,0.006612438,0.000971639,0.488069667,0.992309919,4
59302,949.017,381.9898368,198.7499853,1.921961585,0.85398248,59875,274.782917,0.817507582,0.990430063,0.827429919,0.719346146,0.006441433,0.001063932,0.517458878,0.994536086,4
50181,880.94,365.2980956,175.4863836,2.081632137,0.877053739,50724,252.7695266,0.743973314,0.989295008,0.812562013,0.691954132,0.00727961,0.001029431,0.478800521,0.996686551,4
40704,788.385,318.9302769,163.6593084,1.948745109,0.8582985,41333,227.6531186,0.63606957,0.984782135,0.822943934,0.713802154,0.007835355,0.001254729,0.509513515,0.992911971,4
65376,1042.788,440.2295366,190.3513892,2.312720377,0.901686102,66068,288.5122328,0.572379135,0.989525943,0.755502941,0.655367732,0.00673381,0.000766268,0.429506864,0.993329276,4
55720,922.19,372.6116826,194.0394481,1.920288303,0.853706089,56939,266.3548525,0.722810295,0.978591124,0.823341781,0.714832263,0.006687216,0.001077064,0.510985165,0.981238835,4
47905,865.459,344.6048961,177.9479683,1.936548641,0.856357999,48616,246.9707278,0.664802454,0.985375185,0.803706927,0.716677942,0.007193506,0.001170622,0.513627273,0.994664197,4
43871,814.595,328.4832516,170.8977177,1.922104379,0.854006029,44373,236.343589,0.643505684,0.988686814,0.830814213,0.719499664,0.00748748,0.001237764,0.517679766,0.995034545,4
50122,891.902,375.6114541,171.1323381,2.194859595,0.890179487,50540,252.6208868,0.824537738,0.991729323,0.791779003,0.672559061,0.007493944,0.000945827,0.45233569,0.99281333,4
52266,903.64,366.5211214,182.9456302,2.003442886,0.86652092,53045,257.9673197,0.733990563,0.985314356,0.804337347,0.703826614,0.007012611,0.001061505,0.495371902,0.992449313,4
48300,851.044,317.3145946,199.6160777,1.589624434,0.777341043,49648,247.9868343,0.704656863,0.972848856,0.838017265,0.781517266,0.00656966,0.00151174,0.610769236,0.970893702,4
54455,942.256,391.5054793,177.9140199,2.200531917,0.890779604,55186,263.3139939,0.581715824,0.986753887,0.77074338,0.672567838,0.007189523,0.000907453,0.452347497,0.995405105,4
57858,944.532,375.1956466,200.4016946,1.872217934,0.845404976,59285,271.4168263,0.646140445,0.97592983,0.814966823,0.723400788,0.006484767,0.001095444,0.5233087,0.979747932,4
62555,975.486,392.8875999,203.5628662,1.930055355,0.855308024,63275,282.2188862,0.687629161,0.988621098,0.826094652,0.718319658,0.006280675,0.001031471,0.51598313,0.995876004,4
45369,834.295,338.9924603,171.6009778,1.975469281,0.862410933,45987,240.3447626,0.760484763,0.98656142,0.81908654,0.708997369,0.007471896,0.001164633,0.50267727,0.993023505,4
48859,863.902,352.6501091,177.4103631,1.987764992,0.864241257,49441,249.4177438,0.802598725,0.988228393,0.822669657,0.707266884,0.00721771,0.00111407,0.500226445,0.994332616,4
64099,1018.482,429.1368414,190.9777577,2.247051418,0.895516832,64717,285.6805586,0.583450147,0.990450732,0.776523141,0.665709702,0.006694907,0.00081108,0.443169407,0.995824444,4
55177,927.376,354.1136831,204.0895353,1.735089859,0.817210699,56835,265.0538405,0.697454242,0.970827835,0.806224967,0.74849929,0.006417777,0.001242596,0.560251187,0.972086154,4
41981,811.437,327.0912997,165.0329489,1.981975732,0.863384201,42648,231.1966032,0.601955808,0.984360345,0.801222303,0.706825903,0.007791413,0.001199626,0.499602857,0.990200738,4
46067,855.704,350.698331,167.9741417,2.087811418,0.877831018,46689,242.1865523,0.80413001,0.986677804,0.790592465,0.690583704,0.007612789,0.001068043,0.476905852,0.995689482,4
51978,913.367,364.4751867,182.6510379,1.995472848,0.865369492,52780,257.2556026,0.68201858,0.98480485,0.782958595,0.705824736,0.007012105,0.001073534,0.498188558,0.994121742,4
43114,823.478,336.2022065,165.314818,2.033708839,0.870757627,43778,234.295646,0.600481901,0.984832564,0.798958422,0.696889079,0.007797982,0.001134532,0.485654388,0.987679622,4
60037,957.698,371.1089976,208.8762781,1.776692887,0.826563501,61069,276.4805283,0.646226212,0.983101082,0.822567764,0.745011655,0.006181338,0.001174666,0.555042366,0.986139823,4
40079,808.532,309.3693472,168.7779429,1.832996314,0.83807513,41384,225.8985784,0.733402869,0.968466074,0.770428456,0.730190565,0.007718989,0.001353583,0.533178261,0.977313787,4
66242,1019.994,417.4311734,202.9145571,2.057177067,0.873901509,67012,290.4168279,0.616296379,0.988509521,0.800106993,0.695723862,0.006301609,0.000910707,0.484031691,0.995738895,4
56889,951.582,384.2369343,190.1773181,2.020414096,0.868922572,57644,269.1343985,0.613504012,0.986902366,0.789488352,0.700438647,0.006754152,0.001002838,0.490614299,0.991244045,4
55300,930.782,379.6827557,185.9231094,2.042149343,0.871902144,56000,265.3491037,0.626856197,0.9875,0.802119442,0.698870569,0.006865873,0.001010328,0.488420073,0.997426731,4
45631,840.956,321.9235414,182.7258929,1.761783929,0.823299986,46505,241.0377432,0.648775841,0.981206322,0.810817854,0.748742208,0.007054931,0.001367734,0.560614894,0.987682311,4
54128,937.48,386.0062134,179.2076792,2.153960227,0.885698373,54850,262.5222087,0.813318909,0.986836828,0.773940942,0.680098402,0.007131359,0.000941107,0.462533836,0.996279486,4
60319,950.938,375.0190633,207.5363321,1.807004391,0.83291424,60953,277.1290964,0.706625899,0.989598543,0.838223037,0.738973358,0.006217263,0.001143653,0.546081623,0.986771891,4
40669,796.464,321.7839798,162.7094508,1.977660045,0.862739834,41539,227.555222,0.625436371,0.979055827,0.805640067,0.707167654,0.007912267,0.001220591,0.50008609,0.98900028,4
58454,964.813,392.4302192,196.258182,1.999561064,0.865962026,60280,272.8111881,0.7875032,0.969708029,0.789110471,0.695183945,0.006713488,0.000967224,0.483280718,0.966349307,4
72098,1155.934,454.2319853,205.4310707,2.211116282,0.891886017,73989,302.9818884,0.579156224,0.974442147,0.678058252,0.667020153,0.006300202,0.00076929,0.444915885,0.983760757,4
57517,965.524,401.4812502,183.1005131,2.192682278,0.889947787,58308,270.6158142,0.625157602,0.986434109,0.775318136,0.674043468,0.006980219,0.000888793,0.454334597,0.996211419,4
59257,986.868,397.3570584,191.3701863,2.076379117,0.876386959,60166,274.6786408,0.823219694,0.984891799,0.76459489,0.691264028,0.006705656,0.000944489,0.477845957,0.992189365,4
55552,954.895,389.520962,182.1397016,2.138583508,0.883940587,56468,265.9530094,0.627706215,0.983778423,0.765593653,0.682769441,0.007011826,0.000939955,0.466174109,0.996952262,4
51735,915.72,377.8562181,175.4282945,2.153906923,0.88569235,52307,256.6535561,0.621068427,0.989064561,0.775298455,0.679236026,0.007303686,0.000958969,0.461361579,0.9937299,4
48922,869.441,353.3257855,177.9019748,1.986070059,0.863991198,49410,249.5784947,0.634427845,0.990123457,0.813268282,0.706369319,0.007222227,0.001109119,0.498957615,0.990964781,4
47769,853.234,350.9656259,174.0789619,2.0161289,0.868322502,48407,246.6199096,0.782841691,0.986820088,0.824555148,0.702689641,0.007347142,0.001104975,0.493772731,0.995509474,4
39815,787.804,319.7313152,161.0789039,1.984936,0.863823489,40483,225.1533532,0.62815537,0.983499247,0.806158098,0.7041955,0.008030424,0.001218123,0.495891302,0.984312497,4
36584,731.806,293.1392521,159.4393493,1.838562773,0.839148028,37023,215.8244553,0.704975527,0.988142506,0.858438369,0.736252323,0.008012772,0.001452343,0.542067483,0.996625094,4
56154,936.002,370.8661794,194.7140061,1.904671301,0.851086821,56971,267.390152,0.697132216,0.985659371,0.805447074,0.720988235,0.006604448,0.001100852,0.519824035,0.99009392,4
55333,932.896,390.8373365,181.2596528,2.156229092,0.885954267,55814,265.4282648,0.835871174,0.991382091,0.798964751,0.679127197,0.007063368,0.000926821,0.461213749,0.994482504,4
64062,1002.749,404.7691989,202.128944,2.002529627,0.866389756,64842,285.5980947,0.624848816,0.98797076,0.800618981,0.705582578,0.006318398,0.000966002,0.497846774,0.996952915,4
53240,920.951,381.4576145,178.4907289,2.137128448,0.883772101,53846,260.359892,0.600848682,0.988745682,0.78881446,0.682539507,0.007164869,0.000959178,0.465860178,0.99560304,4
53027,910.442,375.7425792,180.6354243,2.080115684,0.876861822,53644,259.8385524,0.625318396,0.988498248,0.803900601,0.691533424,0.007085873,0.000999599,0.478218477,0.994749754,4
57778,937.572,380.0172916,195.4643071,1.944177416,0.857576553,58478,271.2291179,0.625221833,0.988029686,0.825967788,0.713728359,0.006577197,0.001052816,0.50940817,0.990379861,4
54143,924.812,378.8635821,182.8993901,2.071431632,0.875753848,54773,262.5585814,0.596814374,0.988497983,0.795509311,0.693016151,0.006997462,0.00099562,0.480271386,0.99484934,4
54791,928.894,359.0948723,195.498927,1.836812498,0.838811873,55671,264.125099,0.800078853,0.984192847,0.797970388,0.735530132,0.006553903,0.001183264,0.541004576,0.993723966,4
56247,965.918,395.9652465,182.9866599,2.163902257,0.886813191,57108,267.6114808,0.611746153,0.984923303,0.757580364,0.675845881,0.007039758,0.000906,0.456767655,0.988400559,4
48290,856.955,325.4990704,189.9201556,1.713873229,0.812132015,49146,247.9611615,0.74611415,0.982582509,0.826325272,0.761787618,0.006740507,0.001400258,0.580320375,0.994595555,4
48382,870.465,354.044197,175.2687838,2.020007154,0.868865768,49171,248.1972515,0.781653392,0.983953957,0.802400248,0.701034655,0.007317684,0.001090213,0.491449588,0.992731682,4
52417,903.773,369.6667287,181.1519592,2.040644386,0.871699224,53096,258.3396935,0.724151746,0.987211843,0.806423731,0.698844861,0.007052421,0.001037627,0.488384139,0.996618352,4
57534,939.89,386.9711609,189.7638747,2.039224597,0.871507332,58032,270.6558035,0.722226407,0.991418528,0.818427804,0.699421122,0.006725956,0.000992862,0.489189906,0.997568088,4
51258,904.151,379.080737,172.9812576,2.19145555,0.889816913,51801,255.4676351,0.602978543,0.989517577,0.787933539,0.673913523,0.007395543,0.00094095,0.454159437,0.995270219,4
45210,841.526,341.7080554,169.5197361,2.015742021,0.868268117,45836,239.9232373,0.66336038,0.986342613,0.802249202,0.702129299,0.007558241,0.001133102,0.492985552,0.993731693,4
54085,940.816,389.9310456,177.6057363,2.195486777,0.89024609,54839,262.4179125,0.600197532,0.986250661,0.767851627,0.67298543,0.007209597,0.000912249,0.452909389,0.994356575,4
55735,923.024,368.1161345,193.4055217,1.903338288,0.850859879,56284,266.3907018,0.770821232,0.990245896,0.822075836,0.723659402,0.006604757,0.001117309,0.52368293,0.996745772,4
56733,923.164,363.1981934,200.0950542,1.815128289,0.834554595,57297,268.7651374,0.815820883,0.990156553,0.836542275,0.739995799,0.006401886,0.001184145,0.547593783,0.993952967,4
57585,955.589,384.1119226,192.6375372,1.993961967,0.865149483,58253,270.775736,0.825591398,0.988532779,0.792459273,0.70493968,0.006670347,0.001016099,0.496939953,0.990879366,4
56539,943.147,370.3745628,196.675975,1.883171357,0.847359836,57599,268.3052191,0.695727611,0.981596903,0.798728556,0.724415892,0.00655078,0.001112819,0.524778384,0.988247622,4
57037,937.725,382.995112,191.8901584,1.99590805,0.865432761,57775,269.4842554,0.611021243,0.987226309,0.815108739,0.703623224,0.006714854,0.001015259,0.495085641,0.988145417,4
47634,870.581,355.0814366,174.0811234,2.039746928,0.87157798,48581,246.2711767,0.618109623,0.980506782,0.789784392,0.693562522,0.007454369,0.001063979,0.481028972,0.981177368,4
50232,884.495,364.2169784,176.8839824,2.059072695,0.874150288,50868,252.8979415,0.605796018,0.987497051,0.806862571,0.69436066,0.007250696,0.001039681,0.482136726,0.992754568,4
60264,979.689,399.6652288,192.44989,2.076723602,0.876430856,60857,277.0027219,0.813411079,0.990255846,0.789026074,0.693086869,0.006631907,0.000943993,0.480369407,0.997594486,4
53473,899.337,349.4782173,196.1545287,1.781647458,0.827627154,54218,260.9289907,0.82458981,0.986259176,0.830805746,0.746624475,0.006535601,0.001252778,0.557448107,0.993176003,4
57886,985.808,389.5884164,189.9385938,2.051128254,0.873102576,58882,271.4824935,0.777097597,0.983084814,0.748511932,0.696844367,0.00673027,0.000978939,0.485592072,0.996011619,4
50151,866.456,348.209025,184.3652204,1.888691502,0.848330476,50630,252.693958,0.836686687,0.990539206,0.839453094,0.725696176,0.006943212,0.001187844,0.52663494,0.994650936,4
59422,967.842,394.7711374,193.7031948,2.038020786,0.871344284,60146,275.0607937,0.625652796,0.987962624,0.797164958,0.696760142,0.006643518,0.000965853,0.485474695,0.98940752,4
59563,961.018,390.2450469,195.9734421,1.99131598,0.864762842,60387,275.3869405,0.785791557,0.986354679,0.810444694,0.705676966,0.006551803,0.001002223,0.49797998,0.991635492,4
54488,934.949,383.6286711,183.0333783,2.095949245,0.878843157,55455,263.3937667,0.603330676,0.982562438,0.783312196,0.686585197,0.007040608,0.00096509,0.471399232,0.988028865,4
61112,1008.105,388.6753855,201.082038,1.932919466,0.855772619,62139,278.9448244,0.653611269,0.983472537,0.755657198,0.717680704,0.00636005,0.001040795,0.515065593,0.995580312,4
61615,984.81,403.4973112,196.3074095,2.055435973,0.873672341,62494,280.0904399,0.814366905,0.98593465,0.798346484,0.694156893,0.006548686,0.000937917,0.481853792,0.990419619,4
39768,785.134,314.3808639,162.3928933,1.935927475,0.856258068,40336,225.0204218,0.797305425,0.985918286,0.810692294,0.715757375,0.007905373,0.001279869,0.512308619,0.991792332,4
51559,897.074,364.9340163,180.9135277,2.017173734,0.868469205,52296,256.2166226,0.605557709,0.985907144,0.8051148,0.702090271,0.007077989,0.001060868,0.492930749,0.99432696,4
45401,838.238,346.701,167.5769192,2.068906636,0.875428804,45999,240.4295085,0.78572912,0.986999717,0.811971139,0.693477978,0.007636418,0.001089432,0.480911706,0.99496142,4
56889,951.582,384.2369343,190.1773181,2.020414096,0.868922572,57644,269.1343985,0.613504012,0.986902366,0.789488352,0.700438647,0.006754152,0.001002838,0.490614299,0.991244045,4
52889,923.455,378.6667943,178.5070772,2.121298496,0.881914508,53587,259.500224,0.756573112,0.986974453,0.779370109,0.685299656,0.007159651,0.000974078,0.469635619,0.996237332,4
54942,935.192,385.795502,183.2918645,2.104815197,0.87993122,55627,264.4888033,0.69809283,0.987685836,0.78942843,0.685567359,0.007021869,0.000956826,0.470002603,0.989268622,4
47448,871.679,349.3500382,175.106492,1.99507188,0.865311159,48047,245.7898898,0.634755853,0.987533041,0.784719796,0.703563369,0.007362798,0.001112847,0.495001414,0.987563402,4
57693,950.577,390.5011817,188.9061169,2.067170656,0.875204569,58352,271.0295354,0.671379696,0.988706471,0.802339886,0.694055609,0.006768606,0.000968849,0.481713188,0.995783367,4
51950,901.138,362.6485636,186.4283434,1.945243716,0.857745597,53086,257.1863028,0.634310134,0.978600761,0.803919954,0.709188809,0.006980723,0.00108925,0.502948766,0.978357927,4
50190,880.335,361.2338058,178.2027794,2.027094117,0.869849603,50882,252.7921928,0.771963824,0.986399906,0.813825179,0.699802147,0.007197326,0.001064761,0.489723045,0.992714703,4
40485,803.073,334.3901428,156.0020136,2.143498888,0.884506984,41117,227.0398709,0.598447894,0.984629229,0.788849143,0.678966996,0.008259606,0.001082764,0.460996182,0.988144804,4
45525,840.696,348.6462684,166.79825,2.090227376,0.878132858,46054,240.7576173,0.741691105,0.988513484,0.809434771,0.690549818,0.007658347,0.001074224,0.476859051,0.996743844,4
69452,1053.073,426.8231958,210.749841,2.025259871,0.869596064,70718,297.370195,0.824307163,0.98209791,0.787005314,0.696705797,0.006145585,0.000893184,0.485398968,0.983059052,4
41994,775.151,298.280475,179.8725301,1.658288094,0.797717355,42467,231.232397,0.691783079,0.98886194,0.878262793,0.775218013,0.007102931,0.001582387,0.600962967,0.996569733,4
55539,925.316,380.736421,189.7021082,2.007022614,0.867033131,56838,265.921889,0.745890411,0.977145572,0.815131688,0.698440901,0.006855298,0.001006294,0.487819693,0.979065155,4
52203,905.561,379.5789744,176.009903,2.156577375,0.88599347,52663,257.8117995,0.6033076,0.991265215,0.799963008,0.679204637,0.00727121,0.000954529,0.461318939,0.994869986,4
54349,908.396,368.6042693,188.93584,1.95094943,0.858644876,54969,263.0575907,0.756170521,0.988720915,0.827658149,0.713658556,0.006782172,0.001085202,0.509308535,0.993635196,4
50590,920.82,372.2516309,173.8599815,2.141100141,0.88423111,51320,253.7975346,0.630404984,0.985775526,0.749764816,0.681790256,0.007358206,0.000980742,0.464837953,0.995264606,4
56839,954.661,379.1312374,191.9307254,1.97535458,0.862393679,57523,269.0161008,0.628715226,0.988109104,0.783714587,0.709559314,0.006670266,0.001042984,0.50347442,0.994540502,4
55747,937.638,386.1352451,185.2560101,2.084333161,0.877394431,56592,266.4193779,0.750316294,0.985068561,0.796821356,0.689963895,0.006926565,0.000968285,0.476050177,0.99224717,4
59651,1028.745,421.9864556,180.9633151,2.331889507,0.903381985,60407,275.5902975,0.582267731,0.987484894,0.708291643,0.653078538,0.007074256,0.00079382,0.426511577,0.994577871,4
57440,964.157,393.173053,187.7485852,2.094146556,0.878620065,58090,270.4346122,0.630280686,0.988810467,0.776477325,0.687825908,0.006844935,0.000945068,0.47310448,0.990750116,4
47394,880.106,365.5402721,165.7514278,2.205352177,0.891285625,48081,245.6499847,0.624920886,0.985711612,0.768888322,0.672018936,0.007712796,0.000970326,0.45160945,0.995957884,4
57904,966.171,400.3776874,185.5948051,2.157267749,0.886071118,58937,271.5246998,0.757747069,0.98247281,0.779489796,0.678171408,0.006914508,0.000902192,0.459916458,0.992162942,4
57229,934.644,374.5611129,195.2010587,1.918847753,0.853467489,57984,269.9374481,0.791056742,0.986979167,0.823253483,0.72067665,0.006544953,0.001089051,0.519374834,0.996601234,4
53746,912.86,383.563625,179.4455217,2.137493438,0.883814399,54488,261.5942136,0.816064379,0.986382323,0.810489993,0.682009963,0.007136599,0.000952432,0.465137589,0.994228544,4
56612,950.496,393.7620692,184.2275062,2.137368504,0.883799923,57282,268.4783736,0.790493744,0.988303481,0.787440549,0.681828938,0.006955452,0.000927271,0.464890701,0.993642743,4
48017,862.741,363.0084182,168.846402,2.149932803,0.885241958,48462,247.2592632,0.645650128,0.990817548,0.810669832,0.681139199,0.007559998,0.001003795,0.463950608,0.997462632,4
42505,805.21,323.5070543,167.7971292,1.92796537,0.854967535,43079,232.6350078,0.681737987,0.986675642,0.823818546,0.719103354,0.007611035,0.001255419,0.517109634,0.996969466,4
59884,990.679,409.5123861,188.9651507,2.167131795,0.88717173,60928,276.1280082,0.626178974,0.982865021,0.766751707,0.674284875,0.006838427,0.000871986,0.454660093,0.985308343,4
48096,861.472,346.1250999,177.6646917,1.948192951,0.858211531,48665,247.4625813,0.708805541,0.988307819,0.81439761,0.714951274,0.007196546,0.001159871,0.511155325,0.995829201,4
73451,1081.601,421.2082024,222.8362332,1.890214156,0.848596524,74535,305.8115724,0.644714205,0.985456497,0.788993484,0.726034229,0.005734547,0.000982895,0.527125701,0.996380463,4
52744,918.914,390.0784989,173.9985977,2.241848521,0.895002826,53485,259.1442582,0.813009634,0.986145648,0.784934089,0.664338739,0.007395694,0.000888622,0.44134596,0.989430789,4
68888,1043.465,435.5849525,202.5271854,2.150748067,0.885334575,69678,296.1603042,0.626146393,0.988662132,0.795055905,0.679913993,0.006323089,0.000833537,0.462283037,0.994254349,4
57027,946.971,389.2422835,188.0080582,2.070348938,0.875614633,57544,269.4606307,0.647004765,0.991015571,0.799129256,0.692269679,0.006825579,0.000966987,0.479237309,0.992188453,4
60535,964.156,392.0247971,197.5825057,1.98410682,0.863700664,61253,277.6248473,0.672499028,0.988278125,0.818317416,0.708181853,0.006476002,0.001004768,0.501521537,0.995072302,4
60453,978.679,404.6433039,190.7810868,2.120982277,0.881876937,61185,277.4367499,0.6798583,0.988036283,0.793135123,0.68563287,0.006693519,0.000912433,0.470092433,0.997057719,4
44399,828.051,341.5438095,166.3586461,2.05305716,0.873358194,44950,237.7615666,0.796109019,0.987741935,0.813708552,0.696137831,0.007692601,0.001114382,0.484607879,0.994927676,4
41239,815.069,336.2166192,157.1966026,2.138828788,0.883968951,41825,229.1443335,0.619874339,0.985989241,0.780062209,0.681537796,0.00815288,0.001085052,0.464493767,0.993472641,4
49204,897.153,365.4696426,172.4948703,2.118727601,0.881608511,49971,250.296781,0.606244302,0.984651098,0.768205207,0.684863397,0.007427641,0.001007967,0.469037873,0.993763487,4
51650,906.338,368.4880379,179.682191,2.050776628,0.873055893,52390,256.44263,0.668046304,0.985875167,0.790132293,0.695932035,0.007134328,0.001032286,0.484321397,0.993235002,4
52612,889.871,347.9376739,196.3683693,1.771862114,0.825516487,53606,258.8197808,0.690174472,0.9814573,0.83491174,0.743868228,0.006613276,0.001249052,0.55333994,0.980442075,4
59490,970.189,404.5972719,188.5002595,2.146401671,0.884839475,60130,275.2181326,0.60512664,0.989356394,0.794220587,0.680227356,0.006801097,0.000898204,0.462709256,0.993159921,4
46777,845.203,349.1877688,171.1671257,2.040039916,0.871617581,47247,244.0457461,0.821412893,0.990052278,0.822849045,0.698895459,0.007464946,0.00109864,0.488454863,0.996467418,4
57860,952.872,393.8581405,187.4842472,2.100753245,0.879434599,58360,271.4215173,0.791172127,0.991432488,0.800790961,0.689135223,0.006807088,0.00094702,0.474907355,0.997663167,4
59503,973.139,397.2301058,191.5888967,2.073346173,0.875999437,60107,275.2482019,0.802922761,0.989951254,0.789585148,0.692918784,0.0066758,0.000949319,0.480136441,0.995489053,4
47605,877.296,373.1439467,163.592869,2.280930391,0.898771394,48131,246.1961993,0.630396207,0.989071492,0.777266831,0.659788807,0.007838335,0.00091627,0.435321269,0.992937513,4
48992,883.881,366.7142971,170.9323765,2.145376462,0.884722214,49645,249.7569854,0.812026586,0.986846611,0.788038501,0.681066943,0.007485187,0.00099344,0.463852181,0.995137552,4
64436,1025.086,409.9155968,201.1360743,2.038001379,0.871341653,65318,286.4305558,0.75217706,0.986496831,0.770580176,0.698754958,0.006361593,0.000935503,0.488258492,0.99507148,4
56514,939.837,378.7018614,192.7573674,1.964655704,0.860769454,57290,268.245894,0.778429752,0.986454879,0.804008859,0.708330012,0.006701027,0.001040552,0.501731406,0.985729468,4
53495,917.24,375.5473574,182.133928,2.06192971,0.874523809,54205,260.9826612,0.632134332,0.986901577,0.799018959,0.694939416,0.007020233,0.001009995,0.482940792,0.995789967,4
50643,908.066,385.0921329,168.1999762,2.289489818,0.899569072,51253,253.9304438,0.703814884,0.988098258,0.771781668,0.659401795,0.007604055,0.0008868,0.434810728,0.995494733,4
49417,889.713,369.5672343,171.4016098,2.156147978,0.885945134,49965,250.8379528,0.716936513,0.989032323,0.784488115,0.678734286,0.007478545,0.00097903,0.460680231,0.993294748,4
49914,898.429,362.1192665,177.6862916,2.037969634,0.871337348,50702,252.0961694,0.602738734,0.984458207,0.777078181,0.696168894,0.007254864,0.001051157,0.48465113,0.987704285,4
54471,916.607,366.7701693,190.4947982,1.925355299,0.854540566,55292,263.3526746,0.62886467,0.985151559,0.81472093,0.718031881,0.006733311,0.001104036,0.515569782,0.992655013,4
37789,766.378,313.5680678,154.3409867,2.031657789,0.870477123,38251,219.3500608,0.780587057,0.987921884,0.808517092,0.699529331,0.008297866,0.00122566,0.489341285,0.994174034,4
41978,821.864,337.1714639,160.0360674,2.106846721,0.880178416,42593,231.1883423,0.684885466,0.985561008,0.780965218,0.685669954,0.008032099,0.001095139,0.470143286,0.990519842,4
64526,1081.377,386.603796,213.3609796,1.811970477,0.833919982,65779,286.6305198,0.815030946,0.980951367,0.6934104,0.741406377,0.005991442,0.0011167,0.549683416,0.996010122,4
54385,922.911,373.5142986,186.4584049,2.003204408,0.866486688,55031,263.1446991,0.666605381,0.988261162,0.802360153,0.704510376,0.006867965,0.001043656,0.49633487,0.9942602,4
63300,1005.304,417.1709039,193.8576201,2.151944833,0.885470324,63872,283.8944578,0.764825286,0.991044589,0.787079775,0.68052315,0.006590378,0.00087189,0.463111758,0.996590955,4
54312,926.03,385.2342561,180.5709647,2.133423038,0.883341335,54923,262.9680326,0.601821687,0.988875335,0.795894579,0.682618507,0.007092986,0.000949995,0.465968025,0.99410692,4
54717,922.315,378.6974903,185.5740586,2.040681188,0.871704192,55375,263.9466768,0.734446517,0.988117381,0.808301898,0.696985545,0.006921021,0.0010075,0.48578885,0.991340168,4
46867,846.659,340.1692584,177.0078505,1.92177498,0.853951697,47529,244.280408,0.779039229,0.986071662,0.82159911,0.718114298,0.007258183,0.001190644,0.515688144,0.991036573,4
46522,853.266,351.1710871,170.4460356,2.060306571,0.874311813,47247,243.3796419,0.738092972,0.98465511,0.802970074,0.693051481,0.007548495,0.001074242,0.480320355,0.989607184,4
63899,984.916,398.5848358,205.3904898,1.940619725,0.857010282,64499,285.234524,0.82835105,0.99069753,0.827762105,0.715618103,0.006237732,0.001009094,0.512109269,0.993809349,4
54398,927.333,385.3302876,180.8988232,2.130087309,0.882951441,55076,263.1761478,0.608315441,0.987689738,0.794916235,0.682988481,0.007083538,0.000950788,0.466473265,0.993628782,4
51734,920.246,385.1404207,172.0681211,2.238302006,0.894650232,52451,256.6510756,0.755814633,0.986330099,0.767676146,0.666383121,0.007444629,0.000905563,0.444066464,0.993954857,4
55080,939.289,394.4555672,178.8741836,2.205212397,0.891271002,55792,264.8207585,0.634562212,0.987238314,0.784522354,0.671357639,0.007161503,0.000897428,0.45072108,0.993935713,4
63659,1001.429,408.0969278,201.4096617,2.026203333,0.869726569,64480,284.69836,0.602740115,0.98726737,0.797681185,0.697624365,0.006410671,0.000936634,0.486679754,0.98611214,4
53983,933.999,397.868178,173.1954391,2.297220875,0.900281303,54549,262.170346,0.797550454,0.989624008,0.777631881,0.65893771,0.007370249,0.000857116,0.434198905,0.997450789,4
54689,911.217,372.1463271,187.8168312,1.981432254,0.863303314,55206,263.8791342,0.726860712,0.990635076,0.827687162,0.709073595,0.006804775,0.001061106,0.502785364,0.996235137,4
41244,790.991,328.298616,160.4802028,2.045726577,0.872382494,41710,229.1582243,0.813154315,0.988827619,0.828376096,0.698017637,0.007959912,0.001165611,0.487228622,0.996736542,4
47371,855.614,354.0188628,170.8794345,2.071746455,0.875794284,47842,245.5903713,0.618872805,0.990155094,0.813142485,0.693721146,0.007473325,0.001067661,0.481249029,0.997025969,4
54100,937.493,389.2405726,177.5385137,2.192428925,0.889920777,54802,262.4542996,0.63343754,0.987190249,0.773519135,0.67427272,0.007194835,0.000917367,0.454643701,0.996774,4
58526,977.222,410.3717132,182.7068475,2.246066411,0.895419817,59193,272.9791523,0.654755778,0.988731776,0.770144531,0.665199729,0.007011785,0.00084687,0.442490679,0.993863452,4
50024,891.268,374.2680755,170.7358507,2.192088387,0.889884457,50626,252.3738001,0.714628571,0.988108877,0.791355549,0.674312923,0.00748177,0.000954179,0.454697919,0.996738027,4
57615,943.606,381.4261919,193.5550764,1.970633884,0.861680656,58281,270.8462597,0.64382934,0.988572605,0.813137599,0.710088257,0.006620258,0.001038255,0.504225332,0.993643525,4
60516,970.091,391.9072583,199.3084753,1.966335138,0.861026373,61355,277.5812751,0.760757791,0.986325483,0.808081431,0.708283068,0.006476093,0.001005357,0.501664904,0.986441328,4
48067,852.256,342.9475376,179.0488306,1.91538552,0.852891557,48686,247.3879649,0.638170473,0.987285873,0.831604339,0.721358044,0.007134781,0.001191692,0.520357428,0.996685083,4
66564,1034.565,424.5587911,202.1947356,2.099751953,0.879311693,67400,291.1218251,0.596072391,0.987596439,0.781508511,0.685704386,0.006378204,0.000869813,0.470190505,0.987283431,4
51115,894.887,362.4449754,180.9520376,2.002989192,0.866455784,51725,255.1110333,0.630240185,0.988206863,0.802087653,0.703861415,0.007090775,0.00107355,0.495420892,0.992322691,4
50217,889.242,360.0106147,182.0619052,1.977407708,0.862702013,51848,252.8601792,0.707999662,0.968542663,0.798032713,0.702368677,0.007169098,0.001076229,0.493321759,0.975498248,4
62278,995.754,404.3694213,197.1457639,2.051118996,0.873101348,63026,281.5933457,0.704263259,0.988131882,0.789296909,0.696376459,0.006492974,0.000941889,0.484940173,0.99467,4
57015,966.209,393.7613456,186.4027804,2.112422061,0.880852811,57940,269.4322784,0.793859649,0.984035209,0.76746192,0.684252737,0.006906276,0.000933877,0.468201808,0.989039828,4
69162,1066.29,440.0685215,200.5771409,2.194011339,0.890089309,69867,296.7487041,0.654162647,0.989909399,0.76441066,0.67432386,0.006362866,0.000811534,0.454712668,0.99764475,4
69353,1041.966,429.0831643,207.1065811,2.071798791,0.875801004,70019,297.158177,0.805418776,0.990488296,0.802727276,0.69254215,0.006186945,0.000877891,0.479614629,0.993665008,4
45887,839.116,339.7362095,173.0062586,1.963722077,0.860626311,46394,241.7129351,0.624567851,0.989071863,0.818946488,0.711472396,0.007403757,0.001170211,0.506192971,0.994022312,4
33954,716.75,277.3684803,156.3563259,1.773951126,0.825970469,34420,207.9220419,0.799481987,0.98646136,0.830549278,0.7496239,0.008168949,0.001591181,0.561935991,0.996846984,4
39441,762.355,298.8360953,169.1584032,1.766605085,0.824365783,39892,224.0933754,0.693797495,0.988694475,0.85279231,0.749887242,0.007576788,0.001477913,0.562330876,0.993416585,4
38970,770.803,314.1828398,158.6797489,1.979980697,0.86308691,39358,222.7513076,0.630276565,0.990141775,0.824239602,0.708986232,0.008062172,0.001256559,0.502661477,0.995260021,4
57164,918.841,355.9684561,206.6538915,1.722534493,0.814231801,58135,269.7841088,0.744400458,0.983297497,0.850847531,0.757887684,0.006227144,0.001267325,0.574393741,0.989413032,4
49022,880.221,363.49379,172.4066751,2.108351024,0.880360955,49606,249.8334424,0.59983359,0.988227231,0.7950921,0.687311446,0.007414911,0.001020705,0.472397024,0.995978749,4
53929,918.433,381.0084046,181.1751677,2.10298359,0.879707675,54506,262.0391868,0.823469232,0.989414009,0.803410071,0.687751723,0.007065,0.000975032,0.473002433,0.994716354,4
59479,961.314,394.7540886,193.2560099,2.042648448,0.871969331,60261,275.1926868,0.819495729,0.987023116,0.808803437,0.697124348,0.006636865,0.000966905,0.485982357,0.992691108,4
52153,909.777,361.5588773,184.5522277,1.959114131,0.859916467,53049,257.6883039,0.758081865,0.983109955,0.791806847,0.712714637,0.006932657,0.001103423,0.507962154,0.995155833,4
58428,968.674,399.078284,187.5970456,2.127316466,0.882626046,59103,272.7505089,0.815919564,0.98857926,0.782484239,0.683451142,0.006830257,0.000919278,0.467105463,0.993681144,4
48767,864.474,349.0372067,179.0170665,1.949742633,0.858455409,49323,249.1828102,0.616632527,0.988727369,0.820034326,0.71391475,0.007157242,0.001146861,0.50967427,0.993733654,4
51319,886.079,348.0438513,188.126825,1.850049036,0.841327173,51923,255.6196006,0.822736309,0.98836739,0.821378179,0.734446535,0.006781969,0.00121724,0.539411713,0.997938119,4
53799,927.771,376.5134286,183.7309208,2.049265453,0.872854962,54615,261.7231634,0.734788369,0.98505905,0.785420949,0.695123051,0.006998521,0.001007936,0.483196057,0.990196986,4
54261,922.242,377.4947726,183.9174156,2.052523256,0.873287521,54940,262.8445376,0.708997544,0.987641063,0.80169258,0.696286563,0.006957018,0.001008684,0.484814977,0.995094015,4
50994,889.65,350.4872119,186.1809804,1.882508145,0.84724257,51788,254.8089036,0.66262117,0.984668263,0.80963743,0.727013411,0.006873107,0.001184411,0.5285485,0.994996857,4
53709,915.904,360.8947204,195.8243881,1.84295084,0.839986001,55433,261.5041543,0.728307004,0.968899392,0.804557373,0.724599556,0.006719446,0.00114263,0.525044517,0.967631233,4
54672,931.865,386.653982,180.3778484,2.143577969,0.884516061,55205,263.8381178,0.721190376,0.990345077,0.791168203,0.682362345,0.007072249,0.000945796,0.46561837,0.998089279,4
53679,913.665,377.9587503,181.2260691,2.085565019,0.877549327,54238,261.4311105,0.604472822,0.989693573,0.808053849,0.691692176,0.007041091,0.000994194,0.478438067,0.997813695,4
43077,830.696,349.041044,158.7692156,2.198417639,0.890556509,43755,234.1950893,0.772404519,0.984504628,0.784460492,0.670967192,0.008102724,0.001013015,0.450196973,0.989720967,4
51106,887.937,369.4886268,176.5441169,2.092896854,0.878465037,51520,255.0885732,0.689801317,0.991964286,0.814549438,0.690382747,0.007229848,0.001013138,0.476628338,0.997533948,4
48282,871.582,361.7297475,172.1774001,2.100913055,0.879454197,48832,247.9406213,0.84797499,0.988736894,0.798690669,0.685430554,0.007492021,0.001020076,0.469815045,0.987040561,4
52751,916.801,359.7582733,187.6662821,1.917010713,0.85316234,53584,259.161454,0.637281788,0.984454315,0.788661071,0.720376634,0.006819933,0.001132918,0.518942495,0.994818322,4
54447,915.829,373.6820442,186.5162056,2.003482985,0.866526674,54965,263.2946515,0.641874447,0.990575821,0.815746157,0.704595405,0.006863226,0.001043439,0.496454685,0.994638515,4
64419,1001.501,413.0203078,199.0528327,2.07492806,0.87620179,65218,286.3927692,0.632619391,0.987748781,0.807088331,0.693410866,0.006411467,0.000914323,0.480818629,0.997664064,4
61911,985.026,408.7900346,194.1173368,2.105891423,0.880062273,62612,280.7624146,0.787711843,0.988804063,0.801829989,0.686813256,0.006602866,0.000906289,0.471712448,0.993375199,4
63408,1005.966,412.5516489,196.3377049,2.101234957,0.879493659,64200,284.1365395,0.798790627,0.987663551,0.787385321,0.688729618,0.006506303,0.000903044,0.474348486,0.996717621,4
52271,895.603,365.2392709,182.7609245,1.998453837,0.865801947,52915,257.9796586,0.723053727,0.987829538,0.818916447,0.70633056,0.006987417,0.001072824,0.498902859,0.997034334,4
44120,809.203,324.5428762,174.7684187,1.856988114,0.842621414,44690,237.0133513,0.797368611,0.987245469,0.846701637,0.730299041,0.007355913,0.001290682,0.53333669,0.990399894,4
54821,940.045,389.1195554,180.0791384,2.160825284,0.886469957,55488,264.1973979,0.605409047,0.987979383,0.779577919,0.678962016,0.007098002,0.00093046,0.46098942,0.996117594,4
46562,840.976,337.6311552,176.1020662,1.917246983,0.853201642,47115,243.4842494,0.811523982,0.988262761,0.827321454,0.721154566,0.007251217,0.001209774,0.520063909,0.99709096,4
47801,863.33,358.6060299,170.263653,2.106180759,0.880097468,48372,246.7024999,0.791826796,0.98819565,0.805922315,0.687948555,0.007502061,0.001036536,0.473273214,0.996798937,4
52353,916.856,368.6700282,185.9717941,1.982397546,0.86344693,54198,258.1819318,0.683388158,0.965958153,0.782616814,0.700306268,0.007042004,0.001044788,0.49042887,0.972224988,4
44392,848.676,359.5136531,158.1728733,2.272915992,0.898015672,45043,237.742823,0.814382682,0.985547144,0.774516607,0.661290109,0.008098614,0.000955341,0.437304609,0.993956638,4
45968,838.333,339.3334067,174.2335254,1.947578148,0.858114597,46698,241.9261776,0.705030675,0.984367639,0.8219253,0.712945359,0.007381948,0.001176456,0.508291085,0.989936611,4
53775,888.483,356.1336787,193.1511112,1.843808594,0.840149007,54244,261.6647789,0.643819216,0.991353882,0.856036018,0.734737529,0.006622663,0.001190533,0.539839236,0.995360222,4
45478,838.042,331.8432701,176.2767668,1.882512801,0.847243394,46206,240.6333061,0.608010909,0.98424447,0.813728734,0.725141438,0.007296787,0.001244521,0.525830105,0.989881905,4
64863,997.421,398.7372754,211.2629355,1.887398158,0.848103923,66409,287.3780378,0.655128878,0.976720023,0.819313064,0.720720272,0.006147376,0.001023143,0.519437711,0.980385779,4
34586,727.413,283.5392693,156.5358447,1.811337651,0.833792348,35278,209.8481901,0.687608104,0.980384376,0.821387491,0.74010274,0.008198094,0.001517262,0.547752066,0.99216394,4
61455,983.084,400.6368458,196.134244,2.04266648,0.871971758,62113,279.7265383,0.60793566,0.989406404,0.79907185,0.698204724,0.00651919,0.000955663,0.487489836,0.995779148,4
63882,1004.206,411.2634035,198.7654528,2.069088957,0.875452319,64663,285.1965789,0.754704944,0.987921996,0.796054395,0.69346452,0.00643786,0.000918371,0.480893041,0.995010481,4
53054,924.223,372.240606,184.9815247,2.012312346,0.867784474,54176,259.9046956,0.710284628,0.979289722,0.780502778,0.698216937,0.007016259,0.001028601,0.487506891,0.981016135,4
52559,919.485,376.5607098,178.6433824,2.107890618,0.880305133,53180,258.6893837,0.601223976,0.988322678,0.781209759,0.686979223,0.007164533,0.000984333,0.471940452,0.994798852,4
46696,862.883,354.9810266,168.0544527,2.112297656,0.880837827,47259,243.8343573,0.778227755,0.988086925,0.788107968,0.686894056,0.007601958,0.001043913,0.471823445,0.996631556,4
58182,961.668,404.2347502,183.9882348,2.197068474,0.890413782,58693,272.1757212,0.670709074,0.991293681,0.79058429,0.673311043,0.006947763,0.000880821,0.45334776,0.996036072,4
57783,970.455,380.6719666,201.9025479,1.885424283,0.847757146,61035,271.2408535,0.643133807,0.946719096,0.771008465,0.712531726,0.006587958,0.001047484,0.507701461,0.957232663,4
52922,931.369,380.9248103,178.9937156,2.128146282,0.882723642,53803,259.5811688,0.58220022,0.983625448,0.766659559,0.681449887,0.007197854,0.000957455,0.464373948,0.988255691,4
59526,957.048,388.5707111,196.2954862,1.979519339,0.863018018,60134,275.3013933,0.793077261,0.989889247,0.816674742,0.708497541,0.006527748,0.001014604,0.501968765,0.993656879,4
47091,874.362,353.0329178,171.2696905,2.061269082,0.874437592,47849,244.8634791,0.706806754,0.984158499,0.774043249,0.693599568,0.007496824,0.001070267,0.48108036,0.991636072,4
54180,951.753,388.728347,178.9482034,2.172295333,0.887741362,55014,262.6482791,0.580209895,0.984840222,0.75162351,0.675660217,0.007174757,0.00092236,0.456516728,0.991689158,4
53679,949.603,354.3971294,195.9801606,1.808331661,0.833183972,54804,261.4311105,0.715386153,0.979472301,0.748049134,0.737678409,0.006602156,0.001205963,0.544169435,0.984038818,4
54435,924.191,374.3003318,187.1468124,2.000035838,0.866030576,55218,263.2656351,0.728100799,0.985819841,0.800874787,0.703353999,0.006876097,0.001038048,0.494706848,0.989431424,4
53434,918.473,367.6290579,185.5455883,1.981340873,0.863289706,54145,260.8338203,0.815736444,0.986868594,0.795966449,0.70950273,0.006880059,0.001075445,0.503394124,0.997395354,4
56731,937.119,386.3496402,187.9037186,2.056104281,0.873760381,57445,268.7604,0.73278824,0.98757072,0.811784615,0.695640353,0.006810203,0.000983737,0.4839155,0.994980732,4
61579,999.165,404.0999929,196.0848211,2.060842805,0.874381911,62503,280.0086033,0.781657781,0.98521671,0.775118443,0.6929191,0.006562302,0.000933181,0.480136879,0.989486632,4
45654,857.771,343.3268988,169.9096922,2.020643404,0.868954564,46271,241.0984823,0.799684708,0.986665514,0.779733117,0.70224175,0.007520193,0.00112812,0.493143476,0.996467112,4
51419,908.405,376.9980888,174.9337367,2.155090812,0.885825996,52169,255.868529,0.722430629,0.985623646,0.783022891,0.678699804,0.007331883,0.000959635,0.460633424,0.99270686,4
55148,939.385,386.7406464,182.4424636,2.119795133,0.881735721,55722,264.9841777,0.675684285,0.989698862,0.785330363,0.685172816,0.007012777,0.000953389,0.469461787,0.995162812,4
44535,856.043,346.8856798,165.6776125,2.093739007,0.878569541,45306,238.1254357,0.603962679,0.982982386,0.763695374,0.686466607,0.007789058,0.001066946,0.471236403,0.986646038,4
49392,883.377,361.2987548,175.7403321,2.055867031,0.873729138,50089,250.7744955,0.637233905,0.986084769,0.795379331,0.694091779,0.007314925,0.001047267,0.481763398,0.990441486,4
50797,974.217,375.3968403,173.4610732,2.164156104,0.886841436,51745,254.3162385,0.586177849,0.981679389,0.672568496,0.67745972,0.007390138,0.00096021,0.458951673,0.993243064,4
54503,918.795,369.9598909,188.3030064,1.964705174,0.860777033,55142,263.430019,0.636791681,0.988411737,0.811321576,0.712050213,0.006787881,0.001076357,0.507015505,0.996135987,4
67284,1042.588,416.6992868,206.1230776,2.021604236,0.869088481,68146,292.6920729,0.654386306,0.987350688,0.777850656,0.702405985,0.006193141,0.000929916,0.493374167,0.997407307,4
67237,1016.057,409.9005074,210.1520901,1.950494554,0.858573506,67950,292.5898277,0.707728096,0.98950699,0.818430955,0.713806942,0.006096353,0.000976277,0.50952035,0.993816669,4
54722,932.823,389.4885736,179.4412012,2.17056379,0.887550835,55383,263.9587361,0.804073116,0.98806493,0.790266067,0.677705982,0.007117587,0.000926142,0.459285397,0.996908253,4
61475,1002.253,424.3199905,185.4914387,2.287544878,0.899388665,62524,279.7720519,0.71281974,0.983222443,0.769048398,0.659342143,0.006902318,0.00080467,0.434732062,0.994469101,4
37430,748.578,299.0563374,160.7345419,1.860560486,0.84328131,37902,218.3056485,0.661400905,0.987546831,0.839374115,0.729981683,0.00798975,0.001399461,0.532873257,0.991442927,4
47301,882.93,358.6190044,168.9438553,2.122711143,0.882082129,48105,245.4088501,0.727931671,0.983286561,0.762478566,0.684316356,0.007581637,0.001025582,0.468288874,0.994042012,4
42642,806.488,324.3603411,168.6206712,1.923609595,0.854253905,43163,233.009615,0.806132673,0.987929477,0.823856572,0.718366537,0.007606593,0.001249552,0.516050482,0.992679658,4
54792,929.887,381.4455142,184.2988611,2.069711728,0.875532587,55558,264.1275092,0.624808995,0.986212607,0.796281571,0.692438368,0.006961701,0.000987233,0.479470893,0.992366531,4
47482,877.165,369.2996106,165.1113681,2.236669799,0.894487347,48071,245.8779373,0.830308117,0.98774729,0.775490137,0.665795279,0.007777676,0.000942741,0.443283354,0.99147849,4
54704,934.794,380.1001028,184.6131893,2.05890004,0.87412766,55427,263.9153199,0.72964934,0.986955816,0.786678199,0.694331093,0.006948305,0.000996151,0.482095667,0.992586787,4
49543,872.835,358.257634,176.726772,2.027183714,0.869861968,50101,251.1575338,0.752658605,0.988862498,0.817199062,0.701052846,0.007231246,0.001077447,0.491475092,0.996310303,4
66091,1043.887,424.0714337,199.3814395,2.126935359,0.882581182,66928,290.0856335,0.694817073,0.987494023,0.762158344,0.684048984,0.006416478,0.000866613,0.467923013,0.995242001,4
54403,939.604,372.7981194,189.8059989,1.964100826,0.860684408,56090,263.1882424,0.727672779,0.969923337,0.774360157,0.705980607,0.006852529,0.00105003,0.498408617,0.978924776,4
57419,942.998,371.3359336,198.0167964,1.875274929,0.845954462,58234,270.3851723,0.770714487,0.986004739,0.811416707,0.728141685,0.006467126,0.001121385,0.530190313,0.994252602,4
48186,863.853,353.6268329,175.213263,2.018265209,0.868622186,48932,247.6940062,0.69837819,0.984754353,0.811429978,0.700438946,0.007338788,0.001089646,0.490614717,0.990190615,4
48991,868.685,352.6432965,177.5916364,1.985697658,0.863936161,49643,249.7544365,0.652456484,0.986866225,0.815833479,0.708235316,0.007198124,0.001117145,0.501597263,0.996020509,4
60166,978.007,404.4412154,189.6852838,2.132169704,0.883195075,60719,276.7774023,0.596932296,0.990892472,0.790454865,0.684345195,0.006722089,0.000909463,0.468328346,0.99855551,4
62278,995.754,404.3694213,197.1457639,2.051118996,0.873101348,63026,281.5933457,0.704263259,0.988131882,0.789296909,0.696376459,0.006492974,0.000941889,0.484940173,0.99467,4
45280,846.153,353.4912173,164.3193202,2.151245617,0.885391042,45912,240.1089057,0.620070114,0.986234536,0.794727946,0.67924999,0.007806785,0.00102511,0.461380548,0.992542882,4
50573,883.651,366.3602801,177.7668948,2.060902737,0.874389742,51154,253.7548886,0.802644109,0.988642139,0.813892477,0.692637555,0.007244187,0.001028475,0.479746783,0.988711457,4
47930,856.122,344.9607446,177.8505249,1.939610494,0.856849009,48588,247.0351622,0.70969557,0.986457562,0.821761855,0.716125432,0.007197178,0.001167612,0.512835634,0.994701378,4
53037,905.773,362.7216461,188.7973584,1.92122204,0.853860423,53893,259.8630519,0.741237142,0.984116676,0.812362885,0.716425542,0.00683903,0.00111137,0.513265557,0.986097101,4
54768,930.691,392.8306908,178.3087406,2.203092733,0.891048883,55185,264.0696563,0.766629339,0.992443599,0.794558206,0.672222569,0.007172632,0.000903464,0.451883183,0.995540557,4
51192,882.105,363.2805448,179.9003707,2.019342947,0.868772972,51665,255.3031116,0.801089151,0.990844866,0.826744651,0.70277122,0.007096432,0.001067765,0.493887387,0.997328012,4
70854,1063.859,442.2777824,204.4339688,2.163426093,0.88676018,71368,300.3566458,0.607037294,0.992797893,0.786694462,0.679113123,0.0062421,0.000818991,0.461194633,0.997760503,4
49513,866.919,352.2008702,180.3496075,1.952878495,0.858946923,50023,251.08148,0.827865837,0.98980469,0.827888905,0.712892844,0.007113301,0.001133308,0.508216207,0.992484501,4
48733,863.324,353.4646149,177.2423912,1.994244223,0.865190627,49160,249.0959308,0.6942814,0.991314076,0.821647206,0.704726641,0.007253085,0.001103533,0.496639639,0.99042073,4
54919,937.67,387.967492,181.7508035,2.134612252,0.883479853,55595,264.4334369,0.809298556,0.987840633,0.784932736,0.681586582,0.007064358,0.000940452,0.464560269,0.991656042,4
50274,886.381,364.5557625,176.2599575,2.068284638,0.875348533,50886,253.003646,0.714626866,0.987973116,0.804104381,0.69400534,0.007251378,0.001037652,0.481643412,0.996175671,4
58170,971.247,401.0663216,185.4691827,2.162441846,0.886650483,58930,272.1476517,0.612961012,0.987103343,0.774906934,0.678560221,0.006894728,0.000901676,0.460443973,0.995683315,4
41102,792.163,326.2319591,161.0403661,2.025777555,0.869667698,41550,228.7633969,0.667131959,0.98921781,0.823083151,0.701229265,0.007937131,0.001183814,0.491722482,0.996120368,4
61336,986.354,381.6518648,206.7006198,1.846399228,0.840639758,62384,279.4555791,0.647707953,0.983200821,0.792245341,0.732226421,0.006222314,0.00110335,0.536155532,0.989957161,4
46634,864.954,351.2926852,169.7158601,2.069887193,0.875555188,47345,243.6724296,0.655893108,0.984982575,0.783297084,0.693645042,0.007532973,0.00107571,0.481143445,0.995912655,4
62583,987.82,399.2316893,200.6221227,1.989968424,0.864565272,63322,282.2820406,0.810534632,0.988329491,0.805954662,0.707063212,0.006379235,0.000983516,0.499938386,0.994861601,4
65781,1039.257,409.7138586,204.9928316,1.998674077,0.865833812,66762,289.4045101,0.642549451,0.985306012,0.765357634,0.70635763,0.006228453,0.000956442,0.498941101,0.997220646,4
63234,1025.276,416.6651862,194.5573897,2.141605553,0.88428932,64172,283.7464174,0.675187392,0.985383033,0.755925396,0.680993821,0.006589259,0.000874156,0.463752585,0.993175111,4
48960,875.826,341.2162902,188.7558859,1.807712054,0.833058138,51176,249.6754055,0.787378781,0.956698452,0.802076156,0.731721822,0.006969287,0.001232401,0.535416825,0.967879448,4
39788,764.43,296.2335581,174.5837852,1.696798805,0.807881424,40559,225.0769979,0.772882673,0.980990656,0.855631034,0.759795748,0.007445299,0.001530556,0.577289579,0.979544268,4
62837,1005.35,405.7787357,198.240006,2.046906393,0.872540309,63569,282.8542969,0.631349972,0.988484953,0.78125128,0.697065351,0.00645764,0.000940476,0.485900104,0.994592029,4
44389,825.922,316.6612869,180.1679484,1.757589459,0.822364449,45118,237.7347895,0.651342627,0.983842369,0.817724776,0.750754195,0.007133778,0.001397946,0.563631861,0.990633418,4
49010,875.33,353.2947436,177.314677,1.99247321,0.864932151,49635,249.8028624,0.783407928,0.987408079,0.803805438,0.707066456,0.007208626,0.001111407,0.499942974,0.996122982,4
51967,904.803,354.4039337,187.6578275,1.88856462,0.848308274,52697,257.2283799,0.628759831,0.986147219,0.797681365,0.725805657,0.006819788,0.001167433,0.526793851,0.99488423,4
54609,922.437,360.9467553,193.2920089,1.86736512,0.844526406,55383,263.6860601,0.719258732,0.986024592,0.806493104,0.730540048,0.006609657,0.001161274,0.533688762,0.99659178,4
59689,980.742,403.7511031,189.5895799,2.12960598,0.882895016,60517,275.6780644,0.810133283,0.986317894,0.779820448,0.682792102,0.006764246,0.000906887,0.466205055,0.992833072,4
47225,910.43,358.0308728,169.345799,2.114199909,0.881066631,48275,245.2116178,0.603468105,0.978249612,0.71595992,0.68488959,0.007581384,0.001028989,0.469073751,0.991715681,4
55502,932.457,373.924271,189.6561829,1.971590197,0.861825561,56271,265.8332959,0.646424412,0.986333991,0.802159756,0.710928165,0.006737131,0.001061592,0.505418856,0.996478862,4
64439,1012.138,421.3469084,195.775278,2.152196706,0.885498863,65234,286.4372235,0.671407435,0.987813104,0.790458721,0.679813279,0.006538694,0.000861449,0.462146095,0.994629303,4
66500,1038.45,424.1090453,202.017289,2.099370046,0.879264764,67430,290.9818374,0.633152433,0.986207919,0.774926171,0.686101465,0.00637758,0.000871744,0.470735221,0.988247422,4
60886,966.574,372.7189756,209.2386109,1.781310696,0.827555181,61818,278.4285598,0.811986557,0.984923485,0.818949439,0.747020082,0.006121587,0.001175907,0.558039003,0.994040846,4
47360,860.079,346.142513,175.0021106,1.977933362,0.862780782,48026,245.5618554,0.802902384,0.986132512,0.804534866,0.709424142,0.007308752,0.001141949,0.503282614,0.995459472,4
48233,879.325,359.1963177,171.883678,2.089763972,0.878075051,48857,247.8147755,0.767625808,0.987228033,0.783890313,0.689914577,0.007447107,0.001040755,0.475982123,0.994690293,4
43548,846.546,347.4447577,163.9564003,2.11912897,0.881656364,45022,235.4719425,0.656031093,0.96726045,0.763619402,0.677724839,0.007978432,0.001038271,0.459310957,0.973339156,4
67351,1036.202,421.2238275,205.272734,2.05202035,0.873220896,68258,292.8377649,0.764466187,0.98671218,0.788251961,0.695207027,0.006254158,0.000901167,0.483312811,0.991767723,4
33518,702.956,277.5713992,154.3055806,1.798842259,0.831240405,34023,206.5827753,0.808383378,0.9851571,0.852376909,0.744250942,0.008281264,0.001567307,0.553909465,0.996395753,4
55272,938.937,389.9998783,180.8831036,2.15608794,0.885938373,55781,265.2819182,0.596053057,0.990875029,0.787847456,0.680210259,0.007056012,0.000931777,0.462685996,0.997591697,4
52213,900.059,368.2535374,181.332872,2.030815116,0.870361605,52846,257.8364915,0.620851615,0.988021799,0.809928261,0.700160257,0.007052909,0.001045533,0.490224386,0.995555093,4
57016,937.521,374.0873996,194.8553716,1.919820821,0.853628726,57779,269.4346412,0.792637491,0.98679451,0.815163266,0.720245166,0.006561095,0.001089124,0.518753099,0.995913001,4
43717,819.231,330.9603984,169.3107746,1.954750955,0.859239152,44186,235.9284069,0.830569013,0.989385778,0.818554235,0.712859931,0.007570519,0.00120593,0.508169282,0.993344389,4
62324,976.551,388.7051318,206.3380524,1.883826697,0.847475574,63156,281.6973223,0.714028756,0.986826271,0.821249891,0.72470698,0.006236845,0.001061193,0.525200207,0.989386172,4
46261,848.807,350.4626603,169.0434528,2.073210494,0.875982057,46904,242.6959715,0.795682835,0.986291148,0.80687633,0.692501653,0.007575769,0.001074706,0.479558539,0.994225796,4
50523,885.288,360.7624173,179.3451436,2.011553868,0.867677145,51122,253.6294177,0.806329599,0.988282931,0.810083599,0.70303725,0.007140558,0.001076032,0.494261374,0.99423338,4
60832,976.002,404.9057242,192.8126847,2.099995261,0.879341576,61584,278.3050628,0.840755176,0.987789036,0.80249169,0.687332992,0.00665613,0.000916369,0.472426642,0.992093708,4
63359,982.041,400.0654926,202.6453521,1.974214994,0.862222076,64039,284.0267317,0.820584883,0.989381471,0.825579572,0.709950588,0.006314265,0.000989498,0.504029837,0.995063262,4
54150,941.398,385.2474284,180.2060758,2.137815979,0.883851759,54996,262.5755536,0.745508364,0.984617063,0.767824176,0.681576395,0.007114449,0.000947064,0.464546383,0.99311468,4
53121,930.241,390.5268382,174.2399368,2.24131646,0.894950044,53903,260.068756,0.678169284,0.985492459,0.7714098,0.665943363,0.007351647,0.000891895,0.443480563,0.993980285,4
43918,824.223,340.089725,164.974604,2.06146714,0.87446345,44470,236.4701553,0.693412909,0.987587137,0.81238699,0.695316965,0.007743743,0.001116508,0.483465681,0.996648615,4
53281,913.484,367.8415066,185.67114,1.981145302,0.863260576,54004,260.460124,0.65956525,0.986612103,0.802380455,0.708077037,0.006903803,0.001070509,0.50137309,0.993292942,4
42614,804.837,327.2921792,166.7857622,1.962350832,0.860415657,43188,232.9331019,0.726308972,0.986709271,0.82669688,0.711697733,0.007680391,0.001215473,0.506513663,0.993957508,4
54954,917.472,347.6613338,204.8505384,1.697146303,0.807969439,56139,264.5176855,0.832510226,0.97889168,0.820396002,0.760848733,0.006326406,0.001307766,0.578890795,0.982462373,4
53370,892.301,344.2801299,200.1156997,1.720405398,0.813719075,54303,260.6775681,0.808636364,0.982818629,0.842333954,0.757167043,0.006450817,0.00130786,0.573301932,0.986311738,4
47180,850.406,348.6152376,172.9046329,2.016228437,0.868336489,47729,245.0947607,0.71003958,0.988497559,0.819813696,0.703052346,0.007389047,0.001113573,0.494282602,0.996586637,4
62063,1019.28,412.3250096,194.7842827,2.116828954,0.881381742,63525,281.1068584,0.709161753,0.976985439,0.750681345,0.681760388,0.006643653,0.000885347,0.464797226,0.983896227,4
33407,706.222,281.5352959,152.7419055,1.843209268,0.840035139,33989,206.2404264,0.809866667,0.982876813,0.841714592,0.732556199,0.008427434,0.001497059,0.536638585,0.989137214,4
55617,920.148,376.490989,189.2083281,1.989822503,0.864543852,56363,266.1085563,0.785717313,0.986764367,0.825471437,0.706812551,0.006769351,0.001042183,0.499583982,0.99408345,4
42389,805.943,327.9802769,167.2015406,1.961586453,0.860298017,43060,232.3173499,0.781364055,0.984417092,0.820076525,0.708327196,0.007737391,0.001201462,0.501727417,0.984181704,4
62741,992.41,392.3921451,204.6350274,1.917521893,0.853247351,63537,282.6381472,0.639613832,0.987471867,0.800532627,0.72029512,0.006254158,0.001038462,0.51882506,0.994858411,4
61546,990.721,397.2342087,199.2340219,1.993807106,0.865126902,62484,279.9335654,0.646450854,0.984988157,0.787965058,0.704706592,0.006454265,0.000981883,0.496611381,0.9901473,4
35464,741.988,278.138932,163.9807355,1.69616834,0.807721576,36088,212.4950993,0.822182037,0.982708934,0.809475706,0.763989053,0.007842853,0.001648171,0.583679273,0.990018304,4
49482,873.311,357.0094309,177.6139355,2.010030518,0.867461175,50075,251.0028668,0.637539619,0.988157763,0.81530339,0.70307069,0.007214935,0.001087447,0.494308395,0.993574959,4
56761,959.439,398.3767662,182.0855177,2.187855307,0.889431436,57299,268.8314524,0.591408269,0.990610656,0.774863433,0.674817096,0.007018494,0.000897776,0.455378113,0.996301421,4
66554,1025.341,429.9036152,197.9089856,2.172228886,0.887734059,67248,291.0999565,0.823005676,0.98967999,0.795513179,0.677128422,0.006459471,0.000837647,0.4585029,0.995973243,4
49470,863.893,338.2378072,187.6962325,1.802048995,0.831901136,50100,250.9724293,0.826179899,0.98742515,0.832974803,0.74199993,0.006837231,0.001278426,0.550563896,0.992143116,4
55103,904.195,335.2377689,211.0529578,1.588405926,0.776950254,55750,264.8760439,0.690946708,0.988394619,0.846956111,0.790113968,0.006083839,0.001462569,0.624280083,0.991610183,4
57410,988.594,393.4835088,188.5714667,2.086654549,0.877686075,58699,270.3639811,0.614043532,0.978040512,0.738178633,0.687103716,0.006853919,0.000942341,0.472111517,0.985133643,4
53367,912.246,376.3529861,181.1850525,2.077174584,0.876488288,54010,260.6702415,0.632055807,0.988094797,0.805858365,0.692621691,0.007052167,0.001001121,0.479724806,0.996472175,4
55487,915.307,359.2053494,197.7867172,1.816124735,0.834754061,56143,265.7973714,0.654034749,0.988315551,0.832276326,0.73995939,0.006473685,0.001197189,0.5475399,0.994400755,4
49468,884.88,375.0361608,168.5272722,2.225373709,0.893349394,49944,250.967356,0.828193538,0.990469326,0.79389937,0.669181754,0.007581389,0.000937789,0.44780422,0.996531739,4
52348,905.268,377.9053847,177.2423724,2.132139057,0.883191495,52753,258.1696026,0.813109661,0.992322712,0.802704356,0.683159365,0.007219099,0.000969953,0.466706718,0.995083621,4
62694,998.103,402.7630036,199.5648945,2.018205681,0.86861385,63546,282.5322637,0.699303975,0.98659239,0.790833616,0.701485144,0.006424267,0.000959571,0.492081408,0.993121492,4
46749,854.757,333.3222404,179.2134254,1.859917802,0.84316291,47417,243.9726941,0.671603839,0.985912226,0.804075551,0.731942441,0.00713004,0.001262349,0.535739736,0.996431873,4
60626,967.088,380.4943904,208.3456234,1.826265339,0.836762786,62564,277.8334405,0.629710416,0.96902372,0.814585716,0.730190635,0.006276093,0.001100561,0.533178363,0.973725164,4
48207,872.255,361.3120609,170.7479672,2.116054831,0.881289091,48804,247.7479742,0.704863142,0.987767396,0.796219912,0.685689743,0.007495012,0.001022028,0.470170424,0.994906397,4
57597,943.978,387.3908323,191.2330044,2.025753,0.869664302,58442,270.8039476,0.676211609,0.98554122,0.812243008,0.699045835,0.006725886,0.000990722,0.488665079,0.989914749,4
51105,905.379,364.6076763,179.4891889,2.031362883,0.870436713,51797,255.0860775,0.643388601,0.986640153,0.783452053,0.699617957,0.007134481,0.001054353,0.489465285,0.994281613,4
51988,895.263,359.6862609,185.4459917,1.939574199,0.856843204,52690,257.280348,0.73533239,0.986676789,0.815101518,0.715291008,0.00691864,0.001117202,0.511641226,0.99236612,4
60350,965.925,390.3405338,197.8809108,1.972603281,0.861978811,61036,277.2003004,0.616999959,0.988760731,0.812831125,0.710149924,0.006467946,0.00101472,0.504312914,0.994809309,4
59685,1139.285,406.7940569,188.0208781,2.163557904,0.886774858,61010,275.6688271,0.681919452,0.978282249,0.577843594,0.677661884,0.006815683,0.000886628,0.459225629,0.99356124,4
48519,896.274,360.7446403,174.1388346,2.071592136,0.875774466,50026,248.5484047,0.620653926,0.969875665,0.758997087,0.688987103,0.007435121,0.001033504,0.474703228,0.983391475,4
55325,930.973,367.8933147,193.4520987,1.901728217,0.850585052,56255,265.4090764,0.721072387,0.983468136,0.802152821,0.721429463,0.006649676,0.001111107,0.52046047,0.989774361,4
63209,996.504,411.7573211,196.9550914,2.090615268,0.878181212,63960,283.6903213,0.80214467,0.988258286,0.79989078,0.688974565,0.00651422,0.00090543,0.474685952,0.992385698,4
51207,882.113,355.7001407,184.5363073,1.927534727,0.854897222,51845,255.3405126,0.735415769,0.987694088,0.826971899,0.71785328,0.006946319,0.00113783,0.515313331,0.993284341,4
51043,901.195,373.8465696,174.8966602,2.137528351,0.883818444,51637,254.9312968,0.63846048,0.988496621,0.789784323,0.681914233,0.00732415,0.000976913,0.465007021,0.993965691,4
58629,977.866,403.5571922,186.8010243,2.160358562,0.886417755,59488,273.2192549,0.646762272,0.985560113,0.77048406,0.677027346,0.006883235,0.000892066,0.458366028,0.990234972,4
51262,930.086,398.8243395,164.1045474,2.430306447,0.911422968,51784,255.4776028,0.797380538,0.989919666,0.744662006,0.640576759,0.007780117,0.000808073,0.410338584,0.997248506,4
66884,1049.722,441.5267425,194.0042447,2.275861249,0.898294399,67651,291.8207561,0.77707036,0.9886624,0.762752261,0.660935631,0.006601381,0.000777054,0.436835908,0.994177915,4
62459,993.163,381.2807377,210.1410879,1.814403559,0.834409285,63358,282.0022495,0.635165506,0.985810789,0.795726511,0.739618401,0.006104496,0.001126835,0.547035379,0.992542938,4
63717,1005.087,408.4304507,199.6062077,2.046181106,0.872443329,64338,284.8280254,0.808550327,0.99034785,0.792606943,0.69737216,0.00641007,0.000935192,0.486327929,0.995115019,4
63213,1009.084,422.5301739,191.1556345,2.210398742,0.891811555,63758,283.6992974,0.734112974,0.991452053,0.780120384,0.671429675,0.006684229,0.000837979,0.450817809,0.996487117,4
64396,1028.089,412.5734378,200.6625869,2.056055611,0.873753973,65250,286.3416381,0.596977844,0.986911877,0.76560953,0.694037987,0.006406818,0.00091697,0.481688727,0.99037881,4
47057,902.586,374.1129742,161.2226373,2.320474224,0.902377529,47847,244.7750667,0.772692939,0.983489038,0.725866769,0.654281149,0.007950209,0.000898702,0.428083822,0.993357475,4
67450,1057.643,436.7972691,199.9376553,2.184667358,0.88908837,68567,293.0529087,0.608008221,0.983709365,0.757728495,0.670912868,0.006475868,0.000809361,0.450124077,0.983371378,4
50399,902.429,340.1558025,193.3672066,1.759118355,0.822706354,52174,253.3179816,0.755109073,0.965979223,0.777688536,0.744711629,0.006749257,0.001280526,0.55459541,0.975598965,4
55054,928.326,375.5142262,189.788113,1.978597186,0.862880156,56043,264.758248,0.72077191,0.982352836,0.802782163,0.705055174,0.006820835,0.001039704,0.497102798,0.983566197,4
47341,869.475,356.6856771,169.3115015,2.10668309,0.880158535,47978,245.5125929,0.599739029,0.986723081,0.786924547,0.688316377,0.007534393,0.001043231,0.473779435,0.998103123,4
50105,892.404,371.8334973,172.3447001,2.15749888,0.886097096,50705,252.5780422,0.590860849,0.988166847,0.790620214,0.679277268,0.007421086,0.00097462,0.461417607,0.99550797,4
53651,921.453,388.8616732,176.213146,2.206768802,0.891433655,54216,261.3629178,0.788197097,0.989578722,0.79403804,0.672123112,0.007247986,0.000912415,0.451749477,0.996906653,4
54460,915.306,372.2989818,186.8038659,1.992993989,0.865008237,55122,263.3260823,0.66133968,0.987990276,0.816873641,0.707297347,0.006836191,0.001055364,0.500269538,0.997034181,4
54620,925.689,379.8736103,183.8619713,2.066080373,0.87506342,55272,263.7126162,0.711791076,0.988203792,0.800997856,0.694211467,0.006954845,0.000996401,0.481929561,0.995705206,4
68256,1073.45,415.6017746,210.9414066,1.970223776,0.861618442,69559,294.7986404,0.619304263,0.981267701,0.744366907,0.7093296,0.006088868,0.000950843,0.503148481,0.9913151,4
66932,1075.6,446.7296068,196.491997,2.273525709,0.898073469,69580,291.9254515,0.703251904,0.961943087,0.727012837,0.653472362,0.00667438,0.000750757,0.427026128,0.970854881,4
56614,932.14,383.1357439,189.4201677,2.022676616,0.869237697,57255,268.483116,0.796662164,0.988804471,0.818787898,0.70075194,0.006767509,0.001006621,0.491053282,0.993241991,4
52961,909.106,364.0186631,189.9490931,1.916401164,0.853060871,54429,259.6767982,0.615925848,0.973029084,0.805261606,0.713361222,0.006873334,0.001097957,0.508884232,0.975226335,4
47667,852.181,346.3471141,176.0819735,1.966965199,0.86112257,48256,246.3564681,0.628421136,0.987794264,0.824829129,0.711299324,0.007265973,0.001147316,0.505946728,0.995179607,4
51339,889.001,360.4412657,181.9405007,1.981094173,0.863252958,51958,255.6694057,0.637593145,0.988086531,0.816305589,0.709323349,0.007020808,0.001096337,0.503139613,0.996766956,4
51815,911.612,376.5700564,176.0775332,2.138660449,0.883949486,52523,256.8519165,0.605364925,0.986520191,0.783511364,0.682082689,0.007267588,0.000970327,0.465236794,0.994983531,4
64979,1032.629,413.2250931,201.0289509,2.055550164,0.873687391,65841,287.6348942,0.716614282,0.986907854,0.765762778,0.696073155,0.006359364,0.000920901,0.484517837,0.995950719,4
61261,1006.386,423.6661676,185.4672365,2.284318112,0.899088263,62120,279.2846715,0.628859736,0.986171925,0.760089569,0.659209285,0.006915757,0.000805588,0.434556882,0.992666156,4
48492,875.858,351.4417653,176.1853443,1.99472758,0.865261038,49121,248.4792386,0.617543681,0.987194886,0.794351204,0.7070282,0.007247417,0.001117146,0.499888875,0.997142126,4
41246,818.326,315.1393044,167.6372112,1.879888731,0.846778042,42065,229.1637804,0.699084746,0.980530132,0.773996509,0.727182479,0.007640482,0.001317875,0.528794357,0.994074553,4
54096,935.844,389.4636924,178.2750108,2.184623019,0.889083588,54749,262.4445968,0.614141047,0.988072842,0.776190096,0.673861523,0.007199492,0.000915723,0.454089352,0.992014051,4
50157,895.924,364.3883505,176.4633496,2.064952022,0.874917082,50878,252.7090735,0.674570299,0.985828845,0.785233963,0.693515787,0.007264955,0.001036664,0.480964146,0.993167886,4
48609,868.202,340.9986705,182.5553282,1.867919571,0.844627179,49294,248.7788195,0.767732765,0.986103785,0.810373045,0.7295595,0.007015134,0.00122591,0.532257064,0.994213387,4
48885,897.492,363.8021625,171.9422437,2.115839334,0.88126328,49642,249.484098,0.599080882,0.984750816,0.762648309,0.685768595,0.007442,0.001015266,0.470278566,0.995033889,4
59998,985.424,406.9469798,188.5911563,2.157826421,0.886133894,60719,276.390713,0.712870111,0.988125628,0.776426531,0.679181138,0.006782676,0.000890273,0.461287018,0.995377316,4
51531,894.44,349.8420573,189.1468941,1.849578652,0.84123884,52439,256.1470417,0.647114225,0.982684643,0.809423872,0.732179097,0.006788963,0.001203518,0.536086231,0.991533648,4
58778,963.455,398.3692695,191.7286778,2.077776127,0.876564829,60076,273.5662149,0.833907924,0.978394034,0.795722794,0.686715156,0.006777523,0.000929731,0.471577705,0.979832898,4
48216,862.09,355.3846896,173.8978862,2.043640077,0.872102658,48852,247.7710998,0.634771848,0.986981086,0.815259424,0.697191261,0.00737068,0.001074224,0.486075654,0.993363687,4
105090,1256.75,484.584268,279.6665078,1.732721847,0.816654639,107776,365.7933074,0.779021497,0.975077939,0.83612935,0.754860055,0.004611136,0.000923535,0.569813703,0.987328653,2
68443,1015.573,387.3241619,227.875152,1.699720915,0.808619565,69812,295.202192,0.804738389,0.980390191,0.83390506,0.762157957,0.005659076,0.001177891,0.580884752,0.987341962,2
45666,789.77,274.8633573,211.8851392,1.297228104,0.636987114,46074,241.1301662,0.748377581,0.99114468,0.920029115,0.87727287,0.006018994,0.002199087,0.769607688,0.998356721,2
88369,1132.4,440.971716,256.996531,1.715866414,0.812618532,89229,335.4324154,0.783524259,0.990361878,0.865984429,0.760666508,0.004990118,0.001030547,0.578613537,0.992823534,2
76135,1047.656,409.3399353,237.5633729,1.723076795,0.814362043,76684,311.3488281,0.812297286,0.992840749,0.871679449,0.760611905,0.005376501,0.001110023,0.57853047,0.996852429,2
64137,1007.701,393.1304149,213.5250628,1.841144125,0.839641806,66763,285.7652265,0.798707364,0.960666836,0.793697709,0.726896764,0.006129542,0.001055598,0.528378906,0.972821718,2
69586,1028.61,396.0922413,227.7141853,1.739427172,0.818222339,71604,297.6569283,0.777757908,0.971817217,0.826476011,0.751483865,0.005692125,0.00111978,0.564727999,0.982303226,2
74202,1047.001,403.3070199,236.3849854,1.706144826,0.810226633,75363,307.3709822,0.809711916,0.984594562,0.850611563,0.762126536,0.005435258,0.001131119,0.580836858,0.990991799,2
70912,1012.143,371.718651,244.6784034,1.519213162,0.7528121,71891,300.4795544,0.761880204,0.986382162,0.869852962,0.808352106,0.005241971,0.001380628,0.653433127,0.992704207,2
77528,1071.144,411.6679082,243.9627698,1.68742103,0.805481936,79378,314.1842062,0.769554514,0.976693794,0.849127147,0.763198199,0.005309926,0.001111265,0.582471491,0.982874644,2
68511,1014.54,393.7455185,223.5987805,1.760946628,0.823113853,69282,295.3488013,0.81370849,0.988871568,0.836434276,0.750100731,0.005747187,0.001122312,0.562651107,0.990798569,2
83097,1138.925,447.9528602,238.9724908,1.874495507,0.845814653,83743,325.2727877,0.760822194,0.992285922,0.805016824,0.726131735,0.005390722,0.000924461,0.527267297,0.988360179,2
81029,1076.752,415.0172133,250.7024434,1.655417505,0.79692579,82216,321.1998242,0.750936017,0.985562421,0.878251639,0.773943379,0.005121836,0.001133554,0.598988353,0.991575805,2
62152,955.511,356.7448054,223.3037841,1.597576176,0.779864602,62931,281.3083436,0.76004598,0.987621363,0.855447951,0.788542228,0.005739877,0.001368933,0.621798845,0.993371021,2
83173,1107.612,426.6362051,250.914101,1.700327735,0.808772289,84478,325.4215,0.68465287,0.984552191,0.851955529,0.762761097,0.005129504,0.001071049,0.581804492,0.989258314,2
102108,1232.802,480.9413524,273.7578797,1.756812819,0.822190374,103967,360.5661429,0.755946784,0.982119326,0.844273141,0.749709172,0.004710124,0.000917875,0.562063842,0.987440963,2
66873,1002.723,381.9451177,225.9835719,1.690145503,0.806183903,69064,291.7967582,0.775078524,0.968275802,0.835792976,0.76397562,0.0057115,0.001200184,0.583658748,0.986468209,2
68197,1008.009,368.3233216,238.7370585,1.542799111,0.761493515,69740,294.6712019,0.727830607,0.977874964,0.843424699,0.800034059,0.005400873,0.001364827,0.640054495,0.987475506,2
76477,1096.502,428.5844834,232.0537156,1.846919289,0.840737991,78619,312.0473372,0.66259747,0.972754678,0.799322156,0.728088275,0.005604096,0.000971452,0.530112536,0.979075068,2
79896,1057.845,399.7660593,255.2200243,1.566358519,0.76968533,80538,318.9463069,0.790110759,0.992028608,0.897203224,0.797832381,0.00500358,0.001250568,0.636536508,0.997044382,2
85209,1122.182,430.6441622,256.0528764,1.681856374,0.804035649,87141,329.3804311,0.751640733,0.977829036,0.850293259,0.76485521,0.005053975,0.001066915,0.585003492,0.983891852,2
68988,1015.946,384.3988557,230.8984362,1.664796271,0.799493982,70406,296.375184,0.767300634,0.979859671,0.839928213,0.771009538,0.005571967,0.001214583,0.594455707,0.989647645,2
76281,1082.67,426.2175577,231.7805298,1.838884215,0.839209645,78073,311.6472135,0.817614714,0.977047123,0.817775388,0.73119281,0.005587467,0.000985195,0.534642925,0.983146436,2
72714,1034.73,405.8395078,230.1383268,1.763459019,0.82367144,73432,304.273463,0.793335952,0.990222246,0.85344162,0.749738399,0.005581312,0.001087815,0.562107667,0.991253835,2
84870,1160.165,449.8320977,244.3485463,1.84094444,0.839603693,87068,328.7245658,0.75512492,0.974755364,0.792363656,0.730771698,0.005300249,0.000932401,0.534027274,0.983114542,2
76081,1066.371,424.9393293,228.9063108,1.856389751,0.84251046,76674,311.2383938,0.767982961,0.992265957,0.840754934,0.73243019,0.005585354,0.000991506,0.536453984,0.995867677,2
77590,1074.368,409.1167193,245.2921089,1.667875584,0.800325986,79050,314.3098094,0.79888389,0.981530677,0.844713601,0.768264396,0.005272802,0.001133089,0.590230183,0.98443051,2
84459,1114.52,437.4712277,249.1185799,1.756076275,0.822025038,85700,327.9276425,0.785774759,0.985519253,0.854437039,0.749598195,0.005179688,0.001008782,0.561897453,0.986734787,2
61422,968.493,363.9807572,216.3316136,1.682513023,0.804207199,62310,279.6514247,0.712949206,0.985748676,0.82288822,0.768313762,0.005925902,0.001273763,0.590306036,0.993197594,2
73025,1052.841,401.4808103,234.2697239,1.713754572,0.81210299,74786,304.9234621,0.749720234,0.976452812,0.827858003,0.759496978,0.005497854,0.001128437,0.57683566,0.988554749,2
87979,1148.631,443.7386916,255.6539528,1.735700491,0.817353658,89768,334.691413,0.692835318,0.980070849,0.837968743,0.754253391,0.005043689,0.001006925,0.568898178,0.987436848,2
80009,1108.48,433.9133189,236.9684259,1.831101833,0.837707431,81004,319.1717762,0.657644254,0.987716656,0.81826313,0.735565751,0.005423306,0.000979332,0.541056974,0.990730416,2
81899,1111.802,433.417778,243.0370916,1.783340045,0.827988179,83065,322.919565,0.68912449,0.9859628,0.832594545,0.745053806,0.005292101,0.001005908,0.555105174,0.989941285,2
65824,983.196,374.9335756,225.9208723,1.659579179,0.798071778,66684,289.4990843,0.831804281,0.987103353,0.855685018,0.772134328,0.005696001,0.001248882,0.59619142,0.989426867,2
60169,964.548,370.0253756,211.503431,1.749500582,0.820538199,62285,276.7843026,0.705703663,0.966027133,0.812708811,0.748014382,0.006149768,0.001187622,0.559525515,0.978890215,2
90252,1192.155,453.4084707,255.9049563,1.771784639,0.825499615,91633,338.9873381,0.755152073,0.98492901,0.797996983,0.74764227,0.005023805,0.000968251,0.558968963,0.990372623,2
54137,905.416,356.3926718,195.4373656,1.823564653,0.836231556,54769,262.5440329,0.763245453,0.988460626,0.829865519,0.736670683,0.006583163,0.001195936,0.542683695,0.989618804,2
92098,1199.087,464.8775198,254.1832113,1.828907257,0.837279856,93238,342.4365862,0.640067275,0.987773226,0.804931038,0.73661679,0.00504764,0.000916715,0.542604295,0.992372933,2
64879,991.26,390.9495828,213.0718207,1.834825372,0.838428898,65615,287.4134799,0.757861415,0.988783053,0.829733927,0.735167634,0.006025826,0.00108578,0.540471451,0.99167073,2
76386,1088.169,430.1759423,227.6040205,1.890019084,0.848562481,77293,311.8616294,0.758361876,0.988265432,0.81064542,0.724962971,0.005631607,0.000959567,0.52557131,0.993339806,2
74223,1095.372,432.6433047,219.8698707,1.967724379,0.861238343,75177,307.4144738,0.781311185,0.987309949,0.777365205,0.710549477,0.005828965,0.000916534,0.504880559,0.993465785,2
55544,924.19,357.6967019,198.2257211,1.804491868,0.832401765,56205,265.9338588,0.769137033,0.98823948,0.817192715,0.74346187,0.00643988,0.001213647,0.552735552,0.997406809,2
57549,929.955,362.9373998,204.5544341,1.77428273,0.826042363,58471,270.6910833,0.788558509,0.984231499,0.836226215,0.745834084,0.00630658,0.001203767,0.556268481,0.98697756,2
62613,947.788,363.8466214,220.7150986,1.648489948,0.794995162,63392,282.3496903,0.802278202,0.987711383,0.875894835,0.776012951,0.00581104,0.001299899,0.6021961,0.992714217,2
74942,1071.175,422.5722072,229.4131413,1.841970364,0.839799355,76989,308.899851,0.800140934,0.973411786,0.820756417,0.730998977,0.005638657,0.000993167,0.534359504,0.984274369,2
74328,1039.662,407.7809845,234.3696435,1.739905298,0.818333319,75626,307.6318398,0.765936399,0.982836591,0.864127785,0.754404574,0.005486236,0.001096154,0.569126261,0.990225797,2
75674,1065.907,415.5588949,234.5933731,1.771400826,0.82541599,77018,310.404783,0.79946332,0.982549534,0.836985484,0.746957379,0.005491436,0.001054506,0.557945326,0.988344812,2
81376,1089.81,434.3950726,239.8614256,1.811025143,0.833729262,81989,321.8868453,0.809808136,0.992523387,0.861002922,0.741000222,0.005338123,0.000992754,0.549081329,0.994400093,2
74640,1056.189,407.1566372,235.0869904,1.731940319,0.816470536,75626,308.276823,0.809281145,0.986962156,0.840810671,0.757145518,0.005454939,0.001105827,0.573269336,0.992868276,2
69411,992.04,377.0840491,235.0183466,1.604487712,0.782021151,70029,297.2824079,0.770924963,0.991175085,0.886298059,0.78837174,0.005432627,0.001294535,0.62153,0.997237248,2
80942,1087.684,421.3306283,246.4207503,1.709801742,0.811131998,81812,321.0273434,0.76410116,0.989365863,0.859762137,0.761936878,0.00520534,0.001082193,0.580547806,0.99262165,2
85226,1104.753,427.749008,256.5457649,1.667339971,0.800181661,86404,329.4132867,0.821455422,0.986366372,0.877509023,0.770108827,0.005018997,0.001088943,0.593067605,0.988845323,2
76097,1053.506,404.9215575,242.3833689,1.67058309,0.801053026,77694,311.2711192,0.753831218,0.979445002,0.861595403,0.768719554,0.005321124,0.001146185,0.590929753,0.987197253,2
69890,1019.567,397.6524029,225.3539828,1.764567894,0.823916662,70522,298.3064059,0.681421538,0.991038258,0.844876759,0.75016875,0.00568969,0.001111487,0.562753153,0.993016146,2
96996,1203.309,469.6980157,265.4558131,1.769401883,0.824979447,98015,351.4244483,0.731614597,0.989603632,0.841800848,0.748192321,0.004842447,0.000936047,0.559791749,0.990496574,2
64840,993.808,391.2499005,212.0103957,1.845427906,0.840456033,65580,287.3270821,0.769522905,0.988716072,0.824988497,0.734382505,0.006034082,0.001082631,0.539317664,0.995271867,2
78114,1072.209,411.0303643,243.347579,1.689066996,0.805906502,78908,315.3693609,0.807004494,0.989937649,0.853846583,0.767265361,0.00526193,0.001124882,0.588696134,0.994347212,2
62703,971.24,371.2031651,217.9622639,1.703061614,0.809457974,64353,282.5525423,0.790188023,0.97436017,0.835304966,0.761180316,0.005920022,0.001225895,0.579395473,0.986746189,2
66516,974.201,372.3567768,228.9267115,1.626532677,0.788679359,67382,291.0168407,0.779578777,0.987147903,0.880722003,0.781553765,0.005598003,0.001288393,0.610826287,0.993528916,2
62326,970.848,377.3634018,211.4355642,1.784767871,0.828291811,63122,281.7018421,0.8016412,0.9873895,0.830953342,0.746500166,0.006054671,0.001159818,0.557262498,0.994584202,2
62911,950.094,361.4241806,222.9701851,1.620952955,0.787025042,63883,283.0207996,0.777254757,0.984784685,0.875796694,0.783071014,0.005745008,0.001332524,0.613200213,0.993968698,2
64252,951.839,357.2425199,230.739416,1.548250949,0.76343038,65192,286.0213055,0.783408115,0.985581053,0.891188398,0.800636233,0.005560022,0.00140928,0.641018378,0.992457313,2
87822,1143.406,443.3108289,254.1225911,1.744476266,0.81938895,88552,334.3926484,0.789908257,0.991756256,0.844135672,0.754307422,0.005047833,0.001008041,0.568979687,0.992571559,2
73346,1040.579,378.6514102,251.0932419,1.508011157,0.748508614,75533,305.5929116,0.705080509,0.971045768,0.851208955,0.807056051,0.005162537,0.001351007,0.651339469,0.982227186,2
73688,1059.474,415.6538966,228.3115046,1.820556075,0.835636577,75227,306.3045471,0.720411395,0.97954192,0.82494696,0.736922111,0.005640727,0.001026127,0.543054198,0.98866062,2
73629,1057.375,405.4258689,234.5251698,1.728709414,0.81570634,75311,306.1818976,0.688623483,0.977665945,0.827562285,0.75521056,0.005506334,0.001104879,0.570342991,0.985957297,2
67916,989.997,362.8244276,240.0285348,1.511588728,0.749896111,68706,294.0634913,0.757146042,0.988501732,0.870791551,0.81048427,0.005342253,0.001421944,0.656884752,0.992939586,2
91836,1164.661,431.4577021,276.5648983,1.560059519,0.767539889,94553,341.9491583,0.778198642,0.971264793,0.850792705,0.792543873,0.004698133,0.0011434,0.628125791,0.979913618,2
89559,1158.625,446.6269238,258.2008138,1.729765748,0.815956741,91501,337.683373,0.734517629,0.978776188,0.838365329,0.756074824,0.004986957,0.001005251,0.57164914,0.988819102,2
70626,995.284,375.0609853,241.0058327,1.556231984,0.766220513,71282,299.8729999,0.739849151,0.990797116,0.8959431,0.799531307,0.005310523,0.001338625,0.639250312,0.994821781,2
71041,1004.677,385.0415084,236.6119668,1.627312066,0.78890881,71806,300.7527398,0.776404372,0.989346294,0.884435182,0.781091735,0.00541999,0.001244476,0.610104298,0.992830086,2
67591,999.739,380.5460002,228.0035415,1.669035479,0.800637964,68387,293.3590532,0.705388172,0.988360361,0.849817103,0.770889861,0.005630128,0.0012265,0.594271178,0.99185968,2
84648,1132.054,439.91571,248.9619409,1.766999841,0.824452603,86779,328.2943511,0.767183875,0.975443368,0.830027112,0.746266486,0.005197001,0.000994279,0.556913668,0.984066364,2
58961,936.527,363.145456,208.2099472,1.744131156,0.819309586,59576,273.9917459,0.813816425,0.989677051,0.844761475,0.754495868,0.006159079,0.001231184,0.569264014,0.992871103,2
69338,1015.684,406.0431256,218.5881833,1.857571253,0.842729428,69920,297.1260398,0.737011054,0.991676201,0.84462504,0.731759809,0.005855997,0.00103575,0.535472417,0.99467817,2
64132,968.793,380.8541775,215.9688009,1.763468501,0.823673539,65166,285.7540874,0.743404275,0.98413283,0.85866283,0.750297894,0.005938598,0.00116091,0.56294693,0.992739179,2
69545,996.279,382.5603879,232.859284,1.642882265,0.793410949,70165,297.5692258,0.822784061,0.991163686,0.8804685,0.777835958,0.005500904,0.001242127,0.605028777,0.993991048,2
79053,1067.951,414.1482789,244.868285,1.691310408,0.806482823,80109,317.2592091,0.80992777,0.986817961,0.871014864,0.766052221,0.005238869,0.001112886,0.586836006,0.992521844,2
85767,1190.899,445.0620378,250.7718707,1.774768584,0.826147614,88786,330.4571622,0.724040994,0.965996891,0.759941606,0.742496852,0.005189199,0.000972878,0.551301576,0.978432717,2
72503,1048.874,409.7482505,229.4829452,1.785528115,0.828453137,74347,303.831675,0.697915965,0.975197385,0.82816944,0.741508169,0.005651466,0.001053913,0.549834365,0.981744717,2
106700,1255.058,469.4226743,291.8730169,1.608311311,0.783199753,108228,368.5846706,0.696466104,0.985881657,0.851229549,0.78518719,0.004399463,0.001031507,0.616518924,0.991554358,2
75608,1063.245,419.5405317,232.3875767,1.805348365,0.832576739,76934,310.2693918,0.748586648,0.982764447,0.840448132,0.73954569,0.005548891,0.001023873,0.546927827,0.987395258,2
77093,1063.375,400.007897,247.2509673,1.617821364,0.786087515,77813,313.301542,0.682873466,0.990747047,0.856745671,0.783238392,0.005188641,0.001204507,0.613462379,0.992472542,2
81209,1103.917,440.017737,237.9817905,1.848955485,0.841121697,82641,321.5563873,0.819762982,0.982672039,0.837415864,0.730780512,0.005418337,0.000953221,0.534040157,0.987416478,2
74722,1065.27,410.8183629,234.1510759,1.754501282,0.821670681,76147,308.446114,0.771435356,0.981286196,0.827444662,0.750808975,0.005497957,0.001077703,0.563714117,0.989037141,2
86232,1145.77,442.0627791,250.0781687,1.767698402,0.824606076,87163,331.3517654,0.801651049,0.989318862,0.825436044,0.749558165,0.005126435,0.000998198,0.561837442,0.993159148,2
68609,996.685,380.2810679,231.0966916,1.645549598,0.794166905,69346,295.5599633,0.680644841,0.989372134,0.867910833,0.777214509,0.005542729,0.001247576,0.604062393,0.994014627,2
83706,1126.544,446.9605372,239.8446911,1.863541507,0.843828675,84590,326.4625389,0.741890311,0.989549592,0.828838919,0.730405733,0.005339648,0.000937452,0.533492535,0.994185483,2
74839,1057.541,420.3430671,229.4413347,1.832028512,0.837887453,75921,308.6875026,0.753210548,0.985748344,0.84089818,0.734370391,0.005616631,0.001007665,0.539299872,0.988012741,2
74547,1070.415,419.0838849,229.3790307,1.827036602,0.836914,75913,308.0847097,0.725744271,0.982005717,0.817590172,0.735138527,0.00562174,0.001012808,0.540428653,0.987382931,2
72814,1044.679,404.7696557,232.095506,1.743978859,0.819274546,74247,304.4826173,0.736097211,0.980699557,0.83841497,0.752236767,0.005558954,0.001097971,0.565860154,0.986848146,2
83431,1088.656,424.5506959,251.8191175,1.685935127,0.805097396,84489,325.9258328,0.729285583,0.98747766,0.884618408,0.76769591,0.005088644,0.001090282,0.58935701,0.993617685,2
66149,1013.351,393.0802131,217.3600575,1.808428916,0.83320371,68260,290.2128919,0.723129564,0.969074128,0.809493464,0.738304504,0.005942346,0.00108913,0.545093541,0.985762922,2
87527,1145.742,455.6584052,246.6049413,1.847726176,0.840890215,88671,333.8305523,0.767881739,0.987098375,0.837873086,0.732633369,0.005205918,0.000925175,0.536751653,0.991770078,2
72431,1010.003,378.8942069,244.5432033,1.549395778,0.763833887,73434,303.6807756,0.77781596,0.986341477,0.892255056,0.801492264,0.005231106,0.00133159,0.642389849,0.99531612,2
85702,1107.351,427.956415,257.0571452,1.664829875,0.799503091,86542,330.3319171,0.7945302,0.99029373,0.878274385,0.771882149,0.004993541,0.001093433,0.595802051,0.991909055,2
87927,1120.716,434.4041444,259.1450371,1.676297371,0.802573784,88711,334.5924886,0.805044864,0.991162314,0.87971293,0.770233187,0.004940509,0.001072606,0.593259163,0.994478775,2
73178,1033.997,398.3001474,235.9828981,1.687834799,0.805588803,73969,305.2427287,0.735161744,0.989306331,0.860105733,0.766363585,0.005442895,0.001158108,0.587313144,0.991287562,2
85618,1109.054,420.1109726,261.33371,1.60756518,0.782970562,87049,330.1699916,0.74806906,0.983560983,0.874721009,0.785911374,0.004906807,0.00115471,0.617656687,0.992923384,2
74848,1076.314,418.4619924,230.8197333,1.81293855,0.834114936,76416,308.7060632,0.69043512,0.979480737,0.811917843,0.737715895,0.005590824,0.001021438,0.544224741,0.986646013,2
75810,1043.229,393.0424863,247.1105818,1.590553037,0.777638121,76802,310.6835848,0.80557238,0.98708367,0.875340572,0.790458018,0.005184573,0.001248556,0.624823879,0.993815518,2
74051,1073.004,411.8746352,232.9696229,1.767932789,0.824657523,76140,307.0580752,0.735041293,0.972563698,0.80823585,0.745513438,0.00556204,0.001059829,0.555790286,0.98259987,2
92281,1169.006,456.3323251,259.5857802,1.757924971,0.822439568,93747,342.7766305,0.71500186,0.984362166,0.848571958,0.751155708,0.00494503,0.00097111,0.564234897,0.991882615,2
81552,1115.057,427.5548743,245.7604718,1.739721897,0.818290762,83067,322.2347457,0.723312165,0.98176171,0.824233655,0.753668745,0.005242727,0.00104342,0.568016578,0.988190879,2
80339,1107.539,433.0276124,237.3940606,1.824087811,0.836334673,81278,319.8293166,0.654023999,0.988447058,0.823034859,0.738588735,0.005390005,0.000989418,0.54551332,0.995064198,2
72651,1020.566,395.6140176,236.5864491,1.672175305,0.801478624,73917,304.1416219,0.734649921,0.982872682,0.876535014,0.768783734,0.005445404,0.001173347,0.59102843,0.988303146,2
71282,1025.671,399.7818559,230.8930193,1.731459258,0.816357068,71685,301.2624458,0.831296357,0.994378182,0.851478307,0.75356708,0.005608455,0.001115605,0.567863344,0.983232244,2
70015,1002.196,387.8131025,233.242644,1.662702394,0.798925093,71660,298.5730509,0.760577915,0.977044376,0.875982897,0.769889024,0.005539,0.001200394,0.592729109,0.985532108,2
68020,1007.399,396.924249,221.0941039,1.795272882,0.830500162,69372,294.2885554,0.75388469,0.980510869,0.842254734,0.741422466,0.005835405,0.001087712,0.549707273,0.986874559,2
62080,952.938,352.9881785,225.4791303,1.565502661,0.769395693,62772,281.1453555,0.724345137,0.988975977,0.859077375,0.796472439,0.005686021,0.001411469,0.634368346,0.993105335,2
80220,1067.015,406.9650705,252.3064887,1.612979011,0.784624828,80772,319.5923595,0.829455922,0.993165949,0.885424372,0.785306609,0.005073112,0.001190176,0.61670647,0.994734592,2
69221,1034.794,420.1858938,212.6011487,1.976404626,0.862551506,70186,296.8752508,0.803960511,0.986250819,0.81234391,0.706533121,0.006070208,0.000933068,0.49918905,0.986599549,2
76362,1065.768,420.3790294,233.6133827,1.799464673,0.831368968,77651,311.812633,0.796965016,0.983400085,0.844815369,0.741741646,0.005505081,0.001027908,0.550180669,0.990030677,2
76189,1053.226,399.3877223,244.8205284,1.631348992,0.79009096,77268,311.4592231,0.719850718,0.986035616,0.863095782,0.779841757,0.005242065,0.001195937,0.608153166,0.992110055,2
81788,1100.392,422.514342,248.7060809,1.698850066,0.808400052,82525,322.7006599,0.792765199,0.991069373,0.8487985,0.763762618,0.00516597,0.001084339,0.583333336,0.990995877,2
87911,1153.126,442.2787184,255.6493563,1.730020856,0.816017134,90019,334.5620445,0.780286691,0.976582721,0.830805868,0.756450696,0.005030983,0.001016144,0.572217656,0.989948479,2
73343,1038.02,400.9585686,233.8357477,1.714701762,0.812334493,73970,305.5866619,0.803230752,0.991523591,0.855376061,0.762140245,0.005466896,0.001137785,0.580857754,0.995997814,2
83936,1129.483,432.9425173,252.0038481,1.717999628,0.813137033,86096,326.9107438,0.709554162,0.974911726,0.826796702,0.755090412,0.005158007,0.001034326,0.57016153,0.979537297,2
72697,1015.816,391.4185544,239.1742064,1.636541667,0.791596146,73964,304.2378924,0.78918115,0.982870045,0.885311804,0.777269981,0.005384246,0.00121225,0.604148624,0.988714396,2
85822,1131.029,438.5409727,251.9410317,1.740649269,0.818505793,87602,330.5631017,0.724046874,0.979680829,0.843064911,0.753779287,0.00510989,0.001017579,0.568183213,0.989007695,2
74267,1049.271,408.7938996,232.7689244,1.756221973,0.822057763,75168,307.5055792,0.739070726,0.988013516,0.847677011,0.752226439,0.005504381,0.001087133,0.565844615,0.993748746,2
74797,1041.356,403.8829972,238.5870704,1.692811754,0.806867002,75662,308.600872,0.776579177,0.988567577,0.866753484,0.764084832,0.005399722,0.001135318,0.58382563,0.98830689,2
71826,1033.615,399.2830779,230.5615234,1.731785391,0.816434005,72664,302.4098271,0.737743814,0.988467467,0.844838971,0.757382028,0.005559033,0.001128337,0.573627536,0.993399786,2
72601,1047.138,415.4339672,225.3779697,1.843276731,0.840047963,73896,304.0369454,0.689730192,0.982475371,0.832040807,0.731853843,0.005722152,0.001012597,0.535610048,0.987277538,2
72058,1035.943,397.7170239,233.4102154,1.703940092,0.809677482,73724,302.8978295,0.764541114,0.977402203,0.843762748,0.761591311,0.005519401,0.001145407,0.580021325,0.988321589,2
73626,1048.278,408.0943638,231.2348025,1.764848368,0.823978602,74508,306.1756599,0.702511355,0.988162345,0.841953541,0.750257017,0.005542802,0.001083302,0.562885591,0.993407717,2
65957,995.361,371.0944283,229.5151343,1.616862563,0.785799157,67572,289.7914089,0.793448579,0.976099568,0.836583929,0.780910159,0.005626308,0.001290647,0.609820676,0.985996221,2
66234,1006.478,398.084825,213.5124985,1.864456778,0.843996137,67144,290.3992906,0.763821298,0.986447039,0.821641326,0.729490984,0.006010279,0.001049915,0.532157095,0.992183904,2
85666,1119.3,435.6466449,251.49782,1.732208433,0.816533728,86305,330.2625302,0.762886047,0.992596026,0.859261484,0.758097265,0.005085409,0.001036109,0.574711464,0.995520045,2
74299,1058.844,422.5695483,225.5435723,1.87356059,0.84564669,75018,307.5718208,0.785592692,0.990415634,0.832777289,0.727860827,0.005687419,0.000984665,0.529781383,0.992577521,2
65612,1000.896,390.2698094,215.4482614,1.811431695,0.833811325,66471,289.032512,0.762788318,0.987077071,0.82302918,0.740596646,0.005948147,0.001103795,0.548483393,0.993540202,2
72900,1053.947,412.5586584,228.0735835,1.80888401,0.833296022,74237,304.6623751,0.65275788,0.981990113,0.824707318,0.738470443,0.005659241,0.001038175,0.545338595,0.986454264,2
68412,1000.541,382.7686783,231.4040488,1.654114006,0.796564729,69728,295.1353312,0.7699372,0.981126664,0.858761116,0.771054028,0.005595052,0.001219897,0.594524314,0.983410995,2
82115,1105.638,449.1585197,234.3010258,1.917014738,0.85316301,82762,323.3451178,0.804623043,0.992182403,0.844124388,0.719890871,0.005469872,0.000906199,0.518242866,0.993479212,2
77972,1077.81,415.4903941,243.1599652,1.708712179,0.810862962,79627,315.0825825,0.779447193,0.979215593,0.84345928,0.75833903,0.005328713,0.001087065,0.575078085,0.982642927,2
74232,1046.303,408.2238838,236.711872,1.724560244,0.814717581,76425,307.4331112,0.775860447,0.971305201,0.852091209,0.753099276,0.005499298,0.001091179,0.567158519,0.978099034,2
72969,1047.623,407.6394504,230.3269092,1.769829899,0.825073064,73840,304.8065228,0.759476675,0.988204225,0.835484139,0.747735585,0.005586474,0.001077233,0.559108505,0.989526948,2
81910,1103.621,432.4941873,244.2091145,1.770999367,0.825328454,83523,322.9412502,0.742678393,0.980687954,0.84509762,0.746695007,0.005280115,0.001012502,0.557553434,0.987426778,2
67349,1002.202,385.164328,224.0565087,1.71904994,0.813391493,68119,292.833417,0.807735668,0.988696252,0.842617521,0.76028177,0.005718932,0.001178672,0.57802837,0.993659634,2
87661,1124.25,422.5868722,266.2234312,1.587339139,0.776607223,88808,334.0859945,0.729147258,0.987084497,0.871546357,0.790573528,0.004820694,0.001161605,0.625006504,0.992097285,2
78049,1073.178,423.5094164,236.1329505,1.793521046,0.830134993,78635,315.2381215,0.768395456,0.992547848,0.851596141,0.744347373,0.005426199,0.001027491,0.554053012,0.993705737,2
69845,1050.03,416.1572514,218.2519252,1.906774711,0.851443831,72211,298.2103553,0.783604277,0.967234909,0.796052611,0.716580942,0.005958297,0.000969087,0.513488247,0.979106403,2
82769,1102.587,419.7589986,252.8835096,1.65989075,0.798157162,84000,324.6301956,0.707814531,0.985345238,0.855562689,0.773372808,0.005071452,0.001119097,0.598105501,0.992789789,2
84331,1113.655,434.3328911,249.7984705,1.738733188,0.818061066,85972,327.6790565,0.750937213,0.98091239,0.854467939,0.754442187,0.005150335,0.001029246,0.569183014,0.989657397,2
81272,1094.556,422.5549309,246.9473155,1.711113685,0.811455145,82543,321.681091,0.803202056,0.984601965,0.852461628,0.761276387,0.005199268,0.001077188,0.579541737,0.991661797,2
83749,1109.583,440.1503488,243.96224,1.804174075,0.832336771,84500,326.5463805,0.809638438,0.991112426,0.854810613,0.741897357,0.005255589,0.000982147,0.550411689,0.993038499,2
59041,931.502,359.7792308,211.3235495,1.702504201,0.809318484,60026,274.1775628,0.749688905,0.983590444,0.855058809,0.76207168,0.006093718,0.001267784,0.580753245,0.98873484,2
72581,1058.631,406.6801865,231.0870627,1.759857007,0.822871167,74418,303.9950648,0.704943667,0.975315112,0.813848555,0.747503997,0.005603122,0.001079105,0.558762225,0.983341617,2
63409,990.243,374.8087513,218.0335152,1.719041915,0.81338955,64645,284.13878,0.764369063,0.980880192,0.812600726,0.758090036,0.005910971,0.001204264,0.574700503,0.987934254,2
66408,967.957,367.4426757,231.0804659,1.59010704,0.777495517,67002,290.7804871,0.798874012,0.991134593,0.890672688,0.791362861,0.005533109,0.001338602,0.626255178,0.995812767,2
85330,1118.881,426.9344592,258.2929912,1.652907642,0.796229665,87158,329.6142144,0.80369589,0.979026595,0.856532431,0.772048747,0.005003334,0.001096524,0.596059268,0.98523092,2
68394,992.182,377.7808445,232.6215928,1.624014521,0.787935299,69082,295.0965019,0.729536,0.990040821,0.87306219,0.781131458,0.005523596,0.001268523,0.610166355,0.99091902,2
91776,1151.76,437.7224198,269.5921268,1.623646896,0.787826325,93709,341.8374357,0.794969076,0.979372312,0.869390732,0.780945687,0.004769465,0.001094291,0.609876165,0.990223543,2
100962,1216.408,470.0188033,274.1646224,1.714367081,0.812252745,101690,358.5370426,0.753560233,0.992840987,0.857450926,0.762814254,0.004655403,0.000972327,0.581885585,0.997565492,2
74382,1073.257,413.3195734,230.4794101,1.793303676,0.830089597,75387,307.7435683,0.791154791,0.986668789,0.811465866,0.744565678,0.005556715,0.00105344,0.554378049,0.994168192,2
67704,1000.748,388.251976,223.1687516,1.739723744,0.81829119,68428,293.6041725,0.768577591,0.989419536,0.849522196,0.756220678,0.00573455,0.00115684,0.571869714,0.99489532,2
70686,1048.179,401.9008212,227.5360397,1.766317203,0.824302425,72526,300.0003508,0.717624365,0.974629788,0.808485735,0.746453689,0.00568572,0.001088872,0.55719311,0.984179776,2
59387,930.813,361.3864657,210.6642569,1.715461707,0.812519908,59877,274.9797753,0.820035902,0.991816557,0.86134348,0.760902251,0.006085279,0.001258275,0.578972236,0.9932047,2
55972,897.386,342.4919163,208.7955762,1.640321709,0.7926811,56563,266.956483,0.80088141,0.989551474,0.873417943,0.779453383,0.006118987,0.00139322,0.607547577,0.99657348,2
71184,1061.63,419.1542715,218.2612953,1.920424191,0.853728565,72140,301.0552835,0.803612554,0.98674799,0.793680824,0.71824458,0.005888321,0.000966631,0.515875276,0.99069936,2
92751,1148.629,436.2008929,273.8641726,1.592763627,0.77834279,94765,343.6484265,0.815128266,0.978747428,0.883423425,0.787821465,0.004702924,0.001117529,0.620662661,0.988568911,2
81804,1103.196,438.3478454,238.5525329,1.837531717,0.838950138,82342,322.7322229,0.812708631,0.993466275,0.844654397,0.736246856,0.005358514,0.000971221,0.542059433,0.9960514,2
70339,1030.51,395.2689627,230.1508068,1.717434617,0.812999921,72125,299.2630888,0.780226728,0.975237435,0.832341661,0.757112541,0.005619485,0.001138985,0.5732194,0.984466841,2
76932,1049.061,410.2193065,239.7367078,1.711124301,0.811457756,77480,312.9742236,0.814353763,0.992927207,0.878446674,0.762943671,0.005332232,0.001114445,0.582083045,0.996016443,2
85453,1115.353,438.2280907,250.243983,1.751203307,0.820925071,86451,329.8516922,0.830850754,0.988455888,0.863202121,0.752694086,0.005128294,0.001015375,0.566548387,0.992141409,2
93526,1168.211,449.6039135,266.6223532,1.686294896,0.805190612,94399,345.0811523,0.776175143,0.990752021,0.861191316,0.767522572,0.004807261,0.001029063,0.589090899,0.993380977,2
82691,1103.441,436.4676805,243.4935329,1.792522681,0.829926334,83931,324.4771967,0.721020874,0.985225959,0.85343387,0.74341632,0.005278297,0.000994494,0.552667825,0.990669611,2
84919,1119.753,443.1612961,244.9903243,1.808893054,0.833297855,85620,328.8194473,0.663455604,0.991812661,0.851079767,0.741985932,0.005218635,0.000975707,0.550543123,0.995873632,2
79295,1067.768,409.3083968,248.0439422,1.650144701,0.79545896,80278,317.7444409,0.81068785,0.987755051,0.873980745,0.776295926,0.005161844,0.001156362,0.602635365,0.994435553,2
78565,1106.256,429.9334919,236.4821317,1.818037958,0.835135992,80656,316.2784609,0.778033056,0.974075084,0.806729058,0.735645087,0.005472329,0.000988611,0.541173694,0.983874317,2
76758,1068.229,407.1841243,242.1032751,1.681861281,0.804036932,77884,312.6200905,0.792954545,0.985542602,0.845288161,0.767761,0.005304778,0.001136976,0.589456953,0.991384826,2
87083,1132.608,441.0428336,252.7778618,1.744784256,0.819459731,87801,332.9827612,0.729417776,0.991822417,0.853068678,0.75498962,0.005064626,0.001015059,0.570009326,0.994543298,2
79818,1089.842,426.534152,241.0396529,1.769560099,0.825014062,81339,318.7905801,0.807637434,0.981300483,0.84446883,0.74739755,0.005343834,0.001028583,0.558603098,0.988481753,2
82731,1111.05,434.6092631,244.0163728,1.781065992,0.827502854,83717,324.5556667,0.726347673,0.988222225,0.842191648,0.746775769,0.005253282,0.001007793,0.557674049,0.993254284,2
76574,1077.011,418.7522476,236.7029829,1.769104228,0.824914296,78444,312.2451679,0.680162015,0.976161338,0.829565954,0.7456561,0.005468596,0.001042821,0.55600302,0.983627293,2
88728,1146.35,449.0268439,253.6943194,1.769952299,0.825099821,89604,336.1130737,0.798869151,0.990223651,0.848469208,0.748536704,0.005060712,0.00098004,0.560307197,0.991717012,2
85311,1116.29,437.2934804,249.6000742,1.751976564,0.821100329,85881,329.5775156,0.816451335,0.993362909,0.860321603,0.753675804,0.005125875,0.001020202,0.568027218,0.995170374,2
65383,955.639,354.5772588,235.0870694,1.508280569,0.748613534,65965,288.5276783,0.716659542,0.991177139,0.899677744,0.813723021,0.00542308,0.001466669,0.662145155,0.998700672,2
73878,1042.002,398.4862381,240.6095825,1.656152818,0.79712902,75978,306.6991866,0.753641817,0.97236042,0.855042868,0.769660674,0.005393842,0.001167549,0.592377553,0.981067754,2
80953,1101.021,425.879125,244.7647649,1.739952747,0.818344327,81973,321.0491565,0.80067454,0.987556878,0.839173202,0.753850418,0.00526082,0.00104803,0.568290453,0.988798535,2
69100,1011.142,377.8914472,233.9976046,1.614937246,0.785218248,70276,296.6156647,0.774828719,0.98326598,0.849304864,0.784922937,0.005468762,0.001280492,0.616104017,0.994969325,2
69462,1001.839,376.0246721,238.4526609,1.576936365,0.77321743,70724,297.3916025,0.749684313,0.982155987,0.869683598,0.790883217,0.005413387,0.001306466,0.625496264,0.986367804,2
71167,1037.115,407.9825068,223.5718801,1.824838198,0.8364824,71982,301.0193327,0.694705297,0.988677725,0.831447232,0.737824117,0.005732748,0.001047983,0.544384427,0.993413497,2
61355,968.9,371.1537468,212.8814491,1.743476232,0.819158825,62711,279.4988592,0.686113348,0.978376999,0.82130017,0.753054123,0.006049283,0.00120002,0.567090511,0.988708828,2
87851,1139.091,440.54674,255.7018344,1.722892372,0.814317767,88744,334.4478543,0.787632914,0.989937348,0.850824001,0.759165428,0.005014704,0.001027474,0.576332147,0.992958259,2
65049,964.019,371.5166427,224.0672843,1.658058399,0.797654197,65696,287.7897829,0.813071846,0.990151607,0.879588011,0.774634969,0.005711335,0.001268545,0.600059335,0.99493342,2
62741,957.314,365.7572805,221.4077453,1.651962446,0.795966527,63687,282.6381472,0.756845762,0.985146105,0.860305066,0.772747837,0.005829637,0.001282249,0.597139219,0.986451565,2
80355,1090.694,423.1654107,244.8939554,1.727953677,0.815526865,81839,319.861163,0.782637915,0.981866836,0.848822575,0.755877383,0.005266199,0.001060431,0.571350617,0.9872674,2
68671,1031.577,399.31993,222.3409906,1.79597981,0.830647173,70214,295.6934777,0.760299377,0.978024326,0.81092359,0.740492662,0.005814972,0.001078476,0.548329382,0.984788499,2
74469,1028.495,373.8992357,256.9930602,1.454900126,0.72634301,76127,307.9234899,0.770469924,0.978220605,0.884669422,0.823546722,0.005020871,0.001424662,0.678229204,0.986755754,2
87350,1153.405,453.1984366,249.4252906,1.816970667,0.834923102,89713,333.4928399,0.764377472,0.973660451,0.8251048,0.735864939,0.005188305,0.000938421,0.541497208,0.983884544,2
73365,1026.958,395.9643915,238.4027013,1.660905641,0.79843489,74691,305.6324904,0.761102985,0.982246857,0.874165014,0.771868625,0.005397184,0.001181736,0.595781174,0.989536313,2
75297,1042.473,401.4148121,240.3550031,1.670091352,0.800921292,76241,309.6306154,0.717729482,0.987618211,0.870678672,0.771348256,0.005331086,0.001164119,0.594978133,0.993667834,2
66291,975.667,378.6284053,226.0554228,1.674936175,0.802213198,67815,290.5242204,0.774029704,0.977527096,0.87510709,0.767306986,0.005711611,0.001221279,0.588760011,0.98613544,2
62596,950.343,363.7792544,221.2839246,1.643947951,0.793713506,63740,282.3113574,0.791172679,0.982052087,0.870954938,0.776051284,0.005811542,0.001300268,0.602255595,0.990076852,2
65635,978.997,371.9755563,225.3596423,1.65058638,0.795582474,66337,289.0831671,0.797635106,0.98941767,0.860562925,0.777156354,0.005667335,0.001275241,0.603971999,0.996907955,2
83001,1119.895,432.2294073,246.7591762,1.751624454,0.821020557,84155,325.0848435,0.739759358,0.986287208,0.831646143,0.752111814,0.00520752,0.001027875,0.56567218,0.990845224,2
63745,944.139,356.6672994,228.0424993,1.564038723,0.768898917,64278,284.8906014,0.788562168,0.991707894,0.898636624,0.798757278,0.00559522,0.001404935,0.63801319,0.997877335,2
83448,1130.077,457.7684522,237.078752,1.930870854,0.855440545,85553,325.9590366,0.785163858,0.975395369,0.82112585,0.712060945,0.005485673,0.000869918,0.507030789,0.979010973,2
77559,1070.102,418.6934168,237.6170993,1.762050871,0.823359263,78389,314.2470141,0.754464981,0.98941178,0.851121798,0.750542047,0.005398386,0.001056681,0.563313364,0.992586804,2
64313,960.54,371.7750098,222.1086683,1.673842865,0.80192282,65036,286.1570458,0.745657971,0.98888308,0.875946784,0.769704897,0.005780713,0.001251579,0.592445629,0.991660889,2
79709,1078.396,410.6028697,251.0845619,1.635317069,0.791242724,80895,318.5728345,0.797536621,0.98533902,0.861312377,0.775866069,0.005151274,0.00115144,0.601968157,0.984408802,2
91623,1161.167,448.3283348,262.9726651,1.704847668,0.809903843,93063,341.5523778,0.727368714,0.984526611,0.853935369,0.761835359,0.004893185,0.001016754,0.580393114,0.989481847,2
86458,1138.801,449.8295743,246.5628943,1.824400932,0.836396342,87340,331.7856907,0.649084084,0.989901534,0.837759515,0.737580874,0.005202868,0.000949863,0.544025546,0.992520714,2
70550,1019.266,395.1254436,229.4974695,1.721698477,0.814030738,71937,299.7116112,0.744575312,0.98071924,0.853359067,0.758522682,0.005600644,0.001143647,0.575356659,0.990590683,2
90014,1145.956,443.9615389,260.4755612,1.704426845,0.809798937,91486,338.540078,0.802049363,0.983910106,0.86135869,0.762543708,0.004932139,0.001028665,0.581472906,0.991078031,2
88489,1188.149,467.2957134,244.0709963,1.914589282,0.852758608,90923,335.6600871,0.735056154,0.973230096,0.787693638,0.718303373,0.005280834,0.000867189,0.515959736,0.987850979,2
94744,1186.03,460.9391593,263.3413899,1.75034832,0.820730975,95963,347.3208998,0.672229317,0.987297187,0.846389431,0.753507036,0.004865101,0.000967433,0.567772854,0.99380026,2
66990,1004.139,375.1813692,230.3418977,1.628802111,0.789346376,68239,292.0519082,0.755344579,0.981696684,0.834895599,0.778428601,0.005600558,0.001268487,0.605951086,0.986974409,2
75317,1056.208,403.0190688,242.1013541,1.664670858,0.79945998,76943,309.6717339,0.781458809,0.978867473,0.84840647,0.768379856,0.005350971,0.001150578,0.590407603,0.98283433,2
64571,973.638,367.600901,225.4166781,1.63076177,0.789919656,65393,286.7304495,0.802094332,0.987429847,0.855957783,0.780004751,0.005692972,0.001299894,0.608407412,0.992167549,2
75280,1068.444,414.0120655,234.8487655,1.762887979,0.823544949,76272,309.5956604,0.797254935,0.986993917,0.82867826,0.747793811,0.005499629,0.001060817,0.559195584,0.985799173,2
74642,1080.323,417.3311726,233.5841636,1.786641552,0.828688984,77403,308.2809532,0.741909192,0.964329548,0.803685045,0.738696204,0.005591104,0.00102693,0.545672082,0.974920416,2
67909,1003.736,389.0970586,225.409806,1.726176272,0.815103675,69501,294.0483366,0.710560735,0.977093855,0.84702884,0.755719762,0.005729683,0.001152799,0.571112359,0.985840603,2
64388,973.025,374.4032686,220.6201874,1.697049001,0.807944801,65308,286.3238513,0.783881178,0.985912905,0.854607701,0.7647472,0.005814799,0.001226835,0.58483828,0.992499218,2
76130,1056.074,414.720541,235.0172394,1.764638807,0.823932326,76669,311.3386043,0.814817193,0.992969779,0.857782126,0.750719035,0.005447531,0.001067307,0.563579069,0.994513497,2
67666,982.672,379.873759,228.4246769,1.663015415,0.799010301,68581,293.5217659,0.769237765,0.986658112,0.880568621,0.772682395,0.005613953,0.001234391,0.597038083,0.992883536,2
73780,1047.986,404.1658945,234.4628894,1.723794736,0.814534246,74526,306.4956992,0.801956522,0.989990071,0.844184848,0.758341323,0.005477987,0.001117531,0.575081562,0.99132257,2
70211,1029.422,389.8259,231.9589183,1.680581643,0.803701945,71738,298.9906716,0.68939751,0.97871421,0.832584136,0.766985138,0.005552205,0.001185204,0.588266201,0.988629379,2
85044,1121.92,421.6688171,258.0643879,1.633967478,0.790852125,86103,329.0613679,0.784647322,0.987700777,0.84904315,0.780378711,0.004958243,0.001134303,0.608990932,0.995071378,2
70027,1031.138,396.8699555,227.6328042,1.743465564,0.819156368,71427,298.5986363,0.801270096,0.980399569,0.827640628,0.75238408,0.005667385,0.001120265,0.566081804,0.986944132,2
72182,1024.349,393.577237,233.8967551,1.68269644,0.804255074,72828,303.1583362,0.79781155,0.991129785,0.864455973,0.770263897,0.005452568,0.001183965,0.59330647,0.998354685,2
71678,1054.534,422.650982,218.7140631,1.932436241,0.855694396,73261,302.0981034,0.633086027,0.978392323,0.809980511,0.714769671,0.005896523,0.00094938,0.510895683,0.987273333,2
73932,1026.43,397.8289474,239.2031365,1.663142688,0.79904493,75124,306.8112547,0.808751299,0.9841329,0.881827514,0.771214002,0.005381012,0.001174203,0.594771037,0.989189102,2
72848,1037.806,398.8815518,235.1223031,1.696485389,0.807801987,74019,304.553697,0.786355786,0.984179738,0.849953453,0.763519134,0.005475532,0.001147852,0.582961468,0.988985613,2
83551,1112.709,427.6831271,252.4009874,1.69445901,0.807287135,85539,326.1601404,0.800849245,0.976759139,0.848004808,0.762621015,0.005118827,0.001068035,0.581590812,0.985481792,2
58102,907.665,334.8035816,223.8662565,1.495551794,0.743577709,58986,271.9885366,0.805294525,0.985013393,0.886236776,0.812382398,0.005762342,0.001548178,0.659965161,0.987012081,2
63441,964.004,364.0151102,224.0159248,1.624951933,0.78821277,64762,284.2104677,0.728302797,0.979602236,0.857871445,0.780765578,0.005737853,0.001315261,0.609594887,0.99056239,2
68728,990.893,387.9058718,226.4992756,1.712614183,0.811823668,69493,295.8161717,0.76815093,0.988991697,0.87960978,0.762597819,0.005644073,0.001177483,0.581555433,0.995980083,2
77622,1072.203,420.7897674,238.0972765,1.767301892,0.824518989,79514,314.3746172,0.744254279,0.976205448,0.848478138,0.747106136,0.005421012,0.001041812,0.558167579,0.986450618,2
70646,1013.02,393.1988626,229.4041948,1.714000317,0.812163096,71261,299.9154562,0.770252295,0.991369753,0.865090219,0.76275769,0.005565763,0.00116212,0.581799294,0.997204174,2
70873,1041.884,406.9148243,225.2563867,1.806451885,0.832801757,72616,300.3969145,0.703447112,0.975997025,0.820449667,0.738230452,0.005741465,0.00105189,0.5449842,0.984487735,2
75410,1045.854,410.1314888,235.9457285,1.738245025,0.817947488,76328,309.8628633,0.7594618,0.987972959,0.866356586,0.755520782,0.005438688,0.001093099,0.570811653,0.992210516,2
81699,1101.859,414.1086221,252.4694106,1.640232855,0.792655701,82600,322.525034,0.720653094,0.98909201,0.845618661,0.778841629,0.005068711,0.001150466,0.606594284,0.994955874,2
74967,1059.749,414.6293764,232.1867915,1.78575781,0.828501833,75687,308.9513699,0.633284901,0.990487138,0.838830021,0.745126582,0.005530825,0.001051695,0.555213623,0.991477063,2
83522,1134.917,462.4802456,230.6929039,2.004744133,0.866707463,84089,326.1035315,0.700452868,0.993257144,0.81485915,0.705118834,0.005537227,0.000844348,0.49719257,0.996743888,2
107911,1298.822,498.5977794,279.3503372,1.784847601,0.828308741,110337,370.6704095,0.731897721,0.978012815,0.803852392,0.743425713,0.004620454,0.000870592,0.55268179,0.986452768,2
72839,1017.763,384.6550098,243.2440353,1.581354336,0.774667036,74031,304.5348834,0.747956543,0.983898637,0.883650489,0.791709131,0.005280894,0.001279823,0.626803347,0.991198191,2
93299,1175.123,464.3282312,258.0063331,1.79967765,0.831412924,94268,344.662119,0.786477168,0.989720796,0.849024455,0.742281205,0.004976776,0.00093197,0.550981387,0.991588888,2
81511,1102.379,426.7298799,244.238197,1.747187316,0.8200105,82369,322.1537343,0.773202428,0.98958346,0.842877037,0.754935967,0.005235243,0.001048955,0.569928314,0.99577152,2
74187,1036.095,398.639195,239.0336652,1.667711511,0.800281793,75002,307.339913,0.787146677,0.989133623,0.868437398,0.770972641,0.005373437,0.001171083,0.594398813,0.991285743,2
79634,1074.55,415.756149,245.7389034,1.691861334,0.806623939,80475,318.422923,0.782982322,0.98954955,0.866672742,0.765888668,0.005220837,0.001108109,0.586585451,0.992421244,2
83575,1118.077,431.5356315,248.8398063,1.734190514,0.816999826,85300,326.2069818,0.727751654,0.979777257,0.840122898,0.755921314,0.005163454,0.001039983,0.571417033,0.990945999,2
78182,1058.6,406.8571781,246.4942802,1.65057452,0.795579159,79204,315.5065991,0.74800995,0.987096611,0.876703743,0.775472613,0.005203975,0.001160863,0.601357774,0.992585819,2
92325,1190.336,440.0792858,274.8628247,1.601086965,0.780964279,96424,342.8583395,0.708252785,0.957489837,0.81882302,0.779083112,0.004766632,0.001083245,0.606970495,0.971812548,2
77128,1077.519,427.9797816,232.0243311,1.84454699,0.840289123,78614,313.3726529,0.792324129,0.981097514,0.834780047,0.732213685,0.005548955,0.00098388,0.53613688,0.988929669,2
76634,1059.047,424.1268957,231.4512985,1.832467126,0.837972551,77236,312.3674747,0.750100328,0.992205707,0.858619782,0.736495322,0.005534448,0.001004463,0.54242536,0.99397664,2
86333,1152.539,445.7246556,249.5921445,1.785812036,0.828513325,88054,331.545758,0.672228797,0.980455175,0.816724223,0.743835356,0.005162854,0.000974938,0.553291037,0.988073793,2
69542,1009.509,389.8981014,229.6148576,1.69805258,0.808198684,70904,297.5628075,0.746399055,0.980790929,0.857504979,0.763180961,0.005606656,0.001173259,0.582445179,0.989022538,2
75650,1074.366,419.9836614,231.8239431,1.811649202,0.833855203,76498,310.3555567,0.788513654,0.988914743,0.823596106,0.738970549,0.005551668,0.001021202,0.546077472,0.989300815,2
74385,1073.863,414.7265118,232.4556664,1.784110141,0.828152047,76137,307.7497742,0.714196559,0.976988849,0.810582967,0.742054741,0.005575405,0.001042797,0.550645238,0.982411754,2
64060,988.523,389.1215742,210.5194186,1.848388034,0.84101491,64799,285.5936365,0.796122538,0.988595503,0.823802757,0.733944493,0.00607433,0.001087254,0.538674519,0.995679535,2
76819,1063.539,416.6711076,235.1231246,1.772140058,0.825576997,77533,312.7442863,0.686668693,0.990791018,0.853437404,0.750578287,0.005424063,0.001061912,0.563367765,0.998366584,2
73599,1027.388,404.7729715,233.5996175,1.732763846,0.816664525,74263,306.1195147,0.790876854,0.991058805,0.87621927,0.756274594,0.005499707,0.001109781,0.571951261,0.991056467,2
94354,1178.195,466.1352095,259.7038638,1.794872062,0.83041672,95515,346.6053144,0.735359676,0.987844841,0.854153313,0.743572482,0.00494028,0.00093159,0.552900035,0.992384826,2
68100,1014.884,384.1957345,227.0617879,1.692031663,0.806667535,69047,294.4615645,0.72262309,0.986284705,0.830852947,0.766436319,0.005641641,0.001200852,0.587424631,0.993941075,2
72464,1020.117,385.2464013,241.9811373,1.59205137,0.778116134,73680,303.7499471,0.797561002,0.9834962,0.875048646,0.788456287,0.005316383,0.001267379,0.621663316,0.989719935,2
74336,1054.454,406.7324636,235.6378361,1.72609149,0.815083451,75627,307.6483948,0.729929301,0.982929377,0.840144087,0.756390065,0.005471541,0.001104772,0.572125931,0.987541701,2
70966,1032.731,386.4901941,237.0890354,1.630147904,0.789740343,72555,300.5939413,0.685661836,0.978099373,0.836153022,0.777753086,0.005446132,0.001229235,0.604899863,0.986076244,2
68338,1004.376,383.9729287,228.4791543,1.680560005,0.803696273,69306,294.9756668,0.817195815,0.986032955,0.85129381,0.768219957,0.005618732,0.001207148,0.590161903,0.99180249,2
68566,1008.527,377.992253,234.0837482,1.614773584,0.785168752,69879,295.4673292,0.749109582,0.981210378,0.847117433,0.781675621,0.005512823,0.00126958,0.611016777,0.986653751,2
94198,1183.792,456.7018734,268.2737271,1.702372716,0.809285557,96847,346.3186663,0.761682205,0.972647578,0.844696597,0.758303582,0.004848318,0.000988879,0.575024322,0.978905716,2
66306,1026.124,388.0393096,221.1541359,1.754610231,0.821695229,68370,290.5570878,0.684124184,0.969811321,0.791339788,0.748782612,0.00585225,0.001134817,0.5606754,0.983766793,2
72575,1045.603,412.2459647,226.3721748,1.82109822,0.835744041,73615,303.9824994,0.784586113,0.985872444,0.834186711,0.737381383,0.005680275,0.0010359,0.543731303,0.990188109,2
82870,1105.912,425.5896073,249.6607178,1.704671889,0.809860034,84088,324.8282024,0.761896881,0.985515175,0.851463551,0.763242797,0.005135629,0.001075039,0.582539568,0.993038825,2
74893,1083.652,428.7292446,224.4769842,1.909902907,0.851972321,75725,308.7988491,0.777487101,0.989012876,0.801440745,0.720265419,0.005724557,0.000950368,0.518782274,0.990823774,2
59758,953.234,350.9536995,220.0849284,1.594628501,0.778934484,60714,275.8373592,0.763836695,0.984254044,0.826431513,0.785965099,0.005872916,0.001382441,0.617741137,0.985067623,2
82861,1120.201,429.1834536,248.5290287,1.726894664,0.815274904,84461,324.8105631,0.765190972,0.981056346,0.829789858,0.756810544,0.005179559,0.001048145,0.5727622,0.989099987,2
98270,1195.813,465.2029826,271.949324,1.710623787,0.811334579,99879,353.7248225,0.719905644,0.983890508,0.863583387,0.760366627,0.004733927,0.000976098,0.578157407,0.989009813,2
72004,1043.647,403.2141809,230.0102524,1.753026992,0.821337976,73591,302.784313,0.704760786,0.978434863,0.830728728,0.750926746,0.005599886,0.001098371,0.563890978,0.988516106,2
75249,1044.486,397.9824548,241.826715,1.645734032,0.794219013,75936,309.5319087,0.803118596,0.990952908,0.866772952,0.77775265,0.005288874,0.001193738,0.604899184,0.995503173,2
69189,1010.92,394.55423,225.4710506,1.749910816,0.820631527,70236,296.806622,0.790261787,0.985093115,0.850772298,0.752258117,0.005702557,0.001126463,0.565892274,0.990261011,2
77402,1066.856,404.6549222,245.6865747,1.647037176,0.794586598,78556,313.9287933,0.687565512,0.985309843,0.854575502,0.775793833,0.005227965,0.001168148,0.601856072,0.991279325,2
66734,1006.609,393.8168605,217.1743172,1.813367554,0.834201216,67521,291.4933409,0.798329984,0.988344367,0.827628434,0.740174863,0.005901293,0.001092608,0.547858828,0.993469424,2
80291,1103.635,430.9068273,239.3027915,1.800676141,0.831618763,81330,319.7337584,0.650108499,0.987224886,0.828372744,0.742002071,0.005366814,0.001003499,0.550567074,0.991392994,2
76489,1079.856,423.7662385,234.1039673,1.810162567,0.833554939,78182,312.0718179,0.680053345,0.978345399,0.824284542,0.736424447,0.005540225,0.001005125,0.542320966,0.981689113,2
77345,1070.01,406.6499303,244.8217037,1.661004413,0.798461887,78693,313.813181,0.767022353,0.982870141,0.848919354,0.771703516,0.005257611,0.001150191,0.595526317,0.98917184,2
71467,1046.223,397.8668367,232.0161155,1.714824144,0.812364372,73216,301.6531295,0.771223845,0.976111779,0.820477903,0.758176107,0.005567141,0.001134729,0.57483101,0.985734095,2
71260,1012.888,396.7087634,229.3353212,1.72981973,0.815969523,71901,301.2159524,0.778483018,0.991084964,0.872836361,0.759287367,0.005567061,0.00114138,0.576517305,0.997271009,2
68552,1014.755,390.4415269,226.0322675,1.727370748,0.815388241,69827,295.437163,0.761485826,0.981740587,0.836580224,0.75667454,0.005695553,0.001151734,0.57255636,0.989017108,2
80340,1105.488,428.2028752,240.5628595,1.780004096,0.827275491,81292,319.8313071,0.749734038,0.988289131,0.826101909,0.746915366,0.005329884,0.001023253,0.557882563,0.993033248,2
74795,1034.077,393.3613253,243.1153264,1.618002991,0.786142069,75468,308.5967462,0.802435361,0.991082313,0.878975304,0.784512168,0.005259193,0.001228846,0.615459342,0.995815056,2
72036,1058.429,417.1161631,220.9535069,1.887800601,0.848174475,72767,302.8515872,0.792824125,0.989954237,0.808045828,0.726060541,0.005790385,0.00099261,0.52716391,0.995180345,2
70870,1024.464,409.4658998,222.7092943,1.838566734,0.839148788,71660,300.3905567,0.682229496,0.988975719,0.848552844,0.733615563,0.005777704,0.001032308,0.538191794,0.98950153,2
81456,1095.295,433.7802302,239.8902841,1.808244264,0.833166232,82228,322.0450285,0.744624835,0.990611471,0.85323907,0.742415182,0.005325332,0.000997962,0.551180302,0.99666862,2
54680,899.793,353.5776383,198.3140946,1.782917341,0.827898128,55370,263.8574204,0.756607168,0.987538378,0.848697943,0.746250305,0.006466306,0.001237013,0.556889518,0.992887978,2
77038,1054.205,397.2609845,248.0322879,1.601650285,0.781139909,77933,313.1897636,0.796851404,0.988515776,0.871093394,0.788372822,0.005156689,0.001228789,0.621531707,0.995476436,2
74876,1076.913,425.8292807,225.9667245,1.884477821,0.847590431,75676,308.7637999,0.810767498,0.989428617,0.811318278,0.725088231,0.005687126,0.000969697,0.525752943,0.99076976,2
81506,1109.772,435.6977307,239.7401667,1.817374772,0.835003758,82324,322.1438535,0.764309827,0.990063651,0.83163339,0.739374642,0.005345591,0.000985448,0.546674861,0.9935131,2
76559,1054.793,404.5321594,243.561649,1.660902532,0.79843404,77900,312.2145837,0.789886922,0.982785623,0.864712303,0.771791751,0.005283927,0.001156477,0.595662507,0.989337366,2
84791,1111.688,440.9227214,246.9561704,1.785429053,0.828432129,85718,328.571536,0.685745018,0.989185469,0.862171744,0.745190756,0.005200112,0.00098915,0.555309262,0.99146529,2
82389,1085.575,415.3920521,253.7863026,1.636778848,0.791664487,83043,323.8841349,0.799893204,0.992124562,0.87853573,0.779707106,0.005041839,0.001149462,0.607943172,0.995068524,2
76452,1062.177,420.1072239,233.1812808,1.801633572,0.831815769,77118,311.9963296,0.807989854,0.991363884,0.851539756,0.742658807,0.005495046,0.001031118,0.551542103,0.99367677,2
72543,1046.539,402.4939348,231.9320395,1.735396005,0.817282395,73687,303.9154756,0.751647464,0.984474873,0.83232807,0.755080883,0.00554835,0.001112545,0.570147139,0.989431068,2
84228,1118.273,426.1572737,253.547419,1.68077938,0.803753769,85117,327.4788854,0.764340227,0.989555553,0.846390293,0.768446078,0.005059568,0.001088295,0.590509374,0.99251598,2
71251,1004.753,382.612021,238.2428517,1.60597482,0.782480755,71954,301.1969303,0.759014839,0.990229869,0.886915418,0.787212408,0.005369918,0.001272082,0.619703375,0.995228016,2
82174,1110.342,433.7984637,243.7960276,1.779350008,0.82713521,83674,323.4612594,0.81135466,0.982073284,0.837588597,0.745648698,0.005279023,0.001006631,0.55599198,0.989304334,2
79363,1088.187,412.5430882,245.9595207,1.67728042,0.802833552,80202,317.8806537,0.753942468,0.989538914,0.842210931,0.770539279,0.005198179,0.001130343,0.59373078,0.995853013,2
78004,1080.753,433.656758,230.140815,1.884310516,0.847560932,78679,315.1472314,0.746528343,0.991420837,0.83921616,0.726720443,0.005559417,0.000956486,0.528122603,0.995146974,2
73163,1064.874,419.7248464,223.0826866,1.881476563,0.84705989,73802,305.2114428,0.78866635,0.991341698,0.810783538,0.727170301,0.005736846,0.000989458,0.528776646,0.994880867,2
94940,1183.102,463.5050059,262.8077883,1.763665411,0.823717123,95985,347.6799712,0.668365623,0.989112882,0.852343619,0.750110499,0.004882083,0.000953424,0.562665761,0.99235414,2
67407,990.057,386.6966178,223.5914566,1.729478504,0.815888703,68200,292.9594818,0.743022487,0.988372434,0.864160608,0.757595149,0.005736743,0.001165719,0.57395041,0.992634896,2
54076,893.989,342.7424247,203.259513,1.68623067,0.805173976,55293,262.3960778,0.770050125,0.977989981,0.85025672,0.765578052,0.006338162,0.001343077,0.586109753,0.988316242,2
71968,1016.094,387.0887561,238.2321232,1.624838628,0.788179263,72580,302.7086116,0.834798747,0.991567925,0.875954452,0.782013445,0.005378623,0.001240817,0.611545028,0.993661984,2
73480,1069.283,413.7832999,230.2004051,1.797491624,0.830960897,75618,305.8719368,0.771848739,0.971726309,0.807595122,0.739208027,0.005631237,0.001037171,0.546428507,0.982200665,2
85631,1129.837,441.9871146,249.0961065,1.774363802,0.826059932,87138,330.1950567,0.757193386,0.982705593,0.842964516,0.747069418,0.005161532,0.00099175,0.558112716,0.990295001,2
87614,1129.358,427.2790652,263.0184459,1.624521291,0.788085373,88630,333.9964213,0.71870719,0.988536613,0.863217244,0.781682157,0.004876835,0.001123152,0.611026995,0.992626362,2
63038,959.999,361.0622912,223.0374861,1.618841288,0.786393577,63717,283.3063261,0.794539886,0.989343503,0.859549177,0.784646675,0.005727693,0.001339233,0.615670404,0.99667267,2
79004,1056.779,407.1900739,248.1510629,1.64089595,0.792845135,79534,317.1608693,0.808754581,0.993336183,0.888977144,0.778901279,0.005154044,0.001170193,0.606687202,0.995510572,2
68632,1009.219,390.7563616,226.2789454,1.726879012,0.815271176,69718,295.6094999,0.685634366,0.984422961,0.846770428,0.756505918,0.005693501,0.001150293,0.572301203,0.988294937,2
61493,957.394,371.099128,211.8087959,1.752047768,0.821116453,62177,279.8130078,0.753000098,0.988999148,0.843051571,0.754011494,0.006034819,0.00120325,0.568533332,0.996097556,2
69501,998.549,382.0129886,232.6773564,1.641814204,0.793107011,70342,297.4750773,0.776243927,0.988044127,0.875915386,0.778704092,0.005496511,0.001246685,0.606380062,0.995563399,2
71383,1017.404,384.4605801,239.0358608,1.608380344,0.783220939,72502,301.4758007,0.744006921,0.984565943,0.866598192,0.784152697,0.005385884,0.001256144,0.614895452,0.988985759,2
70938,1032.174,405.4717127,225.0579786,1.801632251,0.831815497,71739,300.534635,0.787674883,0.988834525,0.83672544,0.741197537,0.005715861,0.001064136,0.54937379,0.989769537,2
74943,1066.916,417.2571528,230.4865741,1.810331706,0.833589143,76013,308.9019119,0.786902287,0.98592346,0.827333256,0.740315438,0.00556766,0.00103162,0.548066948,0.992182973,2
82619,1114.99,442.4189292,239.7090109,1.845649972,0.840498066,83605,324.335903,0.80850002,0.988206447,0.835118017,0.733096804,0.00535493,0.000954067,0.537430924,0.991909369,2
68932,1019.142,400.2697698,222.4790882,1.79913435,0.831300757,70319,296.2548705,0.772684983,0.980275601,0.833990961,0.740138009,0.005806734,0.001074886,0.547804273,0.985573484,2
79702,1118.025,432.0343948,240.9668005,1.792920825,0.830009594,82207,318.5588457,0.788441754,0.969528142,0.801264781,0.73734603,0.005420622,0.000988358,0.543679168,0.974773702,2
86264,1129.948,449.066567,247.502132,1.814394742,0.834407516,87923,331.4132407,0.726751925,0.981131217,0.849029031,0.738004708,0.005205724,0.000952571,0.544650949,0.988211818,2
83461,1115.612,435.778211,247.3506306,1.761783303,0.823299847,85055,325.9844255,0.778089573,0.981259185,0.842688552,0.748051227,0.005221339,0.001008526,0.559580638,0.985859825,2
82442,1117.92,429.4701703,248.5777847,1.72770938,0.81546879,84580,323.9882938,0.780789484,0.974722157,0.828966406,0.75439068,0.005209361,0.001040757,0.569105298,0.983248562,2
63007,962.629,369.3044686,219.0893003,1.685634433,0.805019433,63780,283.2366572,0.786074307,0.987880213,0.85443845,0.766946196,0.005861324,0.001250936,0.588206467,0.991501075,2
92819,1169.482,453.5816889,262.1580846,1.730183868,0.816055708,94031,343.7743756,0.822695727,0.987110634,0.852824495,0.757910612,0.004886733,0.00099465,0.574428496,0.993866918,2
75614,1086.054,430.4794643,224.2013451,1.920057456,0.853667894,76304,310.2817025,0.713292518,0.990957224,0.805581043,0.720781659,0.005693119,0.000947862,0.5195262,0.997520155,2
72742,1056.484,405.3662588,230.497063,1.758661276,0.822604246,74140,304.3320406,0.661856496,0.981143782,0.818972376,0.750758195,0.005572658,0.00109205,0.563637867,0.99124809,2
83600,1107.153,424.8789303,253.2739853,1.677546669,0.802903814,84653,326.2557677,0.723753127,0.987560984,0.857039541,0.767879376,0.005082284,0.00108996,0.589638735,0.989146496,2
81286,1076.791,409.9731483,254.2799783,1.612290323,0.784415508,82185,321.7087963,0.814089275,0.989061264,0.880973374,0.784706993,0.005043589,0.00117964,0.615765064,0.992792055,2
100983,1239.47,476.2292589,272.2853157,1.749008233,0.820426089,102017,358.5743283,0.674006341,0.989864434,0.826011499,0.752944767,0.004715935,0.000934975,0.566925822,0.99155793,2
79900,1111.113,438.8982983,237.3114939,1.84946077,0.841216691,82726,318.9542908,0.755526978,0.965839035,0.813280175,0.726715715,0.005493095,0.000945051,0.528115731,0.976729327,2
99804,1212.67,475.7429149,269.1308176,1.76770137,0.824606728,100799,356.4749634,0.81125634,0.99012887,0.852849784,0.749301676,0.004766772,0.000926896,0.561453001,0.992481239,2
59468,945.536,370.0789421,205.5291693,1.80061518,0.831606207,60107,275.1672387,0.746710196,0.989368959,0.835866769,0.743536601,0.006223161,0.001173276,0.552846677,0.995464119,2
62326,949.778,358.0348016,222.5335143,1.608902833,0.783381179,63269,281.7018421,0.798539398,0.985095386,0.86823024,0.786800168,0.00574455,0.00135798,0.619054505,0.995998546,2
66252,984.959,375.2092101,226.7207463,1.654939904,0.796793616,67161,290.438748,0.813167391,0.986465359,0.858168465,0.774071478,0.005663364,0.001254234,0.599186654,0.991617903,2
79196,1071.839,414.8326172,243.9150099,1.700726074,0.808872439,79962,317.5460266,0.751841726,0.99042045,0.866271448,0.765479891,0.00523805,0.001109391,0.585959463,0.996556538,2
72716,1030.705,408.9068457,229.8795298,1.778787551,0.827014437,74014,304.2776474,0.814061013,0.982462777,0.860143832,0.744124611,0.005623341,0.001063547,0.553721437,0.984952798,2
83108,1143.976,458.9522407,234.2889049,1.958915814,0.859885791,85574,325.2943161,0.629405795,0.971182836,0.798029358,0.708775962,0.005522359,0.000859687,0.502363365,0.984087539,2
74353,1058.789,413.9246059,231.102295,1.791088253,0.829625833,75245,307.683571,0.748711081,0.988145392,0.83346913,0.743332401,0.00556702,0.001048419,0.552543058,0.98965338,2
78838,1101.545,439.5987706,230.806897,1.904617134,0.85107761,79863,316.8274913,0.754921863,0.987165521,0.816471398,0.720719694,0.005575976,0.000928039,0.519436877,0.989328376,2
74810,1036.905,399.9959289,239.3258913,1.671344152,0.801256637,75543,308.6276889,0.795766408,0.990296917,0.874362617,0.771577075,0.005346824,0.001168942,0.595331183,0.995003291,2
65019,985.505,384.2500817,217.5845569,1.765980487,0.824228275,66378,287.7234123,0.780380955,0.979526349,0.841264351,0.748792065,0.005909812,0.001146036,0.560689557,0.990166817,2
74759,1058.713,405.850888,238.5577759,1.701268745,0.809008743,76604,308.522471,0.751037261,0.975915096,0.838140556,0.760186759,0.00542879,0.001118315,0.577883908,0.983135831,2
67013,974.899,357.4088587,240.1543992,1.488246144,0.740612973,67890,292.1020397,0.755978972,0.987082044,0.886032546,0.817277,0.005333426,0.001467787,0.667941694,0.994061651,2
64652,978.747,376.2127996,219.2937613,1.715565447,0.812545196,65266,286.9102352,0.792964726,0.990592345,0.848107572,0.762627522,0.005819043,0.001214175,0.581600738,0.997774129,2
75065,1060.516,412.116475,234.3914297,1.758240374,0.822510139,75760,309.153241,0.774400875,0.990826294,0.838712089,0.750159869,0.005490128,0.001072451,0.56273983,0.989431888,2
57862,951.333,372.4370305,201.9925213,1.84381594,0.840150402,59220,271.4262083,0.72654445,0.977068558,0.803411754,0.72878416,0.006436643,0.001120043,0.531126351,0.979299233,2
77736,1064.369,420.1098833,236.4512838,1.776729128,0.826571319,78292,314.6053866,0.664637483,0.99289838,0.862278623,0.748864521,0.005404316,0.001048416,0.560798071,0.996386268,2
62222,983.348,376.8332561,214.7422165,1.754816832,0.821741765,64103,281.4667138,0.738119528,0.9706566,0.808610456,0.746926417,0.00605627,0.001162777,0.557899072,0.979010683,2
68879,1030.435,390.322355,227.4152121,1.71634233,0.812734405,70187,296.1409573,0.795553246,0.98136407,0.815183713,0.758708676,0.005666783,0.001158288,0.575638856,0.987993335,2
84166,1108.716,443.6134549,242.4510878,1.829702885,0.837435073,84748,327.358335,0.811786265,0.993132581,0.860410936,0.737935992,0.005270697,0.000964101,0.544549529,0.996363844,2
79261,1080.206,419.318705,243.2069564,1.72412299,0.814612896,80793,317.6763125,0.827808414,0.981037961,0.853603606,0.757601101,0.005290353,0.001075045,0.573959428,0.989576646,2
69966,1017.515,390.8109652,230.5279676,1.69528656,0.807497657,70935,298.4685544,0.709882305,0.986339607,0.849210332,0.763715916,0.005585727,0.00117216,0.583262001,0.988796231,2
83051,1110.932,433.04735,246.8559264,1.754251382,0.821614354,84323,325.1827447,0.735719854,0.984915148,0.845628822,0.750917295,0.005214234,0.001022678,0.563876784,0.989181627,2
81696,1116.142,434.1408752,242.8222629,1.787895682,0.828954024,83499,322.5191124,0.737142238,0.978406927,0.824084519,0.742890455,0.005314102,0.00099841,0.551886228,0.986715004,2
81311,1091.066,410.5744188,254.3724155,1.614068168,0.784955206,82170,321.7582643,0.743584819,0.989546063,0.858335592,0.783678304,0.005049433,0.001174826,0.614151685,0.991282685,2
68496,991.032,385.057987,228.0131804,1.688753195,0.805825673,69171,295.3164673,0.777709653,0.990241575,0.876394652,0.766940246,0.005621613,0.001199739,0.588197341,0.993320139,2
86549,1132.936,441.0470251,252.0611176,1.749762237,0.820597734,87468,331.9602527,0.830700273,0.9894933,0.847346742,0.752664078,0.005095923,0.001008805,0.566503215,0.991245933,2
85801,1130.491,441.8439031,250.8260603,1.76155501,0.823249128,87732,330.5226561,0.762241925,0.977989787,0.843661042,0.748052997,0.005149636,0.000994685,0.559583287,0.985736742,2
93503,1179.367,453.2093773,267.5462336,1.693947888,0.807156928,95555,345.0387183,0.791124461,0.978525457,0.844768023,0.76132299,0.004847004,0.001004451,0.579612696,0.981833701,2
71703,1049.125,406.8727219,227.258242,1.790354085,0.829471709,73498,302.150782,0.799168543,0.975577567,0.818639542,0.742617447,0.005674417,0.001064539,0.551480673,0.987345675,2
62716,937.448,356.9927877,224.568972,1.58967993,0.777358815,63313,282.5818311,0.775037074,0.990570657,0.89679637,0.791561737,0.005692212,0.001378479,0.626569984,0.996045728,2
74367,1051.933,413.3412635,231.1058578,1.788536507,0.829089205,75062,307.7125367,0.735622292,0.990740987,0.844527833,0.744451532,0.005558127,0.001053062,0.554208083,0.991221388,2
84527,1123.509,437.4509735,248.6470827,1.759324777,0.822752436,85482,328.0596272,0.758171283,0.988828057,0.841496295,0.749934615,0.005175281,0.001009735,0.562401926,0.989447643,2
70071,1014.005,397.9591302,226.7516836,1.755043773,0.821792861,70912,298.6924307,0.78520602,0.98814023,0.856382899,0.750560568,0.00567937,0.00111179,0.563341166,0.988688405,2
87212,1162.062,460.8147614,244.0358622,1.888307552,0.848263275,88616,333.2293012,0.784958237,0.98415636,0.811572851,0.7231307,0.005283846,0.000891245,0.52291801,0.987430027,2
92830,1186.908,467.3913065,254.3213786,1.837797943,0.839001271,94277,343.7947454,0.773196735,0.984651612,0.828064374,0.735560847,0.005034917,0.000909173,0.54104976,0.994340136,2
71194,1045.404,402.7038224,228.8228748,1.759893204,0.822879238,72636,301.0764291,0.808728644,0.980147585,0.818624887,0.747637376,0.005656429,0.00109015,0.558961646,0.983712802,2
69623,1009.02,379.5493203,234.1251722,1.621138457,0.787080372,70383,297.7360523,0.723731809,0.989201938,0.859336082,0.78444628,0.005451493,0.001273351,0.615355966,0.997577221,2
83064,1105.94,422.4408423,252.0911091,1.675746693,0.802428032,84057,325.2081942,0.688465077,0.988186588,0.853413626,0.769831327,0.005085727,0.001101831,0.592640272,0.993114975,2
85716,1121.69,433.0923442,252.959551,1.712101173,0.8116978,86374,330.358897,0.807042651,0.992381967,0.856103089,0.762790895,0.005052643,0.001055165,0.58184995,0.996185982,2
64072,962.35,355.0873662,232.2669191,1.528790099,0.756397678,65356,285.6203846,0.761773413,0.980353755,0.869384801,0.804366508,0.005542005,0.001431076,0.647005479,0.989135569,2
70037,1019.075,382.3720768,236.2449618,1.618540662,0.786303437,71309,298.6199558,0.70392482,0.982162139,0.847471504,0.780966953,0.005459572,0.001252763,0.609909382,0.987163135,2
77606,1067.024,407.8598948,244.5245201,1.667971354,0.800351775,78338,314.342215,0.806379884,0.990655876,0.856558024,0.770711264,0.00525552,0.001143832,0.593995852,0.990768066,2
75247,1045.398,401.260655,240.5491435,1.668102613,0.800387111,76118,309.5277952,0.761732669,0.98855724,0.865238278,0.771388352,0.00533258,0.001164688,0.595039989,0.992587761,2
68934,1013.374,400.5776187,221.3945774,1.809337986,0.833388027,70217,296.2591683,0.82252291,0.981728072,0.843536402,0.739579933,0.005811031,0.001072441,0.546978477,0.989668935,2
71272,1020.316,400.3815958,228.4644187,1.752489941,0.821216536,72196,301.2413133,0.750595025,0.987201507,0.860318805,0.752385515,0.005617656,0.001110444,0.566083964,0.992056453,2
101496,1239.9,480.4816111,270.0436282,1.779274017,0.8271189,102579,359.4839646,0.668326024,0.989442284,0.829631954,0.748174241,0.004733996,0.000914995,0.559764695,0.995974777,2
76912,1051.122,402.1386896,245.5171478,1.637925062,0.791994255,77914,312.9335391,0.770723104,0.987139667,0.874777727,0.77817317,0.005228556,0.001182678,0.605553483,0.991851227,2
71851,1030.076,394.0627801,234.5134217,1.68034212,0.803639142,72991,302.4624514,0.756222833,0.984381636,0.850950198,0.767548895,0.005484444,0.001174185,0.589131306,0.989942148,2
49882,891.505,357.1890036,179.8346914,1.986207449,0.864011494,51042,252.0153467,0.726021017,0.977273618,0.788689675,0.705551806,0.007160679,0.001094585,0.497803351,0.988740725,2
78466,1069.117,418.902484,240.2534013,1.743586071,0.819184123,79269,316.0791264,0.78122262,0.989869937,0.862662476,0.754541065,0.00533865,0.001067438,0.569332219,0.992679726,2
80223,1078.637,423.5090109,243.0360124,1.742577187,0.818951546,80860,319.5983354,0.815174979,0.992122186,0.866479187,0.754643531,0.005279147,0.001056114,0.569486859,0.992374809,2
77398,1056.265,407.9541382,242.603419,1.681567968,0.803960227,77964,313.9206815,0.799607418,0.992740239,0.871753749,0.769499932,0.005270861,0.001139976,0.592130145,0.995707085,2
77350,1056.679,416.5536452,238.0527627,1.749837475,0.820614848,78059,313.8233242,0.817670564,0.990917127,0.870530575,0.753380334,0.005385309,0.001070157,0.567581927,0.993176126,2
62280,946.201,367.9646308,216.2749754,1.70137405,0.809035175,62830,281.5978673,0.728915522,0.99124622,0.874161474,0.765285149,0.005908231,0.001250059,0.585661359,0.996429038,2
77837,1082.476,416.2736197,240.6263902,1.729958295,0.816002326,79765,314.8096988,0.719793227,0.975828998,0.834755714,0.756256664,0.005348017,0.00107907,0.571924141,0.989404912,2
79101,1086.698,419.8599918,242.9088866,1.728466989,0.815648798,80579,317.3555124,0.808654849,0.981657752,0.841732512,0.755860331,0.005307897,0.001068731,0.57132484,0.987516126,2
82583,1119.357,421.2621199,251.4297785,1.675466297,0.802353753,84070,324.265233,0.804338086,0.982312359,0.828253501,0.769746952,0.005101076,0.001104672,0.592510371,0.992731157,2
89673,1175.934,457.7785171,252.6742935,1.811733638,0.833872232,91361,337.8982239,0.774558835,0.981523845,0.814902534,0.738125996,0.005104976,0.00093475,0.544829986,0.987086813,2
77728,1053.386,405.4237429,245.362623,1.652345162,0.796073138,78359,314.5891977,0.807270084,0.991947319,0.880262646,0.77595159,0.005215929,0.001166407,0.602100869,0.994878458,2
72313,1010.401,383.6957949,241.3210635,1.58998054,0.777455043,73001,303.433306,0.764189925,0.990575472,0.89009981,0.790817387,0.005306042,0.001280133,0.62539214,0.994361332,2
72082,1024.342,392.0725182,235.6564263,1.663746346,0.799209045,72907,302.9482676,0.800377526,0.988684214,0.863270166,0.77268427,0.005439257,0.00119599,0.597040981,0.993324751,2
78865,1075.999,414.0470433,244.9832724,1.690103325,0.806173066,79578,316.8817393,0.741937608,0.991040237,0.85599344,0.765327864,0.005250073,0.001111054,0.58572674,0.98993871,2
74154,1054.801,413.1876243,230.6605578,1.791323268,0.829675124,75125,307.2715496,0.763136771,0.987074875,0.837535802,0.743661067,0.005572021,0.001051218,0.553031783,0.990658701,2
80978,1105.56,426.984513,243.1043759,1.756383493,0.82209403,81742,321.098726,0.797679206,0.99065352,0.83255374,0.752014924,0.005272846,0.001040233,0.565526446,0.993281314,2
68650,1009.473,386.6385507,227.7943899,1.697313752,0.808011828,69527,295.6482619,0.736019384,0.987386195,0.846566328,0.764663175,0.005632026,0.00118775,0.584709772,0.992435937,2
98240,1198.223,472.245656,267.6939943,1.764124956,0.823818773,99642,353.6708256,0.784551742,0.985929628,0.859850433,0.748912819,0.004807061,0.000932791,0.560870411,0.989445489,2
90045,1160.436,441.4573406,262.6408175,1.680840567,0.8037698,91330,338.598368,0.790707681,0.985930143,0.840285907,0.767001331,0.00490263,0.00104663,0.588291042,0.988823449,2
67882,991.604,392.7362244,221.5486688,1.772686004,0.825695756,68565,293.9898753,0.71226811,0.990038649,0.867536894,0.748568268,0.005785572,0.001120603,0.560354452,0.993332494,2
99044,1204.544,482.3869208,264.0325508,1.826997919,0.836906421,100311,355.1151045,0.766179315,0.987369282,0.857813147,0.736162382,0.004870431,0.000882351,0.541935052,0.990114212,2
84917,1141.779,454.6947719,240.9082975,1.887418477,0.848107486,86284,328.8155751,0.728844982,0.98415697,0.818540938,0.72315671,0.005354579,0.000903306,0.522955627,0.987036112,2
79796,1110.388,431.5476329,238.2902876,1.811016459,0.833727508,81173,318.7466435,0.687517232,0.983036231,0.813282573,0.738612888,0.005408136,0.000992876,0.545548998,0.987998215,2
76886,1069.947,429.428419,230.6442016,1.861865228,0.843521249,77989,312.8806412,0.780101259,0.98585698,0.843980866,0.728597893,0.005585262,0.000970901,0.530854889,0.98838026,2
69495,1013.931,396.3114601,226.131356,1.7525719,0.821235077,70728,297.4622365,0.737472674,0.982567017,0.849467212,0.750576924,0.005702733,0.001116461,0.563365718,0.987338927,2
67109,1017.317,397.4848582,218.4580783,1.819501761,0.835427276,68530,292.3111914,0.643398144,0.979264556,0.814850671,0.73540208,0.005922974,0.001068609,0.540816219,0.984016063,2
73591,1051.278,412.8532672,228.2203079,1.809011963,0.833321961,74305,306.102877,0.731375472,0.990390956,0.83675712,0.741432614,0.005610105,0.001045773,0.549722321,0.994454255,2
78575,1085.348,413.4274252,243.2858926,1.699348124,0.808525645,79341,316.2985887,0.811172135,0.990345471,0.838216553,0.765064361,0.005261564,0.001111953,0.585323476,0.994668351,2
71208,1024.261,397.9936478,229.7154394,1.732550711,0.81661435,72235,301.1060303,0.748541454,0.985782515,0.852937833,0.75655989,0.00558917,0.001129537,0.572382867,0.991682343,2
55501,898.191,345.523159,207.0296994,1.668954551,0.800616222,56394,265.8309011,0.784799208,0.984164982,0.864516475,0.769357695,0.00622553,0.001345455,0.591911262,0.987872995,2
79902,1076.13,424.741243,241.4848866,1.758872984,0.822651551,81032,318.9582827,0.823265159,0.986054892,0.86703781,0.750947284,0.005315777,0.00104276,0.563921823,0.991866859,2
74641,1042.506,405.223265,236.598854,1.712701724,0.811845133,75839,308.2788881,0.798043409,0.984203378,0.863038534,0.760763053,0.005428964,0.001121745,0.578760422,0.991243973,2
68385,1010.424,385.8246689,226.7409538,1.701609976,0.809094372,69205,295.0770853,0.702313831,0.988151145,0.841711787,0.764795797,0.005641949,0.001190669,0.584912612,0.995293135,2
68008,996.629,371.7058809,234.4417579,1.58549349,0.776011749,69070,294.2625952,0.725465096,0.984624294,0.860404805,0.791654398,0.00546562,0.001324225,0.626716685,0.993655224,2
75346,1071.696,420.3182543,232.3967982,1.808623258,0.83324314,77342,309.7313461,0.786361359,0.974192547,0.824378859,0.736897203,0.005578508,0.001014671,0.543017488,0.982114059,2
67899,1004.907,396.0270267,220.1960738,1.798519928,0.831173766,68695,294.0266856,0.826725922,0.988412548,0.844931496,0.742440959,0.00583259,0.001093173,0.551218578,0.991377597,2
71977,1034.818,398.2830064,231.3987532,1.72119772,0.813910141,72900,302.7275387,0.790061798,0.98733882,0.844647803,0.760081484,0.005533476,0.001139248,0.577723863,0.994376996,2
91641,1147.618,448.7645628,261.3306423,1.71722902,0.812949989,92407,341.5859264,0.80910632,0.991710585,0.874389595,0.761169564,0.004896985,0.001013991,0.579379105,0.994926612,2
64252,966.933,378.9307449,217.7462558,1.740240004,0.818410945,65281,286.0213055,0.746768945,0.984237374,0.863582335,0.754811557,0.005897571,0.001180884,0.569740486,0.991485186,2
70908,1018.387,401.1553564,226.7300931,1.769307951,0.824958891,71865,300.4710795,0.800388297,0.986683365,0.859170598,0.749014253,0.005657406,0.001098392,0.561022351,0.992621306,2
78522,1076.493,430.9666283,233.047703,1.849263575,0.841179628,79158,316.1918967,0.816101272,0.991965436,0.851488519,0.733680698,0.005488483,0.000980981,0.538287367,0.99543522,2
76440,1057.912,408.2975512,241.8667866,1.688109214,0.805659627,77990,311.971843,0.808349989,0.980125657,0.858284868,0.764079633,0.005341412,0.001123027,0.583817685,0.985548014,2
95892,1194.897,470.8680745,261.5597391,1.800231473,0.831527143,96906,349.4187837,0.744873229,0.989536252,0.843978337,0.742073635,0.0049104,0.000918512,0.55067328,0.99133937,2
69057,1015.989,398.4042886,222.611652,1.789682998,0.829330637,70214,296.5233604,0.778984772,0.983521805,0.84069712,0.744277531,0.005769209,0.001092033,0.553949044,0.991393185,2
68256,1015.699,395.5950337,221.897243,1.782784808,0.827869879,69414,294.7986404,0.797569526,0.983317486,0.831420346,0.745203087,0.005795755,0.001102525,0.555327641,0.990029682,2
71540,1024.667,404.2473611,228.2414437,1.77113917,0.825358945,73026,301.8071521,0.806993796,0.979651083,0.856235639,0.746590284,0.005650648,0.001082947,0.557397052,0.987227752,2
72823,1032.663,399.9634503,233.1080841,1.715785413,0.812598799,73910,304.5014341,0.753502473,0.985292924,0.858146028,0.761323151,0.005492268,0.001138171,0.57961294,0.994491427,2
103899,1240.06,488.4209733,273.3822256,1.786586426,0.828677319,105229,363.7146072,0.825414101,0.987360899,0.84905502,0.744674424,0.004700921,0.00089172,0.554539998,0.990733634,2
67987,1014.64,398.0008833,219.2147418,1.815575358,0.834644135,68693,294.2171595,0.807063153,0.989722388,0.829873283,0.739237454,0.005854073,0.001078385,0.546472013,0.99216112,2
72561,1056.868,427.2206514,217.6196084,1.963153296,0.860538993,73203,303.9531783,0.801646136,0.991229868,0.816341033,0.711466492,0.005887745,0.000930565,0.50618457,0.993717906,2
76553,1071.474,423.6968928,231.9948045,1.82632061,0.836773629,77861,312.2023492,0.803587924,0.983200832,0.837932055,0.736853054,0.005534687,0.00100646,0.542952423,0.991605199,2
75531,1065.318,400.6359605,242.103777,1.654810864,0.796757881,76813,310.1113607,0.802343368,0.983310117,0.836327868,0.774047742,0.005304259,0.001174561,0.599149908,0.991479776,2
69889,1002.511,391.5626777,228.7546748,1.711714429,0.811602825,70764,298.3042717,0.774479167,0.987634956,0.873857056,0.761830197,0.005602637,0.001164139,0.580385248,0.993453804,2
77430,1073.469,424.8352959,233.0998611,1.822546328,0.836030549,78082,313.9855697,0.721594722,0.991649804,0.84438422,0.739075996,0.005486701,0.001009828,0.546233328,0.995535547,2
76535,1064.59,424.3428032,232.2690162,1.826945368,0.836896124,77619,312.1656428,0.753000787,0.986034347,0.848604217,0.735644956,0.005544428,0.001001635,0.541173502,0.988694422,2
80056,1086.236,430.5035118,238.2034467,1.807293378,0.832973027,80817,319.2655086,0.80519794,0.990583664,0.852619707,0.741609534,0.00537753,0.001003376,0.5499847,0.993983707,2
68234,988.005,383.9724637,228.1752131,1.68279656,0.8042812,69335,294.7511274,0.788103488,0.984120574,0.878400168,0.767636107,0.005627289,0.001205315,0.589265193,0.99161344,2
72026,1022.019,388.78149,238.9852075,1.626801483,0.78875854,73768,302.8305656,0.749521312,0.976385425,0.866525248,0.778922283,0.005397794,0.001225667,0.606719922,0.987012869,2
66874,1024.488,408.2395189,209.5480011,1.948190948,0.858211215,67877,291.7989399,0.80164467,0.985223272,0.800669736,0.714773868,0.006104607,0.000982906,0.510901682,0.995334032,2
71014,1012.162,401.8132304,226.7760614,1.771850291,0.825513913,71424,300.695582,0.66802126,0.994259633,0.871071457,0.748346643,0.005658226,0.00109464,0.560022698,0.99227638,2
78223,1092.091,418.9257286,240.3939989,1.742663005,0.818971348,79721,315.5893168,0.729910048,0.981209468,0.824188738,0.753329995,0.005355531,0.001063955,0.567506081,0.988971852,2
68634,1007.249,385.3609988,229.4238197,1.679690449,0.803468112,70059,295.613807,0.724430559,0.979660001,0.850110704,0.767108784,0.005614724,0.001199323,0.588455886,0.988423732,2
76420,1073.143,420.3524512,232.5230405,1.807788382,0.833073647,77276,311.9310276,0.784543205,0.988922822,0.833876439,0.7420702,0.005500555,0.001028884,0.550668182,0.995491542,2
87672,1140.811,435.1678431,261.9445784,1.661297385,0.798541929,89768,334.106955,0.77682084,0.976650922,0.846531996,0.767765726,0.00496359,0.001063875,0.58946421,0.97927535,2
69272,1018.472,395.7520065,224.1743966,1.765375585,0.824094941,69978,296.9845951,0.76715727,0.989911115,0.83920759,0.750431053,0.005713015,0.001117605,0.563146766,0.994165551,2
66664,999.648,384.5788396,222.9614202,1.724867196,0.814791014,67764,291.3404212,0.780353046,0.983767192,0.8383146,0.757557076,0.005768913,0.001172021,0.573892723,0.989888732,2
60592,919.006,354.2600075,218.4582782,1.621636911,0.787228933,61008,277.7555229,0.812170766,0.993181222,0.901547178,0.784044253,0.005846647,0.001362853,0.61472539,0.996861383,2
71540,1034.456,401.2763801,231.4388537,1.733833251,0.816915952,72721,301.8071521,0.8225825,0.983759849,0.840107291,0.752117909,0.005609119,0.00110718,0.565681349,0.980797133,2
82095,1114.935,434.2286666,241.7090409,1.796493275,0.830753827,82787,323.3057383,0.68049569,0.9916412,0.829903265,0.744551807,0.005289344,0.001002677,0.554357393,0.995899329,2
74699,1078.742,414.659335,231.2611245,1.793035193,0.8300335,76482,308.3986393,0.780741453,0.976687325,0.806658057,0.743739772,0.005551069,0.001047708,0.553148849,0.991815353,2
71658,1057.001,417.3026137,221.0092016,1.888168505,0.848238927,72678,302.0559539,0.742885578,0.985965492,0.805979045,0.723829528,0.005823531,0.000986078,0.523929186,0.989266587,2
85861,1127.125,453.4993532,243.2214479,1.8645533,0.84401378,86936,330.6382019,0.662236894,0.987634582,0.849301011,0.72908197,0.005281785,0.000920589,0.531560519,0.99112292,2
81887,1101.864,418.6523267,252.0367097,1.661076782,0.798481663,83140,322.8959068,0.774674803,0.984929035,0.847556847,0.771274602,0.005112562,0.001115975,0.594864512,0.988115629,2
81239,1076.372,415.9077566,250.409949,1.660907477,0.798435392,82256,321.615776,0.797704264,0.98763616,0.881149602,0.773286314,0.005119558,0.001129207,0.597971723,0.993175706,2
76786,1065.286,405.5231141,243.5064981,1.665348224,0.799643518,77877,312.6771045,0.824406008,0.985990729,0.850275116,0.771046319,0.005281212,0.001151424,0.594512426,0.990070213,2
69993,1026.528,398.0416646,227.8185837,1.747186986,0.820010425,72098,298.5261386,0.679840707,0.970803628,0.834685507,0.749987163,0.005686878,0.001109862,0.562480744,0.982759036,2
77679,1090.98,414.4844029,240.9793698,1.71999953,0.813621081,78540,314.490023,0.795239558,0.989037433,0.820124738,0.758749957,0.005335862,0.001090885,0.575701498,0.990206306,2
81767,1094.281,425.2811929,245.7281906,1.730697613,0.816177193,82504,322.6592287,0.685447229,0.9910671,0.858084803,0.758696209,0.005201135,0.00106304,0.575619937,0.996224051,2
66966,991.524,379.8820277,226.43575,1.677659237,0.802933508,68108,291.9995879,0.677183509,0.983232513,0.855968457,0.768658601,0.00567276,0.001221541,0.590836045,0.991221548,2
75186,1059.922,409.8002883,236.9893346,1.729192958,0.815821029,76389,309.4023083,0.802703222,0.984251659,0.841005878,0.755007542,0.005450487,0.001092497,0.570036388,0.985702908,2
87779,1166.965,473.950668,240.8544026,1.967789099,0.861248206,90297,334.3107746,0.726755642,0.972114245,0.809999651,0.705370405,0.005399363,0.000824501,0.497547408,0.979068366,2
66082,968.17,349.9262465,243.8653848,1.434915606,0.71716336,66793,290.0658815,0.772527473,0.989355172,0.8859104,0.828934338,0.005295334,0.001542246,0.687132137,0.985976626,2
65181,977.089,368.0482822,226.7141993,1.62340199,0.787753679,65980,288.0816321,0.696088168,0.98789027,0.857951297,0.782727827,0.005646558,0.001307394,0.612662851,0.994598091,2
61944,955.718,361.9657801,219.9610851,1.645590082,0.794178345,62873,280.8372311,0.70713136,0.985224182,0.852215795,0.775866799,0.005843436,0.001306161,0.60196929,0.990594693,2
58877,964.919,376.8503384,202.2688788,1.863115772,0.843750686,60278,273.7965023,0.713816348,0.976757689,0.794646218,0.726539091,0.006400638,0.001100117,0.527859051,0.983462523,2
101226,1268.518,503.6126663,263.3417183,1.912392269,0.8523908,104908,359.005496,0.753876402,0.964902581,0.790512372,0.712860339,0.004975132,0.000792505,0.508169863,0.971820117,2
85369,1127.369,431.9334268,254.1925336,1.69923727,0.808497702,86927,329.6895308,0.666591186,0.982076915,0.844068865,0.763287836,0.005059605,0.001059375,0.582608321,0.989989773,2
68272,1007.016,398.6198542,219.9548112,1.812280677,0.83398249,68885,294.8331905,0.656663589,0.991101111,0.846018281,0.739634986,0.005838702,0.001077869,0.547059913,0.99142611,2
68749,1024.216,391.3524554,226.6710099,1.726521868,0.815186079,70178,295.8613619,0.76838564,0.979637493,0.823556004,0.755997204,0.005692482,0.001146997,0.571531772,0.986762102,2
70262,1021.176,405.5603048,222.7263649,1.820890423,0.835702865,71533,299.0992425,0.81017942,0.982231977,0.846699246,0.737496345,0.005772114,0.001053305,0.543900859,0.990383865,2
83432,1125.326,447.4924431,240.0153588,1.864432532,0.843991704,84920,325.927786,0.688042223,0.982477626,0.827915117,0.728342548,0.005363559,0.000931055,0.530482867,0.989049514,2
81074,1099.966,445.0481712,232.547287,1.913796445,0.852626042,81570,321.2890021,0.78075886,0.993919333,0.842040425,0.72191961,0.005489407,0.00091973,0.521167923,0.997409318,2
78208,1085.393,428.2633423,236.0708384,1.814130645,0.834354513,79877,315.5590568,0.729661143,0.979105375,0.83423232,0.736834152,0.005475953,0.000995677,0.542924568,0.984936097,2
75720,1046.46,406.8207205,238.3826245,1.706587137,0.810336502,76733,310.4991116,0.769394909,0.986798379,0.868910818,0.763233277,0.005372698,0.001124609,0.582525035,0.994129731,2
83296,1142.638,446.7658888,239.0133166,1.869209194,0.844861177,84270,325.6620351,0.702587807,0.988441913,0.801708862,0.728932184,0.005363594,0.00093408,0.531342129,0.993189593,2
72035,1049.221,407.5562343,227.1994711,1.793825629,0.830198572,73039,302.8494851,0.686852217,0.986253919,0.822279524,0.743086376,0.005657753,0.001064096,0.552177362,0.990509904,2
78948,1073.958,420.8503424,240.7090663,1.748377611,0.820282333,79816,317.0484436,0.721546406,0.989124987,0.860154373,0.753351992,0.005330728,0.001059151,0.567539223,0.992272871,2
67336,1032.779,399.8204649,217.2274491,1.840561433,0.839530552,68914,292.8051536,0.690370735,0.977101895,0.793308999,0.732341587,0.005937693,0.001053543,0.536324199,0.987137637,2
88543,1130.637,436.7700792,260.7669686,1.674944037,0.802215283,89480,335.762489,0.828015411,0.989528386,0.870397649,0.768739676,0.004932858,0.001062663,0.590960689,0.989826082,2
67448,1012.2,386.0879006,223.8322172,1.724898701,0.814798548,68315,293.0485639,0.802570205,0.98730879,0.827268093,0.759020325,0.005724231,0.001171954,0.576111854,0.993734589,2
61129,964.969,369.3481688,210.9473449,1.750902193,0.820856751,61796,278.9836198,0.750113507,0.989206421,0.824955328,0.755340471,0.00604211,0.00121322,0.570539227,0.998958384,2
68440,1016.553,396.8650159,224.8122633,1.76531747,0.824082123,70598,295.1957223,0.767660453,0.969432562,0.832261514,0.743818957,0.005798729,0.001094918,0.553266641,0.976691267,2
68352,1003.918,399.5254213,219.8800951,1.817014956,0.834931945,69077,295.0058802,0.783000172,0.989504466,0.852245288,0.738390762,0.005845117,0.00107181,0.545220917,0.990674561,2
76661,1076.239,420.8536815,237.3808893,1.772904646,0.825743281,78917,312.4224972,0.722671569,0.971413004,0.831700366,0.742354198,0.005489802,0.001028445,0.551089755,0.977029587,2
68330,1027.922,398.7044613,219.5707805,1.815835697,0.834696241,69292,294.9584006,0.702376547,0.986116723,0.812645178,0.739792075,0.005834984,0.001078098,0.547292314,0.99379292,2
63975,985.876,378.4011461,217.376548,1.740763433,0.818532237,64993,285.4040993,0.792515237,0.984336775,0.827133422,0.754236879,0.005914828,0.001180736,0.568873269,0.990273785,2
55549,914.595,348.4861956,205.1891003,1.698366019,0.808277868,56517,265.9458281,0.806437095,0.98287241,0.834504078,0.763145948,0.006273492,0.001312561,0.582391738,0.989114338,2
89042,1128.166,436.5462293,261.1475299,1.671646021,0.801337307,89791,336.7072847,0.8158512,0.991658407,0.879141449,0.771298117,0.0049027,0.001070297,0.594900785,0.994463531,2
81233,1084.625,422.1094261,246.6783794,1.711173177,0.811469778,82039,321.6038991,0.752268855,0.990175404,0.867727049,0.761896985,0.00519628,0.001080084,0.580487016,0.993313811,2
79501,1079.209,424.2389352,241.8912688,1.753841456,0.821521897,80911,318.1569063,0.770179416,0.982573445,0.857770959,0.749947447,0.005336272,0.001041216,0.562421173,0.986397569,2
60427,975.052,389.5320302,200.6184292,1.941656267,0.857175627,61767,277.3770826,0.767892543,0.978305568,0.79870305,0.712077727,0.006446324,0.001022354,0.507054689,0.984525915,2
79795,1099.679,421.2060002,243.319014,1.731085431,0.816268817,81264,318.7446462,0.665923923,0.981923115,0.829189282,0.756742891,0.005278601,0.001067805,0.572659803,0.991323041,2
71312,1049.152,411.0278633,222.2268979,1.849586469,0.841240308,71982,301.3258343,0.781544194,0.990692117,0.814133555,0.733103181,0.005763797,0.001026949,0.537440275,0.99404226,2
76415,1079.065,421.8737338,232.9591082,1.810934704,0.833710998,77948,311.920823,0.761416515,0.980333043,0.824694824,0.739370096,0.005520824,0.001017727,0.546668139,0.989980304,2
73720,1050.731,397.3946579,237.5145773,1.673137971,0.801735246,74893,306.3710483,0.777071541,0.984337655,0.839096867,0.770949086,0.005390595,0.001174679,0.594362493,0.994450456,2
66700,993.616,373.6598729,229.8306467,1.625805254,0.788464849,67836,291.4190756,0.795809769,0.98325373,0.848982123,0.779904659,0.005602097,0.001278487,0.608251276,0.988898121,2
74466,1030.978,399.0801854,239.7014623,1.664905093,0.799523478,75530,307.9172875,0.789001907,0.985912882,0.880377823,0.771567466,0.005359227,0.001171595,0.595316355,0.991145232,2
63219,981.824,367.1035044,222.0402827,1.653319389,0.796344124,64634,283.712761,0.768078437,0.978107498,0.824119515,0.772841331,0.005806854,0.001277856,0.597283723,0.98750076,2
73503,1019.705,390.0110517,241.5851849,1.614383149,0.7850506,74243,305.9198036,0.731227616,0.99003273,0.888312619,0.784387525,0.005306056,0.001239009,0.61526379,0.993271495,2
64934,1005.197,393.1435875,211.6841501,1.857217875,0.842663986,66119,287.5352789,0.749598846,0.982077769,0.807569026,0.731374714,0.006054511,0.001068608,0.534908972,0.993442505,2
68033,1005.269,384.9832288,226.3186333,1.70106731,0.808958166,68739,294.3166763,0.66589343,0.989729266,0.845989369,0.764492202,0.005658772,0.001192324,0.584448327,0.994185943,2
82073,1106.614,424.2211625,249.3896709,1.701037421,0.808950659,83672,323.2624153,0.771377282,0.980889664,0.842205071,0.762013883,0.005168827,0.001075037,0.580665158,0.987733163,2
67513,1021.125,389.4206598,224.0461152,1.738127257,0.817920071,69075,293.1897361,0.779974121,0.977386898,0.813653417,0.752886959,0.005768084,0.001143222,0.566838772,0.985237921,2
84226,1113.968,440.5559563,245.6595216,1.793359986,0.830101359,85372,327.4749974,0.788477921,0.986576395,0.852924539,0.743322143,0.005230641,0.000985015,0.552527808,0.990881262,2
79229,1080.918,415.0082843,245.4240131,1.690984835,0.806399352,80505,317.6121784,0.774007933,0.984150053,0.852135269,0.765315273,0.005238086,0.001108444,0.585707467,0.990422445,2
71000,1034.76,396.3016423,230.739239,1.717530334,0.81302316,72736,300.6659403,0.746111812,0.976132864,0.833276144,0.758679521,0.005581713,0.001140724,0.575594616,0.988601213,2
72060,1013.657,399.9968058,230.5185863,1.735204142,0.817237468,72541,302.902033,0.694266473,0.993369267,0.881296558,0.75726113,0.005550885,0.001125964,0.573444418,0.99504313,2
81862,1110.904,435.6896775,241.3358117,1.805325428,0.832572057,83105,322.8466131,0.658923339,0.985043018,0.833564391,0.74100129,0.005322246,0.000989807,0.549082912,0.991273343,2
63592,966.595,361.9308349,226.0274461,1.601269408,0.781021185,64532,284.5485005,0.695055305,0.985433583,0.855309428,0.786195795,0.005691452,0.001341299,0.618103828,0.989750751,2
80737,1095.419,419.110364,250.4878689,1.673176293,0.801745451,83362,320.6205563,0.749563651,0.968510832,0.8455162,0.765002691,0.005191057,0.001096699,0.585229117,0.979191485,2
74400,1060.024,393.9101013,241.125882,1.633628452,0.790753821,75179,307.7808021,0.691713385,0.989638064,0.83205379,0.781347828,0.005294491,0.001217255,0.610504428,0.997337404,2
77502,1050.945,387.9738252,256.2189843,1.514227473,0.750911577,78712,314.1315189,0.815776178,0.984627503,0.881785184,0.809671938,0.005005985,0.001327106,0.655568647,0.992680056,2
73425,1034.657,404.743853,231.9269439,1.745135111,0.81954031,74120,305.7574424,0.745030593,0.990623314,0.861908212,0.755434431,0.005512344,0.001107397,0.57068118,0.995915764,2
75962,1055.876,412.9089483,236.6745676,1.744627454,0.819423701,76866,310.9948911,0.81195019,0.988239274,0.85621024,0.753180313,0.00543573,0.00107903,0.567280585,0.989693282,2
67953,991.332,385.5650943,225.9048187,1.706759053,0.810379178,68997,294.1435819,0.727742972,0.984868907,0.86892091,0.762889552,0.005673997,0.001185538,0.582000468,0.993334567,2
75820,1061.206,418.8729626,234.1925494,1.788583641,0.829099141,77566,310.7040751,0.776208026,0.977490137,0.846046534,0.741762068,0.005524571,0.00103166,0.550210966,0.984098333,2
92041,1193.866,440.9058834,266.8912996,1.652005457,0.795978513,93687,342.3306018,0.684065403,0.98243086,0.811484118,0.77642557,0.00479032,0.00107385,0.602836666,0.995889461,0
66910,996.008,355.7803779,239.9274682,1.482866387,0.738393969,67749,291.8774708,0.779037817,0.987616053,0.847569345,0.820386645,0.005317298,0.001485748,0.673034248,0.998019864,0
68936,1025.523,381.0070496,231.0529832,1.649002944,0.795139124,70001,296.2634659,0.771536335,0.984785932,0.823692542,0.777580011,0.005526968,0.00124637,0.604630674,0.997037762,0
79669,1142.445,399.2322776,255.9725168,1.559668525,0.76740566,81174,318.4928905,0.771836853,0.981459581,0.767058748,0.797763378,0.005011137,0.001252023,0.636426408,0.992614236,0
83334,1157.753,413.4552211,257.4347018,1.606058617,0.782506607,84564,325.7363109,0.787150036,0.985454803,0.781268406,0.787839394,0.004961423,0.001179062,0.620690911,0.996865986,0
74945,1082.572,388.6936409,246.4553637,1.577136058,0.773283275,76519,308.9060337,0.732571551,0.979429946,0.803598186,0.794728808,0.005186385,0.001276205,0.631593878,0.996109479,0
73490,1079.891,374.5447781,251.8095533,1.487412901,0.740271291,74875,305.8927494,0.805246318,0.981502504,0.791914451,0.816705418,0.005096541,0.001398676,0.667007739,0.992115916,0
62391,965.276,342.4226954,232.1408416,1.475064418,0.735120473,63399,281.8486978,0.738932184,0.984100696,0.841450928,0.823101685,0.005488335,0.00155394,0.677496385,0.99935081,0
65170,978.084,380.2564555,220.0316841,1.728189543,0.815582908,66112,288.0573226,0.701386198,0.985751452,0.856062111,0.757534339,0.005834839,0.001185272,0.573858275,0.991735869,0
69923,1053.345,368.8079483,242.6859011,1.519692519,0.752993592,71044,298.3768233,0.756087803,0.984221046,0.791933366,0.809030349,0.005274487,0.00139386,0.654530106,0.994684506,0
79140,1105.067,382.0721611,264.9678299,1.441956789,0.720454645,80482,317.4337373,0.755729565,0.983325464,0.814382982,0.830821425,0.004827801,0.001418926,0.69026424,0.995331207,0
50166,893.846,313.0215817,204.6558146,1.529502508,0.756661043,51209,252.7317451,0.7625171,0.979632486,0.789030763,0.807393994,0.006239716,0.001635636,0.651885062,0.997059837,0
68978,1054.813,373.103519,236.8188821,1.57548045,0.772736449,70161,296.3537031,0.823598242,0.983138781,0.779057503,0.794293508,0.005409022,0.001328075,0.630902177,0.993974046,0
66086,1045.614,358.6010989,235.8286936,1.520599946,0.753336569,67353,290.0746603,0.72976435,0.981188663,0.759585299,0.808906222,0.005426279,0.001433094,0.654329277,0.994973063,0
63905,1030.26,356.7067045,228.9156537,1.558245139,0.766915955,65322,285.2479152,0.713671491,0.978307461,0.756573327,0.799670742,0.005581828,0.001407995,0.639473296,0.996456155,0
51107,886.653,317.3603439,206.2492209,1.538722631,0.760028532,51979,255.0910689,0.715884578,0.983223994,0.816926298,0.803789994,0.006209724,0.001598904,0.646078354,0.994135385,0
79035,1077.848,392.8222637,257.4770603,1.52565927,0.755234797,80061,317.2230878,0.798817465,0.987184772,0.854897961,0.807548648,0.004970232,0.001303861,0.652134818,0.99493553,0
61320,971.046,339.1516004,230.9590196,1.468449256,0.732292245,62409,279.4191276,0.770739065,0.982550594,0.817207611,0.823876777,0.005530848,0.001571884,0.678772944,0.996743625,0
69892,1052.973,389.8557707,228.6714658,1.704872837,0.809910114,71139,298.3106741,0.684269784,0.982470937,0.792141674,0.765182143,0.005577974,0.001179548,0.585503712,0.998209375,0
67309,1023.514,401.7107937,214.1820639,1.875557581,0.846005115,68457,292.7464441,0.774976109,0.983230349,0.807412423,0.728749261,0.005968159,0.001038323,0.531075486,0.996062653,0
80021,1134.74,370.51982,275.6128445,1.344348884,0.668341564,81760,319.1957105,0.760106767,0.978730431,0.780946189,0.861480799,0.004630282,0.001573148,0.742149167,0.997707404,0
79019,1147.917,391.1573731,258.3241977,1.514211121,0.750905305,80416,317.1909765,0.700448534,0.982627835,0.753564478,0.810903739,0.004950169,0.001320313,0.657564875,0.995692046,0
45564,802.744,296.0736966,196.3402805,1.507962074,0.748489491,46120,240.8607204,0.746461337,0.987944493,0.888541202,0.813516105,0.006497974,0.001755587,0.661808452,0.997982047,0
79701,1082.378,384.9517294,264.5390641,1.455179146,0.7264677,80706,318.5568473,0.819412744,0.987547394,0.854900797,0.827524136,0.004829949,0.001397156,0.684796196,0.996501143,0
79278,1088.437,420.0452858,241.1781364,1.741639156,0.818734879,80286,317.7103785,0.757568229,0.987444885,0.840922468,0.756371728,0.005298384,0.001069706,0.57209819,0.996388609,0
65806,1042.863,361.1261924,234.7003283,1.53866931,0.760009273,67326,289.4594989,0.707469683,0.977423284,0.76036276,0.801546675,0.00548774,0.001397296,0.642477073,0.988559754,0
56823,948.496,313.2609837,231.2833806,1.354446579,0.674462696,57838,268.9782345,0.766035752,0.982450984,0.793712126,0.858639437,0.005512926,0.001848439,0.737261682,0.998581563,0
72652,1058.689,394.5933711,234.8318162,1.680323295,0.803634205,73772,304.143715,0.738355844,0.984818088,0.814555418,0.770777558,0.00543128,0.001182492,0.594098044,0.998276783,0
68087,1029.885,372.4735199,233.8952225,1.592480239,0.778252654,69320,294.4334575,0.700029816,0.982212926,0.806671285,0.790481582,0.005470553,0.001317583,0.624861132,0.995079005,0
72224,1079.909,377.8104376,243.8322799,1.549468502,0.763859482,73410,303.2465216,0.714558496,0.983844163,0.778246328,0.80264199,0.005231093,0.001339244,0.644234165,0.998220547,0
77531,1118.121,405.2793115,244.3628738,1.658514263,0.797779513,79291,314.1902849,0.673573464,0.977803282,0.77930532,0.775243828,0.00522732,0.001164695,0.601002993,0.996772036,0
62169,1006.857,350.4064815,226.2702692,1.548619192,0.763560292,63136,281.3468131,0.746075749,0.984683857,0.770633986,0.802915551,0.005636354,0.001444966,0.644673382,0.998353572,0
54677,911.022,308.8539034,226.3985709,1.364204298,0.680198424,55858,263.8501821,0.753012629,0.978857102,0.827859835,0.854287996,0.005648699,0.001855861,0.729807979,0.995607182,0
77685,1089.383,386.3624877,259.7327489,1.487538593,0.74032288,79154,314.5021686,0.7656712,0.981441241,0.822594586,0.814008033,0.00497345,0.001346953,0.662609077,0.985656575,0
65290,1032.586,342.6691219,243.8187527,1.405425621,0.702657514,66600,288.3224061,0.750796334,0.98033033,0.769491927,0.841401771,0.005248417,0.001622638,0.707956941,0.994980823,0
77356,1098.053,396.2378894,251.3573304,1.576392814,0.773038052,78978,313.8354955,0.740163809,0.979462635,0.80622686,0.792038076,0.005122264,0.001243443,0.627324314,0.98890954,0
82805,1130.202,394.8044776,268.0019704,1.473140205,0.734302849,84138,324.7007861,0.724656072,0.98415698,0.814618526,0.822434406,0.004767882,0.001345583,0.676398353,0.996429608,0
56724,929.168,347.0655985,209.2032796,1.65898737,0.79790944,57657,268.7438184,0.733237678,0.983818097,0.825635244,0.77433148,0.006118497,0.001356851,0.59958924,0.994710977,0
65897,983.841,351.7480768,239.8023731,1.466824837,0.731590198,66806,289.6595696,0.8185556,0.986393438,0.855511148,0.823485866,0.005337847,0.001514155,0.678128972,0.994696418,0
70648,1017.479,367.6119462,245.7675337,1.495770986,0.743665809,71492,299.9197015,0.770997032,0.988194483,0.857548767,0.815859508,0.00520343,0.001422103,0.665626736,0.99562516,0
70657,1076.783,397.1658639,227.278961,1.747481871,0.820077829,72048,299.9388046,0.717038766,0.980693427,0.765788213,0.755197845,0.005621041,0.001127819,0.570323785,0.996630475,0
65284,1020.755,383.2241247,222.1171221,1.725324555,0.814900344,67271,288.3091577,0.721210782,0.970462755,0.787360436,0.752325178,0.005870108,0.001159974,0.565993173,0.976521919,0
79790,1160.791,425.1604783,239.5172087,1.775072783,0.826213463,81401,318.7346597,0.680529139,0.980209088,0.744132486,0.749680829,0.005328493,0.001038221,0.562021345,0.997628793,0
61701,973.472,327.5645931,240.3264186,1.362998687,0.679499012,62812,280.2858419,0.728086944,0.982312297,0.818191829,0.855665868,0.005308902,0.001755502,0.732164078,0.997938677,0
66945,996.779,373.7364857,228.2295645,1.63754633,0.791885385,67778,291.9538,0.747754892,0.987709876,0.846701346,0.781175537,0.005582739,0.001282395,0.61023522,0.999288445,0
80390,1137.745,427.3643818,240.1465772,1.779598055,0.827188429,81621,319.930816,0.669710173,0.984918097,0.780408555,0.748613665,0.005316139,0.001029928,0.560422419,0.997326647,0
63653,1016.303,355.1371706,228.6444147,1.553229153,0.765176974,64755,284.6849429,0.716667793,0.982982009,0.774430281,0.801619674,0.005579268,0.001421119,0.642594102,0.998095893,0
71153,1049.648,381.6419625,237.9898042,1.603606355,0.781748028,72426,300.989723,0.690557761,0.982423439,0.811550808,0.78867041,0.005363681,0.001280044,0.622001015,0.997444781,0
54358,923.33,326.4177656,214.2647816,1.523431724,0.754401954,55744,263.0793705,0.714043638,0.975136338,0.80123413,0.805959106,0.006004963,0.001562939,0.64957008,0.989575667,0
51932,897.618,313.7611961,211.334637,1.484665271,0.739139388,52906,257.1417431,0.726402954,0.98158999,0.809956708,0.819546032,0.00604177,0.00168127,0.671655698,0.997183889,0
47794,833.459,279.6545564,217.918565,1.283298448,0.626723197,48528,246.6844357,0.738131274,0.984874712,0.864599066,0.882104118,0.005851248,0.002185283,0.778107674,0.998544371,0
53364,919.64,314.3128688,216.9357311,1.448875513,0.723627793,54228,260.6629146,0.766525898,0.984067272,0.792907515,0.829310348,0.00588998,0.001718549,0.687755653,0.996472325,0
82869,1142.012,420.4983344,251.7673417,1.670186179,0.800946707,83981,324.8262425,0.687002587,0.98675891,0.798473721,0.772479261,0.005074254,0.001114549,0.596724208,0.996640525,0
90231,1159.796,445.2509806,259.2653122,1.717356544,0.812980963,91068,338.9478977,0.692975854,0.990809066,0.842951177,0.761251322,0.004934568,0.001022212,0.579503576,0.995214258,0
74172,1096.388,400.5306373,236.3164665,1.694890936,0.807397059,75432,307.3088406,0.78430792,0.983296214,0.775391983,0.767254267,0.005400025,0.001154337,0.588679111,0.997746889,0
74794,1197.889,423.797634,225.4317118,1.879937967,0.846786793,75813,308.5946832,0.759985775,0.986559033,0.655003273,0.728165186,0.005666198,0.000982633,0.530224539,0.996789241,0
69339,1031.231,374.9121254,236.398999,1.585929412,0.776152622,70486,297.1281824,0.711453812,0.983727265,0.819361433,0.792527535,0.005406945,0.001315798,0.628099893,0.996122094,0
61788,975.206,337.7904999,233.2393361,1.448256994,0.723346534,62654,280.4833774,0.760187008,0.986178057,0.816434358,0.830347145,0.005466927,0.001603105,0.689476382,0.998538993,0
72063,1078.081,369.1103124,250.0378175,1.476217942,0.735608655,73332,302.9083381,0.735967564,0.98269514,0.779147027,0.820644474,0.00512205,0.001432992,0.673457352,0.994169827,0
55059,944.732,344.3276911,204.9475016,1.680077524,0.803569728,55970,264.7702704,0.732859482,0.983723423,0.775212793,0.768948526,0.006253795,0.001348691,0.591281835,0.993399322,0
69963,1080.634,379.312389,236.9762145,1.600634856,0.780823158,71325,298.4621555,0.78246136,0.980904311,0.752871804,0.786850533,0.005421614,0.001281968,0.619133761,0.991007079,0
61013,943.385,336.5838735,231.2578523,1.45544841,0.726587942,61950,278.7187908,0.784874447,0.984874899,0.861498073,0.828081238,0.005516593,0.001600083,0.685718538,0.998027955,0
71536,1020.47,341.8985225,267.1090837,1.279995865,0.624215102,72443,301.7987145,0.790260931,0.987479812,0.863244923,0.882714299,0.004779391,0.001789917,0.779184533,0.99735298,0
72379,1060.571,348.1291279,266.7534764,1.305059385,0.64254416,73840,303.5717461,0.806361408,0.980213976,0.808617148,0.872009038,0.004809808,0.001715503,0.760399763,0.992366847,0
72624,1080.984,378.0504781,246.5251457,1.533516904,0.758136538,73969,304.0851011,0.725072633,0.981816707,0.781000834,0.804350526,0.005205586,0.001344098,0.646979769,0.992154413,0
73724,1080.903,367.5997336,258.7821969,1.420498543,0.710221586,75524,306.3793599,0.732304269,0.976166517,0.792949099,0.833459146,0.004986161,0.001484169,0.694654148,0.986755205,0
70002,1048.285,382.0247492,234.1121031,1.631802646,0.790223147,71186,298.5453309,0.705750696,0.983367516,0.80050043,0.781481649,0.00545734,0.001255556,0.610713568,0.996564015,0
75270,1137.956,407.2692514,235.985883,1.725820402,0.815018761,76553,309.5750968,0.716215959,0.983240369,0.730433764,0.760123912,0.005410778,0.001114236,0.577788362,0.997158943,0
68218,1005.139,384.2915641,226.6177581,1.695769861,0.807620438,69026,294.7165677,0.748472181,0.988294266,0.848509284,0.766908762,0.005633287,0.001202033,0.588149049,0.997365432,0
58932,928.906,341.4329234,220.0762982,1.551429782,0.764548068,59770,273.9243561,0.719086317,0.985979588,0.858257304,0.802278683,0.005793676,0.001480591,0.643651085,0.998579463,0
52655,915.993,310.9966465,216.5300928,1.436274481,0.717803496,53696,258.9255264,0.740951818,0.980613081,0.788615251,0.83256694,0.005906308,0.001750542,0.69316771,0.995579093,0
72633,1071.572,381.5562405,243.6318267,1.566118211,0.769604064,73795,304.1039425,0.716641013,0.984253676,0.794879199,0.797009484,0.005253208,0.00130755,0.635224118,0.99483606,0
83203,1124.194,368.1338194,289.4455898,1.27185845,0.617907225,84723,325.4801835,0.809005698,0.982059181,0.827306285,0.884135514,0.004424526,0.001667715,0.781695606,0.994206163,0
71598,1066.952,400.0596424,228.747662,1.748912487,0.820404274,72858,301.9294701,0.664038879,0.982706086,0.790352791,0.754711143,0.005587581,0.001118218,0.56958891,0.996161157,0
71892,1066.553,363.4297866,253.4136732,1.434136454,0.71679524,73244,302.5487355,0.719207683,0.98154115,0.79419207,0.832481945,0.005055219,0.00149768,0.693026188,0.99389412,0
73100,1079.089,380.3600147,245.4184045,1.549843075,0.763991241,74217,305.0800071,0.79466887,0.98494954,0.788883205,0.802082226,0.005203283,0.001328412,0.643335897,0.997069684,0
49309,867.448,304.0723235,206.8129106,1.470277279,0.733078706,50235,250.5637019,0.778456632,0.981566637,0.823472611,0.824026663,0.00616667,0.001753862,0.679019941,0.998347591,0
70042,1025.456,399.9040179,223.2810403,1.791034372,0.829614529,70743,298.630615,0.657165375,0.990090892,0.837017121,0.746755725,0.005709489,0.001095194,0.557644113,0.998759775,0
78876,1091.875,369.75215,272.8683884,1.355056744,0.674826438,80115,316.9038377,0.81780856,0.984534731,0.831397851,0.85707098,0.004687765,0.001560317,0.734570665,0.995384934,0
71461,1013.813,341.3752204,267.5111633,1.276115793,0.621230424,72475,301.6404666,0.788439472,0.986008969,0.873701823,0.883603872,0.004777084,0.001796276,0.780755803,0.996334811,0
80784,1264.547,394.3957508,261.8484588,1.50619848,0.747800833,82343,320.7138653,0.696672042,0.981067,0.634841437,0.813177791,0.004882102,0.001316827,0.661258119,0.995985974,0
62218,969.459,346.4144781,229.7546879,1.507758041,0.748409975,63385,281.4576664,0.794427845,0.981588704,0.831892133,0.812488173,0.005567753,0.001496677,0.660137031,0.995326917,0
73944,1067.612,369.354891,255.9715571,1.442952862,0.720915156,75339,306.8361532,0.718796174,0.981483694,0.815240808,0.830735319,0.004995062,0.001467477,0.69012117,0.995812318,0
59255,922.943,329.2752345,229.5490083,1.43444416,0.716940714,60140,274.6740054,0.747659424,0.985284337,0.874148277,0.834177541,0.005556919,0.00165977,0.69585217,0.998161081,0
56545,975.553,339.5660561,212.5891557,1.597287759,0.77977387,57685,268.3194552,0.792024428,0.980237497,0.746624668,0.790183384,0.006005236,0.00144418,0.62438978,0.997330152,0
63911,1007.098,364.0668165,224.3046931,1.6230905,0.787661225,65289,285.2613057,0.706667404,0.978893841,0.791848339,0.783541078,0.005696466,0.00132444,0.61393662,0.996474696,0
53552,937.555,336.4962468,203.6038358,1.65270092,0.79617216,54684,261.1216653,0.689214929,0.979299247,0.765582593,0.776001717,0.006283542,0.001405513,0.602178665,0.995221234,0
80621,1149.201,414.2109219,248.7102772,1.665435488,0.799667144,81780,320.3901455,0.797501286,0.985827831,0.767124855,0.773495165,0.005137755,0.001134445,0.598294771,0.996421344,0
73226,1051.986,365.2722353,256.8899954,1.421901366,0.71090934,74288,305.3428219,0.824115966,0.985704286,0.8314866,0.835932196,0.004988286,0.001502503,0.698782637,0.993599986,0
60874,921.145,310.3337608,250.9693725,1.23654037,0.588210412,61578,278.4011208,0.8203822,0.988567345,0.901541464,0.897102268,0.005097969,0.002036783,0.80479248,0.995158391,0
87691,1135.452,397.0760407,282.7102053,1.404533806,0.702199728,89021,334.1431563,0.767173502,0.985059705,0.854726812,0.841509238,0.004528128,0.001400664,0.708137797,0.994603476,0
71133,1050.271,366.8312188,247.4603974,1.482383535,0.738193295,72336,300.9474182,0.72135686,0.983369277,0.810360458,0.820397509,0.005156977,0.001441027,0.673052073,0.997721312,0
74155,1093.586,393.0563417,240.7041059,1.632944067,0.790555154,75479,307.2736215,0.800464162,0.982458697,0.779191883,0.781754646,0.00530047,0.00122117,0.611140327,0.997957972,0
68050,1030.992,382.7137348,227.2306962,1.684251913,0.80466034,69160,294.3534457,0.724059414,0.98395026,0.804502509,0.769121719,0.005624008,0.001213964,0.591548219,0.99631622,0
74486,1133.189,356.8890706,267.7683827,1.332827525,0.661114953,76411,307.9586348,0.773575108,0.974807292,0.728919916,0.862897354,0.004791358,0.001638607,0.744591844,0.992412504,0
77947,1073.069,401.0536846,248.347756,1.614887491,0.785203203,78874,315.0320663,0.80095152,0.988247078,0.850656004,0.785510964,0.00514521,0.001208348,0.617027474,0.99642995,0
64332,987.745,341.3003618,240.4800297,1.419246173,0.709605304,65485,286.1993124,0.782970644,0.982392914,0.828604404,0.838555549,0.005305297,0.001618143,0.703175409,0.997979008,0
87837,1180.408,406.6439618,275.963401,1.473543087,0.734474379,89534,334.4212043,0.777889955,0.981046306,0.792178534,0.822393139,0.004629529,0.001306275,0.676330476,0.996602097,0
48915,894.486,310.0875693,201.7558508,1.53694462,0.759385013,50027,249.5606386,0.708656284,0.977772003,0.768253994,0.804806975,0.006339315,0.001640548,0.647714267,0.995500957,0
69392,1065.193,383.8567096,230.4881579,1.665407512,0.79965957,70781,297.2417173,0.7613781,0.98037609,0.768533249,0.774355925,0.005531714,0.00122688,0.599627098,0.998623473,0
61978,1036.289,354.0364832,223.5834024,1.583464959,0.775354336,63295,280.9142939,0.774453941,0.979192669,0.725246506,0.793461429,0.005712293,0.001396669,0.629581039,0.996919515,0
78310,1095.037,406.6826303,245.6847404,1.655302766,0.796894049,79412,315.7647681,0.736023911,0.986123004,0.820671781,0.776440262,0.00519324,0.001164261,0.60285948,0.997914965,0
73151,1038.185,357.1029914,262.2102919,1.361895404,0.678856702,74289,305.1864118,0.796435415,0.984681447,0.852865667,0.854617349,0.004881724,0.001606349,0.730370813,0.994688653,0
61884,977.874,332.1090455,237.9380412,1.395779522,0.697643033,62975,280.7011863,0.724569127,0.982675665,0.81324695,0.845207892,0.005366638,0.001689415,0.714376381,0.997111924,0
71385,1066.275,377.31638,241.9376684,1.559560289,0.76736848,72551,301.480024,0.701117703,0.983928547,0.789002491,0.799011228,0.005285654,0.001328893,0.638418942,0.99565283,0
58208,941.588,331.7551132,224.1314497,1.480181,0.73727473,59272,272.2365284,0.788982867,0.982048859,0.825031844,0.820594823,0.005699476,0.001594152,0.673375864,0.996718159,0
71482,1073.571,379.7632629,240.4227113,1.579564846,0.774081668,72843,301.6847844,0.800649642,0.981315981,0.779372389,0.794402234,0.005312712,0.001305142,0.631074909,0.996823742,0
64871,959.372,357.7626293,231.1965823,1.547439092,0.76314356,65510,287.3957594,0.769342979,0.990245764,0.885699457,0.803314085,0.005514986,0.00141666,0.64531352,0.998583367,0
62524,977.204,359.2187289,224.1367188,1.602676843,0.781459391,63879,282.1489488,0.71538576,0.978788021,0.822784585,0.785451665,0.005745293,0.001348869,0.616934318,0.988746346,0
60380,1011.984,330.5640314,233.0859508,1.41820659,0.709092084,61607,277.26919,0.813790501,0.980083432,0.740893322,0.838776042,0.005474727,0.001671577,0.703545249,0.997772509,0
72741,1036.035,374.0242072,248.8097604,1.503253758,0.746644127,74004,304.3299488,0.800363096,0.982933355,0.851609067,0.813663776,0.005141862,0.001390209,0.662048741,0.995227257,0
76202,1161.501,408.9017364,237.9166891,1.718676138,0.813300994,77700,311.4857939,0.715108859,0.980720721,0.709801737,0.761761974,0.005366024,0.001114576,0.580281305,0.997315632,0
51015,859.253,327.8575096,198.507869,1.651609638,0.795868169,51718,254.861365,0.777418814,0.986407054,0.868291682,0.777354056,0.006426688,0.00144758,0.604279329,0.998033563,0
55434,925.422,330.5917574,213.7725739,1.546464785,0.762798609,56460,265.670399,0.718876439,0.981827843,0.813404259,0.803620759,0.0059637,0.001534264,0.645806325,0.998716739,0
68999,1012.123,391.5149719,225.3661337,1.7372396,0.817713211,69656,296.3988113,0.676440889,0.990567934,0.846420303,0.757056135,0.005674212,0.001149735,0.573133991,0.995671065,0
87072,1194.135,400.9714382,277.3967255,1.44548007,0.722077971,88994,332.96173,0.76199811,0.978403038,0.767328853,0.830387649,0.004605056,0.001350636,0.689543648,0.996721601,0
68136,1020.991,377.382631,230.311324,1.6385761,0.79218119,69141,294.5393855,0.799830962,0.985464486,0.821377251,0.780479443,0.005538667,0.001267742,0.60914816,0.998135617,0
75586,1118.794,385.0406231,250.5891056,1.536541751,0.759238816,77261,310.2242483,0.774954888,0.978320239,0.758841318,0.805692256,0.005094073,0.001324103,0.649140011,0.99743073,0
70521,1023.438,352.4903476,255.6633402,1.378728555,0.688426688,71546,299.6500057,0.760514623,0.985673553,0.846067961,0.850094216,0.004998374,0.001610189,0.722660176,0.996352221,0
62792,983.751,373.5219751,215.3814719,1.734234481,0.817010144,63919,282.7529973,0.711008447,0.98236831,0.815349495,0.756991599,0.00594856,0.001204913,0.573036281,0.993779278,0
64828,1010.288,356.174454,232.8480203,1.529643471,0.756713099,65960,287.3004929,0.743406266,0.982838084,0.798145553,0.806628577,0.005494145,0.001434744,0.650649661,0.995262005,0
80420,1161.915,413.4325044,248.2234946,1.665565563,0.799702352,82080,319.9905064,0.679733922,0.979775828,0.748557586,0.773984878,0.005140916,0.001138021,0.599052591,0.997761366,0
73978,1043.225,352.3956689,268.4079885,1.312910509,0.647969203,75082,306.9066878,0.731839541,0.985296076,0.854193924,0.870915039,0.00476352,0.001690483,0.758493006,0.995833438,0
53202,897.65,301.8954431,224.7506292,1.343246264,0.667661348,54102,260.2669596,0.751865461,0.983364755,0.829705086,0.8621096,0.005674513,0.001933563,0.743232962,0.9983449,0
65553,977.31,338.7465416,247.1025471,1.370874341,0.684021913,66402,288.9025301,0.755358131,0.987214241,0.862457594,0.852857504,0.005167522,0.001686429,0.727365923,0.99712728,0
51332,889.637,330.8228042,198.618899,1.66561594,0.799715985,52283,255.651975,0.75168768,0.981810531,0.815027712,0.772776156,0.006444767,0.001417757,0.597182987,0.994677503,0
69221,1021.744,378.5480822,233.5553793,1.620806523,0.78698135,70135,296.8752508,0.820542911,0.98696799,0.833227396,0.78424714,0.005468688,0.001276071,0.615043576,0.99686664,0
56521,936.644,346.8323709,208.2229249,1.665678124,0.799732811,57353,268.2625063,0.81489331,0.985493348,0.809600169,0.773464442,0.006136345,0.001354724,0.598247243,0.996487346,0
52545,911.562,315.9159221,212.1152663,1.489359666,0.741068445,53754,258.6549282,0.748248462,0.977508651,0.794637096,0.818746097,0.006012293,0.001666544,0.670345171,0.99838506,0
59844,997.552,350.946619,217.9793747,1.6099992,0.783716806,61098,276.0357718,0.77998045,0.979475597,0.755717346,0.78654632,0.005864358,0.001384514,0.618655114,0.996034239,0
58910,993.443,358.499459,209.8883902,1.708048066,0.810698681,60140,273.8732217,0.761209459,0.979547722,0.750089315,0.763943194,0.006085545,0.001278567,0.583609204,0.996832571,0
72269,1055.163,360.1199184,256.9792484,1.401357972,0.700559959,73565,303.3409775,0.80427573,0.982382927,0.815685611,0.84233324,0.004983048,0.001547429,0.709525287,0.994298917,0
65930,1024.555,366.8341091,229.4159981,1.598990969,0.780308812,67081,289.7320886,0.752634162,0.982841639,0.789264166,0.789817744,0.005563994,0.001335592,0.623812069,0.997469865,0
71601,1107.086,399.3117342,229.1974357,1.742217285,0.818868464,73088,301.9357956,0.643801252,0.979654663,0.734118611,0.756140553,0.005576902,0.001124561,0.571748536,0.996110183,0
58835,921.619,349.560119,214.554192,1.629239288,0.789474484,59540,273.6988283,0.77516469,0.988159221,0.870447902,0.782980705,0.005941363,0.001377432,0.613058784,0.998819457,0
79165,1121.15,403.8090315,250.7525213,1.610388719,0.783835848,80401,317.4838713,0.786865856,0.984627057,0.791435702,0.78622281,0.005100853,0.001202279,0.618146306,0.995455839,0
80286,1211.485,411.5015508,249.2263805,1.651115544,0.795730297,81587,319.7238028,0.779044606,0.984053832,0.687406449,0.776968646,0.005125446,0.001152193,0.603680277,0.996745889,0
70574,1055.918,383.8421793,235.4960879,1.629930173,0.789676684,71425,299.7625854,0.71413104,0.988085404,0.795415795,0.780952698,0.005438861,0.00124792,0.609887116,0.994073413,0
70682,1081.066,366.8499394,245.6730544,1.493244509,0.742647355,71974,299.9918624,0.793716031,0.982049073,0.760001197,0.817750884,0.005190147,0.001431672,0.668716509,0.998557255,0
76077,1133.565,403.5801067,241.3428439,1.672227359,0.801492514,77477,311.230212,0.800700957,0.981930121,0.743995633,0.771173323,0.00530489,0.001157348,0.594708294,0.99448748,0
50035,846.474,279.4366973,228.683881,1.221934384,0.574685217,50802,252.4015464,0.806391826,0.984902169,0.877518987,0.903251251,0.005584825,0.002293103,0.815862822,0.996930835,0
81172,1125.616,404.016421,256.2952612,1.576371015,0.773030853,82356,321.483126,0.768965517,0.985623391,0.805073618,0.795717969,0.004977288,0.001230862,0.633167086,0.998106243,0
79453,1159.254,404.9254315,250.1697402,1.618602758,0.786322061,80866,318.0608457,0.727245268,0.982526649,0.742955766,0.785480044,0.005096415,0.0011967,0.616978899,0.998643748,0
49166,856.332,293.7755666,214.1688826,1.371700515,0.684490151,50168,250.2001108,0.775978535,0.980027109,0.84253974,0.851670933,0.005975177,0.001939179,0.725343378,0.994953885,0
57641,938.653,333.5431815,223.8544724,1.490000079,0.74132981,59171,270.9073653,0.779775433,0.974142739,0.822112451,0.812210773,0.005786561,0.001553371,0.65968634,0.982932699,0
69741,1033.122,385.5547428,231.6726386,1.664222177,0.799338259,70820,297.9882533,0.768241904,0.984764191,0.821097661,0.772881825,0.00552838,0.00121683,0.597346316,0.994116985,0
48165,824.701,310.0210088,198.2599821,1.563709456,0.768786946,48758,247.6400264,0.806905564,0.987837893,0.889914711,0.798784661,0.006436645,0.001616435,0.638056935,0.997735662,0
62839,952.704,360.6232376,222.5298568,1.620561136,0.786908099,63383,282.8587983,0.798706086,0.991417257,0.870007811,0.784360986,0.005738844,0.001339887,0.615222156,0.997005117,0
83117,1110.906,379.3635301,279.9034803,1.355336953,0.674993251,84252,325.3119291,0.759975496,0.98652851,0.846340451,0.857520303,0.004564211,0.00152238,0.735341069,0.996634925,0
54631,893.756,303.9114567,229.3542891,1.325074224,0.656099146,55557,263.7391696,0.756243079,0.983332433,0.859431116,0.867815819,0.005562985,0.001946247,0.753104295,0.99791909,0
71717,1062.753,415.6042125,220.5620776,1.884295873,0.847558349,72675,302.180278,0.679138258,0.986818025,0.797934603,0.727086658,0.005795059,0.000999039,0.528655009,0.996142451,0
59100,1057.719,351.9312622,215.1271842,1.635921855,0.791417386,60703,274.3145222,0.778707425,0.973592738,0.663829783,0.77945483,0.005954844,0.001355857,0.607549832,0.993904049,0
86975,1181.978,426.6949965,260.5436427,1.637710259,0.791932519,88249,332.7762152,0.784406566,0.985563576,0.782321949,0.779892471,0.00490595,0.001119546,0.608232266,0.996108222,0
98277,1289.679,436.3537019,287.6784698,1.516810425,0.751899126,100632,353.7374206,0.706556045,0.976597901,0.742503488,0.810666712,0.004440039,0.001182867,0.657180517,0.996818259,0
64566,1016.789,355.1781595,232.5007748,1.527642907,0.755972615,65592,286.7193479,0.799777035,0.984357849,0.784787483,0.807255008,0.005501009,0.001441004,0.651660648,0.995504766,0
115967,1359.763,449.4549693,331.3052699,1.356618835,0.675754534,118497,384.2574271,0.742711669,0.978649249,0.788166274,0.85494088,0.003875714,0.00127725,0.730923909,0.991585142,0
79508,1120.351,410.471774,248.306459,1.653085367,0.796279082,80728,318.1709128,0.706888581,0.984887524,0.795998924,0.775134694,0.005162647,0.001149638,0.600833793,0.993229552,0
73078,1012.867,378.1351805,246.944057,1.531258477,0.757308232,73829,305.0340956,0.790237467,0.989827845,0.895141462,0.806680022,0.005174405,0.001351591,0.650732657,0.996439897,0
84292,1151.256,427.410553,251.9554875,1.696373265,0.807773556,85440,327.6032779,0.718761192,0.98656367,0.799194358,0.766483831,0.005070595,0.00107957,0.587497463,0.996614989,0
69112,1103.241,396.1407983,223.2682399,1.774281906,0.826042184,70526,296.6414189,0.675581623,0.979950656,0.713546924,0.748828245,0.005731867,0.001111744,0.560743741,0.994917474,0
86530,1150.904,420.9216751,262.953781,1.600743954,0.780857225,87713,331.9238133,0.686631593,0.986512832,0.820915336,0.788564317,0.004864459,0.00116028,0.621833682,0.995396507,0
69785,1037.342,367.5228762,242.7852957,1.513777328,0.750738821,70841,298.0822397,0.758549099,0.985093378,0.814944481,0.811057648,0.005266502,0.001405753,0.657814509,0.99578469,0
76307,1134.821,403.7899116,241.4418177,1.672410834,0.801541459,78040,311.7003207,0.777341999,0.977793439,0.744593972,0.77193687,0.00529165,0.001159039,0.595886532,0.996567092,0
74880,1059.737,367.6958053,259.6779415,1.415968577,0.707982116,75991,308.7720472,0.758063536,0.985379848,0.837875525,0.839748626,0.004910467,0.00150626,0.705177754,0.998509541,0
66041,995.358,361.8370919,233.0117717,1.552870438,0.765051814,67102,289.9758831,0.720719836,0.984188251,0.837654415,0.801398999,0.005478977,0.001394037,0.642240355,0.997316061,0
90481,1198.799,409.7641323,281.977795,1.453178724,0.725571675,92264,339.4171287,0.791146047,0.98067502,0.791178564,0.828323179,0.004528731,0.00131509,0.686119289,0.997053952,0
77123,1075.07,392.0032146,252.4476478,1.552809931,0.765030692,78234,313.3624952,0.667165522,0.985799013,0.838533259,0.799387565,0.005082832,0.00128031,0.639020479,0.992277346,0
57200,956.741,352.786447,206.9037954,1.705074798,0.809960425,58277,269.8690459,0.737893134,0.981519296,0.785266593,0.764964324,0.006167595,0.001302748,0.585170417,0.99775933,0
63278,1028.037,358.9810719,226.0999955,1.587709328,0.776726355,64508,283.8451196,0.767731916,0.980932598,0.752393642,0.790696618,0.005673079,0.001367849,0.625201142,0.992637686,0
60621,934.49,324.5452044,239.376276,1.355795194,0.675265737,61608,277.8219834,0.733590687,0.983979353,0.872335695,0.856034782,0.005353676,0.001773362,0.732795548,0.993520682,0
79874,1093.895,382.9131867,270.4233379,1.415976852,0.707986233,81979,318.9023916,0.760755479,0.974322692,0.838810819,0.832832095,0.004793965,0.001422671,0.693609299,0.982134712,0
90176,1181.556,418.3022938,275.5283718,1.518182287,0.752421062,91791,338.8445797,0.784493858,0.982405682,0.811693768,0.810047147,0.004638732,0.001232027,0.656176381,0.996195358,0
67745,988.59,359.1836261,240.9037809,1.490983764,0.741730435,68522,293.6930591,0.765471577,0.988660576,0.871073266,0.817668284,0.005301995,0.001461934,0.668581422,0.996844046,0
63703,1010.611,360.8357262,225.5198267,1.600017752,0.780630302,64811,284.7967323,0.723634587,0.982904137,0.78379359,0.789269775,0.005664344,0.001355911,0.622946777,0.996725902,0
76697,1131.072,391.9086699,250.243969,1.566106354,0.769600053,78290,312.4958454,0.799126865,0.979652574,0.753368987,0.797369054,0.005109831,0.001274159,0.635797408,0.995726361,0
66466,1010.092,356.1705845,239.3348154,1.488168714,0.740581253,67508,290.9074416,0.780392157,0.984564792,0.818629789,0.816764366,0.005358688,0.001471043,0.667104029,0.992763346,0
66520,1002.344,374.9274984,226.5619618,1.654856338,0.796770475,67511,291.0255908,0.741640931,0.985320911,0.832009939,0.776218314,0.005636312,0.001262148,0.602514872,0.997075554,0
77546,1129.375,407.5307588,243.1571516,1.67599742,0.802494415,79093,314.2206768,0.672698567,0.980440747,0.763999237,0.771035486,0.005255342,0.001145719,0.594495721,0.996373295,0
94651,1199.819,424.7418673,284.9276281,1.490700885,0.741615331,95964,347.1503941,0.762551964,0.986317786,0.826235024,0.817320874,0.004487453,0.001235236,0.668013411,0.995808183,0
57812,906.071,289.5485579,254.9310128,1.135791816,0.474151929,58725,271.3089098,0.769390471,0.984452959,0.88491875,0.9370066,0.005008451,0.002381517,0.877981369,0.997204053,0
50486,982.666,325.5099201,198.5238286,1.639651634,0.79248943,51525,253.5365292,0.799942959,0.979835032,0.657005443,0.778890331,0.006447528,0.001463788,0.606670147,0.994727698,0
75409,1085.018,386.6434521,249.8017629,1.547801135,0.763271535,76423,309.8608088,0.823143509,0.986731743,0.804931938,0.801412276,0.005127285,0.001304642,0.642261636,0.994093289,0
82885,1156.62,412.9039409,257.1367989,1.60577538,0.782419206,84160,324.8575991,0.810325949,0.984850285,0.778582092,0.786763135,0.004981649,0.001177413,0.618996231,0.993968908,0
70380,1081.527,369.9593546,244.26955,1.514553716,0.751036661,71769,299.3502951,0.80008185,0.98064624,0.756108978,0.809143738,0.005256598,0.001389912,0.654713589,0.991598899,0
71085,1049.342,383.9366687,236.9052898,1.620633584,0.78692973,72146,300.8458626,0.799426451,0.98529371,0.811248151,0.783582,0.005401093,0.001256028,0.61400075,0.995070236,0
81910,1132.599,411.3963032,253.9366179,1.620074752,0.786762789,83172,322.9412502,0.71960712,0.984826624,0.802406508,0.784988216,0.005022541,0.001176402,0.6162065,0.998300592,0
68725,1130.424,371.8093491,236.308153,1.573408892,0.772049258,70474,295.8097154,0.692575909,0.975182337,0.675836859,0.795595151,0.005410103,0.001337069,0.632971645,0.995923214,0
91233,1271.386,440.8110544,264.470605,1.666767671,0.800027268,93179,340.8246813,0.684008097,0.979115466,0.709262454,0.773176348,0.004831706,0.00106511,0.597801665,0.99639649,0
58260,952.149,319.5159041,232.9670574,1.371506803,0.684380469,59309,272.3581023,0.735401782,0.982312971,0.80755203,0.852408593,0.00548431,0.001786048,0.72660041,0.996537405,0
51734,878.392,319.9387591,206.311128,1.550758615,0.764312792,52632,256.6510756,0.746522367,0.982938136,0.842576184,0.802188132,0.006184304,0.001579703,0.643505799,0.997922163,0
49755,868.813,332.0911112,191.9920823,1.729712534,0.81594414,50783,251.6943256,0.734282763,0.979757005,0.828312039,0.757907445,0.006674527,0.001358517,0.574423695,0.993587866,0
70776,1060.894,386.6199438,234.1002082,1.651514737,0.7958417,71978,300.1912757,0.775763422,0.983300453,0.79022705,0.77645057,0.005462585,0.00122471,0.602875487,0.995657752,0
59135,1064.665,343.159616,219.8602324,1.560808029,0.767796508,61028,274.395737,0.69358433,0.968981451,0.655584249,0.799615468,0.005802987,0.001463377,0.639384897,0.997957081,0
90599,1182.444,432.9544889,266.9800837,1.621673358,0.787239789,91961,339.6383805,0.754614359,0.985189374,0.814276881,0.784466703,0.0047788,0.00111634,0.615388008,0.997958338,0
63406,951.177,358.4486263,225.9868437,1.586148204,0.776223274,64085,284.1320583,0.781169919,0.989404697,0.880678796,0.792671634,0.005653229,0.001376733,0.62832832,0.996621836,0
79500,1114.478,384.1038177,264.4901705,1.452242315,0.725150586,80894,318.1549054,0.78420928,0.982767572,0.804329492,0.82830446,0.004831495,0.001402882,0.686088279,0.996366431,0
65425,984.708,325.0131639,257.4804424,1.262282917,0.610241524,66436,288.620334,0.816424578,0.984782347,0.84788834,0.888026597,0.004967721,0.00190564,0.788591237,0.995425248,0
70056,1097.408,374.0286818,239.7954299,1.559782361,0.767444753,71547,298.6604586,0.708280255,0.979160552,0.73100266,0.79849614,0.005338996,0.001338846,0.637596085,0.994511127,0
85914,1125.237,423.4889446,258.8493991,1.636043762,0.791452564,86826,330.7402338,0.813086766,0.989496234,0.852679448,0.780989062,0.004929219,0.001131196,0.609943916,0.997894938,0
76760,1060.544,391.2416311,251.1584629,1.557748151,0.76674458,77743,312.6241633,0.744628219,0.987355775,0.857605283,0.799056487,0.005096947,0.00128174,0.638491269,0.994608594,0
68616,1034.512,369.4588388,237.8680867,1.55320894,0.765169925,69973,295.5750406,0.778948324,0.980606805,0.805682992,0.800021571,0.005384442,0.00136059,0.640034514,0.994107329,0
60192,996.209,353.956217,219.4736662,1.612750282,0.784555344,61801,276.8371989,0.685714286,0.973964823,0.762162744,0.782122719,0.005880453,0.001357345,0.611715948,0.986545067,0
70978,1053.128,370.8645116,245.3433683,1.511614168,0.749905933,72273,300.6193547,0.802446525,0.982081829,0.804213395,0.810590782,0.005225063,0.001391483,0.657057417,0.9932173,0
86190,1215.677,401.1833273,274.748003,1.460186509,0.728689692,88116,331.2710618,0.761765876,0.978142449,0.732875738,0.825734868,0.004654639,0.001334837,0.681838072,0.995610754,0
72912,1090.181,371.0464656,251.0071293,1.478230784,0.736457002,74942,304.6874492,0.714403292,0.972912386,0.770924163,0.821157126,0.005088963,0.001427296,0.674299025,0.996769576,0
66555,1032.397,339.4009912,250.4302968,1.355271289,0.674954173,67917,291.1021434,0.734173166,0.979946111,0.784688132,0.857693852,0.005099557,0.001702321,0.735638743,0.996990068,0
64260,984.886,370.82883,221.1452216,1.676856625,0.802721631,65203,286.0391112,0.744801688,0.985537475,0.832489294,0.771350791,0.005770757,0.001260144,0.594982042,0.997699579,0
64413,998.511,333.03266,247.2226217,1.347096223,0.670026181,65455,286.3794315,0.75831744,0.984080666,0.81185353,0.859913954,0.005170271,0.001743866,0.739452008,0.996113008,0
73056,1041.289,356.6933788,261.4526252,1.364275377,0.680239578,74191,304.9881771,0.742303237,0.984701648,0.846687587,0.855043001,0.004882465,0.001609796,0.731098534,0.997419728,0
69002,1037.299,369.3259433,238.3257423,1.5496687,0.763929918,70098,296.4052548,0.714476532,0.984364746,0.805867468,0.802557362,0.005352395,0.001369721,0.644098319,0.998139006,0
71200,1034.189,353.4357352,258.4528217,1.36750581,0.682100631,72192,301.0891157,0.788465372,0.986258865,0.83654639,0.851892114,0.004963985,0.001612682,0.725720174,0.992426554,0
58879,953.706,346.4185229,218.8363498,1.583002656,0.775204079,60225,273.8011526,0.751793968,0.977650477,0.813469472,0.790376768,0.005883567,0.001416306,0.624695436,0.988894534,0
74077,1088.087,383.2534395,246.6858243,1.553609498,0.765309565,75268,307.1119759,0.749706501,0.984176542,0.786259683,0.801328688,0.005173717,0.001315907,0.642127667,0.997615641,0
66163,1012.844,359.8474233,234.4064639,1.53514292,0.75873008,67353,290.2436011,0.720855487,0.982331893,0.810475579,0.806574071,0.005438801,0.001419907,0.650561732,0.998705236,0
74864,1038.26,365.5093153,261.7217922,1.396556673,0.698052229,75820,308.7390569,0.787039665,0.98739119,0.872711395,0.844681774,0.004882311,0.001533125,0.7134873,0.996425449,0
69651,997.465,361.7028949,245.9155265,1.470842041,0.733320917,70419,297.7959159,0.746183431,0.989093853,0.87971478,0.823316374,0.005193075,0.001471877,0.677849852,0.997010059,0
78217,1171.758,400.5241402,249.4304055,1.605755078,0.782412939,80156,315.5772132,0.696376425,0.975809671,0.715871651,0.787910594,0.005120679,0.001217349,0.620803104,0.996857737,0
69773,1095.057,387.1163104,231.1532909,1.674716847,0.802154999,71055,298.05661,0.762446455,0.981957638,0.731179168,0.769940718,0.005548225,0.001202716,0.592808709,0.992786732,0
97746,1326.664,447.6472123,279.0098748,1.604413509,0.781998177,99567,352.7804878,0.695919007,0.981710808,0.69788999,0.788077035,0.004579699,0.001089661,0.621065413,0.996445738,0
79821,1153.44,399.7272703,254.8191037,1.568670734,0.770464909,81088,318.796571,0.718137652,0.984375,0.753940394,0.797535206,0.005007796,0.001249758,0.636062406,0.99777248,0
79420,1178.357,399.0865136,253.9701819,1.571391219,0.771376737,80997,317.9947871,0.717304913,0.980530143,0.718763433,0.796806648,0.005025013,0.001249478,0.634900834,0.997677596,0
61786,966.634,327.7161336,241.1030575,1.359236739,0.677299928,62957,280.4788379,0.734219032,0.981400003,0.830951757,0.855859108,0.005304052,0.001755483,0.732494814,0.995633862,0
76075,1119.386,405.8348056,239.8552746,1.69199867,0.806659092,77227,311.226121,0.678151186,0.985082937,0.762942983,0.76687883,0.005334667,0.001138136,0.58810314,0.995069731,0
57343,1021.149,341.5122062,215.6461334,1.583669509,0.775420767,58908,270.2061717,0.675290876,0.97343315,0.691054089,0.791205019,0.005955604,0.001439666,0.626005383,0.991385637,0
49975,873.529,313.9996922,203.9382858,1.539679962,0.760373872,50699,252.250166,0.714796539,0.985719639,0.823015495,0.803345265,0.006283135,0.001614229,0.645363615,0.993653426,0
83735,1191.134,403.2032319,265.0398653,1.521292774,0.753597917,85557,326.5190856,0.747941119,0.978704256,0.74164427,0.80981267,0.004815229,0.001277424,0.65579656,0.997658568,0
81020,1107.628,381.5514575,271.3382108,1.406184025,0.703045899,82059,321.1819857,0.804025087,0.987338378,0.829877999,0.841778951,0.004709349,0.001458589,0.708591803,0.996410473,0
63081,950.0,358.4980058,225.0158973,1.593211902,0.778485251,63792,283.4029353,0.684294455,0.988854402,0.878337091,0.790528624,0.005683138,0.00136911,0.624935505,0.995654685,0
75279,1124.613,383.1388142,251.694014,1.52224047,0.753954683,76654,309.5936041,0.789253512,0.982062254,0.747958508,0.808045524,0.005089584,0.00133846,0.65293757,0.993927993,0
60276,973.071,332.8602516,231.652791,1.436892904,0.718094032,61313,277.0302994,0.798992577,0.983086784,0.799954395,0.832272096,0.005522268,0.001634401,0.692676842,0.99530244,0
72674,1020.748,358.201645,258.7451582,1.384380089,0.69153289,73608,304.189761,0.722118442,0.987311162,0.876499864,0.849213746,0.004928883,0.001581235,0.721163987,0.998365065,0
52808,928.664,332.5824783,202.7321462,1.640501936,0.792732605,54100,259.3014344,0.702682563,0.976118299,0.769471189,0.779660539,0.006297956,0.001435495,0.607870557,0.997212825,0
87968,1147.645,412.4432531,272.4215534,1.513989066,0.750820106,89304,334.6704891,0.695718195,0.985039864,0.839304293,0.811434025,0.00468856,0.001253811,0.658425177,0.996848519,0
64214,1087.234,373.9952469,219.543195,1.703515551,0.809571451,66325,285.9367135,0.675823019,0.968171881,0.682642837,0.764546384,0.005824201,0.001227528,0.584531173,0.995757943,0
84154,1169.542,416.68229,258.0397874,1.61479861,0.785176322,85493,327.3349976,0.7574822,0.984337899,0.773130813,0.785574538,0.004951426,0.001163214,0.617127355,0.996536395,0
68901,1003.207,373.0537154,236.0557592,1.580362693,0.774342956,69802,296.1882474,0.709675758,0.98709206,0.860308634,0.793956031,0.005414344,0.001327124,0.63036618,0.996207193,0
95824,1306.551,451.4416501,272.1346295,1.658890862,0.797882947,98004,349.2948699,0.714619177,0.97775601,0.705393456,0.773732042,0.004711154,0.001041524,0.598661273,0.993113715,0
80058,1124.684,404.4212334,253.2458473,1.596951096,0.779667885,81137,319.2694966,0.729059284,0.986701505,0.795341359,0.789447908,0.005051603,0.001210327,0.623227999,0.995264637,0
56644,961.412,343.1227678,210.5020018,1.630021401,0.78970336,57622,268.5542418,0.79567355,0.983027316,0.770095705,0.782676835,0.006057531,0.001402185,0.612583027,0.998523444,0
65610,1081.364,342.2177385,246.0475649,1.390860091,0.695031199,68005,289.0281068,0.690043226,0.964782001,0.705076252,0.844573715,0.005215939,0.001637052,0.713304761,0.992107124,0
78471,1131.829,380.0231477,264.8075786,1.435091661,0.717246431,80312,316.0891968,0.725293922,0.9770769,0.769763681,0.831763009,0.004842848,0.001429812,0.691829703,0.992839037,0
72923,1083.134,406.9631528,229.1976759,1.775598951,0.826327268,74095,304.7104319,0.689931502,0.984182468,0.781106071,0.748742066,0.005580724,0.00108193,0.560614682,0.995426841,0
79328,1104.444,391.2536309,260.3970615,1.502527059,0.746357352,80574,317.8105514,0.812245943,0.984535955,0.817238784,0.812287801,0.0049321,0.001324498,0.659811471,0.99138459,0
59151,931.54,305.938941,247.6315232,1.235460401,0.587237256,60079,274.4328557,0.79769932,0.984553671,0.85658199,0.897018388,0.005172169,0.002065655,0.804641989,0.994103314,0
68272,1000.45,350.8396851,248.4830485,1.411926034,0.705959305,69358,294.8331905,0.779067246,0.984342109,0.857159637,0.840364426,0.005138852,0.001580944,0.706212368,0.997119628,0
43122,838.186,296.4045889,185.6575998,1.596512016,0.779529536,44074,234.3173823,0.731985538,0.978399964,0.77130821,0.790532235,0.006873628,0.001655938,0.624941215,0.997726159,0
70966,1038.128,361.0201192,251.0130273,1.43825252,0.718731052,72074,300.5939413,0.764398582,0.984626911,0.827481668,0.832623794,0.005087227,0.00150819,0.693262382,0.997086368,0
54543,974.042,335.9046656,207.4933402,1.618869624,0.786402071,55730,263.5266675,0.671158035,0.978700879,0.72242625,0.784528155,0.006158529,0.0014391,0.615484426,0.996389041,0
41487,815.9,299.046841,177.0814896,1.688752684,0.805825541,42483,229.8323062,0.68917572,0.976555328,0.783155548,0.76854952,0.007208206,0.001551295,0.590668365,0.997492788,0
89248,1226.968,426.2697932,267.2871627,1.594800846,0.778989039,91234,337.0965483,0.74029098,0.9782318,0.744975318,0.790805621,0.004776239,0.001152245,0.62537353,0.997346234,0
70522,1054.957,368.1564035,244.5200089,1.505628947,0.747577785,71668,299.6521303,0.729882738,0.9840096,0.79627846,0.813926167,0.005220448,0.001413278,0.662475805,0.997442748,0
75626,1096.341,371.1089149,260.3265624,1.425551475,0.712686273,77287,310.3063225,0.767994963,0.978508675,0.790659845,0.83615971,0.00490716,0.001479677,0.69916306,0.996692931,0
68732,1029.691,359.0093548,244.4557801,1.468606529,0.732360057,69923,295.8247799,0.790250072,0.982966978,0.814619894,0.824002985,0.005223322,0.001485394,0.678980919,0.99715581,0
73187,1095.733,373.3533521,250.6776512,1.489376298,0.741075239,74557,305.2614987,0.69623661,0.981624797,0.766009801,0.817620886,0.005101362,0.001406286,0.668503914,0.995653884,0
69303,1068.546,353.100625,250.5911174,1.409070795,0.704516559,70842,297.0510397,0.714059039,0.978275599,0.762738122,0.841264554,0.005095027,0.001574188,0.707726049,0.997236107,0
73412,1058.56,344.8326496,271.4886535,1.270154922,0.616563051,74526,305.7303738,0.799259662,0.985052197,0.82327696,0.886605065,0.004697225,0.001790366,0.786068542,0.998428828,0
81061,1141.82,417.8295512,248.4662742,1.681634872,0.803977728,82201,321.2632421,0.749135907,0.986131556,0.781315661,0.76888588,0.005154508,0.001111257,0.591185496,0.994158146,0
65532,975.528,366.8687666,227.8834095,1.609896777,0.783685486,66381,288.8562512,0.703170771,0.987210196,0.86533408,0.7873558,0.005598315,0.001327154,0.619929156,0.99802195,0
62787,942.187,359.461842,223.1302895,1.610995275,0.784021012,63429,282.7417396,0.81130637,0.989878447,0.888802733,0.786569551,0.0057251,0.001351797,0.618691658,0.996709338,0
62599,989.399,363.7363749,221.0639332,1.645389954,0.794121783,63931,282.3181224,0.780614026,0.979165037,0.803589633,0.776161368,0.005810578,0.00130079,0.60242647,0.991226461,0
70664,1028.213,391.8333258,229.8707572,1.704581002,0.809837377,71445,299.9536617,0.701560701,0.989068514,0.839927693,0.765513401,0.00554502,0.001174611,0.586010767,0.99890282,0
53249,919.923,325.3866286,208.9174205,1.557489212,0.766655211,54195,260.3818974,0.696684635,0.982544515,0.790712066,0.800223102,0.006110662,0.001545654,0.640357014,0.997349141,0
78962,1104.024,428.4865065,235.1973086,1.821817218,0.835886392,79957,317.0765537,0.777200339,0.987555811,0.814087291,0.739991923,0.00542649,0.001003706,0.547588045,0.99760533,0
62835,997.065,347.042907,231.0540487,1.501998813,0.74614856,63990,282.8497955,0.783947999,0.981950305,0.794263382,0.815028314,0.005523083,0.001503322,0.664271153,0.997734484,0
63052,960.073,345.3442182,233.1329454,1.481318814,0.737749909,63868,283.3377839,0.81346923,0.987223649,0.859607544,0.820450348,0.005477133,0.001530884,0.673138773,0.997133129,0
60045,956.542,356.4396421,216.6974691,1.644872197,0.793975337,61058,276.4989484,0.807164942,0.983409217,0.824667018,0.775724459,0.005936209,0.001325925,0.601748436,0.989799271,0
78894,1120.043,378.9424118,266.2015611,1.423516865,0.711698026,80427,316.9399953,0.733843063,0.980939237,0.790286289,0.836380372,0.004803184,0.001449854,0.699532127,0.99579578,0
71608,1065.545,393.2833861,232.9271862,1.688439175,0.805744733,72706,301.9505544,0.702039216,0.984898083,0.792552093,0.767768396,0.005492171,0.001177185,0.589468309,0.995281386,0
62209,977.978,344.174161,231.3978415,1.487369799,0.740253597,63383,281.4373089,0.779874135,0.981477683,0.817344065,0.817717716,0.005532546,0.001525873,0.668662263,0.994548056,0
63127,989.856,351.1002035,229.1462507,1.532210116,0.757657815,64252,283.5062482,0.718528046,0.982490817,0.809619528,0.807479589,0.005561807,0.001458552,0.652023287,0.999036677,0
84390,1131.241,396.2597491,271.6921699,1.458487925,0.727939277,85574,327.7936625,0.773588538,0.986164022,0.828687097,0.827219174,0.004695577,0.001356285,0.684291563,0.998030981,0
96192,1220.012,448.888428,273.8383004,1.639246326,0.792373357,97341,349.9649387,0.811870157,0.988196135,0.812120763,0.779625664,0.004666588,0.001063466,0.607816176,0.996360433,0
102379,1296.377,456.7220677,286.557574,1.593823054,0.778679239,104111,361.0443066,0.739412105,0.98336391,0.765522769,0.790512069,0.004461091,0.00107462,0.624909331,0.995994898,0
84439,1151.132,400.1092453,270.1285013,1.481181154,0.737692493,86044,327.8888133,0.727765568,0.981346753,0.800760591,0.819498218,0.004738441,0.001318279,0.671577329,0.994727683,0
55699,948.396,317.4639035,223.7711015,1.418699293,0.709335508,56924,266.3046552,0.736759259,0.978480079,0.778176004,0.838850188,0.005699634,0.001740862,0.703669638,0.998295618,0
71643,1058.745,384.2721027,237.9093725,1.615203717,0.785298798,72779,302.0243379,0.725969236,0.984391102,0.803157802,0.785964778,0.005363708,0.001262575,0.617740632,0.997776966,0
63317,979.067,371.6758083,217.4355445,1.709360855,0.811023206,64040,283.932577,0.719184462,0.988710181,0.83005213,0.763925363,0.005870079,0.001233183,0.583581961,0.99755216,0
97054,1265.438,428.8218966,288.6922782,1.485394411,0.739440543,99061,351.529502,0.774362902,0.979739756,0.761625646,0.819756418,0.004418385,0.001230786,0.672000585,0.998185914,0
72756,1090.293,366.1897586,253.5604934,1.444190906,0.721485799,74089,304.3613253,0.809677491,0.982008125,0.769116681,0.831157393,0.005033121,0.001481666,0.690822613,0.997679735,0
68187,1052.896,377.096294,231.8006833,1.626812694,0.788761841,69510,294.6495967,0.757330401,0.980966767,0.77293059,0.781364339,0.005530325,0.001271583,0.610530231,0.99321833,0
59678,971.509,347.2440928,219.3204196,1.583272974,0.775291957,60638,275.6526611,0.764230557,0.984168343,0.794566897,0.793829663,0.005818628,0.001425311,0.630165533,0.997724058,0
76753,1090.653,385.1193098,254.3494526,1.514134612,0.750875955,78292,312.6099083,0.712285163,0.980342819,0.810834141,0.811722239,0.005017645,0.001343722,0.658892993,0.997652686,0
76545,1087.242,423.8147902,230.933358,1.835225512,0.83850613,77800,312.1860358,0.801938188,0.983868895,0.813718612,0.736609583,0.005536806,0.001005515,0.542593678,0.99578176,0
71197,1032.165,376.2982279,241.221986,1.559966544,0.767507982,72221,301.0827725,0.775566449,0.985821299,0.839795033,0.800117434,0.00528531,0.001336181,0.640187908,0.998671718,0
73235,1091.178,401.9699383,232.6695086,1.727643389,0.815453097,74256,305.3615858,0.805550361,0.986250269,0.772924987,0.759662743,0.005488768,0.001127556,0.577087483,0.997001374,0
67554,1031.662,363.8119865,236.7499879,1.536692735,0.759293624,68694,293.2787483,0.730716395,0.983404664,0.79760169,0.806127228,0.005385499,0.001402878,0.649841108,0.99860611,0
71973,1022.505,379.7684961,242.1072507,1.568596128,0.770439822,72745,302.7191268,0.803046025,0.989387587,0.865064697,0.7971149,0.005276541,0.001314053,0.635392164,0.996673688,0
72422,1021.256,349.4805572,265.1379863,1.318108213,0.65148321,73542,303.6619079,0.756144417,0.984770607,0.872591817,0.868894998,0.004825613,0.001696686,0.754978517,0.995143383,0
78179,1130.225,402.7518923,248.6246739,1.619919238,0.786716295,79646,315.5005457,0.676523018,0.981580996,0.769077589,0.783362044,0.005151663,0.001196678,0.613656093,0.99407331,0
83168,1154.625,400.2559405,265.0542163,1.510090826,0.749316689,84772,325.4117184,0.71336181,0.981078658,0.783942498,0.813009091,0.00481262,0.001297009,0.660983782,0.998145546,0
72026,1090.037,402.3616319,229.4060673,1.753927595,0.821541332,73422,302.8305656,0.808545032,0.980986625,0.761757399,0.75263281,0.005586339,0.001105706,0.566456146,0.993523066,0
64595,1013.236,374.3757955,220.2918279,1.699453852,0.808552289,65684,286.783731,0.68092934,0.98342062,0.790655949,0.766031711,0.00579574,0.00123105,0.586804582,0.997247307,0
61608,1002.53,357.7891598,219.6483307,1.628918184,0.789380401,62728,280.0745291,0.800103896,0.982145135,0.770286381,0.782792104,0.005807511,0.001345103,0.612763478,0.998141571,0
66449,1106.16,382.8587025,221.8744585,1.72556456,0.814957677,68691,290.8702365,0.642913812,0.967361081,0.682436762,0.759732598,0.005761692,0.001184058,0.57719362,0.995984855,0
71483,1093.388,372.0698312,245.1075814,1.517985813,0.752346421,72960,301.6868946,0.720413202,0.979756031,0.751387608,0.810834067,0.005205011,0.001387808,0.657451885,0.998002634,0
72515,1103.397,386.0047317,239.8623866,1.60927579,0.783495444,73844,303.8568176,0.698065075,0.9820026,0.748469517,0.787184178,0.005323102,0.001260811,0.619658931,0.997202115,0
80434,1189.016,418.6575903,245.5096372,1.705259293,0.810006367,82457,320.0183581,0.715477673,0.975466,0.714947469,0.764391631,0.005204983,0.001096132,0.584294565,0.996373737,0
69509,1046.853,373.8295469,238.1459001,1.569750085,0.770827373,70544,297.4921974,0.731365741,0.985328306,0.797038868,0.795796373,0.005378146,0.001330516,0.633291867,0.994109962,0
60353,950.902,344.2840281,224.5974163,1.532893983,0.75790853,61174,277.2071901,0.78564176,0.986579266,0.838759023,0.805170056,0.005704506,0.001478932,0.648298819,0.993773359,0
91678,1214.367,435.5938924,268.6610274,1.621351249,0.787143814,93416,341.654877,0.684649565,0.98139505,0.781223107,0.784342671,0.004751346,0.001109225,0.615193425,0.997444629,0
75019,1108.267,394.022912,242.8951514,1.622193402,0.787394597,76241,309.0585016,0.744132759,0.983971879,0.767524648,0.784366828,0.005252308,0.001226329,0.615231321,0.998024189,0
63608,972.463,322.7578655,251.5858028,1.282893796,0.626417469,64527,284.584295,0.780791987,0.9857579,0.845231029,0.881726909,0.005074171,0.001891826,0.777442342,0.997375957,0
71970,1065.618,379.3781848,241.8672178,1.568539087,0.770420637,73218,302.7128178,0.74290846,0.982955011,0.79644955,0.797918357,0.005271338,0.001318058,0.636673704,0.99864759,0
63766,1027.779,339.7887826,240.0385775,1.415559058,0.707778251,65051,284.9375244,0.76447034,0.980246268,0.758576805,0.838572487,0.005328683,0.001625407,0.703203815,0.99542653,0
91010,1196.528,428.4628408,271.0121313,1.580972921,0.774542473,92343,340.4078891,0.699259328,0.985564688,0.79882794,0.794486375,0.004707866,0.001157043,0.6312086,0.997923703,0
59582,943.815,331.5527716,229.2148249,1.446471762,0.722532093,60606,275.4308598,0.743177169,0.983103983,0.840526075,0.830730078,0.005564647,0.001634772,0.690112463,0.99822819,0
80410,1233.037,404.0786746,255.83869,1.579427547,0.774036655,82818,319.9706108,0.681221302,0.970924195,0.664611281,0.791852258,0.005025229,0.001218743,0.627029998,0.990348452,0
100846,1297.77,469.2856553,274.4239104,1.71007568,0.811199544,102015,358.3310133,0.792036128,0.988540901,0.752442088,0.763566943,0.004653488,0.000975769,0.583034477,0.99703308,0
68924,1031.296,366.9452634,239.930232,1.529383189,0.756616965,69919,296.2376789,0.7713416,0.985769247,0.81435482,0.807307543,0.005323911,0.001394976,0.651745468,0.996768563,0
82632,1101.047,385.5239907,273.2055017,1.411113569,0.70554996,83895,324.3614189,0.760435839,0.984945468,0.856537561,0.841352099,0.004665553,0.001442096,0.707873355,0.998889697,0
73227,1070.181,397.3118861,235.1378813,1.689697482,0.806068744,74236,305.3449069,0.794908815,0.986408212,0.803464391,0.768526987,0.005425757,0.001167553,0.59063373,0.997992327,0
65482,1011.661,357.0747308,234.2268649,1.52448239,0.75479535,66602,288.7460335,0.793894425,0.983183688,0.804010616,0.808643146,0.005453021,0.001438284,0.653903737,0.996864731,0
57812,941.036,343.0901208,215.4655387,1.592320159,0.778201712,58931,271.3089098,0.783211857,0.981011692,0.8203806,0.790780303,0.005934583,0.001431507,0.625333488,0.995731119,0
58481,926.502,348.7394788,214.4989431,1.625833087,0.788473062,59402,272.8741868,0.697447823,0.984495472,0.856114656,0.78245855,0.005963295,0.001378832,0.612241382,0.995402296,0
78761,1082.774,415.0856329,242.1995472,1.713816718,0.812118192,79766,316.6727329,0.745101935,0.987400647,0.844200195,0.762909404,0.005270193,0.001101281,0.582030759,0.997494045,0
58635,926.523,353.2945175,211.9276991,1.667052108,0.800104026,59458,273.233235,0.728204173,0.986158297,0.858330182,0.77338657,0.006025318,0.001329677,0.598126786,0.997108519,0
69824,1055.572,389.0487083,229.1127995,1.698066233,0.808202134,70943,298.1655211,0.688395938,0.984226774,0.78747879,0.766396379,0.005571848,0.001185749,0.587363409,0.997381971,0
73118,1060.231,410.4364911,227.4694997,1.80435835,0.832374463,74002,305.1175659,0.805974427,0.988054377,0.817397247,0.743397755,0.005613344,0.001057515,0.552640222,0.997160998,0
75351,1095.258,408.4086836,236.0432439,1.730228228,0.816066202,76285,309.7416229,0.794305532,0.98775644,0.789343462,0.758410963,0.005420083,0.001106125,0.575187188,0.995205109,0
68153,1029.375,358.2789264,242.6969575,1.476239876,0.735617924,69257,294.5761272,0.761996869,0.984059373,0.808253527,0.82219775,0.00525698,0.001481908,0.67600914,0.997951649,0
68676,1082.871,373.7116265,235.1590922,1.58918638,0.77720068,69854,295.7042424,0.706630448,0.983136256,0.735972199,0.79126316,0.005441663,0.001315816,0.626097388,0.994985442,0
68384,985.315,364.7629557,239.0638114,1.525797458,0.755286314,69193,295.0749278,0.7482493,0.988308066,0.885144501,0.808949821,0.005334039,0.001409037,0.654399813,0.998481572,0
64628,1062.545,355.8287169,233.2860028,1.525289613,0.755096905,66408,286.8569771,0.764041756,0.973196,0.719342825,0.806165898,0.005505798,0.001434491,0.649903455,0.991290989,0
63048,967.121,358.5487664,224.3681398,1.59803779,0.780009695,63896,283.3287963,0.751752754,0.986728434,0.847070488,0.790209932,0.005686917,0.001367813,0.624431737,0.997865512,0
66823,1033.42,379.3587849,225.0951627,1.685326243,0.804939475,68016,291.6876516,0.752375698,0.982460009,0.786288835,0.768896525,0.005677069,0.001223983,0.591201867,0.996368021,0
68167,1098.149,385.2334158,226.1422793,1.70350019,0.809567612,69964,294.6063815,0.788860343,0.974315362,0.710332204,0.764747733,0.005651318,0.001192346,0.584839096,0.996273511,0
61387,946.924,324.6244961,241.2196469,1.345763085,0.669210543,62475,279.5717366,0.767260774,0.982585034,0.86031209,0.861215774,0.005288164,0.001794455,0.741692609,0.998142534,0
59658,936.462,320.2428705,237.980706,1.345667369,0.669151851,60741,275.6064672,0.774678613,0.982170198,0.854866376,0.860617027,0.005367979,0.001816479,0.740661668,0.996684237,0
74557,1115.534,417.5080508,228.5486525,1.826779752,0.836863666,76068,308.1053728,0.735276134,0.980136194,0.752891971,0.73796271,0.00559985,0.001024457,0.544588962,0.994844089,0
80609,1116.248,416.6129173,247.1405223,1.685732932,0.805044977,81672,320.3663004,0.822456892,0.986984523,0.812965302,0.768978318,0.005168318,0.00111477,0.591327654,0.9968205,0
63732,1018.891,341.2361728,238.5801589,1.430278923,0.714961009,65059,284.86155,0.767106799,0.979603129,0.771457418,0.834792946,0.005354236,0.001603956,0.696879263,0.996731722,0
72092,1062.088,346.6950133,265.1115142,1.307732764,0.644407553,73330,302.969281,0.752840434,0.983117414,0.803111665,0.873878393,0.004809064,0.001729993,0.763663446,0.998667708,0
79828,1120.981,352.0899634,289.4997465,1.216201284,0.569152015,81337,318.8105494,0.730323407,0.981447558,0.798304559,0.905480367,0.004410607,0.001828918,0.819894695,0.997156981,0
69561,1008.883,339.905328,260.9274305,1.302681467,0.640872466,70592,297.6034542,0.798450413,0.985394946,0.858804028,0.875548071,0.004886435,0.001771299,0.766584425,0.998615323,0
64314,997.796,346.2438026,237.3979323,1.458495443,0.727942606,65360,286.1592705,0.730840909,0.983996328,0.811767889,0.826467559,0.005383646,0.001549386,0.683048627,0.99622331,0
66185,1035.179,338.3862849,249.4171013,1.356708434,0.675807632,67385,290.2918519,0.733408685,0.982191882,0.776137256,0.857871211,0.005112734,0.001708132,0.735943014,0.998460094,0
76098,1073.575,385.8250106,251.6534766,1.533159867,0.758005894,77155,311.2731644,0.714052472,0.986300305,0.829694722,0.806772904,0.005070107,0.001324958,0.650882519,0.997906956,0
57105,953.054,346.2734018,210.2189885,1.647203254,0.794633369,58126,269.6448483,0.696062896,0.982434711,0.790039823,0.778705055,0.006063802,0.001375361,0.606381562,0.998833682,0
85505,1160.758,432.1542312,253.6821412,1.703526426,0.809574168,87053,329.9520378,0.739381204,0.982217729,0.797476702,0.763505281,0.00505414,0.001059437,0.582940315,0.99305423,0
74754,1036.381,352.3274101,271.1416181,1.299422098,0.638558995,75705,308.5121536,0.817949055,0.987438082,0.874591829,0.875640511,0.004713158,0.001709209,0.766746305,0.996327092,0
65496,988.059,366.1841229,228.3916323,1.60331672,0.781658155,66356,288.7768987,0.7891845,0.987039605,0.843060777,0.788611195,0.005590939,0.001333878,0.621907617,0.99711488,0
77418,1116.981,364.8569284,270.7538285,1.347559628,0.670308901,79163,313.9612382,0.765726381,0.977956874,0.77975872,0.860505074,0.004712818,0.001593948,0.740468982,0.997826106,0
72373,1041.799,335.8512882,275.5786822,1.218712875,0.571592244,73521,303.5591632,0.786654493,0.984385414,0.837950891,0.90384993,0.004640561,0.001910449,0.816944696,0.995621019,0
69053,1142.711,400.1190566,221.0364114,1.810195226,0.833561544,70386,296.5147725,0.667875658,0.981061575,0.664537662,0.741066359,0.005794376,0.00107799,0.549179348,0.994121834,0
71898,1074.336,369.3024779,249.1299837,1.482368651,0.738187105,73105,302.5613604,0.750940007,0.983489501,0.782792068,0.819277905,0.005136478,0.00142748,0.671216285,0.99498998,0
71556,1076.261,404.6052268,226.1113332,1.789407108,0.829272588,72868,301.8408999,0.713092699,0.98199484,0.776284139,0.746013348,0.005654386,0.001080318,0.556535915,0.995869323,0
60946,967.849,366.2428097,212.2274488,1.725708959,0.814992157,61813,278.5657145,0.718380914,0.985973824,0.817598075,0.760603914,0.0060093,0.001240617,0.578518314,0.998354237,0
62650,963.789,349.1235041,229.698731,1.519919168,0.75307933,63464,282.4331027,0.746010955,0.987173831,0.84755328,0.808977624,0.005572602,0.001472258,0.654444795,0.994703189,0
76790,1092.1,367.7125576,268.2932239,1.370562224,0.683844714,78048,312.6852485,0.710255651,0.983881714,0.809076743,0.85035238,0.004788547,0.001544469,0.72309917,0.991052407,0
69123,1053.271,356.3549969,248.6214023,1.433323895,0.716410494,70470,296.665025,0.725883687,0.980885483,0.782982741,0.832498569,0.005155375,0.001527475,0.693053868,0.993370669,0
67087,1084.612,359.9143208,238.5711697,1.508624539,0.748747387,68230,292.263274,0.7901047,0.983247838,0.716637327,0.81203569,0.005364889,0.001438934,0.659401963,0.994789982,0
65563,1033.627,364.1200521,230.6437505,1.57871198,0.773801827,66934,288.924565,0.814447205,0.979517136,0.771153779,0.793487102,0.005553743,0.001358079,0.629621781,0.993991449,0
52596,887.942,312.6866807,214.5149593,1.457645106,0.727565667,53574,258.7804225,0.752920293,0.981744876,0.838288258,0.82760296,0.005945066,0.001720381,0.68492666,0.998379994,0
91571,1179.116,408.1216527,286.5159999,1.424428837,0.712141681,93026,341.4554412,0.741687793,0.984359211,0.827665315,0.836651128,0.004456888,0.001347067,0.699985111,0.997078977,0
41488,759.552,283.1427772,186.9854891,1.514250001,0.750920218,42005,229.8350762,0.708433653,0.987691941,0.903685555,0.811728551,0.006824691,0.001827705,0.65890324,0.997744232,0
64778,984.123,367.3746149,225.3327197,1.630365157,0.789803831,65656,287.1896781,0.801956051,0.986627269,0.840501776,0.781735228,0.005671287,0.001306472,0.611109966,0.996332396,0
80933,1114.025,377.1125478,274.9796707,1.371419737,0.68433115,82222,321.0094953,0.717395736,0.984322931,0.819493718,0.85122995,0.004659565,0.001509081,0.724592428,0.993720358,0
80305,1140.603,378.8245559,270.571108,1.400092415,0.699902328,81847,319.7616325,0.751391813,0.981159969,0.775681496,0.844088979,0.004717322,0.001477162,0.712486204,0.99754653,0
58322,978.773,374.0041617,198.8382226,1.880947017,0.846965983,59273,272.5029848,0.726482312,0.983955595,0.765029728,0.728609499,0.006412746,0.001114816,0.530871802,0.998541732,0
65159,974.379,332.8213221,250.3496317,1.32942605,0.658929952,65995,288.0330111,0.840576906,0.987332374,0.862439112,0.86542836,0.005107833,0.001767425,0.748966247,0.99569524,0
68138,1047.464,344.7302088,253.3359902,1.360762869,0.678195102,69362,294.5437083,0.782296211,0.98235345,0.780406781,0.854418037,0.005059295,0.001663226,0.730030182,0.993397965,0
71078,1097.521,392.8396131,230.6321683,1.703316653,0.809521743,72505,300.8310495,0.6818426,0.980318599,0.741514052,0.765785933,0.005526881,0.001172437,0.586428095,0.99887274,0
56430,946.46,330.9432846,217.743578,1.519876212,0.753063084,57314,268.0464652,0.716571429,0.984576194,0.791617499,0.809946833,0.005864669,0.001556859,0.656013872,0.997059879,0
80590,1134.764,400.6533338,257.5414355,1.555684945,0.766030962,82249,320.3285421,0.795911313,0.979829542,0.786465943,0.799515479,0.004971502,0.001253069,0.639225001,0.994432711,0
82032,1144.548,420.1297867,249.0704568,1.686790927,0.805319017,83528,323.1816615,0.755776672,0.982089838,0.786910142,0.769242438,0.005121535,0.001106198,0.591733929,0.998131422,0
61076,957.031,333.4937704,234.1825072,1.424076351,0.711970338,61989,278.8626516,0.744103314,0.98527158,0.837969939,0.836185489,0.005460308,0.001646673,0.699206172,0.995722975,0
79038,1121.923,414.3293352,244.2396526,1.696404866,0.80778157,80260,317.2291083,0.704890839,0.984774483,0.789077579,0.765644818,0.005242154,0.001111217,0.586211987,0.994452867,0
73674,1092.816,378.1779296,249.5971542,1.515153211,0.751266248,75048,306.2754483,0.813897481,0.981691717,0.775229024,0.809871291,0.005133126,0.001362152,0.655891509,0.993776125,0
72059,1082.571,366.4219104,251.0428058,1.459599327,0.728430665,73183,302.8999313,0.735746375,0.984641242,0.772654462,0.82664252,0.005085026,0.001464684,0.683337855,0.997399474,0
80324,1099.039,404.7830228,254.2283386,1.592202604,0.778164291,81394,319.7994578,0.779224307,0.986854068,0.835658786,0.790051558,0.005039378,0.001211096,0.624181464,0.993823353,0
75218,1082.347,407.9429151,236.0992561,1.727844983,0.815501029,76163,309.4681439,0.820798778,0.987592401,0.806860788,0.758606492,0.005423475,0.001107959,0.57548381,0.994346814,0
84171,1135.22,407.5999068,263.9065404,1.54448581,0.762095465,85583,327.3680585,0.735047288,0.983501396,0.82075263,0.803160288,0.004842522,0.001242969,0.645066448,0.996295975,0
65618,973.379,349.7425879,239.9523772,1.457550002,0.727523456,66416,289.0457273,0.812989394,0.987984823,0.87029985,0.82645276,0.005329979,0.001533831,0.683024165,0.995541874,0
61645,952.199,335.1391362,235.8439696,1.421020588,0.710477842,62499,280.1586189,0.795522003,0.986335781,0.854382371,0.835947189,0.005436599,0.001637655,0.698807703,0.993020133,0
57563,986.047,343.6359124,213.958916,1.606083629,0.782514323,58779,270.7240069,0.710926404,0.979312339,0.743974503,0.787822219,0.005969736,0.00141856,0.620663848,0.996838046,0
56546,951.015,315.4936373,229.1241617,1.376954901,0.687441033,57830,268.3218278,0.768225416,0.977796991,0.785664299,0.850482533,0.005579416,0.001800653,0.723320539,0.995979761,0
56778,908.906,315.9444788,229.5528208,1.376347621,0.687102354,57545,268.8717071,0.759226573,0.986671301,0.863678311,0.851009355,0.005564558,0.001800312,0.724216922,0.996774238,0
75703,1082.381,389.2202343,248.5031087,1.566259016,0.769651686,76726,310.4642544,0.780443299,0.98666684,0.812012349,0.797657026,0.005141411,0.001283887,0.63625673,0.99654284,0
91582,1202.076,436.0937539,268.1121509,1.626534838,0.788679996,93036,341.4759494,0.753538046,0.984371641,0.796445632,0.783033342,0.004761785,0.001104258,0.613141214,0.997295545,0
76673,1061.077,363.0571425,269.5013743,1.347143937,0.67005531,77754,312.4469485,0.791014134,0.986097178,0.855772879,0.860599922,0.004735137,0.001602203,0.740632226,0.997738213,0
65277,1009.049,365.3323503,229.3557322,1.592863395,0.778374509,66391,288.2937005,0.801968156,0.983220617,0.80564838,0.789127216,0.005596647,0.001338739,0.622721763,0.991910702,0
90639,1168.399,405.8089767,286.5421369,1.416227928,0.708111103,92250,339.7133484,0.7805901,0.982536585,0.834339138,0.837126254,0.004477201,0.001356282,0.700780365,0.992464724,0
56322,911.589,326.8366101,219.9702012,1.485822208,0.739616972,57129,267.7898386,0.735802469,0.985874074,0.851706144,0.819338563,0.005803001,0.001613192,0.671315681,0.997455748,0
64437,1082.767,367.789471,223.9394257,1.64236141,0.793262818,65869,286.4327784,0.823349774,0.978259879,0.690677255,0.778795482,0.005707737,0.001295202,0.606522403,0.996128989,0
90997,1245.103,425.1416049,272.9535748,1.557560128,0.766679692,92766,340.3835761,0.704125849,0.980930513,0.737609293,0.80063577,0.00467204,0.001184203,0.641017636,0.998423511,0
89235,1197.862,395.6879606,288.8077414,1.370073942,0.683567167,90764,337.0719964,0.769081601,0.983154114,0.781504559,0.85186316,0.004434224,0.001440379,0.725670843,0.994222712,0
59167,962.152,361.6777858,210.6934538,1.71660666,0.812798713,60797,274.4699695,0.702862913,0.973189467,0.803159942,0.75887981,0.00611283,0.001250587,0.575898566,0.988591314,0
60321,941.694,357.5161265,215.1371786,1.661805407,0.798680607,61010,277.1336908,0.691675267,0.988706769,0.854788735,0.775164168,0.005926893,0.001320023,0.600879488,0.998544781,0
63975,1027.084,339.1857145,241.0475071,1.407132223,0.703530294,65434,285.4040993,0.794779735,0.977702723,0.762093454,0.841439032,0.005301848,0.001639448,0.708019645,0.996277256,0
78152,1091.403,379.4282692,262.7353851,1.444146053,0.721465159,79157,315.4460602,0.816481748,0.987303713,0.824479144,0.831372056,0.004855004,0.001430708,0.691179495,0.998164139,0
65243,980.668,328.5051239,253.2426845,1.29719492,0.636963249,66224,288.2186108,0.757494485,0.985186639,0.852510582,0.877364126,0.005035101,0.00184038,0.769767809,0.998538891,0
75562,1077.868,402.7975336,239.9578761,1.678617681,0.803186052,76928,310.1749933,0.679917937,0.982243136,0.817301227,0.770051868,0.005330689,0.001156227,0.59297988,0.995386511,0
81976,1180.158,408.0618288,256.3218355,1.591990117,0.778096625,83902,323.071331,0.714331774,0.977044647,0.739632997,0.791721519,0.004977821,0.001206449,0.626822964,0.997895963,0
64109,960.565,332.3469497,246.8376575,1.346419153,0.669612364,65115,285.7028421,0.705580013,0.984550411,0.873122842,0.859652367,0.005184092,0.001746401,0.739002193,0.995006706,0
73222,1061.6,402.9536876,232.4006331,1.733875172,0.816925796,74190,305.3344821,0.696053082,0.986952419,0.816450072,0.757740881,0.005503178,0.001119119,0.574171242,0.995541261,0
79814,1075.684,380.9404484,267.5498262,1.423811235,0.711841354,80880,318.7825921,0.789956055,0.98681998,0.866801238,0.836830516,0.004772852,0.001443803,0.700285313,0.997074096,0
89239,1143.46,442.6002927,257.9500276,1.715837354,0.812611453,90157,337.079551,0.759804172,0.989817762,0.857674712,0.761589083,0.004959718,0.001029247,0.580017931,0.995216432,0
57761,910.99,330.2813373,223.64553,1.476807237,0.735857484,58490,271.1892132,0.791268254,0.987536331,0.874615859,0.821085488,0.005718068,0.001603181,0.674181379,0.99563594,0
61442,992.086,337.9085988,232.4402151,1.453744132,0.725825418,62709,279.6969505,0.709164358,0.979795564,0.784470408,0.827729604,0.005499635,0.001592457,0.685136297,0.996012871,0
81090,1113.605,394.623288,263.271023,1.498924126,0.744927724,82557,321.3207038,0.706500431,0.982230459,0.821702901,0.814246684,0.004866485,0.00131953,0.662997663,0.993783192,0
57779,949.15,329.2330424,223.8914482,1.470502983,0.733175547,58873,271.2314651,0.716443265,0.981417628,0.805953863,0.823828201,0.005698144,0.001619048,0.678692905,0.998019941,0
79877,1106.017,363.8330073,280.2539367,1.298226214,0.637703676,81101,318.9083804,0.779439891,0.984907708,0.820555583,0.876524048,0.004554916,0.0016585,0.768294407,0.99741994,0
68971,1088.647,370.5714742,237.6788411,1.559126898,0.767219512,70444,296.3386654,0.727427095,0.979089773,0.731311203,0.799680186,0.005372859,0.001355347,0.6394884,0.997043565,0
70082,1020.397,374.3931053,238.7871311,1.567894817,0.770203776,71054,298.7158747,0.794526449,0.986320263,0.845820107,0.797866922,0.005342215,0.001335436,0.636591626,0.998108711,0
74216,1092.082,408.9448865,231.8578197,1.763774399,0.823741239,75550,307.3999773,0.737674936,0.982342819,0.781982276,0.751690478,0.005510198,0.001085184,0.565038575,0.996600573,0
59802,1015.517,375.2640085,206.2712911,1.819274057,0.835382017,61962,275.9388904,0.665361208,0.965139924,0.728704039,0.73531936,0.006275108,0.001131631,0.540694561,0.983671587,0
61974,991.559,362.9654923,218.7750977,1.659080472,0.797934992,63233,280.9052288,0.794905341,0.98008951,0.792104116,0.773917176,0.005856738,0.001296025,0.598947795,0.993702591,0
73913,1062.106,363.6795049,259.5083294,1.401417464,0.700590814,74902,306.771828,0.727060791,0.98679608,0.823369868,0.843522453,0.004920373,0.001536612,0.711530128,0.997150748,0
69589,1026.872,385.7660295,230.724245,1.671978728,0.801426157,70774,297.6633445,0.739097649,0.983256563,0.829311783,0.771616269,0.005543491,0.001212184,0.595391667,0.995482202,0
74933,1081.712,373.0301535,256.024998,1.457006763,0.727282138,76038,308.8813021,0.728211856,0.985467792,0.804747598,0.828033067,0.004978183,0.001443581,0.68563876,0.998980311,0
68513,1015.202,359.0803258,243.5444419,1.474393433,0.734835829,69406,295.3531123,0.816710177,0.987133677,0.835368162,0.82252658,0.005241054,0.001479783,0.676549975,0.99750084,0
65732,974.417,380.5056441,220.4716004,1.725871466,0.815030949,66557,289.2967019,0.765411398,0.98760461,0.869955436,0.760295429,0.005788743,0.001193146,0.578049139,0.997638516,0
62831,1046.743,356.0906095,225.7874732,1.57710525,0.773273119,64195,282.8407924,0.748273152,0.978752239,0.720615676,0.794294443,0.005667435,0.001391529,0.630903662,0.995001478,0
82624,1160.196,418.8289347,251.6113121,1.664587062,0.799437256,84071,324.345717,0.70739726,0.982788357,0.771353319,0.774410959,0.005069095,0.001124595,0.599712334,0.998273391,0
77511,1065.949,361.2097371,275.01416,1.313422324,0.648317927,78676,314.1497578,0.782876131,0.985192435,0.857235901,0.86971564,0.004660109,0.001644694,0.756405295,0.993479601,0
53755,929.598,325.297157,210.939448,1.542135244,0.761255922,54945,261.6161152,0.719111194,0.978341978,0.781696863,0.804237324,0.006051477,0.00156163,0.646797674,0.997449489,0
59162,930.748,355.3124322,212.5713344,1.671497397,0.801297596,59888,274.458372,0.806549242,0.987877371,0.858199956,0.772442355,0.006005754,0.001318899,0.596667192,0.997327659,0
51674,910.012,318.8858574,206.9663203,1.540762077,0.760763263,52718,256.5022032,0.797721413,0.980196517,0.784129344,0.804369956,0.006171108,0.001593552,0.647011026,0.996890053,0
69417,1047.174,366.4129998,243.3562738,1.505664901,0.747591875,70839,297.2952564,0.790266393,0.979926312,0.795496006,0.811366563,0.005278433,0.001411085,0.6583157,0.991202843,0
62075,991.584,336.6106271,237.7725894,1.415683061,0.707840007,63581,281.1340334,0.715966367,0.976313679,0.793355015,0.835190605,0.005422644,0.001627546,0.697543347,0.987500301,0
55429,911.762,327.8248583,215.9097795,1.51834187,0.752481661,56253,265.6584174,0.728763197,0.985351892,0.837884066,0.81036691,0.00591432,0.001573299,0.656694528,0.997086798,0
71260,1075.675,360.4960636,254.155122,1.418409594,0.709192421,72747,301.2159524,0.713484721,0.979559295,0.773915476,0.835559616,0.005058884,0.001521053,0.698159872,0.99027666,0
70264,1101.506,398.9485458,226.3556467,1.762485503,0.823455711,71973,299.1034994,0.639787296,0.976254985,0.727727857,0.749729514,0.005677851,0.001106578,0.562094345,0.990683133,0
67012,1010.404,382.8597507,224.0108652,1.709112415,0.810961859,68008,292.0998603,0.807801726,0.985354664,0.82484497,0.762942199,0.005713301,0.00119408,0.5820808,0.994841521,0
66795,1067.697,363.0668917,234.7617091,1.546533687,0.762823031,68388,291.6265341,0.781904806,0.97670644,0.73630504,0.803230867,0.00543554,0.001395674,0.645179825,0.997792334,0
63731,1034.115,361.4702096,225.2498818,1.60475205,0.78210296,65415,284.8593151,0.709746754,0.974256669,0.748898433,0.788057515,0.005671811,0.001349377,0.621034647,0.996606623,0
63550,990.734,347.8183919,233.0616804,1.492387729,0.742300483,64683,284.4545185,0.725655431,0.982483806,0.813600645,0.817824833,0.005473145,0.001510282,0.668837458,0.998164815,0
70341,1168.554,402.9134374,223.4911531,1.802816048,0.832058583,71605,299.2673434,0.673325803,0.982347601,0.647322689,0.742758408,0.005728003,0.001075408,0.551690053,0.994595681,0
70573,1049.016,394.6763972,228.3701261,1.728231288,0.815592825,71745,299.7604617,0.672636294,0.983664367,0.805905684,0.759509471,0.005592456,0.001147929,0.576854637,0.996938232,0
77026,1133.607,396.3590173,248.1558386,1.597218182,0.779751973,78612,313.1653703,0.703562294,0.979824963,0.753220569,0.790105325,0.005145782,0.001237004,0.624266425,0.997089685,0
57351,952.862,329.4250151,222.7448097,1.478934641,0.736752608,58282,270.2250194,0.724256813,0.984025943,0.793762986,0.820292956,0.005744015,0.001604247,0.672880534,0.995146331,0
72205,1085.425,375.9111693,245.4604219,1.531453285,0.757379861,73563,303.2066314,0.708419999,0.981539633,0.770153859,0.806591174,0.005206165,0.001359288,0.650589322,0.996347154,0
67437,1041.175,380.6478801,226.5663953,1.680072103,0.803568305,68653,293.0246665,0.799983392,0.982287737,0.781736955,0.769805066,0.005644496,0.001222723,0.59259984,0.995610459,0
74724,1093.874,373.5049018,255.7186989,1.460608487,0.728875592,76013,308.4502419,0.796096438,0.983042374,0.784757321,0.82582649,0.00499846,0.001434073,0.681989391,0.996119492,0
79613,1131.686,407.1782582,249.7181315,1.630551437,0.789858244,80930,318.3809352,0.779320066,0.983726677,0.781163544,0.781920274,0.005114469,0.001179316,0.611399315,0.996918031,0
80391,1097.037,396.4838122,259.699313,1.526703354,0.755623595,81413,319.9328058,0.741744402,0.987446722,0.83941117,0.806925267,0.004931943,0.001289826,0.651128386,0.99407989,0
70066,1042.494,374.2831944,239.1490372,1.565062518,0.769246514,71094,298.6817737,0.723523337,0.985540271,0.810158626,0.798010112,0.005341866,0.001336307,0.636820138,0.996663329,0
72779,1065.022,361.2907741,258.664936,1.396752029,0.698154946,74246,304.4094296,0.729153517,0.98024136,0.806303955,0.842560761,0.004964217,0.001543247,0.709908636,0.991566328,0
67163,983.06,369.4249515,232.3443475,1.589988977,0.777457743,67907,292.4287735,0.758389792,0.989043839,0.873333059,0.791578296,0.005500424,0.001332145,0.626596198,0.996281048,0
72268,1077.446,395.0114428,233.360339,1.692710272,0.806841072,73750,303.3388788,0.686997357,0.979905085,0.782284767,0.767924283,0.005465925,0.001172511,0.589707704,0.998204288,0
71431,1014.658,348.1377519,262.195098,1.327781315,0.657864774,72348,301.5771442,0.75454219,0.987325151,0.871881026,0.866258091,0.004873763,0.001692908,0.75040308,0.996371188,0
65617,977.81,351.8985886,238.9379581,1.472761345,0.734141381,66608,289.0435248,0.715491391,0.985121907,0.862416954,0.821383018,0.005362918,0.001505788,0.674670063,0.993627989,0
70477,1024.772,355.1204899,253.352096,1.401687594,0.700730849,71580,299.5565112,0.793177572,0.984590668,0.843340141,0.843534856,0.005038814,0.001573694,0.711551053,0.997372283,0
82477,1259.908,416.7420733,253.6238754,1.64315001,0.79348703,85026,324.0570597,0.685628543,0.970020935,0.652927638,0.777596217,0.005052828,0.001139543,0.604655877,0.99354031,0
85099,1161.055,428.0509995,255.1448778,1.677678201,0.80293851,86211,329.1677566,0.799607239,0.987101414,0.793284072,0.768991912,0.005030036,0.00108502,0.591348561,0.99209259,0
62499,1002.996,353.6828434,225.352307,1.569466264,0.77073215,63749,282.092535,0.723745006,0.980391849,0.780700631,0.797586143,0.005659016,0.001412639,0.636143656,0.998406007,0
84664,1143.2,396.7575391,272.9980833,1.453334523,0.725641632,86180,328.3253764,0.759134559,0.982408912,0.814074621,0.827521456,0.00468626,0.001355574,0.68479176,0.995231506,0
71236,1055.392,345.968599,264.7407459,1.306820368,0.643773488,72582,301.1652241,0.826422887,0.981455457,0.80367747,0.870498724,0.004856654,0.001720242,0.757768029,0.990266694,0
65345,996.042,362.3966987,230.2297934,1.574065169,0.772267323,66369,288.4438213,0.710611597,0.98457111,0.827688504,0.79593391,0.005545898,0.001372966,0.633510789,0.997187267,0
59244,934.803,340.330062,222.213422,1.53154593,0.757413913,60023,274.6485092,0.704455463,0.987021642,0.851949873,0.807006315,0.005744549,0.001502946,0.651259192,0.997433365,0
71525,1042.205,365.203603,249.7958259,1.462008429,0.729490836,72758,301.77551,0.751937007,0.98305341,0.827487469,0.826321284,0.005105957,0.001468428,0.682806864,0.99826939,0
61669,972.795,355.4939039,221.4226451,1.60549931,0.782333963,62489,280.2131501,0.723721116,0.98687769,0.818906109,0.788236161,0.005764548,0.001372684,0.621316246,0.997522804,0
77067,1129.233,398.9042899,247.7669124,1.609998228,0.783716508,78528,313.2487063,0.715219066,0.981395171,0.759471,0.785272844,0.005176071,0.001214122,0.61665344,0.992810945,0
88455,1228.134,441.9800302,257.483197,1.716539314,0.812782332,90344,335.5955958,0.670052722,0.97909103,0.736954613,0.75930036,0.004996665,0.001024506,0.576537036,0.989648488,0
64783,1059.216,355.2919274,232.7027318,1.526806001,0.755661765,66071,287.2007615,0.730855144,0.980505819,0.725607654,0.808351498,0.005484339,0.001444458,0.653432144,0.997664118,0
71703,1088.317,372.3093685,246.4826821,1.510488953,0.749470906,73141,302.150782,0.774665082,0.980339345,0.760740197,0.811558364,0.005192382,0.001389394,0.658626978,0.994848775,0
80479,1088.685,416.9597558,246.6457571,1.690520691,0.806280257,81340,320.1078651,0.789071692,0.989414802,0.853272909,0.767718852,0.005180976,0.001110197,0.589392236,0.99637977,0
45653,841.132,303.4694909,191.9320765,1.581129618,0.774593661,46601,241.0958418,0.772431179,0.979657089,0.810869331,0.794464844,0.006647307,0.001633519,0.631174389,0.99796852,0
64478,974.289,361.6608793,227.7020864,1.58830727,0.776918566,65268,286.5238897,0.687325445,0.987896059,0.85358313,0.79224463,0.005609059,0.001363035,0.627651555,0.996903527,0
71797,1065.587,367.0297945,250.0991472,1.467537169,0.731898426,73023,302.3487714,0.695356991,0.983210769,0.794581291,0.823771737,0.005112049,0.001452119,0.678599875,0.99587054,0
86498,1145.822,380.1703566,290.3756566,1.309236322,0.6454482,87924,331.8624326,0.759874201,0.983781448,0.827907119,0.87293085,0.004395135,0.001574241,0.762008269,0.997648903,0
53874,913.878,326.2558272,210.6497576,1.548807038,0.763626518,54878,261.9055311,0.736587367,0.981704873,0.810611276,0.802761236,0.006055905,0.001551331,0.644425602,0.998090908,0
66166,974.533,364.3490237,232.0846216,1.569897312,0.770876743,66906,290.2501813,0.711768503,0.988939706,0.875490917,0.796626757,0.00550659,0.001367987,0.63461419,0.996279112,0
77147,1158.937,396.2326887,248.8317487,1.592371917,0.778218185,78916,313.4112493,0.702972372,0.97758376,0.721787323,0.790977772,0.005136074,0.001240133,0.625645836,0.996260859,0
68460,1022.328,373.0703833,236.5103777,1.577395406,0.773368743,69842,295.2388512,0.703669442,0.98021248,0.823125863,0.791375741,0.005449465,0.001318453,0.626275564,0.987884198,0
60595,956.082,327.7434485,236.1899254,1.387626708,0.69329395,61552,277.7623988,0.738495101,0.984452171,0.833021806,0.84749947,0.005408754,0.001721213,0.718255351,0.996670308,0
55676,934.071,333.10278,215.6228608,1.544839813,0.762221491,57508,266.2496665,0.799356793,0.968143563,0.801896121,0.799301845,0.005982879,0.001506376,0.638883439,0.986972572,0
77424,1109.772,397.401991,248.7116453,1.597842315,0.779948272,78571,313.9734041,0.715735759,0.985401739,0.789983358,0.790065,0.005132801,0.001233632,0.624202705,0.997377494,0
80951,1107.182,395.5388204,261.61346,1.511920757,0.750024254,82239,321.0451906,0.779927355,0.984338331,0.829839396,0.81166544,0.004886151,0.001308142,0.658800786,0.996054583,0
70046,1110.954,380.2886321,235.4672218,1.615038515,0.785248865,71441,298.639142,0.700712256,0.980473398,0.713183111,0.785296001,0.005429127,0.00127363,0.616689809,0.995977794,0
72021,1065.356,388.5145897,237.0745041,1.638786892,0.792241659,73318,302.8200542,0.704899581,0.982309938,0.797406,0.779430328,0.005394463,0.00122811,0.607511637,0.995582107,0
77921,1121.69,403.2322686,246.4501018,1.636161907,0.791486648,79249,314.9795209,0.696127217,0.983242691,0.778249204,0.781136693,0.005174886,0.001188471,0.610174534,0.998344328,0
88631,1174.734,424.3290592,267.7618562,1.584725566,0.77576324,90381,335.9292992,0.768512417,0.980637523,0.807079723,0.79167168,0.004787592,0.001160052,0.626744049,0.993217318,0
85816,1200.368,397.8603704,276.0131662,1.441454319,0.720221866,87299,330.5515463,0.801898781,0.983012406,0.74842677,0.830822999,0.004636203,0.001362625,0.690266856,0.994988141,0
65473,1081.908,390.1514389,215.3619977,1.811607633,0.833846819,67449,288.7261899,0.748587958,0.970703791,0.702896597,0.740036204,0.005958967,0.001102459,0.547653583,0.992133412,0
58836,962.165,327.3894952,229.8999744,1.424051899,0.711958445,60103,273.7011543,0.709380275,0.978919521,0.798645214,0.836010802,0.005564442,0.001676675,0.69891406,0.995289895,0
71368,1067.432,386.6664679,235.8136101,1.639712261,0.792506783,72557,301.4441239,0.711545364,0.983612884,0.787105513,0.779597273,0.005417925,0.001234508,0.607771908,0.996571049,0
76997,1099.457,413.3606939,237.6076807,1.739677323,0.818280416,78041,313.106412,0.79293335,0.986622416,0.800437028,0.757465373,0.00536853,0.00109015,0.573753791,0.998146458,0
55912,901.128,348.3959104,204.7541728,1.701532651,0.809074973,56502,266.8133607,0.771157453,0.989557892,0.865250627,0.765833791,0.006231147,0.001322166,0.586501395,0.997951273,0
68062,1016.666,375.2806726,232.5483356,1.613774924,0.784866335,69176,294.3793979,0.737383805,0.983896149,0.827480886,0.784424617,0.005513806,0.001287764,0.61532198,0.992991181,0
52187,975.927,311.1939098,215.7707987,1.442242935,0.720587066,53664,257.7722873,0.709043233,0.972476893,0.688553245,0.828333329,0.005963054,0.001731686,0.686136104,0.989574948,0
78569,1157.905,411.0149212,244.2806477,1.682552118,0.804217405,80496,316.2865122,0.669572702,0.976060922,0.736402461,0.76952562,0.005231261,0.001131562,0.59216968,0.99635635,0
60993,958.347,356.7469483,218.0096636,1.636381353,0.791549933,61892,278.6731052,0.728274627,0.985474698,0.834534478,0.781150635,0.005848982,0.001343381,0.610196315,0.998513871,0
81636,1137.112,397.2341766,262.9920858,1.510441561,0.749452556,83078,322.4006568,0.790985195,0.982642818,0.793387028,0.811613592,0.004865919,0.001302393,0.658716622,0.994952963,0
75542,1136.864,406.8328176,236.9368628,1.717051593,0.812906882,77278,310.1339415,0.699657312,0.977535651,0.734482266,0.76231299,0.005385518,0.001121865,0.581121094,0.9978149,0
67063,990.719,370.0897582,231.6978532,1.597294722,0.779776061,68087,292.2109916,0.717711901,0.984960418,0.858601924,0.789567896,0.005518539,0.001323006,0.623417462,0.995781422,0
60075,937.1,350.7512342,218.6123363,1.604443921,0.782007594,60993,276.5680127,0.771706039,0.984949093,0.859669993,0.788501895,0.005838556,0.001392182,0.621735238,0.997539323,0
50575,858.52,314.32679,205.4662817,1.529821766,0.756778917,51389,253.7599062,0.712123346,0.984160034,0.862273267,0.807312371,0.006215063,0.001628515,0.651753265,0.997066331,0
76546,1124.781,410.3366507,238.4400651,1.720921568,0.813843583,77760,312.188075,0.788857514,0.98438786,0.760320013,0.760809629,0.005360654,0.001107903,0.578831292,0.996123254,0
72837,1052.169,371.9103821,250.0233364,1.487502677,0.74030814,73876,304.5307024,0.784450356,0.985935893,0.826781803,0.818828183,0.005106064,0.001415915,0.670479593,0.99734019,0
87240,1252.96,431.990195,258.3226384,1.672289342,0.801509051,89042,333.2827897,0.774722933,0.979762359,0.698314577,0.77150545,0.004951745,0.001082166,0.595220659,0.995381164,0
93368,1170.46,442.9813402,269.07607,1.646305226,0.794380261,94486,344.7895442,0.73505377,0.988167559,0.85643571,0.778338754,0.004744466,0.001074093,0.605811215,0.99735017,0
66301,1010.746,366.5115647,230.5989031,1.589389888,0.777265906,67227,290.5461324,0.699090037,0.986225772,0.815541152,0.792733874,0.005527995,0.001346657,0.628426994,0.99881551,0
67215,1017.512,369.9794541,231.738707,1.596537147,0.779537458,68160,292.541956,0.704080029,0.986135563,0.815824958,0.790697842,0.005504418,0.001327191,0.625203077,0.998159938,0
64592,1000.066,344.3690357,239.3742573,1.438621845,0.718903682,65657,286.7770714,0.786020249,0.983779338,0.811579879,0.83276091,0.00533145,0.001581636,0.693490733,0.997670917,0
51512,887.745,276.6573221,237.6136081,1.164315984,0.512187978,52436,256.0998154,0.742119518,0.982378519,0.821375617,0.925693249,0.005370735,0.002432663,0.856907992,0.997711672,0
57187,898.194,326.1756939,224.4836173,1.453004445,0.725493384,57817,269.8383773,0.691917725,0.989103551,0.89077266,0.827279231,0.005703669,0.001647944,0.684390926,0.994423058,0
79223,1179.638,390.4522828,258.8339865,1.508504691,0.748700763,80831,317.6001518,0.721107197,0.980106642,0.715424222,0.813416046,0.004928522,0.001330906,0.661645663,0.998095587,0
73611,1116.098,390.9581355,240.5775022,1.625081863,0.788251183,75022,306.1444694,0.773891377,0.981192184,0.742587991,0.783062025,0.005311137,0.001231833,0.613186135,0.996477667,0
55796,900.322,330.2017687,215.5174973,1.532134388,0.757630026,56573,266.5364396,0.770131125,0.986265533,0.865002185,0.807192647,0.005918019,0.001549762,0.651559969,0.998277434,0
63512,1022.604,358.4412686,226.3641303,1.583472028,0.775356632,64721,284.3694603,0.696747299,0.981319819,0.763221645,0.793350223,0.005643678,0.001379119,0.629404576,0.996644541,0
82596,1180.392,436.6842287,241.4348694,1.808704061,0.83325953,84186,324.2907545,0.657402101,0.981113249,0.744931544,0.742620716,0.00528699,0.000991874,0.551485527,0.997474113,0
72263,1042.893,399.9327552,230.9794486,1.731464672,0.816358345,73011,303.3283851,0.703988387,0.989754968,0.834922849,0.758448467,0.005534406,0.001129679,0.575244077,0.996014797,0
76729,1058.497,397.6171783,247.1648798,1.608712284,0.783322762,77498,312.5610293,0.805503065,0.990077163,0.860577801,0.786085326,0.005182098,0.001220574,0.61793014,0.994071807,0
65901,1054.483,347.0589763,242.8538335,1.429085847,0.71438974,67385,289.6683608,0.771692545,0.977977295,0.744770907,0.834637282,0.005266369,0.001576457,0.696619393,0.995528915,0
64746,1018.798,374.7807347,220.6077122,1.698855997,0.808401548,65891,287.1187343,0.799037394,0.982622816,0.783874685,0.766097901,0.005788477,0.001229932,0.586905994,0.997068768,0
66547,1044.703,366.5646538,233.6356676,1.568958445,0.770561618,68580,291.0846475,0.749538205,0.970355789,0.76621855,0.794088149,0.005508357,0.001351066,0.630575989,0.989347523,0
75799,1096.146,409.7062235,236.3038694,1.733810896,0.816910701,77029,310.661044,0.796877628,0.984031988,0.792750516,0.758253173,0.005405167,0.001102163,0.574947874,0.996850889,0
78414,1108.022,352.2447759,285.3473979,1.234441872,0.586315636,80312,315.974375,0.705936369,0.976367168,0.802613953,0.897030692,0.004492116,0.001794155,0.804664062,0.993311011,0
94187,1189.983,436.3324045,275.3624198,1.584574993,0.775714461,95403,346.298445,0.788756574,0.98725407,0.835832615,0.793657407,0.004632618,0.001133806,0.62989208,0.998111239,0
54187,931.202,353.7848501,195.5619723,1.809067714,0.833333262,55164,262.6652455,0.769133595,0.982289174,0.785266682,0.742443452,0.006528962,0.001223707,0.55122228,0.99719843,0
82346,1149.477,388.1352926,270.9941588,1.432264423,0.715907539,83842,323.799604,0.770597043,0.982156914,0.783162349,0.834244167,0.004713469,0.001408293,0.695963331,0.996803519,0
57516,957.43,340.9225204,215.4891803,1.582086488,0.774905833,58509,270.6134617,0.690261026,0.983028252,0.788468733,0.793768219,0.005927438,0.001451515,0.630067985,0.996822045,0
58153,989.011,324.2262804,229.3608779,1.413607601,0.706803541,59388,272.1078816,0.742050327,0.979204553,0.747101734,0.83925301,0.005575401,0.00170619,0.704345614,0.995668314,0
186103,1646.095,622.0727101,384.8835009,1.616262346,0.785618328,189236,486.7789015,0.797664052,0.983443954,0.863084757,0.782511262,0.003342626,0.00077309,0.612323875,0.989676023,1
211734,1776.585,679.8398711,400.169975,1.698877761,0.808407039,213916,519.2187417,0.801840491,0.989799734,0.843001766,0.763736821,0.003210821,0.000673862,0.583293931,0.990945088,1
165950,1572.499,595.2191258,357.0544198,1.667026349,0.800097077,167660,459.6673824,0.743243848,0.989800787,0.843347118,0.772265814,0.003586738,0.000786949,0.596394487,0.994205324,1
173366,1577.459,586.7185949,378.779386,1.54897182,0.763684588,175139,469.8259751,0.776228598,0.989876612,0.875502988,0.800768851,0.003384277,0.00085837,0.641230753,0.993248366,1
179759,1663.533,637.2804154,362.5224249,1.757906192,0.822435365,182091,478.4101455,0.776483344,0.987193217,0.816277201,0.750705865,0.003545193,0.000694543,0.563559296,0.990684375,1
168344,1550.635,577.5104099,374.4465735,1.542303898,0.761316318,170623,462.9710984,0.778606183,0.986643067,0.879808881,0.801667105,0.003430538,0.000874014,0.642670147,0.991192673,1
180089,1610.86,609.1865542,377.714964,1.61282081,0.784576773,181809,478.8490747,0.715274689,0.990539522,0.872130461,0.78604669,0.003382697,0.000796593,0.6178694,0.996512625,1
185104,1607.624,588.7555844,402.5758805,1.462471084,0.729693661,187253,485.4706301,0.796639639,0.988523548,0.900029419,0.824570744,0.003180675,0.000907007,0.679916911,0.994358823,1
175965,1569.123,587.8046796,382.0314188,1.538629156,0.759994769,177068,473.3345503,0.807641997,0.993770755,0.898094799,0.80525822,0.003340464,0.000866417,0.648440802,0.997709923,1
171308,1592.272,603.421354,363.3694615,1.660627592,0.798358861,173826,467.0290354,0.786621177,0.98551425,0.849088566,0.773968359,0.003522435,0.000779679,0.599027021,0.9947608,1
168532,1539.35,573.7944065,376.7821062,1.522881254,0.754195437,169925,463.2295402,0.788730549,0.991802266,0.893752947,0.807309264,0.003404661,0.0008921,0.651748248,0.99253519,1
163479,1560.254,607.2519204,344.1510194,1.764492581,0.823900024,165102,456.2323175,0.810972101,0.990169713,0.843881036,0.751306504,0.003714556,0.000730054,0.564461463,0.995988064,1
176826,1632.597,640.2908694,354.9426494,1.803927678,0.83228635,179666,474.4911545,0.809576134,0.984192891,0.833677343,0.741055631,0.003621022,0.000673619,0.549163449,0.990651145,1
191366,1681.844,642.8971264,383.3926337,1.676863533,0.802723457,193330,493.6139774,0.784119778,0.989841204,0.850165002,0.767796211,0.003359516,0.000720179,0.589511021,0.988529534,1
222737,1847.94,722.4940683,396.6969714,1.821274475,0.835778955,225516,532.538784,0.83655204,0.987677149,0.819646328,0.737083953,0.003243709,0.000590595,0.543292754,0.989485225,1
198323,1689.617,646.5186691,393.3605137,1.643577956,0.793608541,201273,502.5064042,0.738922111,0.98534329,0.872984246,0.777249642,0.003259928,0.000733888,0.604117006,0.992913394,1
159120,1527.535,582.1964656,351.6062649,1.655819375,0.797036901,161525,450.1087384,0.732232592,0.985110664,0.856943708,0.773121729,0.003658852,0.000806336,0.597717208,0.989711734,1
146328,1476.39,542.2816357,346.0504599,1.567059428,0.769922094,149274,431.6371116,0.764793812,0.98026448,0.843597164,0.795964833,0.003705932,0.000917599,0.633560015,0.992826195,1
172746,1599.927,601.7414307,369.4322407,1.628827602,0.789353849,176302,468.9851153,0.79651967,0.979830064,0.848042327,0.779379799,0.003483389,0.000792827,0.607432871,0.989403427,1
160141,1531.84,560.1979114,367.032833,1.52628828,0.755469149,162846,451.5504999,0.793393875,0.983389214,0.857601612,0.806055308,0.003498154,0.000910915,0.649725159,0.991667895,1
114004,1279.356,451.3612558,323.7479961,1.394174671,0.696795094,115298,380.9913399,0.748986604,0.988776909,0.875280258,0.844094027,0.00395917,0.001239788,0.712494726,0.9933421,1
151876,1469.108,541.2123601,359.4783618,1.5055492,0.747546528,153869,439.7437084,0.725471464,0.987047423,0.884283593,0.812516012,0.003563515,0.000958045,0.66018227,0.993936888,1
200714,1688.8,612.1030514,420.6495529,1.455137768,0.726449214,203767,505.5264602,0.711860319,0.985017201,0.884364069,0.825884561,0.003049628,0.000875193,0.682085309,0.992528094,1
149824,1454.249,532.7822258,359.670821,1.481305112,0.737744195,151188,436.7629123,0.823208791,0.99097812,0.890253529,0.819777559,0.003556054,0.000990677,0.672035246,0.995489245,1
224267,1770.662,640.4429454,449.3396784,1.425298001,0.712563462,226132,534.3646816,0.78005913,0.991752605,0.898884524,0.834367348,0.002855716,0.000853737,0.696168871,0.9922481,1
142399,1430.275,524.5884123,347.2617724,1.510642558,0.749530364,143783,425.8028158,0.79619234,0.990374384,0.874737426,0.811689328,0.003683933,0.000986395,0.658839565,0.995271086,1
166208,1531.455,564.8854422,377.1336328,1.497838944,0.744494565,167540,460.0245627,0.758982227,0.99204966,0.890539746,0.814367885,0.003398666,0.000922085,0.663195052,0.993359376,1
175144,1584.943,601.6749504,372.9726482,1.613187866,0.784688244,176889,472.2290406,0.821994443,0.990135056,0.876148722,0.784857406,0.003435316,0.000804099,0.616001147,0.993725576,1
158438,1527.5,569.1528979,357.2628761,1.59309275,0.778447399,160009,449.143103,0.722231086,0.990181802,0.853309887,0.789143137,0.003592275,0.000859355,0.62274689,0.992093556,1
162374,1557.833,580.9771111,357.4782703,1.625209584,0.788288933,164508,454.6878026,0.787153384,0.987027986,0.840784225,0.782626017,0.003578018,0.000828017,0.612503483,0.995446531,1
164455,1536.579,561.5290508,374.2858071,1.500268085,0.745462526,166145,457.5921867,0.700840386,0.989828162,0.87528031,0.814903852,0.003414485,0.000928818,0.664068288,0.996280459,1
191554,1682.544,635.3960003,385.9308518,1.646398564,0.794406592,193468,493.8563837,0.712504557,0.990106891,0.850292266,0.777241883,0.003317059,0.00074672,0.604104945,0.994597514,1
205889,1779.422,687.7230434,384.4723515,1.788745122,0.829133175,208651,512.0019694,0.786183959,0.986762584,0.817118601,0.744488605,0.003340261,0.000632984,0.554263283,0.991435744,1
179166,1593.298,584.1270946,392.7594104,1.487238954,0.74019987,181118,477.6203893,0.765614317,0.989222496,0.886893435,0.817665186,0.003260256,0.000898946,0.668576356,0.9943328,1
147930,1439.844,519.3579714,364.7947757,1.423699039,0.711786739,149429,433.9934629,0.760034115,0.98996848,0.896675367,0.835634546,0.003510836,0.00105598,0.698285095,0.994147819,1
154706,1468.379,532.9548716,371.069678,1.436266295,0.717799647,156085,443.8218077,0.771231729,0.99116507,0.901655615,0.832756827,0.003444953,0.001021965,0.693483933,0.996027599,1
183483,1669.563,634.1044843,374.9097183,1.691352487,0.806493607,187798,483.3402646,0.763253132,0.977023184,0.827180091,0.762240729,0.00345593,0.000719637,0.58101093,0.98269428,1
197598,1687.798,641.6806396,395.1927607,1.623715572,0.787846689,199491,501.5870688,0.840263308,0.99051085,0.871668742,0.781677111,0.003247405,0.000747869,0.611019106,0.992121238,1
180028,1630.826,625.6249768,371.4404252,1.684321184,0.804678357,183263,478.7679696,0.674610848,0.982347773,0.850618193,0.765263516,0.003475154,0.000735187,0.585628249,0.986386066,1
145285,1440.991,524.9567463,353.0769977,1.486805285,0.740021669,146709,430.0960442,0.786046637,0.990293711,0.879241351,0.819298061,0.003613289,0.001004269,0.671249312,0.998017026,1
166007,1524.336,569.0053538,373.5564915,1.523210992,0.754319176,167703,459.7463182,0.77451758,0.989886883,0.897790183,0.807982412,0.003427599,0.000901109,0.652835578,0.994406328,1
186519,1621.151,583.4342733,410.5504252,1.421102592,0.710518061,188837,487.3226515,0.833016239,0.987724863,0.891838066,0.835265725,0.003128015,0.000939177,0.697668832,0.991458985,1
174668,1618.159,631.7654455,356.5245112,1.772011252,0.825548959,178496,471.5869006,0.754880394,0.978554141,0.838264019,0.746458838,0.00361695,0.000692701,0.557200797,0.987366083,1
147218,1459.129,531.2387,353.5033198,1.502782775,0.746458324,148914,432.9477789,0.744732622,0.988610876,0.868927214,0.81497786,0.003608517,0.000981955,0.664188912,0.998131657,1
200116,1773.379,636.1081262,402.3250586,1.581080056,0.774577472,202634,504.7728249,0.773419082,0.987573655,0.799629034,0.793533055,0.003178697,0.00077748,0.62969471,0.995597747,1
214138,1763.646,653.1324411,422.1838463,1.547033234,0.762999966,217249,522.157993,0.800456041,0.985680026,0.865128802,0.799467244,0.003050054,0.000768582,0.639147875,0.988783004,1
156343,1506.752,555.7075541,359.7475096,1.5447155,0.762177247,158163,446.1637481,0.746377746,0.988492884,0.865375812,0.802875082,0.003554413,0.000911044,0.644608397,0.995736583,1
163850,1525.584,558.5600988,377.4236767,1.479928614,0.737169137,166547,456.749712,0.781488477,0.983806373,0.88467562,0.817727068,0.003408972,0.000940236,0.668677558,0.989595052,1
168226,1567.559,566.968178,384.1188829,1.476022667,0.735526116,171839,462.8088111,0.765896033,0.978974505,0.860310436,0.816287102,0.003370277,0.000923033,0.666324633,0.983510263,1
168405,1546.583,584.3296465,370.0301966,1.579140438,0.773942481,170625,463.0549703,0.756138957,0.986989011,0.884745539,0.792455035,0.003469788,0.000844075,0.627984982,0.991676479,1
203296,1716.579,627.5124928,416.8053569,1.505528858,0.747538554,205470,508.7676351,0.765018439,0.98941938,0.866984049,0.810768934,0.003086694,0.000822738,0.657346265,0.989653771,1
156593,1478.855,555.8219854,360.0328103,1.543809257,0.76185431,157868,446.5203243,0.802588284,0.991923632,0.899768988,0.803351318,0.003549469,0.000911938,0.645373339,0.996333336,1
152952,1477.762,522.9554346,375.9039206,1.391194414,0.695209889,155498,441.2986912,0.785735201,0.983626799,0.880148666,0.843855254,0.003419082,0.001069452,0.71209169,0.990657981,1
163117,1524.028,560.180104,371.8570345,1.506439443,0.747895106,165192,455.7269082,0.731154889,0.987438859,0.882517238,0.813536405,0.003434223,0.000927932,0.661841483,0.997024115,1
170146,1599.868,611.0735401,357.5056244,1.709269724,0.811000707,173278,465.442387,0.811022346,0.981924999,0.83534005,0.761679825,0.003591466,0.000745661,0.580156156,0.991643352,1
158001,1493.196,552.6877073,365.1189622,1.51371954,0.750716629,159353,448.5232673,0.779620456,0.991515692,0.890504388,0.811531108,0.003498001,0.000935881,0.658582739,0.99690956,1
151014,1456.767,532.7407511,362.5523583,1.469417421,0.732709244,152434,438.4940098,0.810269618,0.990684493,0.894225161,0.823090798,0.003527757,0.000998779,0.677478461,0.995498653,1
154160,1479.127,540.3809223,365.0610147,1.480248234,0.737302848,155782,443.0379309,0.813286064,0.989588014,0.885463444,0.819862272,0.003505325,0.000976949,0.672174146,0.994984592,1
167124,1525.144,537.0799916,397.5550317,1.3509576,0.672369501,168590,461.290457,0.748729896,0.991304348,0.902873663,0.858885947,0.003213662,0.001078753,0.737685069,0.996581251,1
173967,1605.55,604.93982,370.0099489,1.634928525,0.79113039,176528,470.6396327,0.72534304,0.985492386,0.84806486,0.777994136,0.003477325,0.000785833,0.605274876,0.98958116,1
203677,1728.486,662.5508971,393.5188546,1.683657312,0.804505578,205511,509.2441563,0.802263292,0.991075903,0.856682945,0.768611375,0.003252949,0.0007003,0.590763446,0.994643196,1
190130,1653.353,632.0055466,385.2937073,1.640321486,0.792681037,191870,492.0173113,0.81492435,0.99093136,0.874036032,0.778501572,0.003324071,0.000753161,0.606064697,0.994140945,1
171914,1595.676,598.5416463,368.3583724,1.624889486,0.788194304,174673,467.854361,0.815980331,0.984204771,0.848460607,0.781657156,0.003481634,0.00080173,0.610987909,0.99278783,1
171116,1598.192,613.7203747,361.9939189,1.695388631,0.807523598,174786,466.7672417,0.673960992,0.979002895,0.841865241,0.760553602,0.003586575,0.000740251,0.578441782,0.980683621,1
153287,1484.785,534.7542054,368.3810922,1.45163315,0.724876084,155347,441.7816996,0.789707685,0.986739364,0.873751724,0.826139739,0.003488582,0.001002404,0.682506868,0.990749595,1
183410,1635.855,614.4548917,384.2737319,1.599003108,0.780312618,185080,483.2441049,0.754252204,0.990976875,0.86127782,0.786459855,0.003350171,0.000790593,0.618519103,0.989013968,1
164968,1551.497,575.8143385,367.2202006,1.568035575,0.770251183,166784,458.3053362,0.786258305,0.989111665,0.861207281,0.795925536,0.003490461,0.000864077,0.633497459,0.993346553,1
158083,1508.225,582.5025195,348.1777587,1.673003243,0.801699363,159942,448.6396404,0.77128708,0.988377037,0.873298597,0.770193476,0.003684789,0.000799819,0.593197991,0.992422163,1
213307,1785.693,664.7511897,414.6074684,1.603326617,0.781661226,219982,521.1438454,0.799933247,0.969656608,0.840623215,0.783968278,0.003116406,0.000726152,0.614606261,0.985414577,1
186401,1757.418,672.2481021,359.7590937,1.868606281,0.844751849,191438,487.1684764,0.773047175,0.973688609,0.758416829,0.724685536,0.003606462,0.000613563,0.525169126,0.981334328,1
170186,1602.527,581.4943271,381.3481079,1.524838632,0.754928506,174345,465.4970947,0.777701616,0.976145,0.832765997,0.80051872,0.003416816,0.00086554,0.640830222,0.977162679,1
158140,1564.995,536.7652652,378.4083166,1.418481681,0.709228037,160990,448.7205161,0.829286711,0.982297037,0.811382599,0.835971597,0.003394241,0.001022559,0.698848511,0.991303812,1
203793,1754.602,664.2640948,397.0850735,1.67285083,0.801658757,207056,509.3891504,0.797811619,0.984240978,0.831843996,0.766847334,0.003259504,0.000695292,0.588054834,0.983728017,1
152533,1504.648,548.8942349,354.891811,1.546652298,0.762865061,154915,440.6938251,0.774908555,0.984623826,0.846649881,0.802875667,0.003598528,0.000922354,0.644609337,0.996986512,1
202626,1715.46,644.7516591,406.4288112,1.58638276,0.776298976,207843,507.9285737,0.744018506,0.974899323,0.865254454,0.787789479,0.003181979,0.000755993,0.620612263,0.984528595,1
203101,1734.279,650.4675322,402.3138876,1.616816004,0.785785139,206039,508.5235735,0.743333455,0.985740564,0.848562812,0.781781639,0.00320268,0.000737964,0.611182531,0.988169698,1
185149,1647.795,645.0968411,368.5878257,1.750184884,0.820693835,186539,485.5296371,0.83314134,0.992548475,0.856889603,0.752646124,0.003484204,0.000689678,0.566476188,0.991438062,1
182361,1634.593,608.4481311,385.2641755,1.579301087,0.773995183,184578,481.8601837,0.827034014,0.987988818,0.857674622,0.791949484,0.003336504,0.000809583,0.627183986,0.99051235,1
156645,1504.799,569.848846,352.3202346,1.61741731,0.785966072,158624,446.5944564,0.776065793,0.987523956,0.869299467,0.783706872,0.003637836,0.000846521,0.614196461,0.993411987,1
140313,1432.029,517.4259023,347.2543044,1.490048923,0.741349726,141966,422.6725213,0.721240439,0.988356367,0.85981328,0.816875459,0.003687655,0.001012869,0.667285515,0.994288063,1
174091,1588.111,584.7234815,383.24983,1.525697954,0.755249221,176822,470.8073338,0.750871245,0.984555089,0.867410103,0.805179454,0.003358723,0.000870813,0.648313954,0.989131273,1
186439,1663.337,627.8109193,382.6947468,1.640500489,0.792732192,188370,487.2181313,0.848622642,0.989748898,0.846810301,0.776058709,0.00336738,0.000753443,0.602267119,0.988019504,1
183612,1610.186,590.3071646,396.9258523,1.487197574,0.740182875,185076,483.5101439,0.797979974,0.992089736,0.889936117,0.81908229,0.003214971,0.000892621,0.670895797,0.997754602,1
233751,1849.371,706.9930758,423.527988,1.669294818,0.800707613,237344,545.5465304,0.819204525,0.984861635,0.858845917,0.771643385,0.003024556,0.000661467,0.595433514,0.99395408,1
159596,1509.379,536.5140723,379.8883152,1.412294221,0.706144499,161161,450.7814752,0.765492498,0.990289214,0.880309238,0.840204383,0.003361701,0.001033424,0.705943406,0.996999792,1
151091,1464.044,536.354184,361.5721968,1.483394433,0.738613139,153478,438.6057866,0.761159893,0.984447282,0.88580923,0.817754014,0.003549875,0.000979227,0.668721627,0.991977938,1
168972,1604.737,615.6769034,353.5306222,1.741509405,0.818704878,171065,463.8338413,0.82385178,0.987764885,0.824549773,0.753372164,0.003643662,0.000724029,0.567569618,0.988427828,1
182178,1655.89,635.9195747,368.3386072,1.726453763,0.815169845,183979,481.6183487,0.796302124,0.990210839,0.834916083,0.757357326,0.00349065,0.000708418,0.573590119,0.99027682,1
173809,1558.175,567.890055,391.4866953,1.450598607,0.724408867,175580,470.4258624,0.818340615,0.98991343,0.899600443,0.828374891,0.003267322,0.000949029,0.68620496,0.99540796,1
162310,1574.43,595.5099512,352.5959203,1.688930351,0.805871311,165976,454.5981858,0.796883362,0.977912469,0.822826801,0.763376304,0.003668966,0.000768561,0.582743382,0.984212985,1
165817,1563.293,602.4823693,355.4534349,1.694968483,0.807416784,169163,459.4831461,0.736846549,0.980220261,0.852625174,0.762649946,0.003633417,0.000758221,0.581634939,0.985852891,1
152884,1469.576,523.1943401,374.4005792,1.397418618,0.698504995,154335,441.2005831,0.776127889,0.990598374,0.889585713,0.843282408,0.003422165,0.001067512,0.71112522,0.993739623,1
135222,1371.667,495.1024098,348.7846686,1.419507376,0.709734019,136192,414.9337269,0.772423484,0.992877702,0.9031499,0.838076565,0.003661404,0.001114198,0.702372329,0.997022701,1
165397,1538.645,571.3442984,370.2837764,1.542990363,0.761561892,166731,458.9008618,0.803990861,0.991999088,0.877931501,0.803194962,0.003454381,0.000886817,0.645122146,0.995417255,1
196264,1668.132,628.0231974,400.8060181,1.566900618,0.769868483,198006,499.8910741,0.834455782,0.991202287,0.886318231,0.795975493,0.00319989,0.000792344,0.633576985,0.99275217,1
186618,1640.612,609.8680528,391.8326654,1.556450257,0.766296076,188480,487.4519642,0.802865256,0.990120968,0.871267726,0.799274469,0.003268002,0.000822708,0.638839677,0.99432218,1
181168,1672.524,653.0310215,360.1947076,1.812994493,0.834126191,186215,480.2814402,0.752708901,0.97289692,0.813854253,0.735464969,0.003604561,0.000650549,0.540908721,0.980664533,1
163558,1524.86,574.7716573,363.9564508,1.579231955,0.773972506,164798,456.3425396,0.799528763,0.992475637,0.88393781,0.793954493,0.003514176,0.000861362,0.630363737,0.995490556,1
150169,1496.077,562.8234368,342.7948749,1.641866545,0.793121922,151971,437.2654905,0.779026276,0.988142475,0.843106155,0.776914147,0.003747934,0.000842294,0.603595592,0.99102341,1
230867,1815.073,671.6153919,440.686418,1.524021083,0.75462275,233243,542.1706318,0.741062802,0.989813199,0.880609833,0.807263559,0.002909101,0.000762079,0.651674454,0.993165607,1
223165,1827.554,669.0993605,428.401186,1.56185226,0.768153752,226058,533.0501881,0.751944175,0.987202399,0.839644622,0.796668207,0.002998227,0.000744997,0.634680233,0.991276756,1
140867,1414.336,500.3077756,360.1775879,1.389058599,0.694065317,142672,423.5061215,0.81376151,0.987348604,0.884940228,0.846491184,0.003551632,0.001124857,0.716547325,0.995326224,1
192239,1729.088,678.5730082,364.1296181,1.863547963,0.843829857,194337,494.7386147,0.820272231,0.98920432,0.808010806,0.729086788,0.003529841,0.00061525,0.531567544,0.990601614,1
213022,1849.699,721.2160984,384.3779694,1.87632007,0.846141626,218065,520.7955782,0.737513762,0.976873868,0.782406047,0.722107534,0.003385641,0.000567843,0.521439291,0.978387006,1
164698,1546.544,569.9455173,369.0319236,1.544434183,0.762077076,166443,457.9301328,0.813894188,0.98951593,0.865313797,0.803462996,0.003460549,0.000889587,0.645552786,0.997013789,1
186542,1664.973,624.6485737,383.9255226,1.627004554,0.788818326,188989,487.3526969,0.765385294,0.987052156,0.845613879,0.780203009,0.003348568,0.000765366,0.608716736,0.990384901,1
205476,1746.64,679.0974408,386.4526105,1.757259292,0.822290479,207384,511.4881902,0.773850951,0.990799676,0.846377604,0.753188216,0.003304996,0.000656092,0.567292489,0.996879998,1
155247,1508.453,569.6478553,350.8270512,1.623728425,0.7878505,157360,444.597143,0.799624002,0.986572191,0.857372431,0.780477165,0.0036693,0.000839854,0.609144605,0.98908541,1
172351,1588.837,601.4149897,367.8191115,1.63508358,0.791175231,173929,468.4486191,0.83275433,0.990927332,0.857955933,0.778910781,0.003489478,0.000792303,0.606702004,0.992008485,1
162820,1525.029,551.6299825,377.1518839,1.46262025,0.729759001,164278,455.3118301,0.73386308,0.991124801,0.879754323,0.825393551,0.003387974,0.000969983,0.681274514,0.9964459,1
214563,1765.021,659.112828,417.5290886,1.578603374,0.773766151,217833,522.6759,0.737771038,0.9849885,0.865495757,0.792999131,0.003071885,0.000749334,0.628847622,0.992700978,1
172941,1635.318,643.132308,347.714665,1.849597882,0.841242452,175771,469.2497417,0.721399074,0.983899506,0.812649731,0.729631735,0.003718796,0.000650125,0.532362469,0.984656495,1
156250,1509.428,568.1211216,352.3572272,1.612344171,0.784431887,157716,446.031029,0.791620225,0.990704811,0.861797215,0.78509848,0.003635975,0.000852113,0.616379623,0.993816093,1
146521,1478.21,528.247208,357.8235196,1.47627861,0.73563429,150261,431.9216727,0.755107194,0.975109975,0.842631065,0.817650649,0.003605266,0.000994004,0.668552585,0.98696988,1
156041,1480.302,540.3492309,370.2427825,1.459445684,0.728362821,157801,445.7326237,0.803076622,0.988846712,0.89484525,0.824897304,0.003462867,0.000989043,0.680455562,0.993087933,1
226806,1812.548,679.9753874,428.6803406,1.586206138,0.776241976,229994,537.381027,0.768229731,0.986138769,0.867531735,0.790294821,0.002998048,0.000721398,0.624565904,0.99069027,1
159048,1511.124,564.0080169,362.6188926,1.555374054,0.765923128,161042,450.0068923,0.797352985,0.987618137,0.875261589,0.79787322,0.00354615,0.000886487,0.636601675,0.990153727,1
164983,1530.766,572.7412728,370.1513026,1.547316648,0.763100254,167334,458.3261719,0.795014504,0.985950255,0.884772153,0.800232485,0.003471517,0.00087814,0.64037203,0.990858303,1
192018,1667.608,637.5186106,385.1775668,1.655129129,0.796845999,193459,494.4541545,0.81848756,0.992551393,0.867688549,0.775591718,0.003320098,0.000741077,0.601542513,0.995630536,1
171994,1534.393,568.3886482,387.3556881,1.467355884,0.731820039,173315,467.9632061,0.783425419,0.99237804,0.918015352,0.823315539,0.0033047,0.00093665,0.677848476,0.99464495,1
194330,1672.373,628.0549768,395.8854849,1.586456187,0.776322666,196056,497.4219946,0.717082225,0.991196393,0.873139066,0.792003906,0.003231899,0.000784417,0.627270187,0.995136668,1
185677,1612.79,582.4894601,408.7146632,1.425173874,0.712503289,187533,486.2214505,0.767399858,0.990103075,0.897041077,0.83473004,0.003137112,0.000939494,0.69677424,0.993024444,1
170659,1555.849,572.062147,381.5330734,1.499377608,0.745108382,172297,466.1435267,0.797062258,0.99049316,0.885939714,0.814847703,0.003352077,0.00091159,0.66397678,0.995551916,1
172546,1574.542,597.1470818,370.9714792,1.609684612,0.783620587,174186,468.7135484,0.750382702,0.990584777,0.874593531,0.784921442,0.003460799,0.000810328,0.61610167,0.991729378,1
192106,1680.348,605.2438765,407.4641658,1.485391667,0.739439411,194851,494.5674433,0.814008475,0.985912312,0.854972855,0.817137459,0.003150572,0.000866462,0.667713627,0.991816257,1
200419,1716.101,651.2283237,394.7898344,1.649556972,0.795294421,202151,505.1548241,0.786650967,0.991432147,0.855190891,0.775695414,0.003249334,0.00072567,0.601703375,0.992543997,1
157613,1470.934,516.2064274,389.9328574,1.323834136,0.655285113,158756,447.9722138,0.770723716,0.992800272,0.915409734,0.867816033,0.003275151,0.001145834,0.753104666,0.996985665,1
203686,1722.932,660.997605,394.6847598,1.674748235,0.80216333,206087,509.2554073,0.790961373,0.988349581,0.862253109,0.770434573,0.003245179,0.00070528,0.593569431,0.994079357,1
157188,1515.306,587.4231566,342.8149349,1.713528487,0.812047665,158675,447.3678325,0.802651198,0.990628643,0.860257696,0.761576774,0.003737074,0.000775472,0.579999182,0.993845121,1
182940,1636.335,624.297759,376.421904,1.658505396,0.797777077,185434,482.6245355,0.792689268,0.986550471,0.858566817,0.773067865,0.003412582,0.000751854,0.597633924,0.991179087,1
168313,1526.465,526.0285073,408.3425662,1.288203951,0.630394919,169751,462.9284691,0.798115587,0.991528769,0.90772401,0.880044451,0.003125299,0.001156351,0.774478236,0.997685924,1
223035,1817.278,680.8125549,419.9943465,1.621004093,0.787040298,225889,532.894907,0.761092115,0.987365476,0.848672533,0.782733666,0.003052492,0.00070679,0.612671992,0.993143807,1
156138,1492.597,544.8096146,365.6894891,1.489814804,0.74125424,157649,445.8711429,0.769956802,0.990415417,0.880710851,0.81839808,0.003489283,0.000965549,0.669775418,0.997841334,1
160568,1505.45,542.6695257,380.3112274,1.426909033,0.713342556,162914,452.1521063,0.805809408,0.985599764,0.890299624,0.833199737,0.003379687,0.001004738,0.694221802,0.990591361,1
160359,1496.093,534.1527617,384.1252535,1.39056924,0.694875602,162102,451.8577433,0.757296271,0.989247511,0.900297453,0.845933552,0.003330981,0.001052197,0.715603575,0.99509632,1
155913,1510.721,574.9772165,347.1721053,1.65617343,0.797134712,157587,445.5497695,0.772772331,0.989377296,0.858467108,0.774899869,0.003687808,0.00082022,0.600469807,0.994482139,1
138059,1459.686,540.6778226,334.1664759,1.61798942,0.786137994,143275,419.2638528,0.767369603,0.963594486,0.814246128,0.775441188,0.003916281,0.000873472,0.601309035,0.972911657,1
157579,1512.321,558.9937995,362.314853,1.542839867,0.761508089,159950,447.9238933,0.710932953,0.985176618,0.865805297,0.801303867,0.003547388,0.000902147,0.642087888,0.990638791,1
161603,1533.725,575.4908218,361.954692,1.58995265,0.777446118,163875,453.6070217,0.826351745,0.986135774,0.863305066,0.788208959,0.003561139,0.00084788,0.621273363,0.987795231,1
206303,1734.416,666.0177998,395.9859468,1.681922819,0.804053018,207854,512.5164756,0.817592042,0.992538032,0.861804713,0.769523691,0.003228348,0.00069831,0.592166711,0.995978704,1
165366,1566.762,592.0672143,360.1940718,1.643745027,0.793655948,168206,458.8578544,0.85841985,0.983115941,0.846544955,0.775009734,0.003580344,0.00079677,0.600640088,0.987299158,1
184715,1664.133,643.8353874,368.5698852,1.746847513,0.81993278,187214,484.9602484,0.798733028,0.986651639,0.838177431,0.753236398,0.003485561,0.000692114,0.567365072,0.991100265,1
161473,1556.283,605.285003,343.0184745,1.764584266,0.823920278,163971,453.4245351,0.800064412,0.984765599,0.837785098,0.749109152,0.003748521,0.000728149,0.561164521,0.990222084,1
171055,1550.608,581.8116212,376.6415788,1.54473551,0.76218437,172890,466.6840369,0.816803553,0.989386315,0.894008395,0.802122233,0.003401313,0.000868538,0.643400077,0.993882946,1
138244,1395.699,510.6812515,346.6453918,1.473209405,0.734332324,139249,419.544667,0.797365264,0.992782713,0.891810581,0.8215392,0.003694057,0.001037998,0.674926658,0.9943083,1
202236,1685.383,633.5119695,408.9218693,1.549224967,0.763773753,203633,507.439526,0.79706455,0.993139619,0.894686971,0.800994378,0.003132538,0.000795415,0.641591994,0.993970335,1
142238,1425.362,516.4426267,351.4148645,1.469609509,0.732791853,143764,425.5620359,0.767464321,0.989385382,0.879782154,0.824025775,0.003630834,0.001032641,0.679018478,0.997892013,1
154727,1478.08,550.0082402,358.9115247,1.532434047,0.757739957,156062,443.8519292,0.768180915,0.991445707,0.889979674,0.806991417,0.003554701,0.000929948,0.651235147,0.997974912,1
168514,1547.595,567.0395457,381.1117797,1.487856256,0.740453186,170385,463.204802,0.823023199,0.989018986,0.884160718,0.816882712,0.00336494,0.000924264,0.667297366,0.99284256,1
164596,1550.902,583.9204222,360.6172305,1.619224964,0.786508532,166206,457.7883093,0.816059813,0.990313226,0.85992471,0.78399092,0.003547598,0.00082672,0.614641763,0.995243287,1
144404,1444.937,526.193572,350.8538321,1.499751531,0.745257189,145991,428.7900223,0.763525232,0.989129467,0.869143053,0.814890271,0.003643899,0.000991157,0.664046153,0.995904235,1
181118,1654.091,632.3590715,370.3584898,1.707424263,0.810544168,185974,480.21516,0.770472277,0.973888823,0.831864671,0.759402658,0.00349142,0.000716259,0.576692398,0.984658592,1
199021,1747.665,705.4098964,364.7685377,1.933856195,0.855924066,202063,503.3899159,0.783763242,0.984945289,0.818827445,0.713613345,0.003544399,0.000566989,0.509244006,0.984804677,1
144079,1462.012,534.5994627,346.3307358,1.543609641,0.761783083,146415,428.3072266,0.6931207,0.984045351,0.847049275,0.801174069,0.003710461,0.000943007,0.641879888,0.990811984,1
168684,1534.945,583.5431611,368.6418716,1.582954097,0.775188288,169806,463.4383879,0.770021546,0.99339246,0.899700823,0.794180137,0.003459387,0.000848897,0.630722091,0.998404118,1
169004,1546.598,566.4156578,380.9707667,1.486769347,0.740006893,170517,463.8777598,0.736035259,0.991126984,0.887875269,0.81897058,0.003351493,0.000930018,0.670712811,0.997195248,1
146153,1476.383,526.1933264,356.528288,1.475881001,0.73546621,149267,431.3789276,0.731936098,0.979138055,0.842596259,0.819810716,0.003600291,0.001003164,0.67208961,0.991924286,1
139639,1379.183,473.7805979,376.5502411,1.258213503,0.606900693,140541,421.6561357,0.783916241,0.993581944,0.922513655,0.889981856,0.003392896,0.001313031,0.792067703,0.99659028,1
177893,1612.656,610.8765588,376.4234083,1.622844237,0.787588085,181791,475.9205841,0.717889427,0.978557794,0.859577917,0.779078158,0.003433955,0.000780366,0.606962776,0.985006043,1
156182,1527.693,552.8045062,360.9709715,1.531437567,0.757374083,157988,445.9339621,0.793829576,0.988568752,0.840947079,0.8066757,0.003539489,0.00092452,0.650725685,0.99654576,1
137748,1389.634,499.3705441,353.3013142,1.413440947,0.706720051,138869,418.7913571,0.809463366,0.991927644,0.896384428,0.838638486,0.003625247,0.001106156,0.70331451,0.994093528,1
140964,1425.6,538.2389592,334.9105788,1.607112445,0.782831306,142173,423.651908,0.815197779,0.991496276,0.871611006,0.787107475,0.003818272,0.00090403,0.619538177,0.995667514,1
182976,1623.533,617.4970769,380.3828735,1.623356676,0.787740233,184527,482.67202,0.793546708,0.991594726,0.872331896,0.781658793,0.003374744,0.000777122,0.610990469,0.991855457,1
188362,1657.968,639.8234602,377.824013,1.69344308,0.807028193,191016,489.7243583,0.810619362,0.986105876,0.861094606,0.765405442,0.003396776,0.000719139,0.585845491,0.992095992,1
157916,1508.395,574.5180542,350.8609194,1.637452399,0.791858369,159638,448.4026047,0.76832057,0.989213095,0.872179411,0.780484793,0.003638124,0.000832751,0.609156512,0.997464793,1
178043,1635.951,632.9955102,362.3502488,1.746916174,0.819948488,181333,476.1211907,0.816112028,0.981856584,0.835976722,0.752171513,0.003555296,0.000701977,0.565761985,0.988338762,1
184259,1644.594,628.1734098,377.5461788,1.663831989,0.799232312,186648,484.3612756,0.815168246,0.987200506,0.856093443,0.771063003,0.003409187,0.000743344,0.594538154,0.9892116,1
200662,1706.597,635.674095,403.7872339,1.574279823,0.772338574,202914,505.4609713,0.775011104,0.988901702,0.865790956,0.795157417,0.003167885,0.000781199,0.632275318,0.995378275,1
164981,1541.203,554.9226251,382.8316956,1.449521112,0.723920866,167564,458.3233938,0.793868703,0.984584994,0.872818824,0.825923062,0.003363555,0.000965465,0.682148905,0.988789239,1
168315,1604.519,633.0053489,345.1358936,1.83407568,0.838284042,171729,462.9312195,0.786459891,0.98011984,0.821566944,0.731322761,0.003760837,0.000663591,0.534832981,0.980924163,1
155917,1507.244,553.8696768,361.7394028,1.531128963,0.757260593,158297,445.5554849,0.7876585,0.984964971,0.862454528,0.804441015,0.003552337,0.000917637,0.647125346,0.99083236,1
210260,1739.133,648.6103637,417.8989247,1.552074737,0.7647738,213691,517.4082978,0.823341452,0.983944106,0.873576479,0.797718209,0.003084802,0.000770557,0.636354341,0.987669497,1
221203,1792.381,689.2430553,412.2568809,1.671877626,0.801399164,224322,530.7018061,0.739191312,0.98609588,0.865247222,0.769977734,0.003115885,0.000675575,0.592865711,0.991198918,1
176119,1613.423,612.2088114,369.6122782,1.656354097,0.797184595,177629,473.54163,0.685048038,0.991499136,0.850197038,0.77349692,0.003476109,0.000767551,0.598297485,0.990992491,1
183754,1630.759,625.5357421,376.067177,1.663361709,0.799104499,185287,483.6970739,0.822621947,0.991726349,0.868294595,0.773252496,0.003404202,0.000750724,0.597919423,0.994556272,1
195332,1691.955,624.8906194,402.3179203,1.553225914,0.765175845,198864,498.7027439,0.75880662,0.982239118,0.857443761,0.798064059,0.003199121,0.0008005,0.636906242,0.989259279,1
187761,1664.833,615.0686123,393.7663939,1.56201398,0.768208999,192202,488.942461,0.816710816,0.976894101,0.851282885,0.794939705,0.003275806,0.000806928,0.631929134,0.987082142,1
216075,1767.457,684.2747669,404.0402969,1.693580497,0.80706325,217769,524.5142845,0.811933535,0.992221115,0.869193905,0.766525831,0.003166839,0.000674393,0.58756185,0.99508329,1
166862,1545.005,580.3276343,368.7448381,1.573791886,0.772176558,168545,460.928733,0.837849916,0.990014536,0.87843075,0.794256047,0.00347789,0.000853764,0.630842669,0.992815074,1
169553,1587.35,625.2960707,348.7432745,1.792998221,0.830025772,171550,464.6305893,0.781537511,0.988359079,0.845609688,0.743056947,0.003687909,0.000693503,0.552133627,0.98997461,1
148325,1454.931,549.7336941,344.9498497,1.593662657,0.778628353,149846,434.5724974,0.778886952,0.989849579,0.880520408,0.790514575,0.003706278,0.000892806,0.624913293,0.995900979,1
154364,1481.35,556.1528852,353.8528242,1.571706786,0.77148213,155283,443.3309701,0.813058318,0.994081773,0.883976102,0.797138668,0.003602867,0.000897353,0.635430056,0.998709732,1
177711,1607.597,607.9823028,375.2245473,1.620315907,0.786834855,179829,475.6770677,0.747658715,0.988222144,0.864111531,0.782386371,0.003421186,0.000790754,0.612128434,0.991841439,1
226687,1839.808,720.6955205,405.5372409,1.777137703,0.826659415,231500,537.2400326,0.758383851,0.979209503,0.841572379,0.74544661,0.003179254,0.000605579,0.555690648,0.987538802,1
183093,1626.402,606.628063,386.8273814,1.568213865,0.770311209,185169,482.8263124,0.775817797,0.98878862,0.869812822,0.795918194,0.003313224,0.000820171,0.633485772,0.993441171,1
147030,1444.299,532.8676944,352.3069045,1.512509939,0.75025138,148198,432.6712496,0.824320915,0.992118652,0.885730501,0.8119675,0.003624211,0.000971735,0.659291221,0.997184524,1
138114,1368.731,483.7173648,364.5190225,1.327001706,0.657357888,139491,419.3473578,0.793950264,0.990128395,0.926427334,0.866926408,0.003502305,0.001220289,0.751561398,0.997323257,1
203536,1735.247,648.1573185,401.698875,1.613540288,0.784795183,206049,509.0678579,0.774879315,0.987803872,0.849431759,0.785407868,0.003184485,0.000747481,0.61686552,0.995337369,1
197245,1702.646,642.0772453,396.0853901,1.621057634,0.787056268,200777,501.1388371,0.802082825,0.982408344,0.855002023,0.78049618,0.003255227,0.000745151,0.609174287,0.987506628,1
198796,1739.161,689.3857988,372.7612894,1.849402871,0.84120581,202308,503.1052857,0.825324864,0.982640331,0.825919899,0.729787713,0.003467805,0.000606765,0.532590107,0.984973672,1
135403,1381.938,523.2554269,332.1957763,1.575141721,0.772624311,137618,415.2113366,0.787849695,0.983904722,0.890965798,0.793515586,0.00386443,0.00094512,0.629666985,0.991814739,1
175822,1591.722,606.095091,374.2659261,1.619423647,0.786568021,178759,473.1421808,0.732494001,0.983570058,0.872064569,0.78064018,0.003447208,0.00078968,0.60939909,0.986875297,1
141519,1442.904,523.1006681,347.0957926,1.507078678,0.748144919,143783,424.4850847,0.780600678,0.98425405,0.854180672,0.811478766,0.003696328,0.000988687,0.658497788,0.992407975,1
180097,1628.676,605.1446051,381.9444587,1.584378543,0.775650795,182527,478.8597104,0.733963387,0.986686901,0.853192343,0.791314516,0.003360104,0.000812698,0.626178664,0.992104039,1
194219,1695.206,639.867505,392.1446533,1.63171294,0.790197019,197270,497.2799123,0.820812449,0.984533888,0.849291184,0.777160753,0.003294567,0.000741347,0.603978837,0.985520083,1
168744,1573.509,602.3624915,357.8278181,1.683386425,0.804435008,170252,463.5208018,0.73513344,0.991142542,0.856445518,0.769504756,0.003569682,0.000772066,0.592137569,0.996796345,1
146154,1460.105,540.3383352,346.7667545,1.558218394,0.766906738,148196,431.3804034,0.735713998,0.986220951,0.861494271,0.798352394,0.003697048,0.000926432,0.637366545,0.993156274,1
164154,1532.775,589.430266,356.9019467,1.651518776,0.795842826,165847,457.1732322,0.748809415,0.989791796,0.87802022,0.775618862,0.003590715,0.000801593,0.601584619,0.993528294,1
175054,1619.861,607.6671569,370.082794,1.641976246,0.793153169,177343,472.1076946,0.768168155,0.987092809,0.838351999,0.776918234,0.003471313,0.000780144,0.603601943,0.991100052,1
169969,1592.346,601.3500192,363.5449397,1.654128427,0.796568728,172267,465.2002281,0.745631775,0.986660243,0.842373509,0.773593104,0.003537998,0.000781606,0.598446291,0.989907021,1
186765,1648.501,635.8735911,377.526881,1.684313417,0.804676337,188680,487.6439106,0.808044754,0.989850541,0.863628422,0.766888132,0.003404672,0.000726412,0.588117407,0.99057404,1
170067,1545.389,549.5836288,396.7035678,1.385376068,0.692074931,171795,465.3343203,0.785383763,0.9899415,0.894858322,0.846703388,0.003231571,0.001024516,0.716906627,0.993185283,1
183422,1639.468,621.549178,380.415314,1.633870023,0.790823874,186364,483.2599133,0.789931094,0.984213689,0.857542001,0.777508732,0.003388629,0.00076388,0.604519828,0.987706826,1
188247,1691.965,664.1887128,368.0132442,1.804795679,0.832463864,194252,489.5748406,0.727547132,0.969086547,0.826333154,0.737102018,0.003528283,0.000642471,0.543319385,0.980580479,1
179496,1606.14,594.6168788,386.020211,1.540377581,0.760625022,181511,478.0600436,0.781402638,0.988898744,0.874375223,0.803979942,0.003312703,0.000853774,0.646383747,0.995675032,1
171566,1554.742,575.3363956,381.6426689,1.507526392,0.748319647,173000,467.3805898,0.828037221,0.991710983,0.891916973,0.812360548,0.003353441,0.000900877,0.65992966,0.99486138,1
212510,1769.746,670.9666466,408.5605262,1.642269881,0.79323677,216642,520.1693336,0.83981442,0.980927059,0.852643246,0.775253638,0.003157342,0.00070352,0.601018203,0.987034092,1
173392,1608.021,620.2462774,358.0876099,1.732107619,0.816509971,175368,469.8612041,0.839040914,0.988732266,0.842666032,0.757539741,0.003577133,0.000726669,0.573866459,0.993998465,1
145163,1449.277,535.8624458,346.3839439,1.547018721,0.762994828,146814,429.9154243,0.704613189,0.988754478,0.868486354,0.802286907,0.003691453,0.0009434,0.643664281,0.995760693,1
132399,1335.884,486.8595673,346.5807118,1.404750901,0.702311275,133434,410.5796421,0.789965454,0.992243356,0.93230298,0.84332253,0.003677215,0.001147291,0.71119289,0.999048853,1
156513,1500.447,569.2031874,352.8267399,1.613265445,0.784711791,157878,446.4062509,0.791232957,0.991354084,0.873612744,0.784265199,0.003636779,0.000848689,0.615071902,0.992274245,1
154772,1499.695,571.5532443,347.1984701,1.646185953,0.794346607,156330,443.9164683,0.706824742,0.990033903,0.864761551,0.776684364,0.003692872,0.000828939,0.603238602,0.993042913,1
134012,1385.807,517.7649124,331.9160237,1.559927438,0.767494559,135500,413.0730902,0.76070569,0.98901845,0.876895924,0.79780047,0.003863571,0.000965486,0.636485589,0.992871334,1
164201,1560.469,570.6124442,368.330017,1.549188005,0.763760738,166229,457.2386756,0.806868661,0.987799963,0.847374461,0.801312134,0.003475085,0.000883796,0.642101137,0.994735379,1
164670,1590.236,632.8435071,337.2340882,1.876570398,0.846186403,167485,457.8912052,0.824574493,0.983192525,0.818278589,0.723545711,0.003843101,0.000649719,0.523518396,0.982419124,1
192812,1678.819,654.8477552,378.2192824,1.731397064,0.81634239,194740,495.475391,0.814955704,0.99009962,0.859678711,0.756626845,0.003396302,0.000686615,0.572484183,0.991197433,1
153075,1456.617,522.3663458,374.7944989,1.393740696,0.696565119,154335,441.476096,0.801406224,0.991835941,0.906616009,0.845146514,0.003412486,0.001073937,0.714272629,0.995510832,1
186003,1660.027,633.3096037,374.2694279,1.692122189,0.806690699,187431,486.6481019,0.778470205,0.992381196,0.848202424,0.768420531,0.003404835,0.000732271,0.590470112,0.999147579,1
139523,1410.901,501.721529,354.9685707,1.413425217,0.706712168,140892,421.4809616,0.732219703,0.990283338,0.880770149,0.840069515,0.003595977,0.001104734,0.70571679,0.997477907,1
171423,1547.307,565.2782103,387.5673869,1.458528838,0.727957392,173027,467.1857687,0.768265137,0.99072977,0.899758534,0.826470506,0.003297563,0.000949035,0.683053498,0.996253224,1
174325,1617.626,608.1851598,369.6825682,1.645155093,0.794055374,177123,471.1236394,0.766075164,0.984203068,0.837169313,0.774638499,0.003488801,0.000774912,0.600064804,0.987199669,1
164498,1591.267,616.7934563,345.4119747,1.785674793,0.828484235,168989,457.652006,0.793909266,0.973424306,0.816364993,0.741985832,0.00374955,0.000701038,0.550542975,0.983090713,1
169095,1529.214,547.6732621,394.2119678,1.389286239,0.69418765,171300,464.0026302,0.78006643,0.987127846,0.908665626,0.847225275,0.00323885,0.001029357,0.717790667,0.997216696,1
159200,1537.846,577.6799314,354.2113808,1.630890374,0.789957192,162095,450.2218737,0.80306699,0.982140103,0.845915987,0.779362151,0.003628643,0.000825812,0.607405362,0.990611558,1
176818,1633.063,643.6465922,353.8156187,1.819158223,0.835358987,178964,474.4804209,0.730701203,0.988008762,0.833163929,0.73717538,0.003640164,0.000663108,0.54342754,0.988580678,1
160250,1511.116,552.8430862,369.9830545,1.494238937,0.743049005,161847,451.7041477,0.819035353,0.990132656,0.881885687,0.8170567,0.003449879,0.000948402,0.667581651,0.997526497,1
225335,1802.309,676.7098296,428.7621503,1.578287237,0.773662254,228491,535.635541,0.786108999,0.98618764,0.871726031,0.791529128,0.003003128,0.000727145,0.62651836,0.988825931,1
169128,1572.037,602.5377947,360.9070447,1.669509652,0.80076528,171304,464.0479046,0.770669291,0.987297436,0.86000277,0.770155679,0.003562614,0.000773148,0.59313977,0.990252572,1
149462,1505.818,564.9686079,341.4807662,1.654466851,0.796662565,152402,436.2349468,0.798135253,0.980708915,0.828315303,0.772140152,0.003780015,0.000828815,0.596200415,0.986393822,1
179180,1624.796,619.7963023,372.5204849,1.663791194,0.79922123,181677,477.6390495,0.800911854,0.986255828,0.852907069,0.770638753,0.003459071,0.000752563,0.593884088,0.988099115,1
150648,1489.751,511.9428366,379.2845314,1.349759334,0.671645345,153091,437.9623168,0.781426037,0.984042171,0.852993778,0.855490663,0.003398272,0.001122791,0.731864275,0.987840636,1
170021,1556.114,583.2122412,373.5774606,1.561154788,0.767915236,171568,465.2713839,0.791959345,0.990983167,0.882327083,0.797773694,0.003430237,0.000857083,0.636442866,0.993585828,1
193432,1682.466,638.9842855,387.7218947,1.64804798,0.794871003,195899,496.2713689,0.788032363,0.987406776,0.858708166,0.77665661,0.003303405,0.000741409,0.60319549,0.994095108,1
184246,1642.028,646.5775398,365.2053645,1.770449185,0.825208377,186178,484.3441887,0.754945667,0.989622834,0.858710583,0.749089102,0.003509317,0.00068161,0.561134483,0.993460088,1
195076,1671.831,629.855816,397.1060279,1.586114971,0.776212545,196829,498.3758395,0.796257822,0.991093792,0.8770593,0.79125385,0.003228771,0.000780693,0.626082656,0.993039073,1
166639,1586.606,581.6554036,367.4490468,1.582955266,0.775188668,170464,460.6206297,0.768063237,0.977561245,0.831856339,0.791913265,0.003490512,0.000846797,0.627126619,0.992713384,1
162012,1528.138,588.9439114,353.5895882,1.665614404,0.799715569,163383,454.1806745,0.852268603,0.991608674,0.871830175,0.771178147,0.003635187,0.000793095,0.594715735,0.990567095,1
152869,1475.473,537.207402,365.4009172,1.470186244,0.733039629,154271,441.1789387,0.761098913,0.990912096,0.882402552,0.821245085,0.003514168,0.000986038,0.67444349,0.991557542,1
152063,1455.551,524.784869,371.247487,1.413571505,0.706785461,153860,440.0143462,0.764450678,0.988320551,0.901941903,0.838466145,0.003451102,0.001052155,0.703025477,0.993776781,1
129409,1348.888,484.364424,341.1726593,1.419704689,0.709831188,130688,405.9170559,0.79933414,0.990213333,0.893763394,0.838040607,0.003742896,0.001138801,0.702312059,0.997075723,1
237270,1921.685,738.1445017,412.9216472,1.787613962,0.828894543,240671,549.6376504,0.784114793,0.985868675,0.807399161,0.744620666,0.00311099,0.000589955,0.554459936,0.991160323,1
199788,1749.634,685.9410473,375.6152944,1.826179758,0.836745993,202653,504.3589814,0.792627094,0.985862533,0.820134052,0.735280362,0.003433345,0.000619026,0.540637211,0.98730073,1
182972,1640.716,587.4675312,398.9277317,1.472616428,0.734079576,185353,482.6667442,0.832504493,0.987154241,0.85413727,0.821605823,0.003210696,0.000902471,0.675036128,0.994069291,1
162866,1518.137,572.2055991,363.5925914,1.573754836,0.772164249,164395,455.3761431,0.811566616,0.990699231,0.888011038,0.795826087,0.003513352,0.000869309,0.633339161,0.996720568,1
158935,1504.266,546.7005455,372.9206027,1.465997163,0.731231334,160484,449.847004,0.706377778,0.990347947,0.88263294,0.822839867,0.003439774,0.000972682,0.677065446,0.992576023,1
183825,1594.423,582.2252398,402.7620548,1.445581163,0.72212432,185116,483.7905118,0.797851563,0.993025995,0.908672401,0.830933595,0.00316728,0.00093139,0.69045064,0.998102439,1
164719,1536.308,572.9178377,369.5414894,1.550347807,0.764168597,166293,457.9593263,0.818308726,0.990534779,0.876994717,0.799345554,0.003478153,0.000875924,0.638953315,0.99059987,1
178848,1643.858,650.513994,351.6060806,1.85012157,0.841340788,180604,477.1963391,0.803211986,0.99027707,0.831697417,0.733568138,0.003637245,0.000649702,0.538122213,0.995591513,1
174465,1578.182,606.6889824,367.9978452,1.648621018,0.795031959,176301,471.3127806,0.808262143,0.989585992,0.880245893,0.776860623,0.003477425,0.000781286,0.603512427,0.994963272,1
135898,1385.644,509.4433176,341.4900636,1.491824717,0.742072131,137538,415.9695994,0.754787612,0.988076023,0.889446024,0.816517923,0.003748718,0.00102784,0.666701518,0.994601804,1
141385,1429.427,525.900924,344.3551184,1.52720519,0.755810115,143530,424.2840712,0.719165192,0.985055389,0.869539345,0.806775672,0.003719637,0.000972057,0.650886984,0.99403798,1
148931,1403.498,496.1268755,382.8269939,1.295955832,0.63607015,149919,435.4593421,0.823961272,0.993409775,0.950104496,0.877717704,0.003331253,0.00121957,0.770388368,0.998389299,1
234898,1869.885,695.1376297,432.5894199,1.606922402,0.782772808,238265,546.883372,0.799467698,0.985868676,0.844227291,0.786726756,0.002959317,0.000699305,0.618938988,0.994586925,1
174090,1619.733,620.8005824,362.7850013,1.711207961,0.811478333,176752,470.8059816,0.815104411,0.98493935,0.833867079,0.758385213,0.003565975,0.000727642,0.575148131,0.98419806,1
150664,1500.495,582.4382025,332.045178,1.754093241,0.821578695,152581,437.9855737,0.778818518,0.987436181,0.840911423,0.751986343,0.003865809,0.000762535,0.565483459,0.991910714,1
155439,1530.105,571.898425,351.3914853,1.627524994,0.788971427,158204,444.8719834,0.655324334,0.982522566,0.834309885,0.777886359,0.003679247,0.000831004,0.605107187,0.984827071,1
166757,1565.85,588.4357894,364.0076394,1.616547912,0.785704391,169717,460.7836876,0.743660753,0.982559201,0.854660484,0.783065367,0.003528702,0.00081844,0.61319137,0.991253228,1
187129,1600.835,576.3698506,416.2622526,1.384631556,0.691669896,189047,488.1188818,0.773110181,0.989854375,0.917609326,0.846884828,0.003080067,0.000977321,0.717213912,0.993077015,1
164326,1532.137,575.6881804,366.3518001,1.571408085,0.771382372,165918,457.4126818,0.842464138,0.990404899,0.879672361,0.794549371,0.00350333,0.00086128,0.631308703,0.9920436,1
190505,1693.703,648.0574493,376.3201004,1.722090977,0.814125178,192570,492.5022837,0.781703289,0.989276627,0.834529569,0.759967013,0.003401787,0.000699948,0.57754986,0.994593403,1
172967,1599.26,604.4735422,370.185916,1.632891788,0.790539965,175602,469.285014,0.746432193,0.984994476,0.849835692,0.776353275,0.003494733,0.000783125,0.602724407,0.984183735,1
162230,1486.167,543.4072553,381.8371778,1.423138675,0.711513713,163470,454.4861399,0.782834863,0.99241451,0.923008722,0.836363769,0.00334961,0.001011009,0.699504353,0.995491698,1
178573,1634.814,619.885914,373.2696081,1.660692166,0.798376522,183684,476.829325,0.664534328,0.97217504,0.839631962,0.769221101,0.003471331,0.000749688,0.591701102,0.982633384,1
160687,1513.858,579.7961934,355.7084648,1.629975811,0.789690029,162673,452.3196245,0.788833688,0.987791459,0.88109011,0.780135554,0.003608233,0.000824432,0.608611483,0.992021995,1
168165,1588.556,614.8503149,350.5733646,1.753842069,0.821522035,170374,462.7248946,0.813523163,0.987034407,0.837414386,0.752581374,0.003656232,0.000723481,0.566378724,0.993338833,1
208502,1770.466,674.4861852,401.0171551,1.681938482,0.804057113,212629,515.2407122,0.679936996,0.980590606,0.835881873,0.763901061,0.003234915,0.000679502,0.58354483,0.981486506,1
208936,1752.441,663.4179617,405.3769925,1.63654567,0.791597299,211979,515.7766741,0.791703138,0.985644804,0.854941363,0.777453587,0.003175221,0.000715569,0.60443408,0.989183976,1
190919,1627.569,596.8968719,408.8116613,1.4600779,0.728641811,192563,493.0371392,0.777129669,0.991462534,0.905691301,0.826000541,0.00312644,0.000897741,0.682276894,0.996177415,1
176352,1626.129,588.8901819,386.3377341,1.524288543,0.754722846,180410,473.854767,0.764090121,0.97750679,0.83806994,0.804657272,0.003339288,0.00086353,0.647473325,0.986936171,1
172359,1545.501,568.8688779,387.3404908,1.468653269,0.732380204,173829,468.459491,0.757455504,0.991543413,0.906786924,0.823492916,0.003300488,0.000936262,0.678140582,0.995953383,1
148827,1503.932,532.8745985,364.5403018,1.461771431,0.729386841,153846,435.3072728,0.749169418,0.967376467,0.826866108,0.816903778,0.003580497,0.000983573,0.667331783,0.975486535,1
139686,1402.293,508.6819485,350.946932,1.449455465,0.723891089,141092,421.7270907,0.76540274,0.990034871,0.892658229,0.829058495,0.00364161,0.001061241,0.687337988,0.996265803,1
159806,1560.008,600.0758879,347.0466396,1.729092921,0.815797311,164335,451.0779519,0.772009662,0.972440442,0.825181141,0.751701511,0.003755027,0.000739562,0.565055162,0.977032881,1
185350,1641.849,604.6545875,392.9410131,1.538792255,0.760053674,187679,485.793114,0.82800243,0.987590514,0.864044338,0.803422523,0.003262231,0.000838437,0.64548775,0.99327155,1
178200,1593.538,578.0201216,395.9361941,1.459881996,0.728555411,180886,476.3310686,0.757266701,0.985150869,0.881845931,0.824073507,0.003243659,0.000922739,0.679097145,0.991401695,1
145886,1438.541,539.4266472,345.674977,1.560502446,0.767691797,147342,430.9847146,0.757656493,0.990118228,0.885888353,0.798968158,0.00369759,0.000929429,0.638350117,0.99614692,1
190239,1658.79,615.3651524,394.5142925,1.559804458,0.76745234,192195,492.1583259,0.790134071,0.989822836,0.868813582,0.799782575,0.003234695,0.000816396,0.639652167,0.997732301,1
117034,1265.926,425.9237875,351.2151089,1.212714877,0.565721853,118019,386.0211353,0.746318911,0.991653886,0.917709597,0.906315042,0.003639317,0.001514664,0.821406955,0.996132434,1
191584,1634.627,580.6355825,421.0280125,1.379090144,0.688626991,193466,493.8950546,0.771318719,0.990272193,0.901014467,0.850611071,0.00303071,0.000978697,0.723539194,0.997825771,1
186431,1677.124,642.8633744,375.0821166,1.71392702,0.812145171,189926,487.2076781,0.814002532,0.981598096,0.832909174,0.757871264,0.003448264,0.000701717,0.574368853,0.984426296,1
225405,1796.132,663.2439941,435.8378565,1.52176775,0.753776829,228671,535.7187318,0.785208177,0.985717472,0.878004838,0.807724965,0.002942455,0.00077258,0.652419619,0.992831135,1
175738,1572.654,575.7955136,393.0693545,1.464870021,0.730741362,178091,473.029144,0.744810341,0.986787654,0.892913061,0.821522803,0.003276443,0.000920579,0.674899715,0.98864036,1
167176,1594.156,615.1699854,351.0757001,1.752243135,0.821160684,169856,461.3622158,0.659294548,0.984221929,0.826650928,0.749975172,0.003679775,0.000718106,0.562462759,0.985571508,1
144458,1440.778,524.9804748,351.9433714,1.491661777,0.742005983,146010,428.870188,0.761836956,0.989370591,0.874494989,0.816925978,0.003634139,0.000998417,0.667368054,0.995487417,1
184362,1653.005,615.7104168,384.505067,1.60130638,0.781032714,187863,484.4966346,0.785093771,0.981364079,0.847877168,0.78689043,0.003339682,0.000789845,0.619196549,0.991523384,1
142592,1408.745,519.7756355,351.2923849,1.479609743,0.73703563,144325,426.0912733,0.804164293,0.987992378,0.90290124,0.819759997,0.003645195,0.001015424,0.672006452,0.994307294,1
191756,1699.14,659.992234,373.0010084,1.769411393,0.824981528,193517,494.116709,0.66201287,0.990900024,0.834642506,0.74867049,0.003441834,0.00066701,0.560507502,0.99176836,1
155088,1485.027,526.9150884,375.6879369,1.402533956,0.701168898,156676,444.3694122,0.719168649,0.989864434,0.883729515,0.843341597,0.003397523,0.001060123,0.71122505,0.997517282,1
196212,1747.118,682.7367865,370.0172739,1.845148415,0.840403107,199571,499.8248469,0.838269221,0.983168897,0.807776013,0.732090107,0.003479587,0.000616546,0.535955924,0.988918224,1
132254,1358.189,497.7676684,339.6363418,1.465590124,0.731054561,133553,410.3547523,0.727117787,0.990273524,0.900944965,0.824390129,0.003763725,0.001072331,0.679619085,0.996043019,1
150467,1474.074,525.8869356,366.7114136,1.434062088,0.716760063,152958,437.6991371,0.787200092,0.983714484,0.870186926,0.832306542,0.003495032,0.00103458,0.692734181,0.993423826,1
188980,1696.319,650.0019914,374.7298894,1.734588059,0.817093087,192822,490.5270728,0.645608713,0.980074888,0.82529774,0.754654723,0.003439528,0.000688132,0.569503751,0.987854406,1
176570,1601.037,610.4912665,369.668142,1.651457611,0.795825763,178203,474.1475576,0.802714965,0.990836293,0.865613546,0.776665587,0.003457503,0.00077603,0.603209434,0.99617481,1
198281,1725.184,650.6859375,392.475928,1.657900246,0.797610692,201595,502.453192,0.708956665,0.9835611,0.837182461,0.772190028,0.003281635,0.000719725,0.596277439,0.988568512,1
171035,1631.451,614.2500673,361.1593732,1.70077288,0.808884201,175736,466.6567534,0.787744105,0.973249647,0.807507914,0.759717871,0.003591371,0.000737988,0.577171244,0.981637198,1
221428,1812.571,679.7200367,417.6382009,1.627533198,0.788973839,225247,530.9716432,0.805339153,0.983045279,0.846939419,0.781162265,0.003069711,0.000705086,0.610214484,0.99314433,1
149231,1447.234,537.3857065,354.9290902,1.514064982,0.750849239,150684,435.8977065,0.746845832,0.990357304,0.895347034,0.811144958,0.003601033,0.000961614,0.657956143,0.996188356,1
162019,1575.185,596.6920015,350.2521852,1.703606792,0.809594246,164165,454.1904862,0.715631625,0.986927786,0.82056441,0.761180785,0.003682852,0.000762632,0.579396188,0.987063281,1
174621,1591.312,590.5548666,379.9937603,1.554117273,0.765486391,177034,471.5234486,0.766365599,0.98636985,0.866554056,0.79844139,0.003381924,0.000847844,0.637508653,0.99076321,1
153261,1457.451,542.0882389,362.1338272,1.496927926,0.744130002,154519,441.7442313,0.836477061,0.991858606,0.906679077,0.81489359,0.003537027,0.000962103,0.664051564,0.99403733,1
181020,1593.456,594.8962104,388.8031964,1.530070267,0.756870603,182766,480.0852241,0.784145549,0.990446801,0.895893267,0.807006694,0.003286356,0.000859811,0.651259804,0.996473263,1
149264,1501.818,581.2359196,329.4838723,1.764080031,0.823808839,151608,435.9458996,0.807705628,0.984539074,0.831630348,0.75003262,0.003894013,0.000760147,0.562548931,0.992381336,1
210910,1748.332,675.7077433,400.4043103,1.68756361,0.805518772,212898,518.2074415,0.809840497,0.990662195,0.867080107,0.766910616,0.003203773,0.000683629,0.588151893,0.992543731,1
175512,1606.945,602.3650349,374.4872145,1.608506276,0.783259578,177479,472.7248872,0.78507432,0.988916999,0.854111666,0.78478142,0.003432045,0.000803022,0.615881877,0.990649864,1
161008,1496.088,505.5965214,407.8607156,1.239630349,0.590971969,163019,452.7711923,0.814059782,0.987664015,0.903947151,0.895518804,0.003140195,0.001245762,0.801953929,0.994126429,1
189503,1676.898,651.1912386,373.2266916,1.744760633,0.819454304,191559,491.2053679,0.796686342,0.989267014,0.846862028,0.754318146,0.003436311,0.000686263,0.568995866,0.992761587,1
132851,1369.46,511.9757505,333.4049732,1.535597222,0.758895493,134466,411.2798886,0.686341468,0.987989529,0.89017622,0.803319079,0.003853759,0.000989958,0.645321543,0.990953969,1
169410,1566.793,573.4514258,380.042361,1.508914491,0.748860131,172175,464.4346146,0.746181222,0.983940758,0.867212764,0.809893556,0.003384992,0.000898357,0.655927573,0.989738619,1
190062,1654.448,631.5148944,384.6502895,1.641789728,0.793100038,191654,491.9293185,0.763718336,0.991693364,0.872567264,0.778967088,0.003322678,0.000754648,0.606789725,0.996221137,1
150168,1474.752,548.3763466,351.4324088,1.56040346,0.767657862,151809,437.2640346,0.822946579,0.989190364,0.867659394,0.797379459,0.003651752,0.000910629,0.635814002,0.992126368,1
170711,1565.459,592.6428157,368.8767858,1.606614562,0.782677998,172417,466.2145385,0.793340459,0.990105384,0.875362575,0.786670362,0.003471615,0.00082013,0.618850259,0.994253838,1
184827,1607.292,599.8428246,393.4595067,1.52453509,0.754815056,186978,485.1072514,0.791838571,0.988495973,0.899053865,0.808723938,0.003245429,0.000856353,0.654034408,0.997098405,1
155333,1491.933,564.3184252,352.0819275,1.602804294,0.781499004,156942,444.7202696,0.74197755,0.989747805,0.876950245,0.788066187,0.003632959,0.000864353,0.621048315,0.995418906,1
191369,1683.208,650.4560824,381.3812679,1.705527085,0.81007302,194562,493.6178466,0.824894824,0.983588779,0.848800992,0.758879592,0.003398963,0.000695373,0.575898236,0.982210039,1
189236,1659.042,616.7189285,394.2323971,1.564353749,0.769005963,191867,490.8592043,0.69624277,0.986287376,0.863970397,0.795920446,0.003258994,0.000806755,0.633489356,0.991001449,1
175545,1617.952,628.5570239,358.5796123,1.752907868,0.82131105,177735,472.7693263,0.730831519,0.987678285,0.842688489,0.752150256,0.003580603,0.000706894,0.565730007,0.991672581,1
206702,1735.169,663.5370804,401.7599413,1.651576009,0.79585879,209401,513.0118521,0.700684746,0.987110854,0.862722218,0.773147225,0.003210114,0.000707537,0.597756631,0.987240511,1
167563,1560.256,576.8638252,372.7615058,1.5475413,0.7631797,169787,461.8959167,0.819703648,0.986901235,0.864960487,0.800701823,0.003442668,0.000872887,0.64112341,0.992164955,1
187588,1654.357,593.1580854,405.8803103,1.461411333,0.729228705,189950,488.7171572,0.716110462,0.987565149,0.861303973,0.823923958,0.003162026,0.000898863,0.678850688,0.992080089,1
180805,1631.287,631.507181,369.9237547,1.70712795,0.810470702,184775,479.8000374,0.737714617,0.978514409,0.853806683,0.759769725,0.003492753,0.000717919,0.577250035,0.98543967,1
147044,1438.437,527.3416878,356.5589039,1.478974952,0.736769522,148317,432.6918483,0.808845128,0.991417032,0.893049396,0.820515158,0.003586285,0.0010027,0.673245125,0.995712676,1
169361,1602.094,587.0730698,369.3906891,1.589301212,0.777237489,171156,464.3674434,0.799472246,0.989512492,0.829177073,0.790987472,0.003466401,0.000837022,0.625661181,0.994364073,1
201946,1713.493,665.4332105,388.2992918,1.71371214,0.812092608,203438,507.0755694,0.818307434,0.99266607,0.864331718,0.762023237,0.003295105,0.000685365,0.580679414,0.995117362,1
175717,1585.869,593.6952925,380.3224308,1.561031494,0.767873032,178427,473.0008806,0.802206883,0.984811716,0.877988898,0.79670647,0.003378702,0.000839698,0.634741199,0.990851002,1
198997,1716.787,653.6835728,392.2606567,1.666452043,0.799942038,201507,503.359563,0.759298687,0.987543857,0.848444739,0.770035509,0.003284892,0.000712433,0.592954686,0.988130548,1
182090,1621.335,617.0719422,379.3651246,1.626591118,0.788696578,183882,481.5020132,0.770881842,0.99025462,0.870463257,0.780301259,0.003388829,0.000774959,0.608870054,0.990382622,1
213012,1753.363,638.1534743,427.1834359,1.493862872,0.742897232,215532,520.7833541,0.729853078,0.988308001,0.870703437,0.816078538,0.002995857,0.00081965,0.66598418,0.994889039,1
169310,1542.564,576.8799274,376.7857755,1.531055483,0.757233558,171788,464.2975203,0.750827058,0.985575244,0.894141166,0.804842565,0.003407241,0.000881914,0.647771554,0.991774189,1
160641,1514.903,544.8924394,376.7901627,1.446142955,0.722381659,161945,452.2548769,0.778638941,0.991947884,0.879623071,0.829989268,0.003391989,0.000992942,0.688882185,0.996222119,1
181877,1596.933,596.6735481,389.934948,1.53018741,0.756913805,183602,481.220312,0.788400935,0.990604678,0.896219223,0.806505188,0.003280643,0.000856185,0.650450618,0.995311346,1
180012,1635.838,628.6451234,365.2951232,1.720923942,0.813844155,181815,478.7466939,0.801132191,0.990083326,0.84533867,0.761553182,0.00349224,0.000724577,0.579963249,0.99807264,1
199437,1707.904,634.5901354,403.7199053,1.571857436,0.771532417,201610,503.915742,0.794193191,0.989221765,0.859188955,0.794080642,0.003181908,0.000780415,0.630564066,0.991156816,1
159402,1508.083,529.6845988,384.0243698,1.379299442,0.688742833,161419,450.5074138,0.781190885,0.987504569,0.880750993,0.85052013,0.003322948,0.00107261,0.723384492,0.997763825,1
162493,1517.497,546.6827081,379.5352984,1.440400169,0.719732474,163687,454.854387,0.72670638,0.992705591,0.886724766,0.832026293,0.003364346,0.000994555,0.692267752,0.997142587,1
182835,1612.474,572.7845688,408.7107613,1.401442348,0.700603718,184739,482.4860124,0.813619737,0.989693568,0.883657075,0.842351625,0.003132795,0.000972939,0.709556261,0.994402192,1
171799,1542.958,560.1733753,392.0910174,1.428681991,0.714195937,173474,467.6978518,0.802139362,0.990344374,0.906822498,0.834916246,0.003260632,0.000977357,0.697085138,0.995912983,1
146618,1460.102,551.0396701,340.3802019,1.618894598,0.786409556,148342,432.0646197,0.815631954,0.988378207,0.864232837,0.784089863,0.003758336,0.000876272,0.614796914,0.995291403,1
144083,1416.894,508.2398866,362.8229776,1.400792998,0.700266674,145241,428.313172,0.797033865,0.992027045,0.901878189,0.842738209,0.00352741,0.001097505,0.71020769,0.994853959,1
171620,1583.298,566.1217778,389.903898,1.451952085,0.725019858,174696,467.4541375,0.790263759,0.98239227,0.860304977,0.825713046,0.003298693,0.000945885,0.681802034,0.989943885,1
181460,1662.937,645.9213641,360.1997962,1.793230787,0.83007437,184707,480.6683345,0.817188612,0.982420807,0.824592115,0.744159214,0.00355958,0.000673352,0.553772936,0.993042677,1
166256,1577.223,597.5389312,360.2287358,1.658776416,0.797851523,169300,460.0909842,0.696476897,0.982020083,0.839848572,0.769976583,0.003594089,0.000779253,0.592863938,0.983428718,1
154029,1525.752,567.6990173,350.4823129,1.619765096,0.786670196,157183,442.8496515,0.784461421,0.979934217,0.831465941,0.780078242,0.003685663,0.000841876,0.608522064,0.985662799,1
198671,1686.769,623.2703818,410.10045,1.519799312,0.753033996,201134,502.9470883,0.792427167,0.987754432,0.877471703,0.806948482,0.003137199,0.00082055,0.651165852,0.989641414,1
187777,1674.447,638.4466932,376.9398753,1.69376268,0.807109712,190000,488.9632931,0.821206158,0.9883,0.841607213,0.765863929,0.003400026,0.000721553,0.586547558,0.993472364,1
147827,1452.182,541.3785204,349.7474326,1.547912779,0.763310977,148921,433.8423471,0.783803989,0.992653823,0.880889694,0.801366014,0.003662244,0.000931646,0.642187489,0.994050221,1
137358,1364.645,507.9858904,345.2228517,1.471472378,0.733590829,138093,418.1980839,0.798073348,0.9946775,0.926881995,0.82324744,0.003698262,0.00104785,0.677736348,0.997270315,1
184398,1623.758,613.8688831,385.6430029,1.591806096,0.778037997,187032,484.5439356,0.812054114,0.985916848,0.878867617,0.789328062,0.003329043,0.00079713,0.623038789,0.991756943,1
137518,1417.944,519.7799999,339.9302724,1.529078291,0.756504273,139153,418.4415798,0.778239315,0.988250343,0.859510632,0.805035938,0.003779723,0.000979266,0.648082862,0.990969434,1
218077,1795.577,710.8683797,394.6904946,1.801078033,0.831701502,220398,526.9385735,0.805374903,0.989469051,0.849985781,0.741260392,0.003259713,0.000607075,0.549466968,0.989632886,1
179474,1655.841,611.4539473,377.6808177,1.61897009,0.786432179,183984,478.0307459,0.788065338,0.975486999,0.822572417,0.78179354,0.003406922,0.000785073,0.611201139,0.989516363,1
203643,1719.307,649.4395429,402.097855,1.615128096,0.785275943,206242,509.2016502,0.774584833,0.987398299,0.865710106,0.784063206,0.003189108,0.000743453,0.614755111,0.992908252,1
193700,1638.311,578.1835433,429.9621282,1.344731327,0.668576945,195583,496.6150419,0.810477207,0.990372374,0.906873665,0.858922824,0.002984943,0.001002149,0.737748418,0.992073409,1
215005,1836.047,713.366837,390.0451377,1.828934059,0.837285088,219894,523.2139795,0.813150032,0.97776656,0.801476578,0.733443093,0.003317908,0.000592256,0.537938771,0.98385454,1
138659,1415.439,509.8275207,347.5854183,1.466769012,0.731566018,139826,420.1739188,0.71073283,0.991653913,0.869712301,0.824149152,0.003676844,0.001046353,0.679221824,0.996261525,1
131488,1368.233,485.8925009,345.6212635,1.405852452,0.702876202,132905,409.1646628,0.793367686,0.989338249,0.882624263,0.842088861,0.003695337,0.001146214,0.70911365,0.996909164,1
204023,1700.494,621.6446109,422.1989012,1.47239751,0.733986166,207033,509.6765167,0.802766083,0.985461255,0.886622576,0.819884075,0.003046934,0.000849283,0.672209896,0.989760177,1
181992,1639.252,642.9683401,363.7281438,1.767716771,0.824610109,184472,481.3724247,0.808117049,0.986556225,0.851080651,0.748672049,0.003532948,0.000684674,0.560509837,0.990822639,1
179387,1617.553,621.6396129,370.241889,1.679009403,0.80328912,181149,477.9148692,0.822261337,0.990273201,0.861556557,0.768797321,0.003465355,0.000746749,0.591049321,0.992377368,1
156910,1480.479,541.9193789,370.567044,1.462405758,0.729665038,158236,446.9720539,0.765541602,0.991620112,0.89961354,0.824794372,0.003453696,0.000985931,0.680285756,0.994853807,1
139841,1430.241,524.8024563,341.3400849,1.537476785,0.759577912,141672,421.9610067,0.780275639,0.987075781,0.859064827,0.804037789,0.003752851,0.000967491,0.646476766,0.99394302,1
169030,1570.87,586.9240816,368.221092,1.593944764,0.778717839,170989,463.9134405,0.782437624,0.988543123,0.860781975,0.790414732,0.003472307,0.000836023,0.624755448,0.995825675,1
184018,1653.655,627.8334712,376.1729395,1.66900222,0.800629029,186286,484.0444138,0.827895551,0.987825172,0.845629945,0.770975802,0.003411805,0.000743579,0.594403687,0.992061073,1
174927,1615.125,639.234094,351.3940655,1.819137421,0.835354851,177314,471.9364087,0.720575877,0.986538006,0.842663986,0.738284164,0.003654291,0.000669695,0.545063507,0.991545422,1
207561,1752.359,667.5314214,400.3320376,1.667444418,0.800209818,210438,514.0767191,0.720660382,0.986328515,0.849394514,0.770116136,0.003216073,0.000697799,0.593078863,0.98892604,1
167321,1578.125,588.2992731,368.170441,1.597899254,0.779966167,170889,461.5622535,0.777333333,0.97912095,0.844262532,0.784570498,0.003515992,0.00082178,0.615550866,0.983588269,1
137115,1427.056,519.1997446,337.4746463,1.538485188,0.759942754,138970,417.8280031,0.789974016,0.986651795,0.846082671,0.804753869,0.003786601,0.000979674,0.647628789,0.996367299,1
138777,1403.006,502.613464,353.8114117,1.420568832,0.710256111,140144,420.3526666,0.823700142,0.990245747,0.885948143,0.836333876,0.003621735,0.001092987,0.699454352,0.993623053,1
171896,1565.283,563.3965749,391.7292611,1.438229489,0.71872028,173913,467.8298673,0.818614752,0.988402247,0.881637182,0.830374,0.003277543,0.000961221,0.68952098,0.991689406,1
251432,1919.868,719.1256904,450.9261867,1.594774736,0.778980775,257425,565.8031152,0.766776047,0.976719433,0.857210879,0.786793078,0.00286012,0.000676093,0.619043347,0.987234691,1
170889,1600.63,595.7016209,368.6053095,1.616096148,0.785568214,173595,466.4575356,0.819564342,0.984411993,0.838189213,0.783038889,0.003485898,0.000808403,0.613149902,0.990909195,1
155524,1523.825,559.7562847,360.2629506,1.553743686,0.765356315,159126,444.9936033,0.817506124,0.97736385,0.841660785,0.794977413,0.003599163,0.000886749,0.631989088,0.981949054,1
202280,1715.349,652.9293624,396.3776547,1.647240591,0.794643882,204687,507.4947242,0.78379101,0.988240582,0.863888756,0.777258236,0.003227849,0.000726699,0.604130365,0.995148059,1
195106,1648.761,619.8388104,404.0092287,1.534219435,0.75839327,197343,498.4141597,0.791049375,0.988664407,0.901913894,0.804102859,0.003176934,0.000819284,0.646581408,0.991997763,1
159247,1521.882,550.010344,369.7737525,1.487423973,0.740275836,161350,450.2883274,0.780163629,0.986966222,0.864010783,0.818690652,0.003453819,0.000957103,0.670254384,0.996952439,1
204413,1780.349,712.9073514,371.3047474,1.920006023,0.853659382,208732,510.16342,0.813279808,0.979308395,0.810416148,0.715609706,0.003487583,0.000564169,0.512097251,0.983229806,1
231066,1787.859,641.9042752,460.1984968,1.394842181,0.697148261,232903,542.4042484,0.736700143,0.992112596,0.908404716,0.844992422,0.002778013,0.000873625,0.714012194,0.995934326,1
171708,1535.096,552.1854312,397.3292133,1.389742845,0.694432781,172804,467.5739682,0.735067103,0.993657554,0.915649608,0.846769838,0.00321584,0.001019849,0.717019159,0.996472245,1
175276,1595.654,608.730967,368.7638602,1.650733797,0.795623672,177114,472.4069585,0.789343085,0.989622503,0.865077202,0.776052122,0.003472985,0.000777045,0.602256896,0.994165812,1
184936,1622.171,621.6169728,380.3633655,1.634271408,0.790940189,186576,485.250274,0.749362821,0.991210016,0.883157289,0.780625844,0.003361255,0.000769933,0.609376708,0.995886931,1
163329,1542.364,581.8152915,360.5469962,1.613701675,0.784844127,165504,456.0229617,0.731066371,0.986858324,0.862778685,0.783793359,0.003562229,0.000829293,0.61433203,0.991348625,1
133760,1369.738,481.2607823,354.6256634,1.357095191,0.676036664,135151,412.6845302,0.744567154,0.989707808,0.895903257,0.857507084,0.003597942,0.00120001,0.7353184,0.997897064,1
206979,1795.101,712.4086751,379.0117206,1.879648138,0.846735265,214037,513.3554789,0.607021043,0.967024393,0.807157656,0.72059128,0.003441937,0.000572451,0.519251792,0.976010665,1
207673,1755.004,659.2733366,405.1692712,1.627155324,0.788862697,210788,514.2153984,0.733686858,0.985222119,0.847293119,0.779972994,0.003174574,0.000724742,0.608357872,0.98989275,1
159638,1502.314,561.587376,363.6267891,1.544405948,0.762067019,161375,450.8407861,0.762905615,0.989236251,0.888842298,0.802797223,0.00351788,0.000901331,0.644483382,0.995343968,1
160273,1550.026,599.0795386,343.5747122,1.743665984,0.819202526,163513,451.7365621,0.808871326,0.980185062,0.838286098,0.754051062,0.003737869,0.00074543,0.568593004,0.991436279,1
153885,1491.351,573.3714139,343.8445245,1.667531029,0.800233162,156047,442.6425955,0.779038333,0.9861452,0.869453607,0.771999763,0.003725973,0.000816372,0.595983634,0.993821202,1
142154,1378.113,501.7293744,361.6697526,1.387258323,0.693094973,143074,425.4363575,0.795124789,0.993569761,0.940587688,0.847939904,0.003529478,0.001125513,0.71900208,0.99744162,1
176478,1581.113,595.8924511,379.2914862,1.5710673,0.771268473,177909,474.0240167,0.819531903,0.991956562,0.887104165,0.795485856,0.003376582,0.00083404,0.632797747,0.994167848,1
132889,1373.51,499.646493,339.9068395,1.469951278,0.732938729,134325,411.3387045,0.789361449,0.989309511,0.885187446,0.823259465,0.003759878,0.00106537,0.677756147,0.996268514,1
188888,1655.013,630.198992,384.8905254,1.637346077,0.791827784,191255,490.4076581,0.778823238,0.987623853,0.866585491,0.778179058,0.003336363,0.000754695,0.605562647,0.991515624,1
185896,1652.683,618.1100834,387.6740194,1.594406776,0.778864267,187616,486.5081072,0.806693224,0.990832338,0.855265176,0.787089744,0.003325032,0.000787177,0.619510265,0.987751364,1
173520,1589.015,589.0605955,377.2629071,1.561406077,0.768001215,175941,470.0346006,0.807009711,0.986239705,0.863581657,0.797939302,0.003394771,0.000848926,0.63670713,0.994158382,1
180547,1649.901,658.5985792,351.8995746,1.871552644,0.845284988,182425,479.4575895,0.834413244,0.989705358,0.833459246,0.727996696,0.003647796,0.000632016,0.529979189,0.991883952,1
201491,1671.7,610.8914983,421.5739849,1.449073046,0.723717519,203393,506.504007,0.796800791,0.990648646,0.906043046,0.829122698,0.003031855,0.000883819,0.687444448,0.99615722,1
129807,1356.314,493.241864,336.4648369,1.465953674,0.731212456,131148,406.5407797,0.806314756,0.989774911,0.886722008,0.824221968,0.003799809,0.001081729,0.679341852,0.995883684,1
183924,1623.448,631.112949,373.1654798,1.691241508,0.806465163,185666,483.9207683,0.76097561,0.990617561,0.876943276,0.766773632,0.003431379,0.000731673,0.587941803,0.994351582,1
154721,1475.51,538.8861415,367.7969602,1.465172907,0.730873171,155903,443.8433233,0.803895793,0.992418363,0.893048023,0.823630985,0.003482954,0.000988686,0.678367999,0.993926413,1
188557,1648.893,620.4363873,390.1882187,1.590095132,0.777491708,190364,489.977784,0.73357065,0.990507659,0.871500369,0.789730896,0.003290445,0.000789498,0.623674888,0.991702404,1
184491,1656.324,618.6363355,383.1531609,1.614592802,0.785114057,187848,484.6661086,0.766795511,0.982129168,0.845073453,0.78344268,0.003353206,0.000779236,0.613782433,0.991008698,1
170723,1599.105,621.0104081,353.1574058,1.758452175,0.822557504,172911,466.2309243,0.796297506,0.987346091,0.838972905,0.750761852,0.003637532,0.000712845,0.563643359,0.99113989,1
176492,1593.206,587.5180638,383.5110041,1.531945779,0.757560793,178253,474.0428185,0.752711376,0.990120783,0.873757712,0.806856585,0.003328865,0.000870285,0.651017548,0.997323585,1
181181,1601.361,576.0441326,403.3586388,1.428118992,0.713925403,183119,480.2986716,0.768292321,0.989416718,0.887859041,0.833787976,0.003179385,0.000947863,0.69520239,0.992831736,1
175387,1587.972,603.2318039,372.2073688,1.62068743,0.786945804,176888,472.5565194,0.797228131,0.991514405,0.874020427,0.783374677,0.003439433,0.000798996,0.613675884,0.994576791,1
181748,1602.238,587.5345751,395.9814683,1.483742604,0.738757487,183366,481.049624,0.820354957,0.991176118,0.889662836,0.818759686,0.003232688,0.000896127,0.670367423,0.994652706,1
184172,1632.704,632.6632699,373.8460925,1.692309436,0.806738598,186777,484.2469137,0.809931748,0.986052887,0.868197548,0.76541019,0.003435176,0.000727287,0.585852759,0.991444152,1
166265,1527.732,568.5672845,374.0466381,1.52004383,0.753126467,167521,460.1034372,0.75575,0.992502433,0.895192324,0.809233049,0.003419645,0.000904597,0.654858127,0.995413056,1
144704,1442.997,545.1107486,338.9575733,1.608197579,0.783164843,145929,429.2351979,0.759708725,0.991605507,0.873292125,0.787427507,0.003767075,0.00089336,0.620042079,0.99715017,1
205358,1737.704,653.993204,404.0643305,1.618537333,0.786302439,207809,511.3413013,0.812147529,0.988205516,0.854613775,0.781875558,0.003184649,0.000734162,0.611329388,0.989459438,1
145339,1465.758,543.2584514,342.4687548,1.586300776,0.776272521,147256,430.1759665,0.695958014,0.986981855,0.850095046,0.791844039,0.003737871,0.000906489,0.627016983,0.994637526,1
218738,1810.955,682.4655468,412.0814484,1.65614237,0.797126135,223507,527.7365551,0.703064081,0.978662861,0.838144276,0.77327941,0.003120014,0.000688148,0.597961045,0.990308623,1
186509,1672.052,655.6987562,366.1175097,1.790951645,0.829597171,189519,487.3095877,0.844016146,0.984117687,0.838320523,0.743191264,0.003515641,0.000661587,0.552333255,0.989202152,1
173108,1591.411,572.6616553,388.984863,1.472195218,0.733899802,175235,469.4762519,0.761168566,0.987862014,0.858938939,0.819814366,0.003308118,0.000921771,0.672095595,0.989455921,1
177906,1637.486,628.3163667,365.3822061,1.719614026,0.813527929,180773,475.9379733,0.790001643,0.984140331,0.833768087,0.757481419,0.003531732,0.000717225,0.573778101,0.98667687,1
159694,1511.595,569.373515,358.7925062,1.58691585,0.776470878,160650,450.9198552,0.813312962,0.994049175,0.878269032,0.791957904,0.003565403,0.000865161,0.627197321,0.99530937,1
207034,1753.619,665.63523,399.9981325,1.664095844,0.799303966,209699,513.4236807,0.826879144,0.987291308,0.846020823,0.771328886,0.003215101,0.000701993,0.594948251,0.990050912,1
146007,1466.009,530.0595389,353.3292622,1.500185792,0.745429832,147648,431.1634101,0.770383854,0.988885728,0.853709804,0.81342449,0.003630371,0.000980392,0.661659401,0.992612032,1
178177,1609.793,593.2555045,385.3183285,1.539650364,0.760363207,181200,476.3003279,0.724046569,0.983316777,0.864015308,0.802858674,0.003329585,0.000853348,0.644582051,0.992430989,1
254616,1985.37,738.8601535,447.4183287,1.651385529,0.795805652,263261,569.3743583,0.783747345,0.967161866,0.811731958,0.770611807,0.002901861,0.000631246,0.593842558,0.980663006,1
191042,1677.604,629.0483912,389.4610204,1.615176765,0.785290653,193440,493.1959338,0.775250988,0.987603391,0.853021179,0.784034966,0.003292723,0.000767497,0.614710827,0.992866646,1
241322,1895.94,726.3734932,427.3701205,1.699635652,0.80859809,244319,554.3110259,0.820823129,0.98773325,0.843640852,0.763121219,0.003009976,0.000629676,0.582353996,0.989789613,1
176521,1635.591,620.7569629,368.8891318,1.682773791,0.804275259,181196,474.0817626,0.744814346,0.97419921,0.829195275,0.763715578,0.003516618,0.000737958,0.583261484,0.981497139,1
138976,1404.377,509.4100768,351.6482864,1.448635175,0.72351856,140912,420.6539421,0.738393531,0.986260929,0.885487134,0.825766826,0.003665454,0.001051326,0.68189085,0.987811071,1
185950,1641.868,622.9177351,383.0486918,1.626210319,0.788584341,188551,486.5787638,0.813920915,0.986205324,0.86682129,0.781128448,0.003349921,0.000769315,0.610161652,0.992251175,1
177713,1616.237,601.2761198,379.3922209,1.584840402,0.77580043,180176,475.6797444,0.767758241,0.986330033,0.854907196,0.791116974,0.003383411,0.000817518,0.625866066,0.991897828,1
156974,1473.74,550.8549182,366.741733,1.502024091,0.746158558,158564,447.0631994,0.689189782,0.989972503,0.908230007,0.811580662,0.003509211,0.000939109,0.658663172,0.989327952,1
179725,1592.405,591.5388324,388.9329689,1.52092746,0.75346017,181562,478.3648996,0.79726121,0.989882244,0.890658652,0.808678777,0.003291355,0.000868278,0.653961365,0.994627797,1
176276,1616.13,621.159964,365.5225515,1.699375213,0.808532472,178364,473.7526506,0.800454091,0.988293602,0.848106647,0.762690254,0.003523792,0.0007355,0.581696423,0.988520484,1
157119,1483.123,530.0022279,379.4318941,1.396830989,0.698196446,158406,447.2696324,0.773870857,0.991875308,0.897602866,0.843901419,0.003373254,0.001055348,0.712169605,0.994780574,1
183153,1627.014,608.6434692,385.1108888,1.580436926,0.774367242,185326,482.9054176,0.768578395,0.988274716,0.869443412,0.793412633,0.003323142,0.000812316,0.629503607,0.994890745,1
152089,1489.976,553.2596944,353.3888462,1.565583352,0.769423025,154964,440.0519618,0.800788737,0.981447304,0.860892893,0.795380481,0.003637736,0.000898071,0.63263011,0.990435168,1
134251,1391.532,523.6290209,327.6755204,1.598010802,0.780001216,135409,413.441268,0.789683894,0.991448131,0.871246402,0.789569049,0.003900373,0.000935075,0.623419283,0.996230748,1
171217,1599.366,602.4211213,362.6898829,1.660981322,0.798455576,173525,466.9049744,0.786445271,0.986699323,0.841125944,0.775047484,0.003518466,0.000783152,0.600698603,0.997749159,1
126503,1326.959,475.7724586,339.3818868,1.401879349,0.700830189,128220,401.3335547,0.771312725,0.986608953,0.902808585,0.843540956,0.003760958,0.001174635,0.711561345,0.997523155,1
172005,1556.172,599.3133524,367.2030392,1.632103464,0.790310728,173578,467.9781703,0.737807232,0.990937792,0.892556551,0.78085724,0.003484279,0.00079906,0.609738029,0.99515555,1
143603,1405.207,516.0199144,356.2938031,1.448298876,0.723365593,145400,427.5991328,0.77369388,0.98764099,0.913887564,0.828648509,0.003593378,0.001045115,0.686658352,0.994486519,1
138265,1396.139,512.8063507,345.1812989,1.485614523,0.739531344,139739,419.5765313,0.754836984,0.989451764,0.891383938,0.818196832,0.003708866,0.001025303,0.669446055,0.994538782,1
157128,1534.971,588.0577425,343.0525178,1.714191595,0.812209859,158837,447.2824423,0.811301465,0.989240542,0.838036814,0.760609733,0.003742539,0.000772669,0.578527165,0.991706404,1
215107,1772.436,680.4892103,406.9402925,1.672208977,0.801487609,217799,523.3380731,0.819143184,0.98763998,0.860445332,0.76906153,0.003163492,0.000682639,0.591455637,0.989037425,1
199669,1690.464,625.7629325,411.065652,1.522294381,0.753974953,202954,504.2087531,0.764470531,0.983814066,0.878028583,0.805750432,0.003134001,0.000814857,0.649233758,0.988324903,1
137075,1432.713,526.8980615,334.1175121,1.576984272,0.773233229,139517,417.767053,0.67699716,0.982496757,0.839169548,0.792880224,0.003843867,0.000937084,0.62865905,0.991385434,1
198209,1672.222,617.1342071,412.1567577,1.497328857,0.744290547,200587,502.3619581,0.786762196,0.988144795,0.890728542,0.814023842,0.003113553,0.000843305,0.662634815,0.99218223,1
176994,1647.738,619.7310338,367.6512764,1.685649074,0.80502323,179689,474.7165049,0.746344055,0.985001864,0.819204055,0.766004087,0.003501424,0.000743616,0.586762262,0.989075263,1
181985,1622.689,597.6705159,390.6550596,1.529918789,0.756814721,184037,481.363167,0.771816208,0.988850068,0.868510099,0.805398885,0.003284175,0.000852413,0.648667364,0.992408388,1
168736,1555.86,577.480835,372.935021,1.548475746,0.7635097,169852,463.5098142,0.746916914,0.993429574,0.875944485,0.802641033,0.003422393,0.000876183,0.644232628,0.9975786,1
181822,1603.247,579.5137629,401.9407076,1.441789179,0.720377032,183395,481.1475455,0.766269671,0.991422885,0.888905151,0.830260774,0.003187259,0.000934233,0.689332953,0.993872793,1
176920,1640.204,627.0168971,362.913449,1.727731223,0.815473983,180242,474.6172566,0.717882547,0.981569224,0.826401433,0.756944923,0.00354407,0.000717694,0.572965616,0.989930584,1
217182,1811.572,704.3042088,396.8257458,1.774845045,0.826164169,220372,525.8561693,0.675989791,0.985524477,0.831615343,0.746632155,0.003242922,0.000621646,0.557459575,0.989404365,1
189378,1715.619,651.0513743,378.4024657,1.720526247,0.813748237,195616,491.0433367,0.736885112,0.968110993,0.808532898,0.754231319,0.003437841,0.000686252,0.568864882,0.978746961,1
248424,1884.557,715.0530398,446.0436176,1.603101158,0.781591227,251082,562.4084465,0.807536277,0.989413817,0.878991872,0.786526894,0.002878357,0.000679483,0.618624555,0.99171774,1
203688,1738.084,676.0589864,389.1160899,1.737422338,0.817755826,207028,509.2579075,0.788071066,0.983866917,0.847293324,0.753274371,0.003319091,0.000659192,0.567422278,0.98585214,1
182494,1653.298,614.2726257,387.0123388,1.587217161,0.776567947,189173,482.0358674,0.745603857,0.964693693,0.83898882,0.784726272,0.003365988,0.000787345,0.615795322,0.977400902,1
195455,1716.411,633.8275833,396.8950789,1.596965085,0.779672291,198403,498.859735,0.759024962,0.985141354,0.833708195,0.787059049,0.003242831,0.000767597,0.619461947,0.9892591,1
208477,1726.086,642.6828882,416.1311172,1.544424009,0.762073452,210800,515.2098219,0.794270714,0.988980076,0.879312309,0.8016548,0.003082752,0.000785358,0.642650418,0.992524734,1
191093,1686.806,635.7172404,386.4785077,1.644896748,0.793982285,194125,493.2617604,0.767047462,0.984381198,0.843964868,0.77591377,0.003326743,0.000743794,0.602042178,0.990297221,1
149941,1485.141,563.7178471,342.7112691,1.644876892,0.793976666,152636,436.9334166,0.710822983,0.982343615,0.854269481,0.775092396,0.003759598,0.000837018,0.600768222,0.988189766,1
164571,1551.378,588.4700029,360.2032856,1.633716366,0.79077932,166960,457.7535419,0.774477277,0.985691184,0.859266569,0.777870647,0.003575782,0.00080757,0.605082743,0.988533581,1
190728,1696.174,665.988505,368.9420171,1.805130547,0.832532268,192377,492.7904543,0.83665475,0.991428289,0.833073875,0.739938378,0.003491823,0.000645675,0.547508804,0.988324866,1
202363,1709.543,628.335887,413.0076401,1.521366256,0.75362561,204085,507.5988317,0.687692004,0.991562339,0.870123534,0.807846316,0.003104994,0.000815747,0.652615671,0.992867459,1
218983,1845.855,713.9672821,394.0538164,1.81185222,0.833896143,222086,528.032021,0.745626341,0.986027935,0.807653539,0.739574535,0.003260378,0.000601694,0.546970494,0.991029703,1
171230,1557.612,573.9713915,381.810275,1.503289537,0.746658233,172843,466.9226994,0.784634489,0.990667832,0.886892846,0.813494725,0.003352049,0.000905543,0.661773668,0.994837431,1
193584,1693.359,637.0427226,390.5938548,1.630959409,0.789977336,197382,496.4663171,0.800595533,0.980758124,0.848362069,0.779329705,0.003290782,0.000748796,0.607354789,0.990571008,1
166458,1576.623,590.7963786,365.0398184,1.618443657,0.786274338,170734,460.3704032,0.761183997,0.974955193,0.841509108,0.779237009,0.003549222,0.000807219,0.607210317,0.982735685,1
162787,1570.975,603.2660979,347.0391861,1.738322708,0.81796557,165512,455.265687,0.814061179,0.983535937,0.828878808,0.754668112,0.003705862,0.000741469,0.569523959,0.990016431,1
159369,1510.578,570.1506315,358.5791326,1.59002736,0.777470025,160867,450.4607785,0.809086478,0.99068796,0.877662214,0.790073278,0.00357755,0.000859874,0.624215785,0.992520177,1
151012,1488.97,557.4054506,349.6737795,1.594072771,0.778758424,153816,438.4911061,0.739037663,0.981770427,0.855952034,0.786664547,0.003691133,0.000871963,0.618841109,0.986477761,1
128118,1360.135,504.0249642,325.6784474,1.54761535,0.763205878,129274,403.8872417,0.782247133,0.991057753,0.870273946,0.801323883,0.003934068,0.001000585,0.642119966,0.993754716,1
184245,1671.122,620.9515398,385.1374477,1.612285545,0.784414055,189905,484.3428743,0.725508263,0.970195624,0.829066299,0.780001084,0.003370249,0.000769525,0.608401691,0.980917253,1
196411,1687.198,654.8413345,384.0744664,1.704985339,0.809938142,197945,500.0782461,0.766673433,0.992250373,0.867048851,0.763663226,0.003334036,0.000699451,0.583181523,0.994315947,1
190600,1660.623,619.8668961,394.902905,1.569669122,0.770800216,192978,492.6250676,0.780316057,0.987677352,0.868541677,0.794727176,0.003252187,0.000800253,0.631591284,0.991389336,1
156208,1462.0,518.8727299,385.1703268,1.347125398,0.670043993,157666,445.9710784,0.810796221,0.990752604,0.918371485,0.859499937,0.003321678,0.001118203,0.738740141,0.995175607,1
170598,1620.307,614.4028157,357.4440405,1.718878331,0.813349954,172462,466.0602105,0.685226095,0.989191822,0.816562033,0.758558064,0.003601466,0.000735554,0.575410337,0.989060359,1
183243,1653.91,621.0828564,380.4553283,1.632472488,0.790418086,187180,483.0240511,0.783571942,0.97896677,0.841808896,0.777712742,0.003389395,0.000764854,0.604837109,0.98737994,1
166686,1562.858,600.5925994,356.094922,1.686608155,0.805271719,168333,460.6855834,0.825832342,0.990215822,0.857570728,0.767051715,0.003603138,0.000769412,0.588368333,0.992346829,1
170292,1550.861,584.6314868,372.5058108,1.569456019,0.770728712,171705,465.6420391,0.806039665,0.99177077,0.889730259,0.796471024,0.003433112,0.000852212,0.634366093,0.995609682,1
151590,1499.481,569.2305202,341.2910881,1.667873965,0.80032555,153708,439.3294693,0.791175411,0.986220626,0.847224454,0.771795351,0.003755066,0.000821875,0.595668064,0.993499256,1
164103,1561.374,590.1375941,356.3089015,1.656252739,0.797156612,166245,457.1022085,0.727658499,0.987115402,0.845887287,0.774568868,0.003596141,0.000798466,0.599956932,0.993680312,1
150738,1465.681,532.787063,361.850791,1.472394358,0.73398482,152131,438.0931208,0.729789397,0.990843418,0.881766706,0.822266814,0.003534524,0.000996694,0.676122713,0.995519268,1
182755,1630.171,616.8017129,379.60729,1.624841591,0.788180139,184677,482.3804443,0.824029903,0.98959264,0.864197102,0.78206729,0.00337502,0.000778812,0.611629247,0.993800638,1
153237,1527.853,573.8191367,342.735575,1.674232786,0.802026459,155159,441.7096423,0.662148265,0.987612707,0.824917207,0.769771543,0.003744651,0.000811033,0.592548228,0.992063672,1
171028,1553.271,564.123032,387.7362456,1.454914361,0.726349373,172608,466.6472038,0.788961878,0.990846311,0.890804933,0.827208211,0.003298425,0.000952677,0.684273424,0.995559231,1
163401,1564.022,572.7285071,367.5948999,1.558042582,0.766846133,166883,456.1234645,0.687674127,0.979135083,0.839419123,0.796404333,0.003505049,0.000869778,0.634259861,0.988203872,1
166654,1529.386,572.6117316,372.5460256,1.53702279,0.759413364,168540,460.6413606,0.726731205,0.988809778,0.895347005,0.804456729,0.003435932,0.000887636,0.647150629,0.994685265,1
201447,1780.967,660.7194827,400.6828906,1.648983518,0.795133675,210441,506.4487008,0.693150968,0.95726118,0.798102963,0.766510923,0.003279868,0.000698408,0.587538996,0.96884212,1
169559,1575.747,591.4136202,368.1300911,1.606534305,0.782653269,172319,464.6388102,0.736655747,0.983983194,0.858139183,0.785641038,0.003487952,0.000819685,0.61723184,0.991604125,1
157321,1562.231,587.4104496,346.3148397,1.696174643,0.807723175,160654,447.557056,0.803330338,0.979253551,0.810039244,0.76191538,0.003733834,0.000776179,0.580515047,0.984654902,1
146976,1463.469,540.3445699,347.6428835,1.554309309,0.765553209,148762,432.5917883,0.79836607,0.987994246,0.862361249,0.800585057,0.003676414,0.00093161,0.640936434,0.996213465,1
180948,1578.418,571.5790899,404.2273452,1.414004017,0.707001977,182446,479.9897386,0.7398013,0.991789351,0.912682244,0.839760843,0.003158803,0.000969002,0.705198274,0.997153192,1
165330,1540.253,574.5353992,368.8620488,1.557588809,0.766689592,167922,458.8079053,0.776744186,0.984564262,0.875744469,0.798572039,0.003475083,0.000871769,0.637717302,0.993301332,1
130070,1362.228,486.7062302,343.114783,1.41849391,0.709234078,131860,406.9524144,0.751536933,0.986424996,0.88082047,0.836135618,0.003741879,0.001128175,0.699122771,0.991701393,1
147288,1469.066,560.8730875,336.8898228,1.664856133,0.799510208,149204,433.0506969,0.774213896,0.987158521,0.857619434,0.772101045,0.003808003,0.000834783,0.596140023,0.992487374,1
204635,1706.37,635.1262868,412.6639162,1.539088498,0.760160606,206334,510.4403729,0.807044459,0.991765778,0.883168083,0.803683273,0.003103703,0.000798729,0.645906803,0.994107731,1
165004,1583.383,607.88317,352.8829749,1.722619716,0.814252278,170614,458.3553401,0.699228748,0.967118759,0.827051171,0.754018803,0.003684051,0.000734572,0.568544355,0.979385716,1
179122,1642.56,619.1034092,369.8831772,1.673780932,0.801906351,180813,477.5617381,0.799352029,0.990647796,0.834288599,0.771376366,0.003456323,0.000754848,0.595021498,0.995935638,1
161534,1532.14,578.5565899,357.2269049,1.619577311,0.786614013,163293,453.5101726,0.792175056,0.989227952,0.864722799,0.783864846,0.00358164,0.000834116,0.614444098,0.995139719,1
157309,1514.284,571.2437728,354.8137969,1.609981849,0.7837115,160099,447.5399865,0.801309121,0.982573283,0.862082377,0.783448342,0.003631348,0.000843896,0.613791304,0.988192859,1
159689,1538.969,566.5970992,362.4810343,1.563108261,0.768582278,161935,450.9127961,0.779761905,0.986130237,0.847276423,0.795826164,0.003548129,0.000877914,0.633339284,0.989977866,1
154875,1532.26,580.3288416,343.3166651,1.690360244,0.806239061,157383,444.0641558,0.808147483,0.984064353,0.828946028,0.765194014,0.003747079,0.000792426,0.585521879,0.989742907,1
144058,1463.258,536.8875196,343.9628391,1.56088815,0.767823949,145734,428.2760119,0.748800582,0.988499595,0.845484073,0.79770156,0.003726884,0.000930867,0.636327779,0.993236489,1
178603,1614.083,604.5212049,377.3680425,1.601940643,0.781230349,180147,476.8693767,0.812156681,0.991429222,0.861483347,0.78883813,0.00338472,0.000808452,0.622265595,0.996832548,1
183019,1641.758,624.6280809,375.9565751,1.661436778,0.798579995,184890,482.7287315,0.716751846,0.989880469,0.853272521,0.772825856,0.003412914,0.000750986,0.597259804,0.992309405,1
169165,1581.568,591.8558128,366.3766662,1.615429877,0.785367124,171119,464.0986615,0.683992399,0.988581046,0.849854618,0.784141427,0.00349869,0.000815949,0.614877777,0.993291932,1
166343,1555.367,584.1850459,365.2635429,1.599352186,0.780421996,168381,460.2113488,0.783708911,0.987896497,0.864069415,0.787783515,0.00351193,0.00083436,0.620602866,0.992562551,1
204774,1739.277,659.2536003,398.65381,1.653699485,0.796449695,209024,510.6137038,0.811526085,0.979667407,0.850642682,0.774533053,0.00321942,0.000714689,0.59990145,0.992056719,1
154568,1481.09,526.7970164,375.0376977,1.404650838,0.70225987,156202,443.6238158,0.75938372,0.989539186,0.885455117,0.842115278,0.003408189,0.001057279,0.709158141,0.996119577,1
196157,1685.806,643.0574262,390.6051794,1.646310546,0.794381762,198513,499.7547892,0.804502428,0.98813176,0.867358192,0.777154215,0.003278279,0.000737657,0.603968674,0.994319997,1
141953,1402.05,524.2311633,346.3974998,1.513380332,0.750586301,143704,425.1354762,0.714710799,0.987815231,0.907459885,0.810969484,0.003692991,0.000985317,0.657671504,0.99530712,1
187645,1652.744,630.5905427,381.280443,1.653875918,0.79649867,189828,488.7914017,0.796641831,0.988500116,0.863248202,0.775132782,0.003360551,0.000748333,0.60083083,0.99369964,1
174024,1563.305,580.5057916,382.8731952,1.5161829,0.751659786,175448,470.7167285,0.7483487,0.991883635,0.894811541,0.810873441,0.00333578,0.000889589,0.657515737,0.996914117,1
203179,1732.071,676.9838845,388.0407184,1.744620738,0.819422158,206073,508.6212122,0.815272695,0.985956433,0.851054362,0.751304756,0.003331958,0.000654853,0.564458836,0.984766592,1
131249,1374.898,521.1492464,323.7902564,1.609527267,0.783572436,132831,408.7926333,0.81498845,0.98809013,0.872498937,0.784406072,0.003970691,0.000927277,0.615292886,0.990330677,1
165855,1538.592,578.1032529,367.622113,1.572547549,0.771762548,167630,459.5357926,0.784889499,0.989411203,0.88042323,0.794902624,0.003485594,0.000858445,0.631870182,0.993645905,1
180261,1594.528,578.0660713,401.3581787,1.440274802,0.719674178,182710,479.0776905,0.774716349,0.986596245,0.890937708,0.8287594,0.003206828,0.000933188,0.686842143,0.989241432,1
153644,1506.502,559.4930681,354.4902247,1.578303234,0.773667513,157005,442.2958474,0.763957119,0.978593038,0.850718827,0.790529629,0.00364149,0.000877266,0.624937094,0.986340236,1
141850,1432.847,524.9234707,346.9109201,1.513136198,0.750492433,143680,424.9812107,0.804617261,0.987263363,0.868239554,0.809606037,0.003700553,0.000980712,0.655461935,0.99180318,1
