Administrative,Administrative_Duration,Informational,Informational_Duration,ProductRelated,ProductRelated_Duration,BounceRates,ExitRates,PageValues,SpecialDay,Month,OperatingSystems,Browser,Region,TrafficType,VisitorType,Weekend,Revenue
4,178.1666667,4,162.6666667,4,214.8333333,0.0,0.018181818,0.0,0.0,Dec,2,2,2,1,Returning_Visitor,0,0
0,0.0,0,0.0,6,319.0,0.0,0.05,0.0,0.0,Mar,1,1,6,1,Returning_Visitor,1,0
0,0.0,0,0.0,7,1544.75,0.014285714,0.033333333,0.0,0.0,Dec,1,1,3,1,Returning_Visitor,0,0
3,17.0,0,0.0,62,1493.353846,0.00952381,0.04031746,0.0,0.0,Dec,2,2,1,2,Returning_Visitor,0,0
5,111.3,0,0.0,138,4172.11572,0.0,0.008337205,17.63434621,0.0,Nov,2,2,9,2,Returning_Visitor,0,0
0,0.0,0,0.0,10,183.6666667,0.04,0.08,0.0,0.0,Feb,1,1,3,1,Returning_Visitor,0,0
1,202.0,0,0.0,2,8.0,0.0,0.066666667,0.0,0.0,Mar,2,2,8,6,New_Visitor,0,0
0,0.0,0,0.0,5,89.5,0.04,0.053333333,0.0,0.0,Dec,1,1,3,2,Returning_Visitor,1,0
7,322.25,1,0.0,121,4875.106113,0.011806061,0.020025438,0.0,0.0,Nov,3,2,1,13,Returning_Visitor,0,0
0,0.0,2,163.0,62,813.0519481,0.003225806,0.011827957,9.311854839,0.0,May,2,2,5,2,Returning_Visitor,1,0
0,0.0,2,18.0,1,46.0,0.0,0.066666667,0.0,0.0,Mar,2,2,7,10,Returning_Visitor,0,0
0,0.0,0,0.0,12,250.25,0.05,0.083333333,0.0,0.0,Dec,1,1,1,3,Returning_Visitor,1,0
0,0.0,1,212.5,21,1198.75,0.0,0.003174603,0.0,0.0,Mar,2,4,7,2,Returning_Visitor,0,0
0,0.0,1,117.0,8,404.0,0.025,0.0375,0.0,0.0,Dec,2,2,8,2,Returning_Visitor,0,0
0,0.0,0,0.0,1,343.0,0.0,0.066666667,0.0,0.0,Nov,2,2,4,3,Other,0,0
8,186.5,0,0.0,57,1925.102381,0.005,0.0175,23.4154,0.0,May,2,2,3,6,Returning_Visitor,0,0
0,0.0,0,0.0,6,224.0,0.0,0.016666667,0.0,0.0,May,4,1,3,2,Returning_Visitor,0,0
1,11.88888889,0,0.0,111,3510.879903,9.83e-05,0.009438427,12.01656549,0.0,Mar,3,2,5,2,Returning_Visitor,0,0
5,473.1666667,2,195.4,111,4022.812148,0.003571429,0.012351425,0.0,0.0,Aug,3,2,9,5,Returning_Visitor,0,0
1,8.0,0,0.0,27,787.5357143,0.0,0.005142857,0.0,0.0,Nov,3,2,1,20,Returning_Visitor,0,0
0,0.0,0,0.0,1,0.0,0.2,0.2,0.0,0.0,Nov,2,5,2,1,Other,0,0
1,20.0,0,0.0,283,9354.484111,0.003043735,0.023041703,0.0,0.0,Nov,2,2,1,3,Returning_Visitor,0,0
2,68.54545455,3,60.0,91,2345.58914,0.002749141,0.012841597,51.27258615,0.0,Dec,2,5,7,2,Returning_Visitor,0,0
1,8.0,2,61.5,31,1126.25,0.0,0.024242424,0.0,0.0,Nov,4,2,1,2,Returning_Visitor,0,0
3,197.5,0,0.0,15,343.25,0.011764706,0.029411765,0.0,0.0,Dec,2,4,4,2,Returning_Visitor,0,0
1,0.0,0,0.0,34,2161.979365,0.00625,0.020233586,0.0,0.0,Mar,3,2,1,1,Returning_Visitor,0,0
0,0.0,0,0.0,8,143.2,0.0,0.029166667,0.0,0.0,Nov,3,2,1,2,Returning_Visitor,0,0
0,0.0,0,0.0,11,382.25,0.018181818,0.063636364,0.0,0.0,Dec,2,2,3,2,Returning_Visitor,0,0
1,74.0,0,0.0,21,744.8333333,0.0,0.01,0.0,0.0,May,2,2,1,2,New_Visitor,1,0
0,0.0,0,0.0,11,855.25,0.018181818,0.063636364,0.0,0.0,May,2,2,3,13,Returning_Visitor,0,0
0,0.0,0,0.0,35,2352.166667,0.0,0.006060606,0.0,0.0,Nov,2,2,6,2,New_Visitor,0,0
0,0.0,0,0.0,2,53.0,0.0,0.1,0.0,0.0,May,4,2,4,13,Returning_Visitor,0,0
0,0.0,0,0.0,4,56.0,0.1,0.15,0.0,0.0,May,2,2,6,3,Returning_Visitor,0,0
2,24.5,1,710.0,66,4566.952839,0.006470588,0.018141923,0.0,0.0,Mar,3,2,2,2,Returning_Visitor,0,0
0,0.0,0,0.0,52,2086.242857,0.015384615,0.020352564,0.0,0.0,Feb,2,2,7,1,Returning_Visitor,0,0
4,210.5,0,0.0,131,2749.058333,0.009090909,0.017682257,8.960896465,0.0,May,2,2,2,1,Returning_Visitor,0,0
0,0.0,0,0.0,2,42.0,0.05,0.15,0.0,0.4,Feb,2,2,1,4,Returning_Visitor,0,0
5,91.0,2,232.8,246,9227.371429,0.006425703,0.024959839,0.0,0.0,Oct,4,1,4,3,Returning_Visitor,1,0
1,5.0,2,31.7,6,104.25,0.0,0.007407407,0.0,0.0,June,2,5,7,11,New_Visitor,0,0
4,1764.0,1,0.0,3,86.0,0.0,0.033333333,0.0,0.0,May,3,2,4,5,New_Visitor,0,0
2,87.0,0,0.0,20,918.0833333,0.0075,0.010666667,0.0,0.0,May,1,1,2,2,Returning_Visitor,0,0
0,0.0,0,0.0,9,482.0,0.0,0.022222222,0.0,0.0,Feb,2,5,1,6,Returning_Visitor,0,0
1,5.5,0,0.0,7,286.0,0.025,0.05,0.0,0.0,Mar,2,2,6,1,Returning_Visitor,0,0
6,214.0,0,0.0,27,830.1041667,0.0,0.021428571,0.0,0.0,Dec,1,1,2,2,Returning_Visitor,0,0
0,0.0,3,83.0,18,511.5,0.00952381,0.028571429,0.0,0.0,May,2,2,6,1,Returning_Visitor,0,0
0,0.0,0,0.0,10,199.6666667,0.01,0.045,0.0,0.0,Nov,3,2,4,3,Returning_Visitor,0,0
1,4.0,0,0.0,8,227.1,0.022222222,0.066666667,0.0,0.0,Aug,2,2,3,13,Returning_Visitor,0,0
1,14.0,0,0.0,17,1093.142857,0.0,0.02125,0.0,0.0,Mar,2,2,2,2,Returning_Visitor,0,0
3,95.6,0,0.0,10,337.1,0.008333333,0.029166667,0.0,0.0,Jul,1,1,9,3,Returning_Visitor,0,0
4,178.0,2,209.0,17,2777.666667,0.0,0.009090909,0.0,0.0,Mar,3,2,7,1,Returning_Visitor,0,0
4,37.0,0,0.0,9,224.25,0.0,0.015384615,0.0,0.0,Nov,2,2,3,2,New_Visitor,0,0
4,226.6,2,7.0,33,849.7444444,0.021929825,0.042105263,0.0,0.0,Sep,3,2,1,13,Returning_Visitor,1,0
7,155.0,0,0.0,20,252.9833333,0.008333333,0.025,0.0,0.0,Oct,2,2,1,3,Returning_Visitor,0,0
1,0.0,2,6.0,9,195.1666667,0.0,0.066666667,0.0,0.0,June,4,2,3,4,Returning_Visitor,0,0
0,0.0,0,0.0,3,57.0,0.0,0.066666667,0.0,0.2,May,2,5,1,2,Returning_Visitor,0,0
1,0.0,0,0.0,17,684.9166667,0.015686275,0.049411765,0.0,0.0,Mar,2,6,4,1,Returning_Visitor,1,0
5,68.66666667,0,0.0,11,126.5,0.01547619,0.032291667,0.0,0.0,May,2,2,4,2,Returning_Visitor,0,0
2,171.2,0,0.0,16,218.0,0.011111111,0.033333333,0.0,0.0,Oct,1,2,6,4,Returning_Visitor,0,0
0,0.0,0,0.0,12,976.2,0.016666667,0.041666667,0.0,0.0,Mar,2,2,7,1,Returning_Visitor,0,0
0,0.0,0,0.0,67,771.4133333,0.0,0.004205128,0.0,0.0,Aug,1,8,9,1,Returning_Visitor,0,0
1,6.0,0,0.0,10,506.4,0.0,0.02,0.0,0.0,Sep,1,1,3,5,New_Visitor,1,0
0,0.0,0,0.0,7,98.5,0.071428571,0.1,0.0,0.0,Mar,1,1,6,1,Returning_Visitor,0,0
5,48.97619048,1,65.0,40,1159.5671,0.0,0.016324111,12.48912129,0.0,Dec,1,1,4,2,Returning_Visitor,1,0
4,84.0,0,0.0,35,1059.0,0.0,0.005882353,0.0,0.0,Mar,2,2,3,2,New_Visitor,0,0
2,33.0,0,0.0,13,1649.0,0.0,0.033333333,0.0,0.0,May,2,2,1,2,Returning_Visitor,0,0
3,81.4,0,0.0,94,2487.52,0.0,0.002083333,0.0,0.0,Oct,2,2,6,2,New_Visitor,0,0
2,56.2,0,0.0,102,5978.180357,0.004692308,0.020329446,15.25033754,0.6,May,2,2,3,2,Returning_Visitor,0,0
5,30.0,1,4.0,107,4376.902655,0.007272727,0.021707552,0.0,0.0,Oct,2,2,2,4,Returning_Visitor,0,0
0,0.0,0,0.0,2,9.0,0.0,0.1,0.0,0.0,May,2,2,2,3,Returning_Visitor,0,0
0,0.0,0,0.0,1,0.0,0.2,0.2,0.0,0.4,May,3,2,1,1,Returning_Visitor,0,0
0,0.0,0,0.0,30,480.5,0.033333333,0.073333333,0.0,0.0,May,2,2,7,6,Returning_Visitor,0,0
8,121.425,3,273.5,100,2565.797222,0.001869159,0.012071651,0.0,0.0,Nov,2,2,7,13,Returning_Visitor,1,0
0,0.0,0,0.0,2,0.0,0.2,0.2,0.0,0.0,Nov,1,1,4,1,Returning_Visitor,0,0
6,151.7,0,0.0,34,799.327381,0.017647059,0.023340336,0.0,0.0,Dec,3,2,1,2,Returning_Visitor,0,0
9,243.25,3,1475.25,79,3497.214286,0.003448276,0.012643678,32.59864309,0.0,Dec,2,2,2,2,Returning_Visitor,0,0
0,0.0,0,0.0,34,1006.257576,0.0,0.015196078,0.0,0.0,Mar,2,2,7,3,Returning_Visitor,0,0
3,145.2,0,0.0,11,1646.366667,0.0,0.027777778,0.0,0.0,June,2,2,2,1,Returning_Visitor,0,0
4,207.0,0,0.0,31,1592.233333,0.0,0.011574074,57.06546413,0.0,Dec,2,2,4,1,Returning_Visitor,0,0
14,128.8095238,2,41.6,37,1584.770476,0.009302326,0.029296378,0.0,0.0,Oct,2,2,1,2,Returning_Visitor,0,0
5,96.0,0,0.0,81,2833.814103,0.00021645,0.025137085,0.0,0.0,Nov,4,1,7,2,Returning_Visitor,0,0
0,0.0,0,0.0,21,1128.583333,0.0,0.013043478,3.685400817,0.0,Dec,2,2,1,2,Returning_Visitor,0,0
0,0.0,0,0.0,8,316.0,0.0,0.019047619,0.0,0.0,Mar,1,1,1,2,New_Visitor,1,0
7,56.3,0,0.0,15,315.4,0.0,0.011111111,0.0,0.0,Oct,2,2,1,2,New_Visitor,0,0
0,0.0,0,0.0,18,490.3,0.011111111,0.022222222,0.0,0.0,Sep,2,2,1,13,Returning_Visitor,0,0
0,0.0,0,0.0,55,1728.025397,0.049318182,0.071645022,0.0,0.0,May,3,2,1,6,Returning_Visitor,0,0
3,100.0,0,0.0,27,730.7916667,0.016,0.027555556,0.0,0.0,Nov,3,2,3,11,Returning_Visitor,0,0
0,0.0,0,0.0,60,3386.0,0.025333333,0.063888889,0.0,0.8,May,2,2,1,6,Returning_Visitor,0,0
1,43.0,1,0.0,3,65.0,0.0,0.04,0.0,0.6,May,2,2,1,4,Returning_Visitor,0,0
0,0.0,0,0.0,5,73.0,0.04,0.08,0.0,0.4,May,2,2,1,3,Returning_Visitor,0,0
0,0.0,0,0.0,59,1560.601163,0.005172414,0.010673235,0.0,0.0,Mar,1,1,1,2,Returning_Visitor,0,0
0,0.0,0,0.0,12,234.0,0.015384615,0.053846154,0.0,0.0,May,2,2,4,14,Returning_Visitor,1,0
7,98.8,0,0.0,5,69.4,0.022222222,0.033333333,0.0,0.0,Jul,3,2,2,5,New_Visitor,1,0
0,0.0,0,0.0,4,81.5,0.0,0.025,0.0,0.0,May,1,1,2,4,Returning_Visitor,1,0
0,0.0,0,0.0,6,38.5,0.066666667,0.1,0.0,0.0,Nov,2,10,7,1,Returning_Visitor,0,0
6,301.2,0,0.0,87,1836.983333,0.009782609,0.026449275,0.0,0.0,Sep,2,2,6,3,Returning_Visitor,0,0
3,107.4285714,0,0.0,59,1843.187696,0.014385965,0.041993382,5.71562257,0.0,Dec,2,2,7,7,Returning_Visitor,1,0
0,0.0,0,0.0,13,1461.416667,0.021978022,0.047163947,0.0,0.0,Nov,3,2,3,11,Returning_Visitor,1,0
0,0.0,0,0.0,30,1737.016667,0.034482759,0.048357964,1.444763592,0.0,June,3,2,4,3,Returning_Visitor,1,0
3,281.0,0,0.0,6,145.0,0.0,0.025,0.0,0.0,Mar,3,2,8,8,New_Visitor,0,0
0,0.0,0,0.0,3,35.0,0.0,0.066666667,0.0,0.0,Nov,4,1,1,1,Returning_Visitor,0,0
4,95.75,12,886.25,154,7838.556598,0.00376506,0.014926307,0.0,0.0,Nov,3,2,6,2,Returning_Visitor,1,0
0,0.0,0,0.0,10,1678.333333,0.0,0.02,0.0,0.0,Nov,2,2,1,2,Returning_Visitor,0,0
0,0.0,0,0.0,5,1439.5,0.0,0.08,0.0,0.0,May,2,2,4,2,Returning_Visitor,0,0
0,0.0,0,0.0,91,4157.633333,0.01,0.028013468,0.0,0.0,Jul,2,2,1,13,Returning_Visitor,0,0
10,317.9583333,4,821.0,20,781.425,0.0,0.002666667,0.0,0.0,Dec,2,2,7,2,Returning_Visitor,0,0
0,0.0,0,0.0,1,0.0,0.2,0.2,0.0,0.0,Mar,3,2,3,1,Returning_Visitor,0,0
3,19.33333333,0,0.0,28,710.9083333,0.006451613,0.012903226,0.0,0.0,May,2,2,8,3,New_Visitor,0,0
10,155.8458333,4,155.375,128,4391.876232,0.008759124,0.022411525,0.0,0.0,Nov,1,2,1,2,Returning_Visitor,0,0
6,113.0,0,0.0,18,359.4,0.008333333,0.05,0.0,0.0,Sep,2,2,3,1,Returning_Visitor,0,0
5,135.25,0,0.0,26,794.9928571,0.007407407,0.026419753,33.44471217,0.0,Dec,1,1,1,2,Returning_Visitor,0,0
8,246.5333333,0,0.0,79,2150.433333,0.007228916,0.020883534,17.35448787,0.0,Nov,1,1,1,3,Returning_Visitor,0,0
2,13.875,0,0.0,26,1939.155952,0.006451613,0.026352357,24.69983785,0.0,Nov,3,2,1,2,Returning_Visitor,1,0
0,0.0,0,0.0,3,67.5,0.0,0.066666667,0.0,0.0,Mar,1,1,3,3,Returning_Visitor,1,0
2,94.6,1,74.6,16,199.0,0.0,0.015789474,0.0,0.0,Jul,1,2,9,2,New_Visitor,0,0
0,0.0,0,0.0,15,183.8333333,0.066666667,0.073333333,0.0,0.8,May,3,2,1,3,Returning_Visitor,0,0
4,121.5,0,0.0,2,34.0,0.0,0.023809524,0.0,0.0,Nov,2,2,9,8,New_Visitor,0,0
15,591.6636364,0,0.0,56,2504.413636,0.004918033,0.011662763,8.184095082,0.0,May,3,2,1,2,Returning_Visitor,0,0
8,103.5,0,0.0,64,1550.211111,0.0,0.016086957,7.868950242,0.0,May,2,2,2,14,Returning_Visitor,1,0
0,0.0,0,0.0,16,340.65,0.060416667,0.063690476,0.0,0.0,Sep,3,2,2,3,Returning_Visitor,1,0
3,23.0,0,0.0,30,465.4166667,0.0,0.009375,50.66498303,0.0,Mar,4,1,4,3,Returning_Visitor,0,0
0,0.0,0,0.0,33,889.72,0.012121212,0.044444444,0.0,0.0,Nov,2,2,3,1,Returning_Visitor,0,0
0,0.0,2,6.333333333,16,301.3333333,0.033333333,0.088888889,0.0,0.0,Nov,2,2,3,2,Returning_Visitor,0,0
3,314.5,0,0.0,22,2837.166667,0.0,0.008333333,0.0,0.0,May,2,4,2,2,New_Visitor,0,0
0,0.0,0,0.0,7,43.0,0.085714286,0.121428571,0.0,0.0,Dec,3,2,1,1,Returning_Visitor,0,0
1,4.0,0,0.0,8,492.25,0.0,0.044444444,0.0,0.0,Dec,2,2,1,2,New_Visitor,0,0
0,0.0,0,0.0,30,360.4733333,0.013333333,0.036666667,0.0,0.0,Jul,1,1,1,3,Returning_Visitor,0,0
0,0.0,0,0.0,43,1650.416667,0.0,0.003875969,0.0,0.0,Mar,2,2,7,3,Returning_Visitor,1,0
0,0.0,0,0.0,30,390.6666667,0.006666667,0.056666667,0.0,0.0,Mar,2,6,6,1,Returning_Visitor,0,0
4,124.0,0,0.0,3,165.0,0.0,0.033333333,0.0,0.0,May,2,6,4,1,Returning_Visitor,0,0
0,0.0,0,0.0,1,0.0,0.2,0.2,0.0,0.0,Jul,3,2,4,1,Returning_Visitor,0,0
1,6.0,0,0.0,57,1836.775,0.0,0.004093567,0.0,0.0,Nov,2,2,7,2,Returning_Visitor,0,0
0,0.0,0,0.0,7,93.7,0.028571429,0.071428571,0.0,1.0,May,3,2,2,4,Returning_Visitor,1,0
3,83.4,0,0.0,43,2013.659524,0.0,0.009090909,0.0,0.0,Oct,2,2,1,20,Returning_Visitor,0,0
0,0.0,1,57.0,5,454.0,0.0,0.05,0.0,0.0,Mar,2,2,3,6,Returning_Visitor,0,0
0,0.0,0,0.0,10,140.0,0.04,0.07,0.0,0.8,May,1,8,3,1,Returning_Visitor,0,0
19,739.1948718,1,8.0,114,4269.493146,0.001574803,0.016980377,8.466384757,0.0,Nov,2,2,2,1,Returning_Visitor,0,0
3,94.0,0,0.0,19,707.2666667,0.0,0.035714286,0.0,0.0,May,2,2,4,2,Returning_Visitor,0,0
7,46.2,0,0.0,22,280.0466667,0.00952381,0.012698413,0.0,0.0,Aug,2,2,1,3,New_Visitor,1,0
2,17.0,0,0.0,30,1448.928571,0.043851852,0.069954545,0.0,0.0,Dec,3,2,1,13,Returning_Visitor,0,0
0,0.0,0,0.0,2,0.0,0.2,0.2,0.0,0.0,June,1,1,3,2,Returning_Visitor,0,0
0,0.0,0,0.0,1,0.0,0.2,0.2,0.0,0.0,Mar,3,2,3,1,Returning_Visitor,0,0
0,0.0,0,0.0,10,357.5555556,0.0,0.022222222,0.0,0.0,Dec,1,8,3,11,New_Visitor,0,0
3,43.0,0,0.0,10,427.1666667,0.0,0.015384615,0.0,0.0,Mar,3,2,9,3,Returning_Visitor,0,0
0,0.0,0,0.0,10,240.75,0.0,0.02,0.0,0.0,Mar,2,2,9,2,Returning_Visitor,0,0
0,0.0,0,0.0,1,0.0,0.2,0.2,0.0,0.0,Dec,2,2,3,1,Other,1,0
2,44.5,0,0.0,35,1330.666667,0.005882353,0.014705882,0.0,0.0,Nov,2,2,6,3,Returning_Visitor,0,0
0,0.0,0,0.0,2,5.0,0.0,0.1,0.0,0.0,Mar,2,2,1,2,Returning_Visitor,0,0
0,0.0,0,0.0,40,1090.566667,0.018392857,0.041198413,0.0,0.0,May,2,4,1,6,Returning_Visitor,0,0
0,0.0,0,0.0,27,2098.238095,0.037037037,0.043518519,0.0,0.8,May,2,2,1,3,Returning_Visitor,0,0
0,0.0,0,0.0,14,1037.5,0.014285714,0.047619048,0.0,0.0,Mar,2,2,4,2,Returning_Visitor,0,0
2,267.8,0,0.0,6,616.5,0.028571429,0.038095238,0.0,0.0,Sep,3,2,3,4,Returning_Visitor,0,0
9,124.4266667,0,0.0,19,720.6766667,0.0,0.018933333,0.0,0.0,Oct,2,2,7,4,Returning_Visitor,0,0
1,3.0,1,302.0,7,539.5,0.0,0.0125,0.0,0.0,Dec,2,2,4,2,Other,1,0
0,0.0,0,0.0,36,777.2175325,0.029166667,0.018068783,0.0,1.0,May,1,1,7,3,Returning_Visitor,1,0
0,0.0,0,0.0,141,2886.523521,0.004316547,0.018798094,0.0,0.8,May,2,2,4,3,Returning_Visitor,0,0
0,0.0,0,0.0,1,0.0,0.2,0.2,0.0,0.0,Nov,8,2,9,3,Other,0,0
0,0.0,0,0.0,36,788.5,0.0,0.025,0.0,0.0,Nov,2,6,3,3,Returning_Visitor,0,0
2,32.0,0,0.0,7,164.5,0.0,0.008333333,0.0,0.4,May,2,2,1,4,Returning_Visitor,0,0
7,169.5,0,0.0,21,484.95,0.008695652,0.037681159,0.0,0.0,Mar,1,2,2,2,Returning_Visitor,0,0
5,494.1666667,0,0.0,8,204.0,0.0,0.030769231,0.0,0.0,Mar,2,4,4,1,Returning_Visitor,0,0
7,340.6111111,2,129.0,57,4516.588312,0.005,0.015180847,8.052616667,0.0,May,2,2,1,2,Returning_Visitor,0,0
1,19.0,0,0.0,16,278.9142857,0.007142857,0.04,0.0,0.0,May,1,8,1,4,Returning_Visitor,1,0
3,61.65,7,380.9571429,102,3025.290325,0.014102564,0.019800052,11.43180835,0.0,Sep,3,2,1,2,Returning_Visitor,0,0
0,0.0,0,0.0,1,0.0,0.2,0.2,0.0,0.0,Dec,8,13,9,20,Other,0,0
10,236.9,0,0.0,19,538.2,0.0,0.00952381,0.0,0.0,May,2,5,3,6,New_Visitor,0,0
0,0.0,0,0.0,38,1593.583333,0.0,0.010526316,0.0,0.0,Nov,2,2,2,1,Returning_Visitor,0,0
0,0.0,0,0.0,72,2494.8171,0.002777778,0.013842593,0.0,0.0,Nov,1,2,1,11,Returning_Visitor,0,0
0,0.0,0,0.0,40,4175.75,0.048333333,0.106,0.0,1.0,May,2,2,1,3,Returning_Visitor,1,0
1,4.0,0,0.0,26,242.1095238,0.0,0.004273504,0.0,0.0,June,4,1,2,1,Returning_Visitor,0,0
0,0.0,0,0.0,48,1916.873737,0.017391304,0.050362319,0.0,0.0,Dec,2,2,5,1,Returning_Visitor,0,0
5,157.3333333,0,0.0,76,3923.586111,0.000865801,0.013675718,0.0,0.0,Nov,2,2,8,2,Returning_Visitor,1,0
0,0.0,0,0.0,49,1384.016667,0.0,0.011904762,0.0,0.0,Mar,2,2,1,2,Returning_Visitor,0,0
5,129.625,1,15.0,25,389.4107143,0.007692308,0.014102564,0.0,0.0,Dec,3,2,1,2,Returning_Visitor,1,0
0,0.0,0,0.0,1,0.0,0.2,0.2,0.0,0.0,Dec,1,1,6,2,Returning_Visitor,0,0
0,0.0,0,0.0,30,397.0,0.0,0.02,0.0,0.0,Mar,2,2,7,2,Returning_Visitor,0,0
0,0.0,0,0.0,1,0.0,0.2,0.2,0.0,0.0,Dec,1,1,5,1,Returning_Visitor,0,0
0,0.0,0,0.0,3,48.0,0.0,0.033333333,0.0,0.0,Mar,2,2,5,1,Returning_Visitor,1,0
0,0.0,0,0.0,16,729.0,0.0125,0.040625,0.0,0.0,May,2,4,1,3,Returning_Visitor,0,0
14,325.48,6,22.6,24,359.63,0.024324324,0.042342342,0.0,0.0,Sep,1,1,2,4,Returning_Visitor,1,0
0,0.0,0,0.0,1,0.0,0.2,0.2,0.0,0.0,Nov,1,1,5,3,Returning_Visitor,0,0
0,0.0,0,0.0,16,1599.266667,0.0,0.013333333,0.0,0.0,May,4,2,2,13,Returning_Visitor,0,0
0,0.0,0,0.0,4,66.5,0.0,0.025,0.0,0.0,Dec,2,2,1,10,Returning_Visitor,0,0
0,0.0,0,0.0,1,0.0,0.2,0.2,0.0,0.0,Nov,2,2,1,20,Returning_Visitor,1,0
1,16.25,0,0.0,34,456.525,0.006060606,0.03030303,0.0,0.0,Nov,1,1,4,1,Returning_Visitor,1,0
0,0.0,0,0.0,26,1380.833333,0.0,0.018055556,0.0,0.0,May,2,6,4,13,Returning_Visitor,0,0
15,1011.361111,2,171.5,54,1405.131241,0.0,0.006127451,37.41814196,0.0,Mar,3,2,3,2,New_Visitor,1,0
6,190.4166667,0,0.0,78,3913.98703,0.005424955,0.006561181,0.0,0.0,Nov,3,2,5,1,Returning_Visitor,1,0
3,315.3333333,1,141.5,42,3009.0875,0.004021164,0.0323655,0.0,0.0,Nov,1,1,1,1,Returning_Visitor,0,0
0,0.0,0,0.0,5,72.0,0.0,0.05,0.0,0.0,Dec,3,2,1,2,Returning_Visitor,0,0
0,0.0,10,518.25,60,2068.248473,0.002857143,0.034058957,0.0,0.0,Nov,1,1,1,2,Returning_Visitor,0,0
4,179.6071429,2,5.5,34,1045.102381,0.0,0.007603276,0.0,0.0,Mar,1,1,1,3,Returning_Visitor,0,0
5,188.0,0,0.0,22,352.8,0.0,0.008,0.0,0.2,May,2,2,3,2,New_Visitor,0,0
0,0.0,0,0.0,8,412.1666667,0.0,0.0125,0.0,0.0,May,3,2,4,6,New_Visitor,0,0
2,33.0,0,0.0,22,460.6666667,0.0,0.025,0.0,0.6,May,3,2,3,1,Returning_Visitor,0,0
0,0.0,0,0.0,5,0.0,0.2,0.2,0.0,0.6,May,3,2,8,13,Returning_Visitor,0,0
0,0.0,2,75.0,14,442.3333333,0.0,0.034375,0.0,0.8,Feb,1,1,3,3,Returning_Visitor,0,0
3,120.25,5,869.0,42,2066.927778,0.017391304,0.048188406,17.70684845,0.0,May,2,2,4,4,Returning_Visitor,0,0
3,121.0,0,0.0,17,174.8333333,0.017647059,0.051764706,0.0,0.0,May,1,4,2,2,Returning_Visitor,0,0
2,107.0,0,0.0,3,56.0,0.0,0.04,0.0,0.0,Mar,1,1,3,2,New_Visitor,0,0
3,86.75,2,51.0,11,145.6666667,0.007692308,0.023076923,0.0,0.0,Dec,1,1,1,2,New_Visitor,0,0
1,20.2,0,0.0,13,227.6,0.0,0.0,42.29306752,0.0,Jul,2,2,3,3,New_Visitor,0,0
2,33.5,0,0.0,108,2270.908333,0.005504587,0.029663609,0.0,0.0,Nov,2,2,1,3,Returning_Visitor,0,0
0,0.0,0,0.0,2,93.6,0.0,0.05,0.0,0.0,Oct,2,4,1,2,Returning_Visitor,1,0
0,0.0,0,0.0,4,41.4,0.075,0.125,0.0,0.0,Jul,3,2,6,1,Returning_Visitor,0,0
0,0.0,0,0.0,19,337.1666667,0.0,0.003508772,0.0,1.0,May,1,1,9,3,Returning_Visitor,1,0
0,0.0,0,0.0,7,121.0,0.028571429,0.057142857,0.0,0.0,Dec,2,2,7,3,Returning_Visitor,1,0
2,52.0,1,17.66666667,18,1262.0,0.0,0.00952381,0.0,0.0,Mar,2,2,1,2,New_Visitor,0,0
0,0.0,0,0.0,41,3272.0,0.045238095,0.078571429,0.0,0.8,May,2,6,1,6,Returning_Visitor,0,0
0,0.0,0,0.0,5,58.0,0.0,0.04,0.0,0.0,May,2,2,4,3,Returning_Visitor,0,0
0,0.0,0,0.0,3,903.0,0.0,0.066666667,0.0,0.0,Mar,2,2,1,1,Returning_Visitor,0,0
0,0.0,0,0.0,41,1423.833333,0.007317073,0.030243902,0.0,0.0,Dec,2,2,1,1,Returning_Visitor,0,0
4,250.8571429,1,37.5,71,1145.571429,0.0,0.004054054,80.58733784,0.0,May,2,4,1,1,Returning_Visitor,0,0
0,0.0,0,0.0,10,172.5,0.01,0.043333333,0.0,0.0,Mar,2,2,3,6,Returning_Visitor,0,0
0,0.0,0,0.0,18,1844.416667,0.0,0.023529412,28.52788235,0.0,May,3,7,3,4,Returning_Visitor,0,0
1,34.26666667,2,21.2,8,2398.766667,0.0,0.022222222,0.0,0.0,June,4,1,1,3,Returning_Visitor,0,0
0,0.0,0,0.0,1,0.0,0.2,0.2,0.0,0.0,Dec,2,4,1,1,Returning_Visitor,1,0
0,0.0,0,0.0,11,151.5,0.016666667,0.066666667,0.0,0.0,May,2,2,2,6,Returning_Visitor,1,0
2,108.0,0,0.0,8,316.5,0.033333333,0.040740741,0.0,0.0,May,3,2,3,11,Returning_Visitor,1,0
0,0.0,0,0.0,55,1165.623254,0.013207547,0.018742138,0.0,0.0,May,3,2,1,19,Returning_Visitor,0,0
0,0.0,0,0.0,3,48.0,0.0,0.066666667,0.0,0.0,Mar,4,1,1,1,Returning_Visitor,0,0
0,0.0,2,10.0,15,178.0,0.019607843,0.043137255,0.0,0.0,May,2,2,1,4,Returning_Visitor,0,0
0,0.0,0,0.0,5,54.33333333,0.0,0.02,0.0,0.0,Dec,1,2,1,3,Returning_Visitor,0,0
0,0.0,0,0.0,80,3279.407576,0.01875,0.041944444,0.0,0.4,May,2,4,7,2,Returning_Visitor,0,0
6,77.33333333,1,52.33333333,6,126.6666667,0.0,0.016666667,0.0,0.0,Mar,1,1,1,2,Returning_Visitor,0,0
3,16.0,0,0.0,63,3908.754762,0.0,0.001587302,1.298232174,0.0,Aug,4,1,6,4,Returning_Visitor,0,0
0,0.0,0,0.0,7,108.25,0.0,0.028571429,0.0,0.0,Dec,2,2,7,2,New_Visitor,1,0
0,0.0,0,0.0,7,245.4,0.025,0.08125,3.27121463,0.0,Sep,3,7,3,4,Returning_Visitor,0,0
1,42.0,0,0.0,10,1057.0,0.022222222,0.014814815,0.0,0.0,May,3,2,8,15,New_Visitor,1,0
0,0.0,0,0.0,15,803.3333333,0.0,0.038888889,0.0,0.0,Dec,4,1,1,2,Returning_Visitor,0,0
0,0.0,0,0.0,7,24.0,0.042857143,0.1,0.0,0.8,May,2,4,1,3,Returning_Visitor,0,0
0,0.0,1,0.0,7,50.0,0.038095238,0.080952381,0.0,0.6,Feb,2,4,1,7,Returning_Visitor,0,0
4,598.375,0,0.0,126,4446.303175,0.001538462,0.015567766,3.333835543,0.0,Dec,2,2,3,2,Returning_Visitor,0,0
4,76.25,0,0.0,141,3274.521154,0.0,0.008391608,6.425757643,0.0,Dec,2,2,1,1,Returning_Visitor,0,0
0,0.0,0,0.0,1,0.0,0.2,0.2,0.0,0.0,Mar,2,4,3,1,Returning_Visitor,0,0
0,0.0,0,0.0,14,253.1666667,0.014285714,0.04047619,0.0,0.6,May,3,2,8,13,Returning_Visitor,0,0
0,0.0,0,0.0,2,21.0,0.0,0.05,0.0,0.8,May,2,2,9,3,Returning_Visitor,0,0
0,0.0,0,0.0,2,0.0,0.2,0.2,0.0,0.6,May,2,2,3,3,Returning_Visitor,0,0
4,23.375,2,231.6,35,996.1480769,0.006081081,0.041741742,0.0,0.0,Nov,2,2,5,2,Returning_Visitor,1,0
4,562.0,0,0.0,22,1945.5,0.0,0.008333333,0.0,0.0,Dec,2,2,1,2,Returning_Visitor,0,0
0,0.0,1,112.0,43,1866.107143,0.0,0.025,0.0,0.0,Nov,2,2,1,2,Returning_Visitor,1,0
0,0.0,0,0.0,1,0.0,0.2,0.2,0.0,0.0,Nov,3,2,3,10,Other,0,0
15,292.88,1,48.35,130,3645.909048,0.001459854,0.008515815,10.41358118,0.0,Nov,2,4,8,2,Returning_Visitor,0,0
0,0.0,0,0.0,16,622.0,0.0,0.0125,0.0,0.0,Mar,2,10,2,6,Returning_Visitor,0,0
1,7.125,6,1043.928571,73,3585.177579,0.008175105,0.024451608,0.0,0.0,Nov,3,2,5,2,Returning_Visitor,0,0
6,1489.041667,0,0.0,12,879.8,0.0,0.005555556,0.0,0.0,Nov,2,2,4,2,New_Visitor,1,0
3,59.2,0,0.0,9,1261.7,0.016666667,0.05,0.0,0.0,Aug,2,5,1,5,Returning_Visitor,0,0
1,8.0,0,0.0,33,636.5833333,0.0,0.00625,0.0,0.0,Dec,3,2,1,2,New_Visitor,0,0
2,126.0,0,0.0,6,127.1666667,0.05,0.04375,0.0,0.0,Dec,3,2,5,3,Returning_Visitor,1,0
0,0.0,0,0.0,65,624.6248956,0.0,0.02359375,0.0,0.8,May,2,5,4,2,Returning_Visitor,0,0
0,0.0,1,30.5,24,1689.134524,0.0,0.008,0.0,0.0,Nov,2,2,9,2,Returning_Visitor,0,0
1,28.2,0,0.0,2,0.0,0.066666667,0.133333333,0.0,0.0,June,1,8,2,3,New_Visitor,1,0
0,0.0,0,0.0,4,117.0,0.15,0.175,0.0,0.6,May,3,2,3,3,Returning_Visitor,0,0
0,0.0,0,0.0,39,1020.013889,0.005405405,0.014226044,0.0,0.0,Dec,3,2,7,1,Returning_Visitor,1,0
9,848.1428571,4,388.6666667,33,595.0095238,0.0,0.004651163,0.0,0.0,Mar,2,2,1,10,New_Visitor,0,0
0,0.0,0,0.0,41,1066.339286,0.012195122,0.043292683,0.0,0.0,Nov,3,2,3,1,Returning_Visitor,0,0
0,0.0,0,0.0,16,344.4,0.023529412,0.052941176,0.0,0.0,Jul,2,2,2,4,Returning_Visitor,0,0
7,190.2628205,4,195.0,124,3197.290064,0.010320513,0.01989345,7.059929851,0.0,Nov,3,2,6,2,Returning_Visitor,1,0
9,324.3,4,205.0,71,2816.43881,0.0,0.002666667,0.0,0.0,Mar,2,2,1,8,New_Visitor,1,0
5,178.92,1,6.0,33,1017.576667,0.013157895,0.011842105,0.0,0.0,Nov,3,2,1,3,Returning_Visitor,0,0
2,103.3,0,0.0,38,1649.766667,0.0,0.011965812,0.0,0.0,Oct,1,1,3,3,Returning_Visitor,0,0
3,346.0,1,15.2,29,1107.216667,0.006060606,0.006700972,69.91439226,0.0,Nov,2,2,5,2,Returning_Visitor,0,0
0,0.0,0,0.0,35,806.125,0.012121212,0.024444444,0.0,0.0,Nov,1,1,4,2,Returning_Visitor,0,0
0,0.0,1,1.0,93,4324.737073,0.021112782,0.034077383,0.0,1.0,May,3,2,1,5,Returning_Visitor,1,0
5,56.8,0,0.0,3,27.2,0.0,0.033333333,0.0,0.0,Nov,2,2,6,2,New_Visitor,0,0
0,0.0,0,0.0,7,499.5,0.0,0.033333333,0.0,0.8,May,2,4,1,5,New_Visitor,0,0
2,67.0,0,0.0,8,533.3,0.0,0.016666667,0.0,0.0,Sep,3,2,9,2,New_Visitor,0,0
10,398.5727115,1,132.0,24,985.0802412,0.00859375,0.028987132,0.0,0.0,Sep,3,2,1,3,Returning_Visitor,1,0
3,96.0,0,0.0,12,175.175,0.02,0.031111111,0.0,0.0,Dec,3,2,8,2,New_Visitor,0,0
1,21.0,0,0.0,31,945.6666667,0.006896552,0.010344828,0.0,0.0,May,2,2,1,4,New_Visitor,0,0
0,0.0,0,0.0,1,0.0,0.2,0.2,0.0,0.0,Mar,2,2,7,1,Returning_Visitor,1,0
2,29.75,0,0.0,44,1410.428571,0.008695652,0.026086957,0.0,0.0,Nov,2,2,1,8,Returning_Visitor,1,0
0,0.0,0,0.0,20,447.5,0.02,0.04,0.0,0.0,Mar,2,2,1,1,Returning_Visitor,0,0
11,344.1,2,477.6,57,1475.608427,0.01641791,0.030868963,10.45977002,0.0,Oct,1,1,3,1,Returning_Visitor,0,0
0,0.0,0,0.0,5,131.5,0.04,0.093333333,0.0,0.6,May,1,1,1,1,Returning_Visitor,0,0
4,46.4,0,0.0,128,5287.233333,0.0171875,0.034482887,14.984875,0.4,May,2,2,3,13,Returning_Visitor,0,0
1,4.0,0,0.0,22,2706.375,0.002083333,0.039814815,0.0,0.0,Nov,4,2,1,2,Returning_Visitor,0,0
3,90.5,0,0.0,15,369.5,0.0,0.025,0.0,0.0,Nov,3,2,2,2,New_Visitor,1,0
7,611.0333333,2,13.0,81,1719.375714,0.004494382,0.009737828,6.49444108,0.0,Oct,1,1,6,2,Returning_Visitor,1,0
1,44.5,0,0.0,18,519.5,0.0,0.035,20.394,0.0,May,2,2,7,13,Returning_Visitor,0,0
0,0.0,0,0.0,4,253.0,0.0,0.016666667,0.0,0.6,Feb,2,2,3,3,Returning_Visitor,0,0
9,443.2916667,1,0.0,74,3615.889239,0.007028112,0.016930138,1.119759036,0.8,May,2,2,3,1,Returning_Visitor,0,0
0,0.0,0,0.0,39,2558.5,0.0,0.010810811,0.0,0.0,Nov,4,2,2,10,Returning_Visitor,0,0
3,69.8,0,0.0,81,7514.790476,0.003821138,0.021883469,0.0,0.0,Nov,2,2,1,2,Returning_Visitor,0,0
0,0.0,0,0.0,3,0.0,0.2,0.2,0.0,0.0,Nov,3,2,1,13,Returning_Visitor,0,0
2,48.0,0,0.0,3,66.5,0.05,0.1,0.0,0.0,May,3,2,1,3,Returning_Visitor,0,0
7,52.4,3,202.5,55,1995.466667,0.003333333,0.025396825,1.8315,0.0,May,2,2,6,13,Returning_Visitor,0,0
7,110.25,0,0.0,20,266.5833333,0.011111111,0.039753086,0.0,0.0,Mar,2,2,1,2,Returning_Visitor,0,0
1,4.0,0,0.0,36,440.6,0.011111111,0.041898148,0.0,1.0,May,3,2,3,1,Returning_Visitor,1,0
13,295.9285714,5,17.9,154,6759.311928,0.005767417,0.02883646,0.0,0.0,Nov,2,2,3,10,Returning_Visitor,0,0
0,0.0,0,0.0,26,436.8,0.074074074,0.088888889,0.0,0.0,Jul,2,2,1,3,Returning_Visitor,0,0
0,0.0,0,0.0,7,87.71428571,0.042857143,0.089285714,0.0,0.0,Mar,3,2,1,3,Returning_Visitor,0,0
5,36.33333333,3,53.0,22,406.0,0.002564103,0.013461538,0.0,0.0,Mar,4,1,1,1,Returning_Visitor,0,0
0,0.0,0,0.0,24,550.1666667,0.008333333,0.050833333,0.0,0.0,Nov,2,2,1,2,Returning_Visitor,0,0
2,45.2,0,0.0,19,230.2,0.0,0.019047619,0.0,0.0,Jul,2,2,2,2,New_Visitor,0,0
4,272.5,0,0.0,14,279.9,0.0,0.028571429,0.0,0.0,Mar,1,1,3,10,New_Visitor,0,0
0,0.0,0,0.0,4,135.5,0.0,0.066666667,0.0,0.0,Mar,2,2,3,14,Returning_Visitor,0,0
1,6.333333333,0,0.0,36,1378.166667,0.005555556,0.026587302,0.0,0.0,Nov,2,2,1,13,Returning_Visitor,1,0
0,0.0,0,0.0,4,34.0,0.1,0.15,0.0,0.0,Mar,3,2,6,1,Returning_Visitor,0,0
0,0.0,0,0.0,6,65.66666667,0.066666667,0.1,0.0,0.0,May,2,2,2,3,Returning_Visitor,0,0
0,0.0,0,0.0,6,463.5,0.0,0.033333333,0.0,0.0,Mar,2,5,1,3,Returning_Visitor,0,0
0,0.0,0,0.0,4,26.0,0.05,0.1,0.0,0.4,May,2,2,1,13,Returning_Visitor,0,0
7,66.0,0,0.0,6,146.5,0.0,0.018181818,0.0,0.0,Nov,2,4,1,2,New_Visitor,0,0
1,8.0,0,0.0,55,1893.650488,0.012727273,0.038483516,0.0,0.0,Nov,3,2,1,13,Returning_Visitor,1,0
0,0.0,0,0.0,29,830.9333333,0.035555556,0.088333333,0.0,0.6,May,3,2,6,13,Returning_Visitor,0,0
0,0.0,0,0.0,29,2374.5,0.0,0.002298851,0.0,0.0,Nov,2,5,1,2,Returning_Visitor,0,0
0,0.0,0,0.0,1,0.0,0.2,0.2,0.0,0.0,May,3,2,3,15,Returning_Visitor,0,0
0,0.0,1,0.0,10,210.25,0.0,0.018181818,0.0,0.0,Nov,1,1,1,2,New_Visitor,0,0
3,132.92,4,212.8,36,1335.773333,0.014285714,0.034484127,11.11383981,0.0,Nov,2,7,2,2,Returning_Visitor,0,0
6,93.0,2,23.0,37,783.875,0.003409091,0.031709957,0.0,0.0,Nov,2,2,1,11,Returning_Visitor,1,0
0,0.0,0,0.0,30,805.8333333,0.0,0.003333333,0.0,0.0,Nov,1,1,3,8,New_Visitor,0,0
0,0.0,0,0.0,1,0.0,0.2,0.2,0.0,0.0,Dec,1,13,9,20,Returning_Visitor,0,0
0,0.0,0,0.0,3,62.0,0.1,0.125,0.0,0.8,May,3,2,1,13,Returning_Visitor,0,0
4,229.25,0,0.0,8,372.25,0.022222222,0.00952381,0.0,0.0,Dec,1,2,1,8,Returning_Visitor,0,0
0,0.0,0,0.0,4,14.2,0.1,0.15,0.0,0.0,Oct,1,1,1,1,Returning_Visitor,1,0
2,96.0,0,0.0,37,1238.5,0.005128205,0.016410256,0.0,0.0,Mar,2,2,1,2,New_Visitor,0,0
1,12.0,0,0.0,6,74.0,0.0,0.028571429,0.0,0.0,Mar,1,1,1,10,Returning_Visitor,0,0
3,25.4,0,0.0,73,2958.5,0.005405405,0.021846847,5.677286486,0.4,May,2,5,2,3,Returning_Visitor,0,0
5,140.6,0,0.0,16,423.5,0.0125,0.0125,0.0,0.0,Aug,3,2,1,3,Returning_Visitor,1,0
6,229.0,2,40.02,71,2576.432121,0.01027027,0.045526366,0.0,0.0,Oct,1,1,2,1,Returning_Visitor,1,0
0,0.0,0,0.0,1,0.0,0.2,0.2,0.0,0.0,May,2,2,8,3,Returning_Visitor,0,0
0,0.0,0,0.0,5,47.5,0.08,0.12,0.0,0.0,Dec,2,2,1,3,Returning_Visitor,0,0
0,0.0,0,0.0,30,677.9166667,0.006666667,0.013333333,0.0,0.0,Nov,3,2,1,2,Returning_Visitor,1,0
0,0.0,2,39.0,19,1527.607143,0.038095238,0.083730159,0.0,1.0,May,2,2,1,4,Returning_Visitor,1,0
0,0.0,0,0.0,38,1787.395833,0.004824561,0.031871345,0.0,0.0,Nov,2,2,4,2,New_Visitor,0,0
2,95.0,3,48.0,9,259.5,0.0,0.015384615,0.0,0.0,May,1,1,1,2,Returning_Visitor,0,0
0,0.0,0,0.0,2,5.0,0.0,0.1,0.0,0.0,Mar,2,2,9,1,Returning_Visitor,0,0
0,0.0,0,0.0,6,110.0,0.011111111,0.058333333,0.0,0.0,May,2,2,4,2,Returning_Visitor,0,0
0,0.0,0,0.0,1,0.0,0.2,0.2,0.0,0.0,Mar,2,2,1,1,Returning_Visitor,1,0
0,0.0,1,28.0,12,276.0,0.0,0.008333333,0.0,0.0,May,4,5,9,2,New_Visitor,0,0
0,0.0,0,0.0,1,0.0,0.2,0.2,0.0,0.0,May,2,10,3,3,Returning_Visitor,0,0
8,92.93333333,0,0.0,78,2063.642844,0.007407407,0.011934156,0.0,0.0,Sep,3,2,6,13,Returning_Visitor,0,0
9,241.8416667,0,0.0,25,673.0333333,0.002150538,0.005222734,27.97341787,0.0,Nov,1,1,3,2,New_Visitor,0,0
0,0.0,0,0.0,1,0.0,0.2,0.2,0.0,0.0,Mar,2,2,3,3,Returning_Visitor,0,0
0,0.0,6,129.125,47,1117.642857,0.00754717,0.019339623,0.0,0.0,Dec,1,1,1,2,Returning_Visitor,0,0
0,0.0,0,0.0,47,1447.577273,0.0,0.011134752,0.0,0.6,May,2,2,3,3,Returning_Visitor,0,0
9,301.0,0,0.0,38,2621.621429,0.021212121,0.044507576,10.72117234,0.0,Nov,2,2,1,13,Returning_Visitor,0,0
0,0.0,0,0.0,3,52.0,0.0,0.066666667,0.0,0.0,Mar,2,5,8,3,Returning_Visitor,1,0
2,77.5,0,0.0,19,598.7833333,0.0,0.002631579,0.0,0.0,Mar,3,2,2,9,New_Visitor,1,0
3,36.0,0,0.0,3,29.5,0.0,0.04,0.0,0.0,Nov,2,10,3,2,Other,0,0
9,196.25,1,62.5,6,148.75,0.0,0.02,0.0,0.0,Dec,4,1,9,2,Returning_Visitor,0,0
6,394.1,4,489.6,40,1190.4,0.0,0.012318841,17.19073913,0.0,May,3,2,1,11,Returning_Visitor,0,0
0,0.0,0,0.0,13,454.5,0.0,0.016666667,0.0,0.0,May,3,2,4,13,Returning_Visitor,0,0
0,0.0,2,88.6,35,682.1833333,0.0,0.001388889,0.0,0.0,Jul,1,1,3,1,Returning_Visitor,0,0
2,21.25,0,0.0,15,305.2083333,0.0,0.010784314,0.0,0.0,Nov,2,4,7,2,Returning_Visitor,0,0
0,0.0,0,0.0,6,210.2,0.055555556,0.068055556,0.0,0.0,May,3,2,4,20,Returning_Visitor,0,0
9,233.5,2,102.0,81,2477.666667,0.001149425,0.011954023,0.0,0.0,May,2,2,1,2,Returning_Visitor,0,0
0,0.0,0,0.0,5,143.0,0.0,0.04,0.0,0.0,Mar,2,4,1,1,Returning_Visitor,0,0
11,392.5,0,0.0,206,8437.099188,0.0,0.006257147,0.0,0.0,Nov,2,4,1,2,Returning_Visitor,0,0
5,129.5,0,0.0,33,982.0,0.0,0.005882353,0.0,0.0,May,2,5,2,4,Returning_Visitor,1,0
4,304.6,0,0.0,7,137.6,0.0,0.0375,0.0,0.0,Aug,3,2,1,5,New_Visitor,0,0
6,205.0,0,0.0,20,221.78,0.0,0.001515152,0.0,0.0,Nov,1,1,1,2,Returning_Visitor,0,0
0,0.0,0,0.0,17,600.5,0.0,0.005882353,0.0,0.0,Mar,2,2,7,10,Returning_Visitor,0,0
0,0.0,0,0.0,2,9.0,0.0,0.1,0.0,0.0,Dec,2,2,1,3,Returning_Visitor,0,0
0,0.0,1,25.0,43,2053.933333,0.012878788,0.039015152,0.0,0.0,May,2,5,6,3,Returning_Visitor,1,0
6,45.03333333,1,69.6,120,5771.466862,0.002755906,0.014537746,4.586910248,0.0,Aug,4,2,1,2,Returning_Visitor,0,0
4,485.3333333,2,18.0,19,345.3833333,0.0,0.005797101,0.0,0.0,Mar,3,2,3,8,New_Visitor,1,0
0,0.0,0,0.0,7,64.0,0.0,0.014285714,0.0,0.0,Mar,2,2,1,3,Returning_Visitor,0,0
2,197.0,4,219.0,53,1518.761111,0.007272727,0.005454545,0.0,0.0,Mar,1,1,6,2,Returning_Visitor,1,0
0,0.0,0,0.0,34,606.7857143,0.017647059,0.040441176,0.0,0.4,May,1,1,1,3,Returning_Visitor,0,0
5,879.5,0,0.0,43,2365.429545,0.0,0.013043478,0.0,0.0,Nov,4,1,1,10,Returning_Visitor,0,0
1,13.0,0,0.0,28,611.94,0.0,0.006896552,0.0,0.0,Sep,3,2,1,1,Returning_Visitor,0,0
0,0.0,0,0.0,6,671.6666667,0.0,0.016666667,0.0,0.0,May,2,4,3,3,Returning_Visitor,0,0
2,47.0,1,0.0,20,738.9107143,0.017391304,0.023671498,0.0,0.0,Nov,3,2,1,2,Returning_Visitor,0,0
0,0.0,0,0.0,9,87.91666667,0.0,0.003174603,0.0,0.0,Nov,8,2,5,1,Returning_Visitor,1,0
0,0.0,0,0.0,6,39.5,0.0,0.02,0.0,0.0,Feb,2,2,1,3,Returning_Visitor,0,0
4,34.93333333,0,0.0,2,22.8,0.0,0.028571429,0.0,0.0,Oct,2,2,4,2,New_Visitor,0,0
0,0.0,0,0.0,43,654.0666667,0.0,0.029844961,0.0,0.0,Jul,2,2,7,3,Returning_Visitor,0,0
7,117.6666667,0,0.0,74,1540.290115,0.00617284,0.016237507,0.0,0.0,Aug,2,2,7,1,Returning_Visitor,0,0
0,0.0,0,0.0,17,1338.8,0.058823529,0.094117647,0.0,0.0,Aug,2,2,3,13,Returning_Visitor,0,0
1,55.4,0,0.0,9,949.6,0.0,0.046666667,0.0,0.0,Oct,1,8,5,11,Returning_Visitor,0,0
6,111.5,0,0.0,26,449.0277778,0.0,0.018518519,0.0,0.6,Feb,1,1,3,3,Returning_Visitor,0,0
0,0.0,0,0.0,14,183.6666667,0.0,0.004761905,0.0,0.0,Mar,3,2,3,3,Returning_Visitor,0,0
0,0.0,0,0.0,5,241.0,0.0,0.08,0.0,1.0,May,2,2,5,1,Returning_Visitor,1,0
0,0.0,0,0.0,5,132.0,0.0,0.04,0.0,0.0,Mar,1,1,1,1,Returning_Visitor,1,0
0,0.0,0,0.0,5,614.75,0.0,0.073333333,0.0,0.0,Dec,2,10,2,2,Returning_Visitor,0,0
0,0.0,0,0.0,2,14.0,0.0,0.1,0.0,0.0,May,2,2,1,1,Returning_Visitor,0,0
0,0.0,0,0.0,94,9836.068333,0.007446809,0.028191489,0.0,0.0,Sep,2,2,1,13,Returning_Visitor,0,0
6,233.0833333,2,63.0,60,3135.442572,0.001666667,0.009358814,0.0,0.0,Mar,3,2,1,10,Returning_Visitor,0,0
7,290.6666667,0,0.0,35,1384.533333,0.001754386,0.016885965,12.68583158,0.0,May,2,2,2,2,Returning_Visitor,1,0
2,30.0,0,0.0,24,300.6666667,0.008333333,0.025,0.0,0.0,May,2,2,1,4,Returning_Visitor,0,0
0,0.0,0,0.0,59,2516.833333,0.025423729,0.047740113,7.726779661,0.4,May,2,2,3,13,Returning_Visitor,0,0
0,0.0,0,0.0,2,18.0,0.0,0.1,0.0,0.0,Nov,1,1,1,1,Returning_Visitor,0,0
1,25.5,0,0.0,12,250.8333333,0.0,0.016666667,0.0,0.0,Mar,3,2,2,1,Returning_Visitor,1,0
2,48.0,0,0.0,51,1671.375,0.001098901,0.016433566,0.0,0.0,Mar,2,2,1,6,Returning_Visitor,1,0
0,0.0,0,0.0,7,76.5,0.007142857,0.066190476,0.0,0.0,May,3,2,1,1,Returning_Visitor,0,0
0,0.0,1,35.5,130,3313.455754,0.007633588,0.028972728,0.0,0.0,Nov,2,2,1,2,Returning_Visitor,1,0
2,4.0,5,161.5,64,3757.079762,0.012254902,0.022009804,18.88360212,0.0,Nov,1,2,6,2,Returning_Visitor,0,0
0,0.0,0,0.0,5,164.3333333,0.06,0.06,0.0,0.0,Mar,3,2,2,1,Returning_Visitor,0,0
0,0.0,0,0.0,9,597.0,0.111111111,0.144444444,0.0,0.2,May,2,4,6,3,Returning_Visitor,0,0
5,110.3,1,21.8,78,3621.606667,0.0,0.006024096,18.78186098,0.0,Jul,2,4,4,1,Returning_Visitor,0,0
0,0.0,0,0.0,1,0.0,0.2,0.2,0.0,0.0,Nov,3,2,9,13,Returning_Visitor,1,0
0,0.0,0,0.0,4,9.0,0.1,0.15,0.0,0.0,Mar,3,2,3,1,Returning_Visitor,0,0
3,74.0,0,0.0,14,584.3333333,0.0,0.003703704,0.0,0.0,May,2,2,3,5,New_Visitor,0,0
4,27.0,0,0.0,42,601.7666667,0.0,0.004545455,0.0,0.0,Mar,2,5,3,3,Returning_Visitor,0,0
0,0.0,0,0.0,15,225.0,0.0,0.026666667,0.0,0.0,May,2,2,7,3,Returning_Visitor,0,0
3,60.25,0,0.0,8,131.5833333,0.02,0.013333333,0.0,0.0,Nov,3,2,1,2,New_Visitor,0,0
0,0.0,0,0.0,23,1516.966667,0.0,0.024242424,0.0,0.2,May,1,1,8,1,Returning_Visitor,0,0
0,0.0,0,0.0,2,0.0,0.2,0.2,0.0,0.0,May,1,1,3,11,Returning_Visitor,1,0
0,0.0,0,0.0,20,438.3333333,0.02,0.04,0.0,0.0,Mar,2,2,7,1,Returning_Visitor,0,0
2,21.33333333,0,0.0,3,45.33333333,0.0,0.0125,0.0,0.0,May,3,2,4,4,Returning_Visitor,1,0
0,0.0,0,0.0,5,108.0,0.0,0.04,0.0,0.0,May,4,1,3,4,Returning_Visitor,0,0
1,22.0,3,39.0,80,1903.081639,0.007228916,0.032248996,0.0,0.0,Dec,3,2,1,2,Returning_Visitor,0,0
5,59.0,0,0.0,3,44.66666667,0.0,0.025,0.0,0.0,Mar,2,4,6,2,Returning_Visitor,1,0
0,0.0,0,0.0,3,78.0,0.0,0.066666667,0.0,0.0,Feb,1,2,6,6,Returning_Visitor,1,0
0,0.0,0,0.0,13,153.5833333,0.0,0.020512821,0.0,0.0,May,2,2,4,13,Returning_Visitor,0,0
0,0.0,0,0.0,54,2222.9,0.003703704,0.014814815,0.0,0.0,May,4,1,1,4,Returning_Visitor,0,0
5,157.5,0,0.0,15,138.75,0.0125,0.025,0.0,0.0,Nov,1,1,1,2,New_Visitor,0,0
1,1.333333333,0,0.0,32,395.2222222,0.006060606,0.011111111,0.0,0.0,Mar,2,4,1,2,Returning_Visitor,1,0
0,0.0,0,0.0,9,232.8333333,0.033333333,0.046666667,0.0,0.0,May,1,1,3,1,Returning_Visitor,0,0
7,141.8388889,0,0.0,33,486.5600582,0.006666667,0.028784722,11.84059922,0.0,June,2,2,3,1,Returning_Visitor,0,0
2,32.0,0,0.0,16,230.1,0.0,0.0125,0.0,0.0,May,2,2,2,1,Returning_Visitor,1,0
0,0.0,0,0.0,1,0.0,0.2,0.2,0.0,0.0,Dec,3,2,7,1,Returning_Visitor,0,0
3,70.6,0,0.0,11,93.5,0.1,0.107142857,0.0,0.0,Oct,1,1,1,3,Returning_Visitor,0,0
0,0.0,0,0.0,11,357.3333333,0.0,0.022222222,0.0,0.0,Dec,1,1,3,2,New_Visitor,0,0
0,0.0,0,0.0,11,297.25,0.0,0.022222222,0.0,0.0,May,2,2,3,1,Returning_Visitor,0,0
0,0.0,0,0.0,3,18.0,0.0,0.066666667,0.0,0.2,May,2,2,2,5,Returning_Visitor,0,0
3,73.5,8,376.3333333,42,986.5166667,0.019934641,0.031113658,0.0,0.0,May,3,2,1,1,Returning_Visitor,1,0
0,0.0,0,0.0,10,902.6666667,0.0,0.03,0.0,0.0,Nov,2,2,3,20,Returning_Visitor,1,0
0,0.0,0,0.0,2,22.0,0.0,0.1,0.0,0.0,Mar,2,2,1,1,Returning_Visitor,0,0
2,168.4,0,0.0,10,208.0,0.0,0.008333333,0.0,0.0,Nov,3,2,5,2,New_Visitor,0,0
0,0.0,0,0.0,15,455.5,0.0,0.014285714,0.0,0.0,May,2,10,3,2,New_Visitor,0,0
2,18.33333333,0,0.0,36,1387.606061,0.005263158,0.025438596,0.0,0.0,Mar,2,2,8,1,Returning_Visitor,1,0
0,0.0,0,0.0,90,2636.138889,0.023333333,0.045777778,0.0,0.0,Nov,2,2,1,2,Returning_Visitor,0,0
0,0.0,0,0.0,37,1048.980263,0.005555556,0.024074074,0.0,0.0,Nov,2,2,7,2,Returning_Visitor,1,0
0,0.0,0,0.0,3,31.0,0.066666667,0.133333333,0.0,0.0,May,2,2,4,3,Returning_Visitor,0,0
0,0.0,0,0.0,1,0.0,0.2,0.2,0.0,0.0,Nov,1,1,3,3,Returning_Visitor,0,0
5,141.14,0,0.0,12,305.24,0.0,0.013333333,0.0,0.0,June,2,2,9,3,Returning_Visitor,0,0
1,0.0,0,0.0,1,19.0,0.0,0.1,0.0,0.0,Mar,1,1,3,1,Returning_Visitor,0,0
0,0.0,0,0.0,7,143.0,0.0,0.028571429,0.0,0.0,Nov,2,5,2,3,Returning_Visitor,0,0
3,199.75,0,0.0,8,331.4,0.0,0.003333333,0.0,0.0,Mar,3,2,2,10,New_Visitor,0,0
7,79.5,2,31.5,65,5410.956705,0.002898551,0.019031516,0.0,0.0,Nov,2,2,3,2,Returning_Visitor,0,0
0,0.0,0,0.0,15,75.0,0.08,0.12,0.0,0.6,May,2,2,6,2,Returning_Visitor,0,0
1,11.0,1,8.0,79,2693.582331,0.0,0.003430424,0.0,0.0,Dec,1,1,3,2,Returning_Visitor,0,0
0,0.0,0,0.0,13,238.1666667,0.0,0.007692308,0.0,0.0,Mar,2,2,6,2,Returning_Visitor,0,0
0,0.0,0,0.0,1,0.0,0.2,0.2,0.0,0.0,Sep,2,4,4,4,Returning_Visitor,0,0
0,0.0,0,0.0,0,0.0,0.2,0.2,0.0,0.0,Nov,1,1,9,3,Returning_Visitor,0,0
1,11.0,0,0.0,20,285.6666667,0.0,0.022222222,0.0,0.0,May,2,10,3,3,Returning_Visitor,0,0
3,84.0,0,0.0,27,655.9166667,0.0,0.011111111,0.0,0.0,Mar,2,2,2,1,Returning_Visitor,0,0
0,0.0,1,0.0,48,783.6944444,0.012244898,0.01877551,0.0,0.0,Dec,2,2,3,2,Returning_Visitor,0,0
4,50.33333333,0,0.0,3,28.33333333,0.0,0.016666667,0.0,0.0,Dec,2,2,9,10,Returning_Visitor,0,0
0,0.0,0,0.0,3,55.0,0.066666667,0.1,0.0,0.6,Feb,1,1,1,3,Returning_Visitor,0,0
6,201.0,0,0.0,84,3646.083333,0.006896552,0.016803503,66.57412378,0.0,Nov,2,2,4,2,Returning_Visitor,0,0
0,0.0,0,0.0,15,755.25,0.026666667,0.033333333,0.0,0.0,Nov,2,2,6,1,Returning_Visitor,1,0
0,0.0,0,0.0,1,0.0,0.2,0.2,0.0,0.0,Mar,2,2,1,2,Returning_Visitor,0,0
0,0.0,1,0.0,0,0.0,0.2,0.2,0.0,0.0,Nov,1,1,3,15,Returning_Visitor,0,0
2,0.0,0,0.0,8,119.0,0.075,0.1,0.0,0.0,May,1,2,1,2,Returning_Visitor,0,0
0,0.0,0,0.0,12,261.0,0.033333333,0.083333333,0.0,0.0,Mar,2,2,7,1,Returning_Visitor,0,0
1,20.0,0,0.0,21,2179.666667,0.0,0.002105263,0.0,0.0,May,2,2,1,2,Returning_Visitor,1,0
0,0.0,0,0.0,20,1008.5,0.08,0.12,0.0,0.0,Dec,2,2,3,1,Returning_Visitor,1,0
0,0.0,0,0.0,6,600.0,0.0,0.033333333,0.0,0.0,May,1,1,4,3,Returning_Visitor,0,0
0,0.0,0,0.0,8,267.0,0.0,0.05,0.0,0.0,Mar,2,2,3,3,Returning_Visitor,0,0
0,0.0,0,0.0,3,133.5,0.1,0.155555556,0.0,0.4,May,2,4,1,6,Returning_Visitor,0,0
0,0.0,0,0.0,2,0.0,0.2,0.2,0.0,0.0,Dec,3,2,4,3,Returning_Visitor,0,0
1,20.2,0,0.0,6,1561.2,0.028571429,0.057142857,0.0,0.0,Nov,4,2,3,1,Returning_Visitor,1,0
4,31.0,1,46.0,80,1793.777778,0.017857143,0.031725417,0.0,0.6,May,2,2,3,3,Returning_Visitor,0,0
0,0.0,0,0.0,3,23.0,0.0,0.066666667,0.0,0.0,Nov,2,2,4,3,Returning_Visitor,0,0
3,15.0,0,0.0,102,4021.172222,0.0,0.01,0.0,0.0,Nov,2,2,1,2,Returning_Visitor,1,0
0,0.0,0,0.0,1,0.0,0.2,0.2,0.0,0.0,Dec,1,1,1,2,New_Visitor,0,0
6,631.1073171,3,7.6,28,2104.573984,0.007189542,0.034273974,35.51518951,0.0,Nov,2,2,5,6,Returning_Visitor,0,0
0,0.0,0,0.0,2,0.0,0.2,0.2,0.0,0.0,Mar,2,5,1,1,Returning_Visitor,0,0
0,0.0,0,0.0,10,123.0,0.0,0.02,0.0,0.0,May,2,2,3,3,Returning_Visitor,0,0
6,202.1,0,0.0,47,3633.953333,0.00130719,0.017287582,16.14887273,0.0,Oct,4,2,8,1,Returning_Visitor,0,0
0,0.0,0,0.0,23,943.25,0.008695652,0.046376812,0.0,0.0,Nov,1,1,3,3,Returning_Visitor,0,0
2,16.0,0,0.0,33,1123.242857,0.006060606,0.021969697,11.12342124,0.0,Mar,2,2,3,13,Returning_Visitor,0,0
0,0.0,1,929.0,75,4105.666667,0.002631579,0.017324561,0.0,0.0,Mar,2,2,3,1,Returning_Visitor,0,0
0,0.0,0,0.0,2,34.2,0.0,0.1,0.0,0.0,Sep,2,2,1,2,Returning_Visitor,0,0
0,0.0,0,0.0,37,1669.559524,0.016190476,0.051333333,0.0,0.0,May,3,2,3,1,Returning_Visitor,0,0
2,21.0,6,182.7916667,82,1836.214249,0.004545455,0.025181135,0.0,0.0,Dec,3,2,3,2,Returning_Visitor,0,0
0,0.0,0,0.0,4,2.333333333,0.15,0.1625,0.0,0.0,May,2,2,4,13,Returning_Visitor,0,0
4,122.25,0,0.0,45,2007.522619,0.013043478,0.018657031,0.0,0.0,Nov,1,1,4,2,Returning_Visitor,0,0
1,3.0,0,0.0,40,624.75,0.0,0.014634146,0.0,0.0,Mar,3,7,3,3,Returning_Visitor,0,0
0,0.0,0,0.0,33,472.3611111,0.012903226,0.014721408,0.0,0.0,Nov,1,1,9,2,Returning_Visitor,0,0
0,0.0,0,0.0,11,751.5,0.018181818,0.024242424,0.0,0.0,May,2,2,1,13,Returning_Visitor,0,0
0,0.0,0,0.0,25,711.1666667,0.0,0.016,0.0,0.0,Dec,2,2,2,3,Returning_Visitor,0,0
0,0.0,0,0.0,14,1404.75,0.0,0.021428571,0.0,0.0,Dec,2,2,1,2,New_Visitor,0,0
1,27.9,0,0.0,64,3875.427778,0.0,0.019583333,5.698585477,0.0,Nov,2,2,1,2,Returning_Visitor,0,0
5,70.0,0,0.0,61,2635.61627,0.0,0.003389831,0.0,0.6,May,1,8,1,3,Returning_Visitor,0,0
1,4.0,0,0.0,4,151.0,0.0,0.08,0.0,1.0,May,2,2,3,1,Returning_Visitor,1,0
0,0.0,0,0.0,23,752.7619048,0.013043478,0.015217391,0.0,0.0,Dec,1,1,6,3,Returning_Visitor,0,0
1,18.83333333,0,0.0,2,23.83333333,0.0,0.05,0.0,0.0,Dec,3,2,1,10,Returning_Visitor,0,0
2,125.0,0,0.0,7,49.0,0.025,0.075,0.0,0.0,May,1,1,8,1,Returning_Visitor,0,0
2,50.5,0,0.0,29,2147.375,0.0,0.006896552,0.0,0.0,Dec,2,2,7,2,New_Visitor,0,0
7,214.3333333,5,53.0,29,528.1964286,0.0,0.013153595,0.0,0.2,May,1,1,1,2,Returning_Visitor,0,0
0,0.0,2,30.66666667,13,307.5714286,0.013333333,0.052777778,0.0,1.0,May,1,1,1,2,Returning_Visitor,1,0
0,0.0,0,0.0,2,3.0,0.0,0.1,0.0,0.0,Dec,2,2,4,2,Returning_Visitor,0,0
10,130.625,0,0.0,20,707.1666667,0.0,0.007222222,0.0,0.0,Nov,4,1,1,3,Returning_Visitor,0,0
6,85.96666667,1,2.0,76,1464.209618,0.009803094,0.01785746,0.0,0.0,Aug,3,2,8,4,Returning_Visitor,0,0
5,60.8,0,0.0,3,20.6,0.0,0.033333333,0.0,0.0,Aug,2,5,5,2,New_Visitor,1,0
7,989.9,0,0.0,27,1474.233333,0.013333333,0.025634921,0.0,0.0,May,3,2,1,3,Returning_Visitor,0,0
1,19.0,0,0.0,8,208.0,0.04,0.1,0.0,0.0,Nov,2,2,1,1,Returning_Visitor,0,0
0,0.0,0,0.0,2,57.0,0.0,0.1,0.0,0.0,Mar,3,2,1,1,Returning_Visitor,1,0
0,0.0,0,0.0,40,974.0833333,0.006837607,0.028205128,0.0,0.0,Nov,2,2,1,3,Returning_Visitor,0,0
12,430.1570175,14,622.4,85,3684.855282,0.000934579,0.009959744,34.45943549,0.0,Nov,3,2,1,2,Returning_Visitor,1,0
10,236.0795455,2,5.0,107,2589.881537,0.010601564,0.019627539,0.0,0.0,Dec,3,2,4,2,Returning_Visitor,0,0
0,0.0,0,0.0,1,0.0,0.2,0.2,0.0,0.0,Dec,1,1,4,1,Returning_Visitor,1,0
0,0.0,0,0.0,6,63.5,0.0,0.016666667,0.0,0.4,May,3,2,7,4,Returning_Visitor,0,0
4,50.5,3,54.0,41,1490.552778,0.0,0.006589147,0.0,0.0,Mar,2,2,1,2,Returning_Visitor,0,0
3,156.5,0,0.0,9,143.0,0.0,0.005555556,0.0,0.0,Nov,1,1,1,2,New_Visitor,0,0
0,0.0,1,172.0,21,564.5,0.0,0.042965368,0.0,0.8,May,3,3,2,1,Returning_Visitor,0,0
0,0.0,0,0.0,80,801.802381,0.0,0.0035,0.0,0.0,Mar,2,2,3,1,Returning_Visitor,0,0
3,59.5,0,0.0,6,159.0,0.0,0.00625,0.0,0.0,Dec,3,2,8,6,New_Visitor,0,0
0,0.0,0,0.0,9,1397.666667,0.022222222,0.027777778,0.0,0.0,Nov,3,2,4,2,Returning_Visitor,0,0
0,0.0,0,0.0,6,151.0,0.0,0.08,0.0,0.0,Dec,1,8,4,6,Returning_Visitor,0,0
0,0.0,0,0.0,38,1633.833333,0.0,0.007894737,0.0,0.0,May,2,2,1,1,Returning_Visitor,1,0
3,159.1666667,2,8.0,69,2766.942172,0.002816901,0.028665325,5.931332852,0.0,Dec,2,2,1,2,Returning_Visitor,0,0
0,0.0,0,0.0,3,75.5,0.0,0.066666667,0.0,0.0,Dec,3,2,4,2,Returning_Visitor,1,0
6,224.0,0,0.0,33,677.95,0.005714286,0.01968254,0.0,0.0,May,3,2,3,4,Returning_Visitor,0,0
0,0.0,0,0.0,11,109.5,0.0,0.022222222,0.0,0.0,Dec,4,1,1,8,New_Visitor,0,0
0,0.0,0,0.0,3,80.0,0.066666667,0.133333333,0.0,0.2,Feb,3,2,1,3,Returning_Visitor,0,0
1,42.0,2,80.5,46,838.6833333,0.0,0.015416667,0.0,0.0,Mar,2,2,1,10,Returning_Visitor,0,0
1,41.0,0,0.0,9,314.9,0.0,0.04,0.0,0.0,Mar,1,1,6,9,New_Visitor,1,0
1,17.2,0,0.0,4,192.4,0.0,0.01,0.0,0.0,Sep,2,2,2,2,New_Visitor,0,0
6,111.0,0,0.0,12,202.25,0.025,0.029166667,0.0,0.0,Mar,3,2,1,1,Returning_Visitor,1,0
0,0.0,0,0.0,1,0.0,0.2,0.2,0.0,0.0,Jul,1,1,1,2,Returning_Visitor,0,0
5,67.5,3,245.0,32,1929.329762,0.0,0.00430839,0.0,0.0,Mar,2,4,1,1,Returning_Visitor,0,0
7,120.5,0,0.0,19,1011.5,0.0,0.00952381,0.0,0.0,Mar,2,2,1,1,Returning_Visitor,0,0
2,84.0,0,0.0,25,506.7666667,0.017391304,0.038405797,0.0,0.0,May,3,2,4,3,Returning_Visitor,0,0
0,0.0,4,620.25,23,997.2878788,0.012,0.031897436,0.0,0.0,Dec,1,1,3,2,Returning_Visitor,1,0
2,14.0,2,189.0,134,6732.124414,0.008018648,0.025030224,0.0,0.0,Nov,1,8,3,11,Returning_Visitor,0,0
1,30.25,2,0.0,20,543.9583333,0.00952381,0.026984127,0.0,0.0,Dec,3,2,1,2,Returning_Visitor,0,0
2,210.6,0,0.0,4,97.6,0.0,0.016666667,0.0,0.0,Nov,3,2,7,6,New_Visitor,1,0
8,1040.25,0,0.0,207,5160.451362,0.002296651,0.013407291,0.0,0.0,Nov,2,2,1,2,Returning_Visitor,0,0
2,76.5,0,0.0,10,123.2291667,0.022857143,0.059444444,0.0,0.0,Dec,1,2,1,10,Returning_Visitor,0,0
7,350.6,9,406.9166667,68,2435.74375,0.002564103,0.01555896,0.0,0.0,Dec,1,1,1,2,Returning_Visitor,0,0
0,0.0,0,0.0,13,472.9952381,0.015384615,0.030769231,0.0,0.0,May,2,4,2,3,Returning_Visitor,1,0
2,95.0,0,0.0,10,203.4166667,0.0,0.016666667,0.0,0.0,May,2,2,3,2,Returning_Visitor,1,0
0,0.0,0,0.0,8,194.4,0.0,0.025,0.0,0.0,Aug,2,10,6,4,Returning_Visitor,0,0
1,37.0,0,0.0,23,1817.0,0.053333333,0.073696145,0.0,0.0,May,3,2,1,13,Returning_Visitor,0,0
5,505.0,0,0.0,85,2197.195238,0.015,0.029405769,13.77355814,0.8,May,2,2,1,2,Returning_Visitor,0,0
0,0.0,0,0.0,1,0.0,0.2,0.2,0.0,0.0,May,1,1,1,1,Returning_Visitor,0,0
5,66.96666667,2,416.0,291,12065.18135,0.00122631,0.008659512,9.013011371,0.0,May,2,2,1,4,Returning_Visitor,0,0
5,98.91666667,0,0.0,10,177.5833333,0.0,0.018181818,0.0,0.0,Nov,4,2,7,2,Returning_Visitor,0,0
0,0.0,0,0.0,17,336.0,0.0,0.01875,0.0,0.8,May,2,2,1,4,Returning_Visitor,0,0
0,0.0,1,0.0,16,485.6666667,0.0,0.0375,0.0,0.0,Mar,2,2,6,3,Returning_Visitor,1,0
0,0.0,0,0.0,7,193.3333333,0.028571429,0.057142857,0.0,0.0,May,2,4,3,3,Returning_Visitor,0,0
0,0.0,0,0.0,5,143.5,0.0,0.04,0.0,0.0,Mar,2,5,3,3,Returning_Visitor,0,0
0,0.0,0,0.0,1,0.0,0.2,0.2,0.0,0.0,Dec,3,2,1,1,Other,0,0
2,41.75,2,30.0,25,596.075,0.001538462,0.02014652,0.0,0.0,Nov,2,2,3,1,Returning_Visitor,0,0
8,287.7,0,0.0,20,531.56,0.0,0.012121212,0.0,0.0,Oct,2,2,9,20,New_Visitor,0,0
5,107.5,0,0.0,31,2221.0,0.002857143,0.01047619,0.0,0.0,Nov,2,2,9,3,Returning_Visitor,0,0
1,3.0,0,0.0,7,114.8333333,0.014285714,0.007142857,0.0,0.0,Mar,3,2,1,10,Returning_Visitor,0,0
9,98.94444444,1,600.0,124,5731.094444,0.018346253,0.03371764,1.914174972,0.2,May,2,2,3,13,Returning_Visitor,0,0
11,211.0333333,3,173.2333333,62,1340.676667,0.000391389,0.019726027,17.42324027,0.0,Aug,2,2,7,2,Returning_Visitor,0,0
0,0.0,0,0.0,4,0.0,0.2,0.2,0.0,0.0,Aug,2,2,2,4,Returning_Visitor,0,0
5,99.16666667,1,27.0,33,483.2666667,0.002777778,0.009126984,0.0,0.6,May,8,5,1,2,Returning_Visitor,0,0
0,0.0,0,0.0,12,323.0,0.033333333,0.066666667,0.0,0.0,Mar,2,2,1,3,Returning_Visitor,1,0
0,0.0,0,0.0,8,183.0,0.0,0.00625,0.0,0.0,Dec,2,4,4,1,Returning_Visitor,0,0
0,0.0,0,0.0,3,62.0,0.0,0.066666667,0.0,0.0,Mar,2,2,1,1,Returning_Visitor,0,0
2,24.2,0,0.0,8,530.0,0.0,0.044444444,0.0,0.0,Aug,1,8,1,2,Returning_Visitor,0,0
4,67.5,0,0.0,27,834.6666667,0.0,0.014285714,0.0,0.0,Nov,2,2,2,2,New_Visitor,1,0
4,172.0,0,0.0,11,787.0,0.033333333,0.053333333,0.0,0.0,May,2,2,1,6,Returning_Visitor,1,0
5,587.0,0,0.0,125,4639.410534,0.012433862,0.023856765,0.0,0.6,May,3,2,1,4,Returning_Visitor,0,0
1,28.0,0,0.0,19,362.0,0.0,0.005555556,0.0,0.0,May,2,2,7,5,Returning_Visitor,0,0
7,136.6666667,1,7.0,25,687.5333333,0.013793103,0.014022989,5.078114943,0.0,May,1,2,3,4,New_Visitor,0,0
7,105.75,0,0.0,124,3394.130159,0.001587302,0.012918871,5.921482086,0.0,May,2,2,3,11,Returning_Visitor,1,0
0,0.0,3,16.0,35,1621.766667,0.007894737,0.040131579,0.0,0.0,Nov,2,2,1,2,Returning_Visitor,1,0
0,0.0,0,0.0,9,339.5,0.0,0.013888889,0.0,0.0,Dec,1,2,3,2,New_Visitor,1,0
2,55.0,0,0.0,6,249.5,0.0,0.033333333,0.0,0.0,Mar,2,2,7,2,New_Visitor,0,0
11,210.8555556,0,0.0,149,4107.119658,0.006369427,0.013305319,0.513385987,0.6,May,1,1,3,1,Returning_Visitor,0,0
0,0.0,0,0.0,6,93.0,0.0,0.033333333,0.0,0.0,Mar,1,2,8,2,Returning_Visitor,0,0
0,0.0,0,0.0,3,60.0,0.0,0.066666667,0.0,0.0,Dec,1,1,7,2,Other,0,0
6,101.3333333,0,0.0,10,266.5,0.028571429,0.028571429,0.0,0.0,Mar,2,2,4,1,Returning_Visitor,0,0
8,96.75,1,73.75,64,2527.083333,0.0,0.005239899,0.0,0.0,Nov,2,2,4,2,Returning_Visitor,0,0
8,183.0833333,1,40.5,349,6879.801826,0.000568182,0.004306345,1.625051033,0.0,Nov,4,2,9,10,Returning_Visitor,0,0
2,91.0,3,865.0,27,1244.833333,0.0,0.006896552,0.0,0.0,Mar,2,2,1,2,New_Visitor,1,0
0,0.0,0,0.0,39,4022.0,0.0,0.034188034,0.0,0.0,Nov,2,2,6,1,Returning_Visitor,0,0
0,0.0,0,0.0,8,866.0,0.05,0.058333333,0.0,0.0,Dec,2,2,2,6,Returning_Visitor,0,0
0,0.0,1,24.0,27,1547.5,0.003703704,0.014814815,0.0,0.0,Mar,3,2,1,1,Returning_Visitor,0,0
2,262.6666667,3,112.0,127,4214.779822,0.008396947,0.018035252,0.0,0.0,Nov,3,2,1,3,Returning_Visitor,0,0
4,68.5,0,0.0,152,5426.823764,0.005228758,0.018756793,0.0,0.0,Nov,2,2,4,10,Returning_Visitor,0,0
11,240.1,1,0.0,33,668.0333333,0.0,0.018119658,0.0,0.0,Aug,2,4,7,2,New_Visitor,1,0
0,0.0,0,0.0,1,0.0,0.2,0.2,0.0,0.0,May,2,5,7,3,Returning_Visitor,0,0
0,0.0,0,0.0,2,19.0,0.0,0.1,0.0,0.0,May,1,1,3,3,Returning_Visitor,0,0
0,0.0,0,0.0,4,82.5,0.0,0.05,0.0,0.0,Mar,3,2,1,3,Returning_Visitor,0,0
0,0.0,0,0.0,3,823.5,0.0,0.066666667,0.0,0.0,Dec,2,2,3,8,Returning_Visitor,0,0
2,26.66666667,0,0.0,79,2619.109709,0.016315049,0.020747988,0.0,0.0,Nov,1,1,3,10,Returning_Visitor,1,0
6,86.2,0,0.0,49,3003.419048,0.010526316,0.015711501,4.376915789,0.4,May,1,1,4,4,Returning_Visitor,0,0
3,109.7,0,0.0,16,852.3,0.011764706,0.043137255,0.0,0.0,Oct,2,2,1,3,Returning_Visitor,0,0
3,25.57142857,1,0.0,15,2026.47619,0.011764706,0.07254902,0.0,0.0,May,4,1,1,1,Returning_Visitor,0,0
1,4.0,0,0.0,28,877.6666667,0.0,0.003571429,0.0,0.0,Nov,2,2,9,2,New_Visitor,1,0
5,138.5,0,0.0,11,578.3333333,0.05,0.072916667,0.0,0.0,May,1,1,1,4,Returning_Visitor,0,0
0,0.0,0,0.0,12,468.0,0.016666667,0.033333333,0.0,0.0,Mar,4,1,4,3,Returning_Visitor,0,0
0,0.0,0,0.0,18,315.6944444,0.0,0.002941176,0.0,0.0,Nov,1,1,8,8,New_Visitor,0,0
0,0.0,0,0.0,25,445.5833333,0.004,0.024,0.0,0.0,Dec,2,10,1,1,Returning_Visitor,0,0
3,60.73333333,0,0.0,27,696.9,0.0,0.014814815,0.0,0.0,Sep,2,2,6,4,Returning_Visitor,0,0
7,241.8611111,3,228.0,154,4755.224054,0.009808489,0.029142563,1.104440234,0.0,Nov,1,2,2,1,Returning_Visitor,0,0
0,0.0,0,0.0,18,708.25,0.0,0.045098039,0.0,0.0,Mar,1,1,1,3,Returning_Visitor,0,0
3,126.5,0,0.0,36,576.8571429,0.005555556,0.01087963,0.0,0.0,Dec,1,1,4,3,Returning_Visitor,0,0
8,57.0625,3,172.0,23,176.8193627,0.019444444,0.065189145,0.0,0.0,Mar,2,2,1,1,Returning_Visitor,0,0
1,11.5,1,94.0,98,6212.779517,0.024162985,0.033991575,0.0,0.0,Nov,3,2,4,10,Returning_Visitor,1,0
0,0.0,0,0.0,1,0.0,0.2,0.2,0.0,0.0,Nov,3,2,2,1,Returning_Visitor,0,0
0,0.0,0,0.0,3,71.5,0.066666667,0.133333333,0.0,0.0,Nov,2,2,3,3,Returning_Visitor,0,0
0,0.0,0,0.0,9,311.7,0.0,0.055555556,0.0,0.0,June,2,2,4,13,Returning_Visitor,0,0
7,131.8333333,0,0.0,63,2074.611111,0.010793651,0.02000962,0.0,0.0,Dec,3,2,3,10,Returning_Visitor,0,0
0,0.0,0,0.0,25,280.9333333,0.0,0.022666667,0.0,0.4,May,2,2,1,13,Returning_Visitor,0,0
1,21.2,0,0.0,21,836.1,0.0,0.004545455,0.0,0.0,Oct,2,4,9,4,New_Visitor,0,0
0,0.0,0,0.0,1,0.0,0.2,0.2,0.0,0.0,Nov,1,1,4,1,Returning_Visitor,0,0
3,22.27777778,1,0.0,6,36.90277778,0.0,0.086666667,0.0,0.0,Nov,2,2,2,2,Returning_Visitor,0,0
0,0.0,0,0.0,45,747.0428571,0.017777778,0.031296296,0.0,0.0,Nov,3,2,1,13,Returning_Visitor,0,0
0,0.0,0,0.0,4,137.0,0.15,0.15,0.0,0.2,May,3,3,2,11,Returning_Visitor,0,0
6,77.0,0,0.0,42,3436.066667,0.000757576,0.019480519,0.0,0.0,May,2,2,3,4,Returning_Visitor,0,0
1,16.0,1,29.0,19,1083.690476,0.016,0.024884615,19.3154,0.0,May,3,2,1,2,Returning_Visitor,0,0
3,875.0,0,0.0,34,780.7916667,0.0,0.015675676,0.0,0.0,Dec,4,2,3,2,Returning_Visitor,1,0
4,80.6,0,0.0,39,639.4933333,0.0,0.005,0.0,0.0,Nov,1,2,1,20,Returning_Visitor,0,0
1,30.0,0,0.0,16,597.6,0.0,0.0125,0.0,0.0,Mar,1,1,3,2,Returning_Visitor,0,0
4,39.48,0,0.0,33,549.78,0.0,0.005555556,0.0,0.0,Sep,3,2,4,1,New_Visitor,0,0
1,508.8,0,0.0,7,379.8,0.0,0.05,0.0,0.0,Jul,1,1,1,1,Returning_Visitor,0,0
0,0.0,0,0.0,3,109.0,0.0,0.033333333,0.0,0.0,May,3,2,4,4,Returning_Visitor,1,0
3,73.2,5,124.2666667,10,239.7,0.0,0.0025,0.0,0.0,Sep,2,2,5,1,New_Visitor,0,0
2,63.0,0,0.0,4,43.75,0.016666667,0.016666667,0.0,0.0,Nov,1,2,3,2,New_Visitor,0,0
0,0.0,0,0.0,8,117.8,0.15,0.15,0.0,0.0,June,1,1,3,3,Returning_Visitor,1,0
0,0.0,0,0.0,1,0.0,0.2,0.2,0.0,0.0,Nov,1,1,2,2,Returning_Visitor,0,0
0,0.0,0,0.0,25,903.7,0.036,0.059393939,0.0,0.0,May,2,2,3,4,Returning_Visitor,0,0
0,0.0,0,0.0,3,57.4,0.0,0.133333333,0.0,0.0,Aug,3,2,1,3,Returning_Visitor,0,0
0,0.0,0,0.0,3,15.0,0.0,0.066666667,0.0,0.0,Mar,2,4,3,12,Returning_Visitor,0,0
3,242.0,0,0.0,12,286.0,0.0,0.014285714,0.0,0.0,Mar,1,1,1,2,New_Visitor,1,0
0,0.0,0,0.0,4,55.0,0.0,0.05,0.0,0.0,Mar,2,2,1,1,Returning_Visitor,0,0
3,119.0,0,0.0,6,197.5,0.022222222,0.022222222,0.0,1.0,May,6,2,3,2,New_Visitor,1,0
0,0.0,0,0.0,8,413.0,0.0,0.0125,0.0,0.0,Sep,1,1,4,3,New_Visitor,0,0
0,0.0,0,0.0,3,23.0,0.066666667,0.1,0.0,0.6,May,3,2,1,3,Returning_Visitor,0,0
0,0.0,3,91.0,87,3006.883631,0.00462963,0.018585538,0.0,0.0,Dec,3,2,3,1,Returning_Visitor,0,0
0,0.0,0,0.0,4,10.0,0.1,0.15,0.0,0.0,Nov,2,2,1,1,Returning_Visitor,0,0
3,27.0,0,0.0,10,1579.375,0.0125,0.06,0.0,0.0,Nov,2,2,1,2,Returning_Visitor,0,0
4,143.8333333,0,0.0,43,997.7083333,0.002222222,0.021111111,0.0,0.0,Dec,2,5,3,2,Returning_Visitor,0,0
0,0.0,0,0.0,38,314.8333333,0.010526316,0.031578947,0.0,0.6,May,2,2,1,3,Returning_Visitor,0,0
5,60.2,0,0.0,12,165.4,0.0125,0.041666667,0.0,0.0,Aug,2,5,3,6,Returning_Visitor,0,0
0,0.0,0,0.0,4,352.0,0.0,0.05,0.0,0.4,May,2,2,3,1,Returning_Visitor,0,0
1,23.2,0,0.0,24,704.5666667,0.0,0.011538462,14.22049566,0.0,Aug,2,2,2,1,Returning_Visitor,0,0
3,84.5,0,0.0,6,53.375,0.05,0.035,0.0,0.0,Nov,1,1,3,10,Returning_Visitor,1,0
3,39.0,0,0.0,6,1180.5,0.0,0.022222222,0.0,0.0,May,2,2,1,3,Returning_Visitor,0,0
0,0.0,0,0.0,7,16.0,0.0,0.033333333,0.0,0.0,Dec,1,1,1,2,Returning_Visitor,1,0
5,158.7,0,0.0,51,1364.266667,0.007692308,0.011987179,0.0,0.0,Nov,3,2,3,2,Returning_Visitor,1,0
4,69.96666667,0,0.0,28,2728.755,0.0,0.009313725,0.0,0.0,Oct,1,1,1,5,Returning_Visitor,0,0
2,1687.5,0,0.0,29,3098.033333,0.0,0.025806452,0.0,0.0,May,2,4,5,3,Returning_Visitor,0,0
6,326.25,4,94.0,128,5062.213753,0.000854701,0.01791847,0.0,0.0,Feb,2,5,1,3,Returning_Visitor,0,0
0,0.0,0,0.0,10,851.1666667,0.0,0.022222222,0.0,0.0,Dec,2,2,2,1,Returning_Visitor,0,0
0,0.0,0,0.0,58,3200.366667,0.003448276,0.027586207,0.0,0.0,Mar,2,2,6,1,Returning_Visitor,0,0
0,0.0,0,0.0,4,32.0,0.0,0.05,0.0,0.0,Dec,2,2,3,2,Returning_Visitor,0,0
0,0.0,0,0.0,62,2232.45,0.008196721,0.039726776,0.0,0.4,May,2,2,6,4,Returning_Visitor,0,0
0,0.0,0,0.0,25,316.5416667,0.0,0.02,0.0,0.0,Dec,2,2,9,1,Returning_Visitor,0,0
4,131.1,0,0.0,13,777.05,0.0,0.003921569,0.0,0.0,Oct,2,2,1,2,Returning_Visitor,0,0
0,0.0,0,0.0,3,0.0,0.2,0.2,0.0,0.0,Nov,3,2,4,3,Returning_Visitor,1,0
0,0.0,0,0.0,2,29.0,0.0,0.05,0.0,0.0,Nov,1,1,3,3,Returning_Visitor,0,0
1,16.0,3,585.625,40,765.0416667,0.010731707,0.023436807,0.0,0.0,Dec,3,2,4,2,Returning_Visitor,0,0
0,0.0,0,0.0,33,1324.616667,0.009677419,0.043870968,0.0,0.2,May,2,2,1,4,Returning_Visitor,0,0
1,21.25,0,0.0,92,2716.519048,0.006737589,0.037885297,23.7389113,0.0,Nov,2,2,3,2,Returning_Visitor,1,0
1,94.0,0,0.0,10,332.75,0.0,0.02,0.0,0.0,May,2,2,3,6,Returning_Visitor,0,0
6,253.0,0,0.0,21,686.4,0.003846154,0.012179487,0.0,0.0,Mar,1,1,3,3,Returning_Visitor,0,0
17,592.0014006,4,1360.0,157,5645.176455,0.002692308,0.013849519,2.917518089,0.8,May,2,2,1,13,Returning_Visitor,0,0
0,0.0,0,0.0,1,0.0,0.2,0.2,0.0,0.0,June,1,8,1,1,Returning_Visitor,0,0
1,50.5,0,0.0,3,192.5,0.0,0.05,0.0,0.0,Nov,2,2,8,2,New_Visitor,1,0
5,248.8,4,116.0,26,595.3416667,0.026728111,0.023763441,10.17002765,0.2,May,3,2,1,4,Returning_Visitor,0,0
1,0.0,0,0.0,3,0.0,0.2,0.2,0.0,0.0,May,1,1,4,4,Returning_Visitor,1,0
5,271.75,1,0.0,40,675.2020988,0.015,0.019412202,0.0,0.0,Oct,2,2,3,2,Returning_Visitor,0,0
0,0.0,0,0.0,21,476.8666667,0.00952381,0.034126984,0.0,0.0,Nov,3,2,1,2,Returning_Visitor,1,0
0,0.0,0,0.0,4,104.0,0.0,0.05,0.0,0.0,May,2,10,2,2,Returning_Visitor,0,0
3,14.5,2,907.8333333,28,804.2833333,0.014141414,0.044155844,7.945805543,0.0,Mar,2,5,9,2,Returning_Visitor,0,0
5,389.0,0,0.0,5,310.5,0.0,0.014285714,0.0,0.0,May,2,4,2,2,New_Visitor,0,0
4,341.6,0,0.0,3,77.0,0.0,0.022222222,0.0,0.0,Oct,3,2,8,2,New_Visitor,1,0
0,0.0,3,29.0,41,1652.75,0.013636364,0.035119048,0.0,0.0,May,2,2,4,4,Returning_Visitor,1,0
1,6.0,1,0.0,45,1582.75,0.043478261,0.050821256,54.17976426,0.4,Feb,3,2,1,1,Returning_Visitor,0,0
0,0.0,0,0.0,1,0.0,0.2,0.2,0.0,0.0,Mar,2,2,7,1,Returning_Visitor,0,0
1,7.0,0,0.0,29,906.5666667,0.0,0.006896552,0.0,0.0,Mar,4,1,1,2,New_Visitor,1,0
0,0.0,0,0.0,4,1623.666667,0.133333333,0.140833333,0.0,0.0,Aug,1,1,1,3,Returning_Visitor,0,0
5,100.9166667,0,0.0,114,3488.070803,8.14e-05,0.022685492,5.698711043,0.0,Nov,2,2,3,2,Returning_Visitor,0,0
2,52.5,0,0.0,13,605.5,0.0,0.006666667,0.0,0.0,Nov,2,2,3,2,Returning_Visitor,0,0
0,0.0,0,0.0,7,49.86666667,0.085714286,0.092857143,0.0,0.0,Sep,1,1,9,3,Returning_Visitor,0,0
0,0.0,0,0.0,3,54.5,0.0,0.066666667,0.0,0.6,May,2,4,3,2,Returning_Visitor,0,0
4,113.8333333,0,0.0,3,23.66666667,0.0,0.05625,0.0,0.0,Dec,2,2,6,2,Returning_Visitor,1,0
1,11.0,0,0.0,5,71.0,0.0,0.033333333,0.0,0.0,Mar,2,2,6,3,Returning_Visitor,0,0
2,18.0,0,0.0,32,871.8333333,0.009375,0.020833333,31.903875,0.6,May,4,1,1,3,Returning_Visitor,0,0
9,181.275,2,65.0,120,3283.715359,0.004651163,0.024543027,2.442153455,0.0,Nov,1,2,1,2,Returning_Visitor,0,0
0,0.0,0,0.0,2,28.0,0.0,0.1,0.0,0.0,May,2,2,1,3,Returning_Visitor,0,0
4,135.6666667,0,0.0,28,615.8166667,0.007407407,0.016049383,0.0,0.0,May,1,1,1,4,Returning_Visitor,0,0
0,0.0,0,0.0,4,0.0,0.2,0.2,0.0,0.4,Feb,2,2,1,3,Returning_Visitor,0,0
0,0.0,0,0.0,15,450.2,0.0,0.021904762,0.0,0.0,May,2,2,7,2,Returning_Visitor,0,0
6,389.75,3,545.0,65,1690.790351,0.014642857,0.034671498,13.66158824,1.0,May,2,10,2,1,Returning_Visitor,1,0
1,576.0,0,0.0,13,587.75,0.030769231,0.061538462,0.0,0.0,Nov,1,1,4,1,Returning_Visitor,0,0
0,0.0,0,0.0,5,197.0,0.0,0.06,0.0,0.0,May,2,2,7,3,Returning_Visitor,1,0
0,0.0,0,0.0,5,0.0,0.2,0.2,0.0,0.0,Jul,3,2,2,13,Returning_Visitor,1,0
4,32.2,2,28.2,23,934.3166667,0.0,0.01862069,11.28379079,0.0,Aug,2,2,5,4,Returning_Visitor,0,0
3,64.5,0,0.0,14,671.625,0.0,0.030625,0.0,0.0,Nov,1,1,3,2,Returning_Visitor,1,0
8,133.35,2,383.8,14,552.48,0.005263158,0.016140351,20.33155364,0.0,Aug,1,1,1,6,Returning_Visitor,0,0
3,117.0,0,0.0,5,68.0,0.0,0.033333333,0.0,1.0,May,2,2,6,5,New_Visitor,1,0
2,129.0,0,0.0,16,1835.5,0.003703704,0.031481481,0.0,0.0,Aug,2,4,9,6,Returning_Visitor,0,0
0,0.0,0,0.0,8,140.5,0.025,0.05,0.0,0.0,May,2,4,1,3,Returning_Visitor,0,0
7,94.84,0,0.0,43,1487.229317,0.004545455,0.019638695,0.0,0.0,Oct,2,4,1,2,Returning_Visitor,0,0
0,0.0,0,0.0,25,948.3428571,0.0,0.009,0.0,0.0,Nov,2,4,1,3,Returning_Visitor,0,0
0,0.0,0,0.0,1,0.0,0.2,0.2,0.0,0.0,Mar,1,1,1,9,Returning_Visitor,1,0
0,0.0,0,0.0,30,1500.213333,0.0,0.003333333,0.0,0.0,Oct,2,6,1,1,Returning_Visitor,0,0
0,0.0,0,0.0,2,41.5,0.0,0.1,0.0,0.0,Dec,2,2,5,1,Returning_Visitor,0,0
4,251.0,9,172.0,64,4326.666667,0.008552632,0.024502924,0.0,0.0,Dec,2,2,4,2,Returning_Visitor,0,0
0,0.0,0,0.0,21,1148.5,0.0,0.019047619,0.0,0.0,May,2,4,8,4,Returning_Visitor,1,0
0,0.0,0,0.0,3,41.0,0.0,0.033333333,0.0,0.0,Mar,2,2,1,3,Returning_Visitor,1,0
4,118.7,0,0.0,3,89.5,0.0,0.047619048,0.0,0.0,Nov,3,2,1,4,Returning_Visitor,0,0
7,138.15,0,0.0,9,232.31,0.0,0.028717949,0.0,0.0,Oct,2,2,5,2,Returning_Visitor,1,0
0,0.0,0,0.0,2,21.0,0.0,0.1,0.0,1.0,May,2,2,7,1,Returning_Visitor,1,0
0,0.0,0,0.0,15,614.3333333,0.007692308,0.025641026,0.0,0.0,May,1,1,1,15,Returning_Visitor,0,0
0,0.0,0,0.0,10,279.3333333,0.02,0.025,0.0,0.0,Nov,3,2,9,2,New_Visitor,0,0
0,0.0,0,0.0,16,687.3848485,0.0,0.005208333,29.4628439,0.0,Nov,3,2,3,2,New_Visitor,1,0
2,182.4,0,0.0,27,1165.944762,0.0,0.007407407,0.0,0.0,Nov,2,4,6,11,New_Visitor,1,0
0,0.0,0,0.0,9,249.41,0.022222222,0.005128205,0.0,0.0,Nov,1,2,1,4,Returning_Visitor,0,0
8,388.7916667,1,944.75,17,1464.416667,0.019047619,0.034920635,0.0,0.0,Nov,1,1,4,3,Returning_Visitor,0,0
0,0.0,0,0.0,23,966.3583333,0.0,0.004081633,0.0,0.0,Nov,3,2,7,2,Returning_Visitor,0,0
0,0.0,0,0.0,44,1184.269841,0.004545455,0.023295455,0.0,0.0,Nov,1,2,1,2,Returning_Visitor,0,0
0,0.0,0,0.0,16,149.9,0.05625,0.1,0.0,0.0,June,2,2,7,1,Returning_Visitor,0,0
0,0.0,0,0.0,3,75.0,0.0,0.066666667,0.0,0.0,Mar,2,5,1,3,Returning_Visitor,1,0
2,34.2,0,0.0,5,63.4,0.0,0.028571429,0.0,0.0,Jul,4,1,2,2,New_Visitor,0,0
9,449.8166667,0,0.0,17,200.95,0.0,0.024603175,0.0,0.0,Sep,2,2,1,2,Returning_Visitor,0,0
0,0.0,0,0.0,20,275.6666667,0.066666667,0.114814815,0.0,0.0,May,2,2,1,4,Returning_Visitor,0,0
10,170.9263566,0,0.0,282,4339.924841,0.002040816,0.011461095,2.395283135,0.0,Sep,2,2,4,1,Returning_Visitor,0,0
0,0.0,0,0.0,5,427.0,0.0,0.04,0.0,0.0,Mar,3,3,3,9,Returning_Visitor,1,0
3,230.1,0,0.0,35,905.1226263,0.017647059,0.019206774,0.0,0.0,Jul,3,2,6,1,Returning_Visitor,0,0
0,0.0,0,0.0,10,45.2,0.08,0.1,0.0,0.0,Aug,1,1,1,3,Returning_Visitor,0,0
4,76.0,0,0.0,39,1936.55,0.004761905,0.023809524,5.51397619,0.0,Mar,4,1,3,2,Returning_Visitor,0,0
7,257.4,0,0.0,7,244.7333333,0.018181818,0.018181818,0.0,0.0,Nov,1,1,4,2,New_Visitor,0,0
7,294.0,0,0.0,7,639.0,0.0,0.018181818,0.0,0.0,Dec,2,4,9,10,Returning_Visitor,0,0
4,37.5,2,82.0,4,96.625,0.0,0.0175,0.0,0.0,Nov,2,2,9,2,New_Visitor,0,0
0,0.0,0,0.0,43,703.8333333,0.0,0.006976744,0.0,0.0,May,2,4,1,2,Returning_Visitor,0,0
6,81.83333333,0,0.0,7,166.5,0.0,0.015384615,0.0,0.0,Nov,2,2,3,3,New_Visitor,0,0
1,153.5,0,0.0,20,1002.847222,0.0,0.00952381,41.13433129,0.0,Nov,2,2,4,2,Returning_Visitor,0,0
0,0.0,0,0.0,2,68.0,0.0,0.1,0.0,0.0,Feb,3,2,3,3,Returning_Visitor,0,0
0,0.0,0,0.0,1,0.0,0.2,0.2,0.0,0.0,Dec,1,1,3,3,Returning_Visitor,0,0
0,0.0,0,0.0,6,31.0,0.0,0.033333333,0.0,0.0,Oct,2,5,1,1,Returning_Visitor,0,0
0,0.0,0,0.0,10,103.0,0.02,0.036666667,0.0,0.0,May,2,2,1,6,Returning_Visitor,0,0
0,0.0,0,0.0,2,0.0,0.2,0.2,0.0,0.0,Nov,1,8,3,1,Returning_Visitor,1,0
3,70.4,0,0.0,9,144.0666667,0.0,0.0,0.0,0.0,Oct,1,1,1,3,New_Visitor,0,0
0,0.0,0,0.0,26,453.3333333,0.015384615,0.034615385,0.0,0.8,May,2,4,1,4,Returning_Visitor,0,0
1,3.0,0,0.0,11,549.3333333,0.0,0.005,0.0,0.0,May,4,2,1,3,Returning_Visitor,0,0
0,0.0,0,0.0,2,233.5,0.0,0.033333333,0.0,0.0,May,1,1,1,1,Returning_Visitor,0,0
0,0.0,0,0.0,6,66.25,0.0,0.066666667,0.0,0.0,Nov,2,2,9,1,Returning_Visitor,0,0
0,0.0,0,0.0,35,729.2916667,0.0,0.009387755,0.0,0.0,Dec,2,2,3,2,Returning_Visitor,0,0
0,0.0,0,0.0,19,696.875,0.010526316,0.035087719,0.0,0.0,Dec,1,2,4,2,Returning_Visitor,0,0
0,0.0,2,35.2,16,275.1,0.0,0.027777778,0.0,0.0,Aug,2,2,3,3,Returning_Visitor,1,0
5,193.0,1,13.0,66,2049.458471,0.004489796,0.012765306,29.45815149,0.0,Mar,3,2,3,1,Returning_Visitor,1,0
0,0.0,0,0.0,6,143.5,0.0,0.016666667,0.0,0.0,Dec,1,1,8,10,Returning_Visitor,0,0
0,0.0,0,0.0,26,2021.4,0.007692308,0.030769231,0.0,0.0,Jul,3,3,1,4,Returning_Visitor,0,0
0,0.0,0,0.0,18,628.8333333,0.0,0.005555556,0.0,0.0,Mar,1,1,2,2,Returning_Visitor,1,0
3,136.5,0,0.0,10,412.0833333,0.0,0.016666667,0.0,0.0,Dec,3,3,3,2,New_Visitor,0,0
0,0.0,0,0.0,27,925.3333333,0.003703704,0.025925926,0.0,0.6,Feb,4,1,3,3,Returning_Visitor,0,0
0,0.0,0,0.0,4,14.0,0.0,0.05,0.0,0.0,May,1,1,3,2,Returning_Visitor,1,0
0,0.0,0,0.0,62,1200.354444,0.003225806,0.023655914,0.0,0.0,Nov,2,2,4,1,Returning_Visitor,0,0
13,869.1666667,2,28.2,97,2865.817778,0.009345794,0.024205607,0.0,0.0,Oct,2,6,1,1,Returning_Visitor,0,0
5,69.8,0,0.0,87,1764.180047,0.007007576,0.032261103,0.0,0.0,June,2,6,1,1,Returning_Visitor,0,0
4,120.9,0,0.0,7,534.0,0.0,0.02962963,0.0,0.0,Aug,2,2,7,2,Returning_Visitor,0,0
0,0.0,0,0.0,4,67.0,0.0,0.05,0.0,0.0,Dec,2,2,9,2,Returning_Visitor,0,0
0,0.0,0,0.0,7,496.75,0.0,0.011111111,0.0,0.0,Mar,3,2,6,1,Returning_Visitor,0,0
1,10.0,0,0.0,14,624.4333333,0.0,0.015238095,0.0,0.0,Nov,2,2,1,1,Returning_Visitor,0,0
0,0.0,0,0.0,33,1703.321429,0.0,0.042424242,0.0,0.6,May,2,5,3,1,Returning_Visitor,0,0
0,0.0,0,0.0,8,185.5,0.025,0.0375,0.0,0.0,May,1,1,3,2,Returning_Visitor,1,0
0,0.0,0,0.0,27,892.9679487,0.014814815,0.022751323,0.0,0.0,Dec,2,2,3,2,Returning_Visitor,1,0
0,0.0,0,0.0,28,1023.125,0.007142857,0.028571429,0.0,0.0,Nov,2,2,3,2,Returning_Visitor,0,0
15,304.5833333,0,0.0,33,761.2233333,0.007619048,0.020793651,0.0,0.0,Oct,3,2,1,3,Returning_Visitor,1,0
0,0.0,0,0.0,2,0.0,0.2,0.2,0.0,0.0,Mar,2,2,1,3,Returning_Visitor,1,0
5,129.5,0,0.0,13,1507.333333,0.016666667,0.028125,0.0,0.0,Mar,2,2,3,2,Returning_Visitor,0,0
0,0.0,0,0.0,60,2072.605556,0.013793103,0.016833856,0.0,0.0,Aug,2,2,1,2,Returning_Visitor,0,0
0,0.0,0,0.0,29,631.775,0.021428571,0.05042517,0.0,0.0,Nov,2,2,1,1,Returning_Visitor,0,0
0,0.0,0,0.0,2,15.0,0.0,0.1,0.0,0.0,May,2,6,7,3,Returning_Visitor,0,0
0,0.0,0,0.0,8,106.0833333,0.025,0.05625,0.0,0.0,Dec,1,1,2,1,Returning_Visitor,0,0
4,571.25,1,0.0,11,470.9166667,0.015384615,0.061538462,0.0,0.0,Nov,1,1,1,2,Returning_Visitor,1,0
2,112.25,0,0.0,9,97.41666667,0.018181818,0.036363636,0.0,0.0,Dec,3,2,3,2,New_Visitor,0,0
1,21.5,2,323.0,14,836.8333333,0.0,0.001904762,0.0,0.0,May,2,2,8,2,New_Visitor,0,0
0,0.0,0,0.0,26,234.8,0.05,0.119230769,0.0,0.0,Jul,2,2,7,13,Returning_Visitor,0,0
2,35.0,0,0.0,2,6.0,0.0,0.05,0.0,0.0,Mar,2,2,9,2,New_Visitor,0,0
5,46.14285714,0,0.0,51,1346.630231,0.007126437,0.029719534,0.0,0.0,Nov,2,2,3,2,Returning_Visitor,1,0
0,0.0,0,0.0,12,676.25,0.0,0.025,0.0,0.0,Nov,2,4,1,6,Returning_Visitor,0,0
0,0.0,0,0.0,3,138.0,0.1,0.111111111,0.0,0.0,Nov,1,1,1,3,Returning_Visitor,0,0
0,0.0,0,0.0,19,866.3333333,0.0,0.025,14.58941181,0.0,Dec,2,4,3,2,Returning_Visitor,1,0
0,0.0,0,0.0,27,1224.541667,0.0,0.024691358,0.0,0.0,Dec,4,2,1,2,New_Visitor,1,0
0,0.0,0,0.0,3,25.5,0.066666667,0.133333333,0.0,0.0,Nov,1,1,3,2,Returning_Visitor,1,0
0,0.0,0,0.0,5,108.0,0.0,0.08,0.0,0.0,May,2,2,3,13,Returning_Visitor,0,0
0,0.0,2,31.0,3,47.0,0.04,0.08,0.0,0.0,Mar,1,1,6,1,Returning_Visitor,1,0
0,0.0,0,0.0,16,107.9291667,0.0,0.008531746,0.0,0.0,Dec,2,2,7,2,Returning_Visitor,0,0
3,47.0,0,0.0,66,2582.69697,0.003030303,0.012121212,11.96954545,0.0,May,2,2,1,2,Returning_Visitor,0,0
0,0.0,0,0.0,1,0.0,0.2,0.2,0.0,0.0,Aug,3,2,1,1,Returning_Visitor,1,0
13,313.0909091,4,516.0,132,3083.050977,0.001494396,0.009733401,8.868449011,0.0,May,2,5,3,4,Returning_Visitor,0,0
0,0.0,0,0.0,3,0.0,0.2,0.2,0.0,0.6,May,2,2,6,3,Returning_Visitor,0,0
12,251.8666667,0,0.0,60,1993.915257,0.005970149,0.011984127,13.09154641,0.0,May,2,2,2,1,Returning_Visitor,0,0
0,0.0,0,0.0,8,286.7,0.05,0.075,0.0,0.0,Jul,3,2,1,1,Returning_Visitor,0,0
1,23.0,0,0.0,15,656.25,0.028571429,0.028571429,0.0,0.0,Mar,1,1,8,2,Returning_Visitor,1,0
0,0.0,0,0.0,4,44.0,0.0,0.05,0.0,0.0,May,2,4,3,2,New_Visitor,1,0
0,0.0,1,113.0,27,3178.583333,0.025,0.04047619,0.0,0.0,May,2,2,1,3,Returning_Visitor,0,0
2,144.0,0,0.0,25,1711.333333,0.0,0.008,0.0,0.0,May,2,2,1,1,Returning_Visitor,0,0
3,52.9,0,0.0,8,278.58,0.0,0.01,26.18180656,0.0,Jul,1,1,1,2,New_Visitor,0,0
0,0.0,0,0.0,8,497.25,0.016666667,0.025,0.0,0.0,Dec,1,8,3,1,Returning_Visitor,1,0
0,0.0,0,0.0,4,0.0,0.2,0.2,0.0,0.6,May,3,2,1,3,Returning_Visitor,0,0
0,0.0,0,0.0,12,1165.333333,0.004166667,0.043055556,0.0,0.0,Mar,2,2,3,2,Returning_Visitor,0,0
2,46.4,1,29.2,12,303.2464286,0.0,0.015384615,0.0,0.0,Oct,1,1,3,2,New_Visitor,1,0
0,0.0,2,4.0,45,2984.130952,0.004255319,0.02141844,0.0,0.0,Nov,2,2,1,1,Returning_Visitor,0,0
2,36.0,0,0.0,15,168.8461538,0.0,0.011764706,0.0,0.4,Feb,1,1,1,3,Returning_Visitor,0,0
0,0.0,0,0.0,30,484.672619,0.0,0.018965517,0.0,0.0,Mar,2,6,7,1,Returning_Visitor,0,0
3,48.5,0,0.0,10,138.1666667,0.0,0.015384615,0.0,0.0,Nov,2,2,1,2,New_Visitor,1,0
3,19.25,0,0.0,8,713.5833333,0.0,0.046969697,0.0,0.0,Nov,3,2,1,10,Returning_Visitor,1,0
9,216.23,1,140.5,310,8468.339278,0.002821317,0.012414294,0.875047932,0.0,Sep,2,10,3,2,Returning_Visitor,1,0
6,55.0,1,7.0,132,4056.175369,0.005882353,0.019282953,0.0,0.0,Mar,2,2,8,2,Returning_Visitor,0,0
0,0.0,0,0.0,5,90.66666667,0.04,0.12,0.0,0.0,May,2,2,6,6,Returning_Visitor,0,0
3,79.22,2,297.8333333,62,1685.747985,0.0,0.013128205,0.0,0.0,Jul,2,2,3,2,Returning_Visitor,0,0
0,0.0,0,0.0,1,0.0,0.2,0.2,0.0,0.0,Mar,2,2,1,1,Returning_Visitor,0,0
0,0.0,0,0.0,73,1209.761905,0.002816901,0.007668232,0.0,0.0,May,2,4,3,1,Returning_Visitor,1,0
0,0.0,0,0.0,44,547.0,0.06,0.087407407,0.0,0.6,May,3,2,1,13,Returning_Visitor,0,0
0,0.0,0,0.0,3,62.25,0.0,0.066666667,0.0,0.0,Dec,1,1,7,2,Returning_Visitor,0,0
0,0.0,0,0.0,7,191.0,0.0,0.028571429,0.0,0.0,May,2,4,4,2,Returning_Visitor,0,0
1,38.0,0,0.0,5,131.0,0.033333333,0.013333333,0.0,0.0,Mar,1,2,1,9,New_Visitor,1,0
0,0.0,0,0.0,1,24.0,0.0,0.1,0.0,0.0,May,1,1,4,3,Returning_Visitor,1,0
1,39.2,2,120.8,7,80.5,0.0,0.01,0.0,0.0,Nov,3,2,4,2,New_Visitor,1,0
0,0.0,0,0.0,8,123.0,0.025,0.029166667,0.0,0.0,Nov,3,2,3,11,Returning_Visitor,1,0
0,0.0,0,0.0,10,130.5,0.02,0.1,0.0,0.0,Dec,2,2,7,3,Returning_Visitor,0,0
0,0.0,0,0.0,1,40.0,0.0,0.1,0.0,0.0,Mar,3,2,1,10,Returning_Visitor,0,0
1,8.0,0,0.0,11,701.0,0.0,0.016666667,0.0,0.0,Aug,2,2,1,2,Returning_Visitor,0,0
0,0.0,0,0.0,17,289.5555556,0.017647059,0.031372549,0.0,0.0,Dec,1,1,1,10,Returning_Visitor,0,0
0,0.0,0,0.0,26,852.7666667,0.001923077,0.024166667,0.0,1.0,May,3,2,4,1,Returning_Visitor,1,0
5,710.3333333,0,0.0,23,7533.272727,0.0,0.007407407,0.0,0.0,Mar,2,2,1,2,Returning_Visitor,0,0
4,237.0,3,87.7,16,379.3,0.021212121,0.057575758,0.0,0.0,Oct,7,1,1,3,Returning_Visitor,0,0
0,0.0,0,0.0,33,735.4392857,0.0,0.002693603,0.0,0.0,Nov,4,2,4,2,Returning_Visitor,0,0
5,333.0,2,166.0,12,151.9,0.031111111,0.064444444,0.0,0.0,Mar,2,2,1,1,Returning_Visitor,0,0
1,20.2,0,0.0,6,204.4,0.0,0.028571429,0.0,0.0,Oct,2,7,3,5,New_Visitor,1,0
0,0.0,0,0.0,24,255.3222222,0.025,0.038888889,0.0,0.6,May,2,2,8,1,Returning_Visitor,0,0
4,72.0,0,0.0,32,2258.175,0.0,0.025714286,38.19067209,0.0,Nov,2,2,9,2,Returning_Visitor,0,0
0,0.0,0,0.0,6,92.0,0.0,0.066666667,0.0,0.0,Mar,1,1,3,10,Returning_Visitor,0,0
0,0.0,0,0.0,8,101.75,0.025,0.075,0.0,0.0,Nov,2,2,6,2,Returning_Visitor,0,0
0,0.0,0,0.0,17,933.4166667,0.031932773,0.043075335,0.0,0.0,Mar,3,2,1,3,Returning_Visitor,0,0
1,54.5,0,0.0,35,1267.0625,0.005555556,0.021296296,9.458902094,0.0,Dec,2,2,3,10,Returning_Visitor,1,0
0,0.0,2,30.0,11,1114.916667,0.0,0.030769231,0.0,0.0,Mar,3,2,1,3,Returning_Visitor,0,0
0,0.0,0,0.0,13,324.0,0.0,0.003030303,0.0,0.0,May,2,2,2,2,New_Visitor,1,0
4,117.8,0,0.0,12,267.8,0.025,0.04375,0.0,0.0,Sep,3,2,3,13,Returning_Visitor,0,0
3,512.8333333,2,278.0,3,162.0,0.0,0.014285714,0.0,0.0,Mar,3,2,1,8,New_Visitor,1,0
3,45.5,0,0.0,43,1738.25,0.006349206,0.03537415,0.0,0.0,May,2,5,7,3,Returning_Visitor,0,0
6,220.0,2,327.0,50,1845.166667,0.011111111,0.022376543,10.09862222,0.0,May,2,2,3,1,Returning_Visitor,0,0
7,51.5,0,0.0,59,1954.754167,0.0,0.003225806,0.0,0.0,Dec,2,2,3,1,Returning_Visitor,0,0
6,276.0,0,0.0,24,1021.2,0.014285714,0.022619048,82.4326349,0.0,Dec,1,1,3,1,Returning_Visitor,1,0
0,0.0,0,0.0,9,442.0,0.0,0.044444444,0.0,0.2,May,2,2,7,2,Returning_Visitor,0,0
0,0.0,0,0.0,4,148.5,0.05,0.083333333,0.0,0.0,Mar,1,1,1,1,Returning_Visitor,1,0
1,74.6,0,0.0,8,810.0,0.0,0.036666667,10.67716934,0.0,Nov,2,2,1,4,Returning_Visitor,0,0
0,0.0,0,0.0,5,488.5,0.032727273,0.033846154,0.0,0.0,Mar,2,7,7,6,Returning_Visitor,0,0
0,0.0,0,0.0,19,536.2666667,0.044736842,0.068170426,0.0,0.0,May,2,2,6,6,Returning_Visitor,0,0
0,0.0,0,0.0,2,0.0,0.2,0.2,0.0,0.0,Nov,2,10,2,10,Returning_Visitor,0,0
4,97.0,0,0.0,22,739.5833333,0.009090909,0.006060606,0.0,0.0,May,1,1,6,4,New_Visitor,1,0
0,0.0,0,0.0,12,312.6666667,0.0,0.033333333,0.0,0.0,May,1,1,1,4,Returning_Visitor,0,0
0,0.0,0,0.0,1,0.0,0.2,0.2,0.0,0.0,May,2,2,2,1,Returning_Visitor,0,0
0,0.0,0,0.0,2,37.0,0.0,0.1,0.0,0.8,Feb,2,2,2,3,Returning_Visitor,0,0
0,0.0,0,0.0,6,192.0,0.0,0.04,0.0,0.0,Mar,2,10,4,3,Returning_Visitor,0,0
0,0.0,0,0.0,29,738.8861111,0.0,0.002469136,0.0,0.0,Dec,3,2,6,2,Returning_Visitor,1,0
3,294.2,2,108.9,60,1994.023778,0.022153846,0.037014927,0.0,0.0,Sep,3,2,6,2,Returning_Visitor,0,0
7,1463.333333,0,0.0,30,1410.238889,0.005263158,0.010557237,0.0,0.0,Nov,1,1,4,2,New_Visitor,0,0
1,113.6666667,1,2.0,16,589.6666667,0.0,0.003632479,0.0,0.0,May,3,2,6,11,New_Visitor,1,0
13,913.5222222,3,141.88,29,1293.652222,0.002631579,0.020570175,1.483746347,0.0,Aug,2,2,4,2,Returning_Visitor,1,0
0,0.0,0,0.0,5,116.5,0.0,0.05,0.0,0.0,May,4,2,1,5,New_Visitor,0,0
4,207.5,0,0.0,2,56.5,0.0,0.02,0.0,0.0,Dec,3,2,2,2,New_Visitor,1,0
6,214.6666667,1,112.0,68,2822.172118,0.003105023,0.023152976,0.0,0.0,Nov,2,2,1,10,Returning_Visitor,0,0
0,0.0,0,0.0,1,0.0,0.2,0.2,0.0,0.0,Dec,2,2,1,3,Returning_Visitor,0,0
4,282.1,0,0.0,7,107.6,0.0,0.011111111,0.0,0.0,Aug,1,1,2,5,New_Visitor,0,0
0,0.0,0,0.0,1,0.0,0.2,0.2,0.0,0.0,Nov,4,2,1,8,New_Visitor,0,0
0,0.0,0,0.0,25,929.5833333,0.016,0.0296,0.0,0.0,Dec,3,2,4,13,Returning_Visitor,0,0
0,0.0,0,0.0,4,228.5,0.033333333,0.03,0.0,0.4,May,3,2,6,1,Returning_Visitor,0,0
0,0.0,0,0.0,2,58.4,0.0,0.1,0.0,0.0,Oct,2,4,1,2,New_Visitor,0,0
0,0.0,0,0.0,1,0.0,0.2,0.2,0.0,0.0,Nov,3,2,2,11,Returning_Visitor,1,0
0,0.0,0,0.0,5,74.5,0.0,0.08,0.0,0.6,May,1,1,1,3,Returning_Visitor,0,0
0,0.0,0,0.0,3,59.0,0.0,0.066666667,0.0,0.0,Dec,1,1,3,2,Other,0,0
0,0.0,0,0.0,2,26.5,0.0,0.05,0.0,0.0,Dec,3,2,1,1,Returning_Visitor,1,0
0,0.0,0,0.0,3,242.0,0.066666667,0.133333333,0.0,0.0,May,3,2,4,3,Returning_Visitor,0,0
0,0.0,0,0.0,7,330.1666667,0.0,0.021428571,0.0,0.0,Dec,3,2,9,2,Returning_Visitor,0,0
4,56.0,0,0.0,31,270.4916667,0.0,0.00234375,0.0,0.0,Mar,2,2,1,3,Returning_Visitor,0,0
3,38.0,0,0.0,2,15.0,0.0,0.04,0.0,0.0,Nov,2,2,1,2,New_Visitor,0,0
2,20.5,0,0.0,21,719.7380952,0.004347826,0.010434783,0.0,0.0,Mar,2,2,1,3,Returning_Visitor,0,0
0,0.0,0,0.0,21,399.8511905,0.0,0.023933659,0.0,0.0,Mar,3,2,1,1,Returning_Visitor,0,0
6,87.33333333,0,0.0,62,1470.853037,0.0,0.009683372,0.0,0.0,Mar,2,4,6,3,Returning_Visitor,1,0
0,0.0,0,0.0,13,244.1666667,0.0,0.030769231,0.0,0.0,Mar,2,5,3,3,Returning_Visitor,0,0
8,355.0,0,0.0,50,1039.599344,0.000925926,0.010164456,0.0,0.0,Nov,1,2,3,10,Returning_Visitor,0,0
1,12.0,0,0.0,63,2138.383333,0.0,0.012282691,0.0,0.0,Dec,2,2,7,1,Returning_Visitor,0,0
2,29.5,0,0.0,36,1653.395833,0.005555556,0.022839506,68.25041784,0.0,Dec,3,2,1,2,Returning_Visitor,0,0
1,2.0,0,0.0,143,5149.434919,0.004195804,0.014489415,0.0,0.0,Nov,2,2,1,1,Returning_Visitor,1,0
3,33.0,1,10.0,45,1142.195833,0.0,0.024444444,0.0,0.0,Dec,2,2,1,2,Returning_Visitor,0,0
0,0.0,0,0.0,5,465.5,0.12,0.16,0.0,0.0,May,1,1,4,3,Returning_Visitor,0,0
7,132.0,4,256.0666667,125,3674.803673,0.023134328,0.032705748,5.613708292,0.0,Aug,3,2,3,13,Returning_Visitor,0,0
1,17.0,0,0.0,22,399.8,0.019047619,0.038095238,0.0,0.0,Mar,1,5,7,1,Returning_Visitor,0,0
8,279.2666667,0,0.0,16,453.4,0.0,0.011403509,0.0,0.0,Jul,3,2,8,4,Returning_Visitor,0,0
0,0.0,0,0.0,1,0.0,0.2,0.2,0.0,0.0,June,2,2,1,4,Returning_Visitor,0,0
5,86.0,0,0.0,23,267.3,0.0,0.016,0.0,0.0,Mar,1,1,4,9,Returning_Visitor,1,0
1,45.5,3,1021.666667,130,3376.027564,0.007518797,0.029169274,0.0,0.0,Dec,2,2,1,1,Returning_Visitor,0,0
0,0.0,0,0.0,4,26.0,0.0,0.05,0.0,0.0,May,4,1,1,1,Returning_Visitor,0,0
3,58.5,0,0.0,17,281.6666667,0.007058824,0.017647059,0.0,0.0,Feb,1,1,3,4,Returning_Visitor,0,0
0,0.0,0,0.0,18,391.5833333,0.0,0.025,0.0,0.0,Dec,2,2,7,2,New_Visitor,0,0
0,0.0,0,0.0,2,74.0,0.1,0.15,0.0,0.0,Mar,3,2,1,3,Returning_Visitor,0,0
2,44.0,0,0.0,26,1636.016667,0.007692308,0.021794872,0.0,0.0,Mar,2,6,1,1,Returning_Visitor,0,0
9,551.7944444,4,124.2,94,5579.315873,0.0,0.007335491,0.0,0.0,June,2,2,5,2,New_Visitor,0,0
5,106.3214286,4,189.0,37,1306.028022,0.004263566,0.010939177,33.3335814,0.0,May,2,4,1,3,Returning_Visitor,0,0
0,0.0,0,0.0,38,1517.416739,0.0,0.004122807,0.0,0.0,Nov,4,2,4,2,Returning_Visitor,0,0
0,0.0,0,0.0,3,103.6,0.0,0.033333333,0.0,0.0,Jul,3,2,1,6,Returning_Visitor,0,0
1,12.0,0,0.0,11,331.25,0.016666667,0.033333333,0.0,0.0,Mar,2,2,2,2,Returning_Visitor,1,0
0,0.0,0,0.0,1,0.0,0.2,0.2,0.0,0.0,Dec,2,2,1,1,Returning_Visitor,0,0
0,0.0,0,0.0,6,60.0,0.15,0.138888889,0.0,0.0,Nov,3,2,5,1,Returning_Visitor,0,0
0,0.0,0,0.0,16,1027.657143,0.0125,0.01875,0.0,0.0,Mar,1,1,1,3,Returning_Visitor,0,0
3,118.5,0,0.0,11,241.625,0.0,0.012727273,0.0,0.0,Dec,3,2,3,1,Returning_Visitor,1,0
1,390.0,0,0.0,26,1325.833333,0.007692308,0.025641026,0.0,0.0,Dec,2,2,1,1,Returning_Visitor,1,0
2,38.33333333,0,0.0,68,2277.377056,0.009758454,0.029851908,12.76243133,1.0,May,2,2,2,2,Returning_Visitor,1,0
0,0.0,0,0.0,7,80.5,0.028571429,0.038095238,0.0,0.0,May,1,1,3,3,Returning_Visitor,0,0
5,115.9666667,1,0.0,9,181.3,0.0,0.016666667,0.0,0.0,Dec,1,1,1,8,New_Visitor,0,0
2,82.0,0,0.0,13,155.9833333,0.0,0.037777778,0.0,0.0,Dec,2,2,1,2,Returning_Visitor,0,0
0,0.0,0,0.0,10,270.0,0.0,0.004,0.0,0.0,Mar,2,2,1,2,Returning_Visitor,0,0
0,0.0,0,0.0,32,1324.666667,0.056666667,0.09047619,10.3976,1.0,May,2,2,7,1,Returning_Visitor,1,0
1,14.0,1,0.0,14,710.25,0.0,0.017777778,0.0,0.0,Mar,2,2,1,1,Returning_Visitor,0,0
1,16.0,0,0.0,77,3586.833333,0.0,0.012575758,0.0,0.0,Dec,2,2,1,2,Returning_Visitor,0,0
5,181.6,2,722.52,98,1717.873278,0.014150943,0.023942797,0.0,0.0,Aug,3,2,1,4,Returning_Visitor,0,0
10,154.7916667,2,7.0,49,1714.868651,0.013711002,0.055127258,1.456951523,1.0,May,1,1,1,2,Returning_Visitor,1,0
0,0.0,0,0.0,56,1294.637143,0.007407407,0.03345679,0.0,0.0,Aug,1,1,3,3,Returning_Visitor,0,0
0,0.0,0,0.0,6,815.0,0.05,0.044444444,0.0,0.2,May,1,2,1,4,Returning_Visitor,0,0
0,0.0,0,0.0,1,0.0,0.2,0.2,0.0,0.0,Mar,3,2,2,1,Returning_Visitor,0,0
0,0.0,0,0.0,2,25.0,0.0,0.1,0.0,0.0,May,2,2,1,5,Returning_Visitor,1,0
3,92.3,3,68.2,4,81.7,0.0,0.03125,0.0,0.0,Jul,1,2,1,4,Returning_Visitor,0,0
9,72.94444444,2,125.0952381,17,318.0730159,0.008695652,0.035397453,0.0,0.0,Mar,3,2,8,2,Returning_Visitor,0,0
1,4.0,0,0.0,15,377.5,0.0,0.002040816,69.7132141,0.0,Nov,8,13,9,20,Other,0,0
0,0.0,0,0.0,7,139.5,0.0,0.028571429,0.0,0.0,May,3,2,3,2,Returning_Visitor,0,0
0,0.0,0,0.0,23,480.9166667,0.017391304,0.032608696,0.0,0.0,Dec,4,2,1,2,Returning_Visitor,0,0
0,0.0,0,0.0,60,1147.615584,0.004285714,0.024416667,0.0,0.8,May,2,4,5,2,Returning_Visitor,0,0
0,0.0,0,0.0,3,78.33333333,0.0,0.022222222,0.0,0.0,Mar,2,2,7,11,Returning_Visitor,0,0
7,213.3916667,0,0.0,32,1350.391667,0.0,0.017877551,0.0,0.0,Mar,2,2,1,8,Returning_Visitor,1,0
0,0.0,0,0.0,44,691.252381,0.013953488,0.029457364,0.0,0.0,Nov,2,6,5,1,Returning_Visitor,0,0
0,0.0,0,0.0,14,706.5,0.0,0.007142857,0.0,0.0,Feb,2,2,5,4,Returning_Visitor,1,0
0,0.0,0,0.0,2,0.0,0.2,0.2,0.0,0.0,Mar,3,2,6,1,Returning_Visitor,0,0
0,0.0,0,0.0,39,905.6,0.012820513,0.021245421,0.0,0.0,May,3,2,1,3,Returning_Visitor,0,0
0,0.0,0,0.0,5,217.0,0.0,0.02,0.0,0.0,May,2,5,6,6,Returning_Visitor,0,0
0,0.0,0,0.0,1,13.0,0.0,0.05,0.0,0.0,May,3,2,1,3,New_Visitor,0,0
0,0.0,0,0.0,3,335.0,0.0,0.133333333,0.0,0.0,Aug,3,2,3,4,Returning_Visitor,1,0
5,76.0,0,0.0,66,1415.3875,0.00358209,0.014262023,9.829114577,0.0,Dec,2,2,5,2,Returning_Visitor,0,0
4,59.86,1,38.3,36,725.21,0.005,0.034166667,0.0,0.0,Oct,2,2,9,2,Returning_Visitor,1,0
1,105.0,1,0.0,59,1125.904762,0.0,0.014043584,0.0,0.0,Dec,3,2,3,2,Returning_Visitor,0,0
0,0.0,0,0.0,14,197.5,0.021428571,0.042857143,0.0,0.4,May,2,2,1,1,Returning_Visitor,0,0
0,0.0,0,0.0,7,151.4166667,0.0,0.011111111,0.0,0.0,Dec,8,13,9,20,Other,0,0
1,49.4,0,0.0,18,213.1714286,0.0,0.003921569,0.0,0.0,Oct,2,2,1,2,New_Visitor,0,0
0,0.0,0,0.0,17,278.6666667,0.015686275,0.042666157,0.0,0.0,Nov,3,2,1,6,Returning_Visitor,1,0
14,375.2785714,0,0.0,156,5432.836783,0.010009921,0.029074729,2.992267778,1.0,May,2,2,6,1,Returning_Visitor,1,0
0,0.0,0,0.0,15,239.0,0.048888889,0.072,0.0,0.0,May,3,2,1,3,Returning_Visitor,1,0
0,0.0,0,0.0,4,97.5,0.1,0.125,0.0,0.0,Nov,3,2,6,13,Returning_Visitor,0,0
0,0.0,0,0.0,6,109.25,0.0,0.033333333,0.0,0.0,Dec,8,13,9,20,Other,0,0
5,246.25,1,9.0,14,548.25,0.022222222,0.05,0.0,0.0,May,1,1,2,2,Returning_Visitor,1,0
0,0.0,0,0.0,5,99.0,0.0,0.04,0.0,0.0,Nov,2,4,1,3,Returning_Visitor,0,0
3,33.0,0,0.0,2,26.0,0.013333333,0.07,0.0,1.0,May,1,1,3,4,Returning_Visitor,1,0
5,1388.75,0,0.0,4,1373.75,0.0,0.02,0.0,0.0,Mar,1,1,7,8,Returning_Visitor,0,0
0,0.0,0,0.0,10,383.5,0.0,0.022222222,0.0,0.0,Nov,1,1,1,2,New_Visitor,0,0
0,0.0,0,0.0,8,148.75,0.0,0.025,0.0,0.0,Mar,2,4,3,2,Returning_Visitor,1,0
3,29.0,0,0.0,2,7.0,0.0,0.04,0.0,0.0,Dec,2,2,3,2,New_Visitor,0,0
0,0.0,0,0.0,14,632.0,0.028571429,0.042857143,0.0,0.0,May,2,2,3,3,Returning_Visitor,0,0
4,155.5,0,0.0,20,588.9,0.0,0.008695652,0.0,0.0,May,4,1,1,4,New_Visitor,0,0
4,32.33333333,0,0.0,18,374.6,0.0,0.010526316,0.0,0.0,Sep,2,2,3,3,New_Visitor,0,0
8,130.0,1,18.0,19,298.0,0.0,0.016666667,19.66818546,0.0,Mar,2,2,3,1,Returning_Visitor,1,0
10,85.04,0,0.0,114,2139.156647,0.0,0.009414895,0.0,0.0,Nov,2,2,3,2,Returning_Visitor,0,0
6,98.66666667,3,35.0,21,458.7,0.016666667,0.026388889,8.4525,0.0,May,1,1,1,3,Returning_Visitor,0,0
0,0.0,0,0.0,37,581.0833333,0.005555556,0.026851852,0.0,0.0,Nov,2,2,2,10,Returning_Visitor,1,0
10,261.5,4,406.0,60,3121.283333,0.002857143,0.010935374,13.71812571,0.4,May,3,2,3,6,Returning_Visitor,0,0
0,0.0,0,0.0,68,1723.753711,0.011940299,0.023681592,0.0,0.0,Nov,3,2,5,2,Returning_Visitor,0,0
0,0.0,0,0.0,48,3644.752381,0.0,0.016666667,18.20995652,0.0,Mar,2,2,7,2,Returning_Visitor,0,0
0,0.0,0,0.0,5,1162.5,0.0,0.025,0.0,0.0,Mar,2,2,2,2,Returning_Visitor,0,0
1,34.5,0,0.0,10,277.0357143,0.0,0.002777778,0.0,0.0,Dec,1,1,8,8,New_Visitor,1,0
0,0.0,0,0.0,1,0.0,0.2,0.2,0.0,0.0,May,2,5,6,6,Returning_Visitor,0,0
0,0.0,0,0.0,8,120.5,0.05,0.1125,0.0,0.0,Dec,3,2,1,2,Returning_Visitor,1,0
7,71.0,0,0.0,34,1540.75,0.004878049,0.024390244,0.0,0.0,May,2,2,8,3,Returning_Visitor,0,0
4,178.2,0,0.0,9,368.2,0.02,0.05,0.0,0.0,Mar,3,2,8,3,Returning_Visitor,1,0
3,68.0,0,0.0,8,306.0,0.0,0.008888889,0.0,0.0,Mar,1,1,9,3,New_Visitor,1,0
3,35.0,0,0.0,16,314.0,0.0,0.052631579,0.0,0.0,Mar,2,5,7,2,Returning_Visitor,0,0
6,358.0833333,1,18.0,93,3422.525,0.020408163,0.039301175,0.0,0.0,Nov,2,4,2,1,Returning_Visitor,0,0
2,141.6,0,0.0,10,728.18,0.018181818,0.065367965,14.28629744,0.0,Sep,3,2,1,1,Returning_Visitor,1,0
0,0.0,0,0.0,2,32.0,0.0,0.1,0.0,0.0,Mar,2,4,3,3,Returning_Visitor,0,0
5,109.4,4,93.6,10,427.0666667,0.0,0.003125,0.0,0.0,Nov,3,2,2,6,Returning_Visitor,0,0
9,274.6666667,0,0.0,40,720.4257937,0.0,0.015259259,0.0,0.0,Dec,2,2,2,1,Returning_Visitor,0,0
0,0.0,0,0.0,8,163.5,0.1,0.125,0.0,0.0,Nov,3,2,1,10,Returning_Visitor,0,0
1,139.5,0,0.0,100,1831.149084,0.0,0.000505051,0.0,0.0,Dec,2,2,3,2,New_Visitor,0,0
7,152.6964286,2,13.0,13,200.25,0.02,0.03,0.0,0.0,Dec,2,2,7,1,Returning_Visitor,1,0
5,47.33333333,0,0.0,65,1267.502814,0.004545455,0.021632395,0.0,0.0,Nov,3,2,1,10,Returning_Visitor,0,0
0,0.0,0,0.0,10,242.0833333,0.0,0.046666667,0.0,0.0,Nov,2,4,7,6,Returning_Visitor,1,0
7,311.1361111,0,0.0,36,1699.073611,0.010087719,0.035614035,133.2813786,0.0,Dec,3,2,1,13,Returning_Visitor,0,0
0,0.0,0,0.0,8,551.1666667,0.025,0.035,0.0,0.0,Mar,3,2,2,3,Returning_Visitor,0,0
2,353.0,0,0.0,24,2874.083333,0.025,0.025357143,0.0,0.0,May,2,2,3,6,Returning_Visitor,0,0
0,0.0,0,0.0,1,0.0,0.2,0.2,0.0,0.0,Nov,3,2,1,1,Returning_Visitor,0,0
9,110.4090909,1,51.0,62,3120.211102,0.00056338,0.017396907,7.891171006,0.0,Mar,2,2,1,10,Returning_Visitor,0,0
0,0.0,0,0.0,2,135.5,0.0,0.1,0.0,0.0,Dec,2,2,4,3,Returning_Visitor,0,0
5,54.0,0,0.0,15,304.5,0.0,0.010526316,0.0,0.0,May,2,2,6,2,Returning_Visitor,0,0
6,416.0,2,121.0,94,2881.684524,0.006122449,0.025340136,0.0,0.0,Nov,3,2,2,13,Returning_Visitor,0,0
7,102.5,0,0.0,9,64.75,0.0,0.027272727,0.0,0.0,Nov,2,2,5,2,New_Visitor,0,0
0,0.0,0,0.0,35,1579.333333,0.005714286,0.02,0.0,0.0,Nov,2,2,1,1,New_Visitor,0,0
0,0.0,0,0.0,11,125.0,0.018181818,0.081818182,0.0,0.0,Mar,2,2,1,13,Returning_Visitor,0,0
0,0.0,0,0.0,38,3287.0,0.036842105,0.075814536,0.0,0.0,June,2,5,1,1,Returning_Visitor,0,0
3,66.4,0,0.0,16,516.4785714,0.022222222,0.035555556,0.0,0.0,Sep,3,2,3,5,Returning_Visitor,0,0
7,85.52916667,3,255.5,45,2996.4875,0.014814815,0.02628108,2.0905,0.0,May,2,2,3,3,Returning_Visitor,0,0
0,0.0,0,0.0,20,513.3333333,0.0,0.015357143,0.0,0.0,Dec,2,2,3,2,Returning_Visitor,0,0
0,0.0,0,0.0,15,325.5,0.02,0.058666667,0.0,0.0,Dec,2,2,1,1,Returning_Visitor,0,0
0,0.0,0,0.0,24,657.6666667,0.013636364,0.034090909,0.0,0.8,May,2,4,1,3,Returning_Visitor,0,0
0,0.0,0,0.0,2,0.0,0.2,0.2,0.0,0.0,Nov,3,2,7,3,Returning_Visitor,0,0
0,0.0,0,0.0,3,132.4,0.0,0.033333333,0.0,0.0,June,3,2,1,1,Returning_Visitor,0,0
0,0.0,0,0.0,1,0.0,0.2,0.2,0.0,0.0,Mar,3,2,1,1,Returning_Visitor,0,0
1,4.5,3,61.0,145,5577.826456,0.002688695,0.01187122,2.353444628,1.0,May,3,2,3,11,Returning_Visitor,1,0
0,0.0,0,0.0,8,729.0,0.041666667,0.070833333,0.0,0.4,May,2,2,8,1,Returning_Visitor,0,0
12,509.53125,2,11.0,33,2032.599702,0.0,0.020476926,5.730539288,0.0,Nov,2,2,2,1,Returning_Visitor,0,0
1,7.0,1,0.0,79,3380.691558,0.002666667,0.023772222,0.0,0.0,Mar,2,2,3,2,Returning_Visitor,1,0
0,0.0,0,0.0,1,0.0,0.2,0.2,0.0,0.0,Dec,3,2,6,1,Returning_Visitor,0,0
0,0.0,0,0.0,1,0.0,0.2,0.2,0.0,0.0,Nov,1,8,1,11,Returning_Visitor,0,0
3,89.0,0,0.0,26,655.5357143,0.0,0.0375,0.0,0.0,Nov,2,2,4,1,Returning_Visitor,0,0
4,338.0,0,0.0,9,724.76,0.0,0.022380952,0.0,0.0,Sep,3,2,2,4,Returning_Visitor,1,0
4,47.0,0,0.0,29,5198.533333,0.0,0.019892473,0.0,0.0,May,2,4,2,2,Returning_Visitor,0,0
0,0.0,0,0.0,1,0.0,0.2,0.2,0.0,1.0,Feb,1,1,1,3,Returning_Visitor,1,0
0,0.0,0,0.0,6,97.83333333,0.033333333,0.075,0.0,0.0,Dec,3,2,3,1,Returning_Visitor,1,0
10,207.8666667,0,0.0,8,217.8666667,0.0,0.004166667,0.0,0.6,May,2,5,1,5,New_Visitor,0,0
2,25.2,4,86.6,21,1702.5,0.016666667,0.037179487,0.0,0.0,Oct,2,2,7,3,Returning_Visitor,1,0
0,0.0,0,0.0,10,377.5,0.02,0.06,0.0,0.0,May,1,1,2,11,Returning_Visitor,1,0
6,65.25,0,0.0,21,829.3333333,0.0,0.008333333,0.0,0.0,Nov,2,5,4,1,Returning_Visitor,1,0
10,141.0357143,2,213.0,50,829.5190476,0.001149425,0.025172414,0.0,0.0,Dec,2,2,4,10,Returning_Visitor,0,0
0,0.0,0,0.0,18,323.6833333,0.0,0.005208333,0.0,0.0,Dec,3,2,2,1,Returning_Visitor,0,0
3,37.58333333,0,0.0,67,1982.523611,0.004411765,0.010971792,0.0,0.0,Dec,2,2,3,1,Returning_Visitor,0,0
9,215.5,1,12.0,12,245.6,0.0,0.0125,0.0,0.0,Oct,2,2,4,5,New_Visitor,0,0
1,4.0,0,0.0,31,1075.759524,0.0,0.007758621,0.0,0.0,May,2,6,2,11,New_Visitor,0,0
3,99.0,0,0.0,23,831.6904762,0.004166667,0.019444444,0.0,0.0,May,3,2,4,13,Returning_Visitor,0,0
0,0.0,0,0.0,18,824.8333333,0.0,0.023148148,0.0,0.8,May,2,2,2,4,Returning_Visitor,0,0
0,0.0,0,0.0,3,159.0,0.0,0.033333333,0.0,0.0,Dec,1,1,1,1,Returning_Visitor,0,0
5,209.2,0,0.0,18,447.1666667,0.008695652,0.041304348,0.0,0.0,Aug,1,1,1,1,Returning_Visitor,0,0
0,0.0,0,0.0,24,330.0833333,0.0375,0.043055556,0.0,1.0,May,1,1,7,4,Returning_Visitor,1,0
1,4.0,0,0.0,37,1296.942857,0.013888889,0.039814815,0.0,0.8,May,2,2,4,2,Returning_Visitor,0,0
0,0.0,0,0.0,16,1533.0,0.0,0.00625,0.0,0.0,Mar,2,2,7,1,Returning_Visitor,0,0
2,63.25,0,0.0,7,460.75,0.022222222,0.037037037,0.0,0.0,Dec,3,2,3,2,Returning_Visitor,0,0
0,0.0,0,0.0,16,200.0,0.034375,0.072115385,0.0,0.8,May,2,2,1,1,Returning_Visitor,0,0
0,0.0,0,0.0,40,587.6911765,0.005,0.020277778,0.0,0.8,May,2,10,1,3,Returning_Visitor,0,0
0,0.0,0,0.0,3,14.0,0.0,0.066666667,0.0,0.0,Mar,4,1,3,3,Returning_Visitor,0,0
4,61.0,0,0.0,117,1569.866667,0.003418803,0.011870845,49.95438177,0.0,May,2,2,1,3,Returning_Visitor,0,0
0,0.0,0,0.0,2,2.666666667,0.05,0.14,0.0,0.0,Feb,3,2,2,4,Returning_Visitor,0,0
2,13.0,0,0.0,23,855.1666667,0.008,0.025333333,0.0,0.0,Mar,2,5,1,3,Returning_Visitor,0,0
8,206.0,0,0.0,8,107.0,0.0,0.02,0.0,0.0,May,1,1,6,1,Returning_Visitor,0,0
0,0.0,0,0.0,51,874.4047619,0.008,0.0345,0.0,0.0,Nov,2,2,7,2,Returning_Visitor,0,0
0,0.0,0,0.0,12,94.5,0.033333333,0.025555556,0.0,0.0,Mar,3,2,4,11,Returning_Visitor,0,0
0,0.0,0,0.0,11,2123.0,0.018181818,0.036363636,0.0,0.0,Dec,2,2,1,6,Returning_Visitor,0,0
1,43.0,0,0.0,38,1348.7,0.0,0.028376068,2.561538462,0.0,May,2,6,1,1,Returning_Visitor,0,0
5,107.0,0,0.0,34,777.2125,0.0,0.013513514,0.0,0.0,Dec,2,2,1,1,Returning_Visitor,1,0
0,0.0,0,0.0,2,0.0,0.2,0.2,0.0,0.0,May,2,2,2,3,Returning_Visitor,0,0
6,169.5666667,0,0.0,21,1853.535714,0.0,0.021727273,0.0,0.0,May,3,2,4,4,Returning_Visitor,1,0
0,0.0,0,0.0,29,594.9666667,0.013793103,0.022024757,0.0,0.0,May,2,2,3,2,Returning_Visitor,0,0
3,48.0,0,0.0,41,506.7166667,0.004444444,0.013968254,10.48533333,0.0,May,2,2,2,3,Returning_Visitor,0,0
6,130.0,2,14.2,30,2472.24,0.03537037,0.05723545,0.0,0.0,June,1,1,3,3,Returning_Visitor,0,0
0,0.0,3,55.4,36,1018.018025,0.01025641,0.038075929,0.0,0.0,Nov,2,2,1,2,Returning_Visitor,0,0
1,6.0,0,0.0,6,45.5,0.057142857,0.114285714,0.0,0.0,Mar,1,1,3,3,Returning_Visitor,0,0
0,0.0,0,0.0,14,561.6666667,0.0,0.025,0.0,0.0,Dec,2,2,9,10,Returning_Visitor,0,0
0,0.0,0,0.0,10,701.0,0.0,0.03,0.0,0.0,May,1,1,4,3,Returning_Visitor,1,0
3,47.0,1,51.0,68,3008.124108,0.007142857,0.016727891,46.53017511,0.0,Mar,2,2,1,1,Returning_Visitor,0,0
0,0.0,2,15.0,15,328.4166667,0.0,0.037647059,0.0,0.0,May,2,2,1,4,Returning_Visitor,1,0
0,0.0,0,0.0,18,297.3,0.0,0.011764706,0.0,0.0,May,1,2,1,4,Returning_Visitor,0,0
3,37.3,4,166.0,67,3872.50942,0.039495923,0.04474971,2.341419718,0.0,May,3,2,3,2,Returning_Visitor,1,0
0,0.0,0,0.0,25,1320.5,0.0,0.030666667,0.0,0.8,May,2,10,1,1,Returning_Visitor,0,0
0,0.0,0,0.0,12,281.5,0.016666667,0.020833333,0.0,0.0,May,2,4,7,4,Returning_Visitor,1,0
0,0.0,0,0.0,3,158.0,0.033333333,0.033333333,0.0,0.0,Dec,1,1,1,3,New_Visitor,0,0
3,115.0,0,0.0,6,132.75,0.0,0.022222222,0.0,0.0,Dec,1,1,7,2,New_Visitor,1,0
0,0.0,0,0.0,5,180.3333333,0.02,0.02,0.0,0.0,Mar,1,1,1,3,Returning_Visitor,1,0
1,63.5,0,0.0,10,552.3333333,0.0,0.016363636,0.0,0.0,Dec,1,1,4,10,Returning_Visitor,0,0
0,0.0,0,0.0,17,141.5,0.082352941,0.111764706,0.0,0.6,May,2,2,1,6,Returning_Visitor,0,0
0,0.0,0,0.0,19,194.75,0.005263158,0.031578947,0.0,0.0,Dec,3,2,4,1,Returning_Visitor,0,0
4,724.0,0,0.0,2,159.0,0.0,0.008,0.0,0.0,Mar,4,2,1,7,New_Visitor,0,0
0,0.0,0,0.0,23,709.75,0.029166667,0.043055556,0.0,0.0,Nov,2,2,1,2,Returning_Visitor,1,0
0,0.0,0,0.0,7,242.75,0.014285714,0.047619048,0.0,0.0,Nov,3,2,3,11,Returning_Visitor,1,0
0,0.0,0,0.0,5,266.3333333,0.04,0.08,0.0,0.0,Mar,3,2,1,3,Returning_Visitor,0,0
4,54.93333333,0,0.0,35,1126.666667,0.0,0.005952381,28.32886648,0.0,Jul,2,2,7,2,Returning_Visitor,0,0
0,0.0,0,0.0,1,0.0,0.2,0.2,0.0,0.0,Dec,2,2,4,8,New_Visitor,0,0
2,150.6,0,0.0,86,2554.562381,0.023255814,0.041100372,0.0,0.0,Sep,2,2,1,1,Returning_Visitor,0,0
8,71.66666667,0,0.0,24,364.4166667,0.0,0.013793103,0.0,0.2,May,2,2,1,5,Returning_Visitor,0,0
2,54.5,4,29.5,11,1055.75,0.0,0.026666667,0.0,0.0,Dec,2,2,1,2,New_Visitor,0,0
3,96.0,0,0.0,11,565.0,0.0,0.011111111,0.0,0.0,May,3,2,6,14,New_Visitor,1,0
0,0.0,0,0.0,33,629.8583333,0.006060606,0.03030303,0.0,0.0,Nov,2,2,3,1,Returning_Visitor,1,0
1,5.0,0,0.0,108,2367.4,0.0,0.003773585,0.0,0.0,Dec,2,2,1,2,New_Visitor,1,0
1,64.0,0,0.0,33,1564.17381,0.00625,0.003506944,10.12275,0.0,May,1,1,2,5,Returning_Visitor,1,0
5,44.74,3,129.75,18,390.4566667,0.0,0.019230769,0.0,0.0,Aug,2,2,1,4,Returning_Visitor,0,0
0,0.0,0,0.0,17,722.0833333,0.011764706,0.029411765,0.0,0.0,Dec,2,2,2,1,Returning_Visitor,0,0
0,0.0,0,0.0,5,46.75,0.0,0.04,0.0,0.0,Dec,1,1,3,3,Returning_Visitor,0,0
3,81.6,0,0.0,9,1346.2,0.0,0.016666667,0.0,0.0,Nov,2,2,2,3,New_Visitor,0,0
5,69.5,4,116.0,84,2839.75,0.0,0.006593407,6.281494505,0.0,May,2,4,9,2,New_Visitor,0,0
13,246.5333333,0,0.0,26,892.0,0.0,0.01127451,0.0,0.0,Sep,2,6,1,3,Returning_Visitor,0,0
4,72.5,0,0.0,28,1248.058333,0.0140625,0.024479167,0.0,0.0,Nov,2,6,4,2,Returning_Visitor,0,0
3,17.0,0,0.0,18,407.5,0.0,0.02,0.0,0.0,May,2,2,6,5,Returning_Visitor,1,0
0,0.0,0,0.0,7,323.5,0.0,0.057142857,0.0,0.0,May,2,2,1,5,New_Visitor,0,0
0,0.0,0,0.0,4,28.0,0.05,0.075,0.0,0.0,Nov,2,2,3,3,Returning_Visitor,0,0
0,0.0,0,0.0,5,62.0,0.12,0.14,0.0,0.0,Mar,3,2,3,1,Returning_Visitor,0,0
8,69.83333333,1,157.0,45,901.9166667,0.007189542,0.02627451,7.802611111,0.0,May,2,2,1,6,Returning_Visitor,0,0
7,198.75,0,0.0,20,818.5833333,0.0,0.002777778,0.0,0.0,Dec,3,2,4,8,New_Visitor,0,0
3,356.6,0,0.0,39,589.2510658,0.001282051,0.010133221,0.0,0.0,Jul,1,1,4,4,Returning_Visitor,0,0
0,0.0,2,3.0,22,1904.183333,0.016666667,0.052777778,0.0,0.0,Nov,2,2,2,11,Returning_Visitor,0,0
3,101.0,0,0.0,17,300.6666667,0.0,0.0125,0.0,0.0,May,1,8,1,2,New_Visitor,0,0
3,80.5,0,0.0,62,2337.196667,0.008196721,0.023911007,0.0,0.0,Aug,2,2,5,1,Returning_Visitor,0,0
0,0.0,0,0.0,4,60.0,0.05,0.075,0.0,1.0,May,1,1,1,17,Returning_Visitor,1,0
0,0.0,0,0.0,45,1438.722222,0.004545455,0.027727273,0.0,0.8,May,4,2,3,4,Returning_Visitor,0,0
4,50.93333333,0,0.0,67,860.021746,0.0,0.002083333,0.0,0.0,Sep,2,4,1,5,New_Visitor,0,0
0,0.0,0,0.0,4,573.0,0.0,0.05,0.0,0.0,Feb,2,2,3,3,Returning_Visitor,0,0
0,0.0,0,0.0,24,460.45,0.016666667,0.031944444,0.0,0.4,May,2,2,6,13,Returning_Visitor,0,0
1,90.0,0,0.0,30,860.3166667,0.0,0.008888889,0.0,0.0,May,1,1,1,7,Returning_Visitor,0,0
5,81.6,0,0.0,16,308.7,0.00952381,0.019047619,0.0,0.0,Sep,2,4,2,5,New_Visitor,0,0
0,0.0,0,0.0,10,214.25,0.0,0.025,0.0,0.0,Mar,3,2,2,1,Returning_Visitor,0,0
0,0.0,0,0.0,68,3177.791667,0.005970149,0.011488014,0.0,0.0,May,2,4,4,4,Returning_Visitor,0,0
0,0.0,0,0.0,74,2763.25,0.005405405,0.021288981,27.74177162,0.0,May,2,5,3,6,Returning_Visitor,0,0
0,0.0,0,0.0,21,987.77,0.015238095,0.067619048,0.0,0.0,Jul,2,4,3,1,Returning_Visitor,0,0
0,0.0,0,0.0,26,781.5,0.007692308,0.030769231,0.0,0.2,May,2,2,2,3,Returning_Visitor,0,0
2,73.6,0,0.0,38,813.6016667,0.004878049,0.037398374,0.0,0.0,Nov,1,1,3,1,Returning_Visitor,0,0
8,41.0,0,0.0,34,1337.245455,0.01375,0.024214286,0.0,0.0,May,1,1,3,2,Returning_Visitor,0,0
24,290.8603687,6,529.7,178,4339.534423,0.003939056,0.015263169,6.149343862,0.4,May,2,2,3,4,Returning_Visitor,0,0
5,224.8,0,0.0,30,974.9,0.00625,0.0140625,25.11150884,0.0,Nov,2,2,4,4,Returning_Visitor,0,0
0,0.0,0,0.0,3,73.0,0.0,0.066666667,0.0,0.0,Mar,2,4,1,7,Returning_Visitor,0,0
0,0.0,0,0.0,2,0.0,0.2,0.2,0.0,0.0,Mar,2,2,6,1,Returning_Visitor,0,0
2,132.0,1,28.2,35,1356.866667,0.0,0.010526316,0.0,0.0,Oct,2,2,4,13,Returning_Visitor,0,0
7,319.5,0,0.0,11,416.5,0.0,0.007142857,0.0,0.0,Mar,3,2,1,9,New_Visitor,1,0
2,530.5,2,9.0,9,452.25,0.026666667,0.053333333,0.0,0.0,Dec,1,1,7,2,Returning_Visitor,0,0
0,0.0,0,0.0,1,0.0,0.2,0.2,0.0,0.0,Feb,1,1,1,1,Returning_Visitor,0,0
0,0.0,0,0.0,11,194.5,0.036363636,0.045454545,0.0,0.0,Nov,2,10,3,1,Returning_Visitor,0,0
8,269.0,0,0.0,33,1109.883333,0.013888889,0.027742165,0.0,0.0,Mar,1,1,4,1,Returning_Visitor,0,0
3,922.75,0,0.0,56,4681.420833,0.007118644,0.022668819,0.0,0.0,Nov,2,2,1,13,Returning_Visitor,0,0
0,0.0,0,0.0,2,39.5,0.0,0.1,0.0,0.0,Dec,2,2,8,1,Returning_Visitor,0,0
3,82.95714286,0,0.0,28,951.4412698,0.013793103,0.025860732,0.0,0.0,Oct,3,2,1,2,Returning_Visitor,0,0
0,0.0,0,0.0,8,89.5,0.0,0.05,0.0,0.0,May,2,2,1,1,Returning_Visitor,0,0
3,22.0,0,0.0,10,53.83333333,0.025,0.0375,0.0,0.0,Dec,4,2,3,10,Returning_Visitor,1,0
3,90.51111111,0,0.0,24,669.9166667,0.0,0.002777778,0.0,0.0,May,2,2,4,3,New_Visitor,0,0
8,108.3844538,0,0.0,65,2008.900974,0.001449275,0.02037037,17.43149651,0.0,Dec,2,2,3,2,Returning_Visitor,0,0
0,0.0,0,0.0,4,271.4666667,0.0,0.021428571,0.0,0.0,Jul,3,2,1,6,Returning_Visitor,0,0
0,0.0,0,0.0,44,2588.5,0.019047619,0.041201814,0.0,0.8,May,3,2,1,4,Returning_Visitor,0,0
5,369.375,2,59.0,19,1328.5,0.027272727,0.031818182,14.78422174,0.0,Nov,3,2,1,13,Returning_Visitor,0,0
0,0.0,0,0.0,1,0.0,0.2,0.2,0.0,0.0,Jul,1,1,3,4,Returning_Visitor,1,0
2,20.2,0,0.0,16,357.4,0.0,0.011111111,0.0,0.0,Oct,2,2,2,2,New_Visitor,1,0
3,100.0,0,0.0,8,127.6666667,0.0,0.005,0.0,0.0,May,3,2,4,2,Returning_Visitor,0,0
3,24.0,0,0.0,35,529.2916667,0.0,0.021621622,0.0,0.0,Nov,2,2,1,1,Returning_Visitor,0,0
0,0.0,0,0.0,12,231.75,0.0,0.016666667,0.0,0.0,Nov,1,1,2,1,Returning_Visitor,0,0
4,97.5,0,0.0,5,454.5,0.0,0.00625,0.0,0.0,Dec,2,2,7,2,New_Visitor,0,0
2,32.2,1,0.0,20,342.6866667,0.0,0.009090909,0.0,0.0,Aug,2,2,1,4,New_Visitor,0,0
2,52.5,0,0.0,10,753.1,0.0,0.02,0.0,0.0,Nov,2,2,1,2,Returning_Visitor,0,0
1,197.4,0,0.0,83,1631.4,0.027380952,0.068650794,0.0,0.0,Oct,2,2,3,13,Returning_Visitor,0,0
3,76.25,0,0.0,16,301.6666667,0.014285714,0.031746032,0.0,0.0,Nov,1,1,4,8,Returning_Visitor,0,0
0,0.0,0,0.0,5,155.25,0.0,0.12,0.0,0.0,Nov,1,1,1,1,Returning_Visitor,0,0
0,0.0,0,0.0,8,210.4,0.0,0.05,0.0,0.0,Nov,1,1,3,8,New_Visitor,1,0
4,75.75,0,0.0,71,3534.298611,0.00890411,0.023832104,0.0,0.0,Nov,2,2,1,2,Returning_Visitor,0,0
0,0.0,0,0.0,3,125.0,0.05,0.075,0.0,0.8,May,2,2,1,4,Returning_Visitor,0,0
0,0.0,0,0.0,19,540.3333333,0.0,0.044736842,0.0,0.0,Nov,2,2,1,10,Returning_Visitor,1,0
14,243.1666667,0,0.0,34,671.6428571,0.0,0.016216216,0.0,0.0,Dec,4,5,3,1,Returning_Visitor,0,0
2,51.5,2,99.5,15,771.875,0.01,0.026666667,15.39534668,0.0,Dec,2,2,3,2,Returning_Visitor,0,0
8,131.3333333,1,4.0,95,2107.583333,0.0,0.004166667,0.0,0.0,May,2,2,4,4,Returning_Visitor,1,0
0,0.0,0,0.0,13,365.75,0.0,0.030769231,0.0,1.0,May,3,2,3,4,Returning_Visitor,1,0
0,0.0,0,0.0,9,1591.0,0.066666667,0.133333333,0.0,0.0,Dec,2,2,3,13,Returning_Visitor,0,0
0,0.0,0,0.0,7,182.0,0.028571429,0.071428571,0.0,0.0,Mar,3,2,1,13,Returning_Visitor,1,0
2,35.2,2,98.8,84,8365.602222,0.008914729,0.037209302,0.0,0.0,Sep,2,2,5,1,Returning_Visitor,0,0
0,0.0,0,0.0,1,0.0,0.0,0.2,0.0,0.0,Dec,3,2,4,1,Returning_Visitor,0,0
1,3.0,0,0.0,13,543.0,0.0,0.008333333,0.0,0.0,Dec,2,2,1,2,New_Visitor,0,0
1,8.0,0,0.0,14,269.5,0.0,0.019047619,0.0,0.0,Mar,2,2,3,1,Returning_Visitor,0,0
0,0.0,0,0.0,7,459.6666667,0.028571429,0.057142857,0.0,0.0,Nov,2,2,1,3,Returning_Visitor,0,0
0,0.0,0,0.0,1,0.0,0.2,0.2,0.0,0.0,Nov,2,4,1,3,Returning_Visitor,0,0
4,50.0,4,486.6666667,6,555.6666667,0.0,0.008333333,0.0,0.0,Dec,3,2,1,2,Returning_Visitor,0,0
0,0.0,0,0.0,4,1245.0,0.0,0.1,0.0,0.0,May,2,2,3,6,Returning_Visitor,0,0
0,0.0,0,0.0,45,2347.333333,0.004545455,0.015909091,0.0,0.0,Nov,2,4,1,1,Returning_Visitor,0,0
4,45.0,0,0.0,21,819.8333333,0.0,0.002898551,0.0,0.0,May,3,2,1,2,New_Visitor,0,0
5,125.1,2,34.6,25,887.75,0.013793103,0.023754789,0.0,0.0,Aug,2,2,1,1,Returning_Visitor,1,0
0,0.0,0,0.0,1,0.0,0.2,0.2,0.0,0.0,Nov,6,2,9,2,Returning_Visitor,0,0
0,0.0,0,0.0,82,3247.433333,0.002439024,0.012804878,0.0,0.0,Nov,2,2,1,2,Returning_Visitor,0,0
1,15.0,1,157.0,36,3010.532051,0.0,0.014619883,0.0,0.0,May,2,2,3,2,Returning_Visitor,1,0
0,0.0,0,0.0,21,192.9,0.059090909,0.104545455,0.0,0.0,Jul,2,2,1,3,Returning_Visitor,1,0
0,0.0,0,0.0,10,328.5,0.0,0.041666667,0.0,0.0,Nov,2,2,7,6,Returning_Visitor,0,0
2,165.2,0,0.0,36,983.425,0.0,0.010526316,0.0,0.0,Aug,2,4,8,6,New_Visitor,1,0
0,0.0,0,0.0,14,1277.741667,0.0,0.035714286,0.0,0.0,Nov,2,2,5,1,Returning_Visitor,0,0
0,0.0,4,147.5,45,1424.839744,0.012244898,0.031739553,0.0,0.0,Dec,1,1,3,2,Returning_Visitor,1,0
0,0.0,0,0.0,3,74.0,0.0,0.022222222,0.0,0.0,May,3,2,2,2,Returning_Visitor,1,0
4,33.0,0,0.0,19,502.4583333,0.0,0.011904762,0.0,0.0,Mar,2,2,1,1,Returning_Visitor,0,0
0,0.0,0,0.0,14,343.52,0.0,0.028571429,0.0,0.0,Jul,3,2,8,1,Returning_Visitor,1,0
0,0.0,1,0.0,9,215.0,0.044444444,0.074074074,0.0,0.8,Feb,4,1,1,3,Returning_Visitor,0,0
2,13.0,0,0.0,23,441.0,0.066666667,0.101449275,0.0,0.0,Nov,2,2,1,1,Returning_Visitor,0,0
5,346.25,0,0.0,3,1692.25,0.0,0.014285714,0.0,0.0,Dec,2,2,9,2,New_Visitor,0,0
2,15.2,0,0.0,22,244.2,0.027272727,0.063636364,0.0,0.0,Aug,2,2,7,1,Returning_Visitor,1,0
0,0.0,0,0.0,9,315.6,0.022222222,0.037037037,0.0,0.0,May,2,2,2,7,Returning_Visitor,0,0
3,602.0,0,0.0,64,1810.966667,0.003174603,0.012962963,0.0,0.0,May,3,2,1,6,Returning_Visitor,0,0
0,0.0,0,0.0,3,16.0,0.033333333,0.1,0.0,0.0,Mar,2,6,1,3,Returning_Visitor,0,0
0,0.0,0,0.0,7,111.6666667,0.0,0.014285714,0.0,0.0,Mar,2,4,1,2,Returning_Visitor,1,0
4,275.1,1,16.6,229,6984.611525,0.017126437,0.021755245,0.780905815,0.0,Aug,3,2,8,13,Returning_Visitor,0,0
0,0.0,0,0.0,14,317.0666667,0.035714286,0.05,0.0,0.0,Aug,1,1,9,3,Returning_Visitor,0,0
0,0.0,0,0.0,12,303.5,0.016666667,0.016666667,0.0,0.0,Dec,1,1,7,2,Returning_Visitor,1,0
0,0.0,2,248.5,121,4218.074847,0.009985097,0.026514442,0.624510388,0.0,Dec,2,2,1,2,Returning_Visitor,0,0
4,80.0,0,0.0,16,213.3666667,0.0375,0.054166667,0.0,0.0,May,3,2,1,4,Returning_Visitor,0,0
2,19.4,3,45.26666667,10,136.0666667,0.0,0.052857143,0.0,0.0,Sep,2,2,1,5,Returning_Visitor,0,0
0,0.0,0,0.0,7,1689.0,0.028571429,0.085714286,0.0,0.6,May,2,2,3,3,Returning_Visitor,0,0
0,0.0,0,0.0,28,403.8333333,0.017857143,0.029829932,0.0,0.0,Jul,1,1,6,4,Returning_Visitor,0,0
0,0.0,3,103.1666667,21,1586.333333,0.016666667,0.033333333,0.0,0.0,May,2,2,1,2,Returning_Visitor,0,0
0,0.0,0,0.0,8,166.1666667,0.0,0.025,0.0,0.0,May,2,2,3,4,Returning_Visitor,0,0
0,0.0,0,0.0,2,299.5,0.0,0.05,0.0,0.0,Nov,2,2,3,2,New_Visitor,0,0
6,82.14,0,0.0,12,191.1,0.0,0.0125,0.0,0.0,Nov,2,4,9,4,Returning_Visitor,0,0
0,0.0,0,0.0,20,950.3285714,0.072108844,0.086507937,0.0,1.0,May,2,2,4,1,Returning_Visitor,1,0
1,18.5,0,0.0,12,208.0,0.045454545,0.081818182,0.0,0.0,Mar,2,2,4,1,Returning_Visitor,0,0
0,0.0,0,0.0,29,1721.125,0.042528736,0.071264368,0.0,0.6,May,3,2,2,13,Returning_Visitor,0,0
1,98.0,0,0.0,39,2555.994444,0.005263158,0.005668016,0.0,0.0,Dec,2,2,1,2,Returning_Visitor,0,0
0,0.0,0,0.0,5,214.0,0.0,0.04,0.0,0.0,May,3,2,8,1,Returning_Visitor,0,0
13,498.9,0,0.0,221,3111.362121,0.0,0.006020558,5.268190163,0.0,Oct,2,5,4,2,Returning_Visitor,0,0
9,233.6224044,0,0.0,35,1941.066667,0.01255814,0.02917153,0.0,0.0,Aug,3,2,7,2,Returning_Visitor,0,0
3,5.0,0,0.0,16,246.3933333,0.044444444,0.075925926,0.0,0.0,Oct,3,2,1,4,Returning_Visitor,1,0
2,12.0,0,0.0,13,510.0,0.0,0.035714286,0.0,1.0,May,1,1,2,3,Returning_Visitor,1,0
1,27.33333333,0,0.0,3,20.0,0.028571429,0.085714286,0.0,0.0,Nov,1,1,4,8,Returning_Visitor,0,0
5,133.0,0,0.0,16,324.5,0.0,0.031481481,0.0,0.0,May,3,2,8,4,Returning_Visitor,0,0
0,0.0,0,0.0,64,3289.5,0.0,0.010416667,0.0,0.0,May,2,4,7,4,Returning_Visitor,1,0
0,0.0,0,0.0,5,517.5,0.025,0.1,0.0,0.0,May,1,1,2,4,Returning_Visitor,0,0
0,0.0,0,0.0,74,1146.469048,0.021621622,0.031306306,0.408238132,0.0,Nov,2,2,1,1,Returning_Visitor,0,0
6,142.9111111,0,0.0,13,264.3396825,0.0,0.034509804,0.0,0.0,Sep,1,1,3,5,Returning_Visitor,0,0
1,11.5,0,0.0,19,887.8,0.008823529,0.032679739,0.0,0.0,Nov,3,2,1,3,Returning_Visitor,0,0
0,0.0,0,0.0,8,758.1666667,0.025,0.05,0.0,0.0,Mar,1,1,1,1,Returning_Visitor,0,0
0,0.0,0,0.0,13,123.0,0.0,0.020833333,0.0,0.0,Mar,2,2,1,3,Returning_Visitor,0,0
0,0.0,0,0.0,7,61.5,0.028571429,0.085714286,0.0,0.0,Dec,2,4,3,1,Returning_Visitor,0,0
0,0.0,0,0.0,8,388.0,0.025,0.05625,0.0,0.0,Feb,3,2,1,4,Returning_Visitor,1,0
0,0.0,0,0.0,19,1056.658333,0.005882353,0.041176471,0.0,0.0,Dec,1,1,1,8,Returning_Visitor,0,0
0,0.0,0,0.0,8,134.0,0.0,0.025,0.0,0.0,May,2,2,1,2,Returning_Visitor,0,0
1,2.0,0,0.0,23,1016.160714,0.024347826,0.02402746,0.0,0.0,Nov,3,2,2,13,Returning_Visitor,0,0
2,15.6,0,0.0,10,68.0,0.018181818,0.045454545,0.0,0.2,May,2,2,2,3,Returning_Visitor,0,0
1,54.4,0,0.0,1,101.2727273,0.0,0.007042254,0.0,0.0,Sep,2,2,4,2,Returning_Visitor,0,0
0,0.0,0,0.0,51,6505.333333,0.036,0.050333333,0.0,0.0,Dec,2,2,6,1,Returning_Visitor,1,0
7,598.0,3,144.5,83,6860.632738,0.011512297,0.039305682,0.0,0.4,May,2,2,1,2,Returning_Visitor,0,0
7,280.2666667,0,0.0,11,329.6833333,0.0,0.023076923,0.0,0.0,Dec,2,2,7,2,Returning_Visitor,0,0
0,0.0,0,0.0,88,2765.444444,0.0,0.014772727,0.0,0.2,May,2,4,3,2,Returning_Visitor,0,0
3,264.0,0,0.0,20,769.9,0.018181818,0.027272727,0.0,0.0,Nov,2,10,7,1,Returning_Visitor,0,0
2,95.0,0,0.0,24,360.5416667,0.011538462,0.017948718,0.0,0.0,Dec,1,1,1,1,Returning_Visitor,0,0
7,135.9166667,0,0.0,43,1719.416667,0.004347826,0.026231884,4.242688406,0.0,May,1,1,3,3,Returning_Visitor,1,0
0,0.0,0,0.0,13,449.6,0.0,0.015384615,0.0,0.0,Mar,3,2,1,10,Returning_Visitor,0,0
7,143.28,0,0.0,27,787.2433333,0.005882353,0.044117647,0.0,0.0,Sep,1,2,3,1,Returning_Visitor,1,0
1,7.0,0,0.0,50,2330.727381,0.023809524,0.031399417,0.0,0.0,Nov,3,2,3,3,Returning_Visitor,0,0
2,22.0,3,41.5,67,3397.957955,0.0,0.015504136,0.0,0.0,Dec,2,2,2,2,Returning_Visitor,1,0
2,27.58333333,0,0.0,22,420.2,0.008695652,0.01516165,0.0,0.0,May,3,2,1,4,Returning_Visitor,0,0
2,76.6,0,0.0,38,3872.716667,0.0,0.002702703,0.0,0.0,Aug,2,2,3,2,New_Visitor,0,0
0,0.0,0,0.0,6,42.0,0.033333333,0.05,0.0,0.0,Nov,2,2,9,3,Returning_Visitor,0,0
0,0.0,0,0.0,6,47.25,0.0,0.033333333,0.0,0.0,Dec,2,5,1,1,Returning_Visitor,0,0
0,0.0,0,0.0,6,93.5,0.016666667,0.066666667,0.0,0.0,Dec,1,1,3,1,Returning_Visitor,1,0
4,298.0,1,0.0,14,625.0,0.0,0.0125,0.0,0.0,May,1,1,6,2,New_Visitor,0,0
8,1013.171429,4,353.9666667,90,4984.371429,0.042666667,0.066033333,1.464010432,0.0,Aug,2,2,3,13,Returning_Visitor,1,0
4,73.5,0,0.0,59,4679.029167,0.009617486,0.032389468,0.0,0.0,Dec,2,2,1,13,Returning_Visitor,0,0
3,31.0,0,0.0,58,1400.438961,0.0,0.005951036,0.0,0.0,Mar,2,2,1,1,Returning_Visitor,0,0
0,0.0,0,0.0,11,315.6,0.0,0.018181818,0.0,0.0,Mar,1,1,6,3,Returning_Visitor,1,0
0,0.0,0,0.0,14,1025.0,0.042857143,0.066666667,0.0,0.0,May,4,2,1,13,Returning_Visitor,0,0
0,0.0,0,0.0,20,600.3966667,0.023333333,0.04,0.0,0.0,Aug,3,2,2,13,Returning_Visitor,1,0
0,0.0,0,0.0,8,228.0,0.0,0.028571429,0.0,0.0,Mar,4,1,3,2,Returning_Visitor,0,0
5,341.4,0,0.0,20,645.7095238,0.010526316,0.015789474,0.0,0.6,May,1,1,1,3,Returning_Visitor,0,0
0,0.0,0,0.0,4,107.0,0.0,0.05,0.0,0.6,May,3,2,3,13,Returning_Visitor,0,0
12,263.46,7,145.0,71,1683.744444,0.004878049,0.016666667,42.14163315,0.0,Oct,2,10,1,4,Returning_Visitor,0,0
0,0.0,0,0.0,6,114.0,0.0,0.033333333,0.0,0.0,May,2,2,3,1,Returning_Visitor,1,0
0,0.0,0,0.0,4,16.0,0.1,0.15,0.0,0.0,Feb,2,5,5,1,Returning_Visitor,0,0
7,107.75,1,1021.6,33,1454.75,0.004761905,0.00968254,40.18975207,0.0,Oct,3,2,1,4,Returning_Visitor,1,0
0,0.0,0,0.0,17,526.8333333,0.0,0.055882353,0.0,0.0,May,2,2,2,4,Returning_Visitor,1,0
10,259.1666667,0,0.0,46,1535.242063,0.021938776,0.031768707,9.001857143,0.4,May,1,1,3,4,Returning_Visitor,0,0
4,160.5833333,1,136.75,21,1632.733333,0.0,0.004545455,16.53909091,0.0,May,2,2,4,2,New_Visitor,1,0
4,139.0,1,146.0,26,1740.45,0.016666667,0.03,0.0,0.0,May,1,1,6,2,Returning_Visitor,1,0
5,59.9,2,8.0,84,2359.522438,0.016666667,0.028709742,3.478135617,0.0,June,1,1,4,3,Returning_Visitor,0,0
3,30.0,1,0.0,3,14.0,0.0,0.028571429,0.0,0.0,Nov,2,4,4,2,Returning_Visitor,0,0
0,0.0,0,0.0,7,58.5,0.0,0.057142857,0.0,0.0,Nov,2,6,9,2,Returning_Visitor,0,0
0,0.0,0,0.0,36,756.0416667,0.005555556,0.008950617,0.0,0.0,Nov,2,5,1,10,Returning_Visitor,0,0
3,168.0,0,0.0,7,296.1666667,0.0,0.011111111,0.0,0.0,Mar,2,2,3,2,New_Visitor,0,0
1,41.4,0,0.0,30,684.6,0.019354839,0.041935484,0.0,0.0,Aug,2,2,5,1,Returning_Visitor,0,0
0,0.0,0,0.0,3,1.0,0.133333333,0.133333333,0.0,0.0,May,2,2,1,6,Returning_Visitor,0,0
0,0.0,0,0.0,15,528.0,0.026666667,0.055555556,0.0,0.0,May,2,2,4,3,Returning_Visitor,0,0
0,0.0,0,0.0,5,26.5,0.04,0.12,0.0,0.0,Mar,1,1,3,1,Returning_Visitor,0,0
7,440.5833333,0,0.0,48,1777.702381,0.0,0.021538462,14.74449646,0.0,Dec,2,2,1,2,Returning_Visitor,0,0
0,0.0,0,0.0,13,151.0,0.007692308,0.023076923,0.0,1.0,May,1,1,1,1,Returning_Visitor,1,0
4,88.625,3,170.5833333,5,124.9583333,0.0,0.005555556,0.0,0.0,Nov,2,4,7,2,New_Visitor,0,0
4,33.0,0,0.0,35,702.9166667,0.0,0.005428571,0.0,0.0,Dec,4,1,1,2,New_Visitor,0,0
8,321.6,0,0.0,30,1151.2,0.0,0.012903226,0.0,0.0,May,2,2,2,13,Returning_Visitor,0,0
1,57.0,3,144.0,15,280.0833333,0.010526316,0.021052632,0.0,0.0,May,3,2,6,4,Returning_Visitor,1,0
3,1715.0,0,0.0,20,536.6166667,0.0,0.002898551,0.0,0.0,Nov,1,1,1,8,New_Visitor,0,0
5,146.0,0,0.0,8,489.0,0.0,0.015384615,0.0,0.0,Mar,2,2,8,3,Returning_Visitor,0,0
5,53.0,0,0.0,38,2246.166667,0.016923077,0.013931624,0.0,0.2,May,1,1,3,3,Returning_Visitor,0,0
6,79.25,0,0.0,13,150.1666667,0.0,0.012631579,0.0,0.0,Dec,1,1,1,3,New_Visitor,0,0
0,0.0,0,0.0,12,425.1666667,0.0,0.016666667,0.0,0.0,Mar,1,1,6,10,Returning_Visitor,0,0
2,42.0,0,0.0,17,275.702381,0.04,0.06,0.0,0.6,May,3,2,8,2,Returning_Visitor,0,0
6,63.68333333,0,0.0,8,129.7611111,0.017857143,0.068923933,0.0,0.0,June,3,2,3,3,Returning_Visitor,0,0
9,208.2666667,0,0.0,19,543.775,0.0,0.002380952,0.0,0.0,May,3,2,3,11,New_Visitor,1,0
0,0.0,0,0.0,7,611.0833333,0.0,0.016666667,0.0,0.0,Dec,3,2,6,8,New_Visitor,0,0
6,91.88888889,0,0.0,25,437.2222222,0.028571429,0.035,0.0,0.0,Mar,3,2,1,1,Returning_Visitor,1,0
2,54.0,0,0.0,11,220.9666667,0.020512821,0.029487179,0.0,0.0,May,1,1,4,6,Returning_Visitor,0,0
7,200.5,0,0.0,66,2656.183333,0.000925926,0.009652076,2.208494444,0.0,May,2,2,1,1,Returning_Visitor,0,0
2,37.0,0,0.0,8,603.0,0.014285714,0.033333333,0.0,0.0,May,2,2,6,4,Returning_Visitor,0,0
7,54.63636364,1,75.0,67,1336.554221,0.0,0.027327327,4.148878378,0.0,May,2,2,7,4,Returning_Visitor,0,0
14,181.0733333,3,58.4,18,450.5066667,0.0,0.011111111,0.0,0.0,Oct,2,2,1,3,Returning_Visitor,1,0
1,0.0,0,0.0,17,1314.25,0.045833333,0.1,0.0,0.0,Mar,2,2,7,1,Returning_Visitor,0,0
1,56.0,0,0.0,17,831.3888889,0.033333333,0.059259259,0.0,0.0,May,3,2,4,3,Returning_Visitor,0,0
1,30.7,0,0.0,33,1148.333333,0.0,0.020833333,0.0,0.0,Aug,2,5,6,1,Returning_Visitor,0,0
2,102.0,0,0.0,16,502.8333333,0.0,0.004444444,0.0,0.0,Mar,3,2,4,2,Returning_Visitor,1,0
1,19.0,0,0.0,22,525.2666667,0.0,0.007709751,0.0,0.0,Mar,3,2,7,1,Returning_Visitor,0,0
3,58.06666667,0,0.0,5,86.0,0.0,0.0125,0.0,0.0,Mar,3,2,2,3,New_Visitor,0,0
4,158.3333333,1,9.0,9,634.2,0.005555556,0.008095238,0.0,0.0,Mar,3,2,1,1,Returning_Visitor,1,0
0,0.0,0,0.0,2,171.0,0.0,0.1,0.0,0.0,Nov,3,2,1,13,Returning_Visitor,1,0
0,0.0,0,0.0,3,69.0,0.0,0.066666667,0.0,1.0,May,3,2,1,20,Returning_Visitor,1,0
0,0.0,0,0.0,3,50.2,0.0,0.066666667,0.0,0.0,Sep,2,2,1,13,Returning_Visitor,0,0
0,0.0,0,0.0,8,221.5,0.0,0.00625,0.0,0.0,Dec,1,1,1,2,New_Visitor,0,0
8,171.75,0,0.0,32,486.6666667,0.0,0.005555556,0.0,0.0,Dec,4,2,1,2,New_Visitor,0,0
0,0.0,0,0.0,2,15.0,0.0,0.1,0.0,0.8,Feb,2,4,1,3,Returning_Visitor,0,0
0,0.0,1,110.0,20,402.3333333,0.028571429,0.052154195,0.0,0.6,May,2,2,3,13,Returning_Visitor,0,0
13,228.9166667,1,10.0,64,817.0163767,0.0,0.013814416,2.995465753,0.0,May,2,5,3,4,New_Visitor,1,0
5,156.2690476,4,90.0,35,776.0190476,0.0,0.005714286,0.0,0.0,Mar,3,2,4,2,Returning_Visitor,0,0
3,37.75,1,10.0,24,274.5,0.0,0.006666667,0.0,0.0,Dec,2,2,1,2,New_Visitor,0,0
0,0.0,0,0.0,4,185.0,0.05,0.1,0.0,0.0,Nov,2,2,1,20,Returning_Visitor,0,0
3,79.0,0,0.0,38,1272.916667,0.004878049,0.020139373,9.401136585,0.0,Mar,2,4,2,2,Returning_Visitor,0,0
1,68.6,1,29.2,97,4318.668082,0.002520046,0.013784185,0.0,0.0,Jul,2,4,2,2,Returning_Visitor,1,0
0,0.0,0,0.0,1,0.0,0.2,0.2,0.0,0.0,Dec,3,2,4,11,Returning_Visitor,1,0
1,49.0,0,0.0,112,2237.603885,0.003933137,0.019128308,0.0,0.0,Dec,1,1,4,2,Returning_Visitor,0,0
2,64.75,0,0.0,44,1157.97619,0.0,0.013953488,0.0,0.0,Nov,2,2,1,10,Returning_Visitor,0,0
0,0.0,0,0.0,13,178.8333333,0.0,0.038461538,0.0,0.6,May,2,2,1,2,Returning_Visitor,0,0
0,0.0,0,0.0,1,0.0,0.2,0.2,0.0,0.0,Nov,3,2,7,13,Returning_Visitor,0,0
0,0.0,0,0.0,53,2121.311111,0.020754717,0.060754717,0.0,0.0,June,2,2,1,1,Returning_Visitor,0,0
0,0.0,0,0.0,47,1153.54,0.003140097,0.039979296,0.0,0.0,Jul,1,1,6,2,Returning_Visitor,0,0
0,0.0,0,0.0,12,547.3333333,0.0,0.033333333,0.0,0.0,Mar,2,2,1,3,Returning_Visitor,0,0
3,29.0,0,0.0,2,11.0,0.075,0.075,0.0,0.0,Dec,1,1,4,8,Returning_Visitor,0,0
3,36.0,1,395.0,12,343.5833333,0.0,0.014285714,0.0,0.0,Mar,2,2,1,2,New_Visitor,0,0
1,14.0,0,0.0,21,334.7857143,0.0,0.023333333,0.0,0.0,Mar,2,2,1,1,Returning_Visitor,0,0
3,15.0,0,0.0,12,1138.25,0.030769231,0.048717949,0.0,0.0,Dec,1,1,1,3,Returning_Visitor,0,0
4,43.5,0,0.0,39,930.3,0.001190476,0.010997732,0.0,0.0,Mar,4,5,1,3,Returning_Visitor,1,0
0,0.0,0,0.0,3,62.0,0.0,0.066666667,0.0,0.8,May,3,2,8,2,Returning_Visitor,0,0
0,0.0,0,0.0,1,0.0,0.2,0.2,0.0,0.0,Nov,2,2,1,1,Returning_Visitor,0,0
0,0.0,0,0.0,7,116.5,0.028571429,0.057142857,0.0,0.0,May,1,1,3,3,Returning_Visitor,1,0
0,0.0,0,0.0,14,684.75,0.0,0.014285714,0.0,0.0,Nov,2,2,9,2,Returning_Visitor,0,0
3,49.5,0,0.0,22,458.25,0.02,0.056666667,0.0,0.0,Nov,1,1,1,3,Returning_Visitor,0,0
3,41.2,0,0.0,7,942.8,0.0,0.03,0.0,0.0,Aug,1,1,4,5,New_Visitor,0,0
0,0.0,0,0.0,1,1.0,0.0,0.1,0.0,0.0,Mar,2,2,2,1,Returning_Visitor,0,0
3,56.8,1,3.0,73,1677.666667,0.010666667,0.040444444,0.0,0.0,June,2,2,7,1,Returning_Visitor,0,0
0,0.0,0,0.0,1,0.0,0.2,0.2,0.0,0.0,Dec,3,2,2,10,Other,0,0
2,139.0,0,0.0,5,274.7,0.0,0.014285714,0.0,0.0,Jul,1,1,5,2,New_Visitor,0,0
0,0.0,0,0.0,19,347.0,0.0,0.010526316,0.0,0.0,Dec,2,2,2,1,Returning_Visitor,0,0
0,0.0,0,0.0,11,499.0,0.0,0.018181818,0.0,0.0,Dec,4,1,1,2,Returning_Visitor,0,0
0,0.0,0,0.0,1,0.0,0.2,0.2,0.0,0.0,Nov,2,2,1,1,Returning_Visitor,0,0
6,162.7,6,205.0,52,2983.358135,0.010112994,0.017261259,17.4767153,0.0,Nov,3,2,4,2,Returning_Visitor,0,0
0,0.0,0,0.0,2,404.0,0.0,0.1,0.0,0.0,May,2,2,6,13,Returning_Visitor,0,0
1,5.0,2,134.0,101,5459.967105,0.038654646,0.064680923,0.0,0.2,May,1,1,1,6,Returning_Visitor,0,0
0,0.0,0,0.0,5,25.0,0.12,0.16,0.0,0.6,May,3,2,1,3,Returning_Visitor,0,0
5,154.2,0,0.0,12,269.5357143,0.004444444,0.006111111,0.0,0.0,Aug,3,2,1,4,Returning_Visitor,0,0
0,0.0,0,0.0,2,187.0,0.1,0.15,0.0,0.0,Mar,3,2,1,3,Returning_Visitor,0,0
0,0.0,0,0.0,23,255.6388889,0.0,0.005454545,0.0,0.0,May,3,2,4,2,Returning_Visitor,0,0
4,155.0,0,0.0,31,2130.693837,0.025,0.032482778,0.0,0.0,Nov,3,2,8,3,Returning_Visitor,0,0
7,48.5,0,0.0,9,116.6666667,0.0,0.006666667,0.0,0.4,May,2,2,1,1,Returning_Visitor,0,0
4,118.0,3,67.0,44,1489.144444,0.004081633,0.014693878,0.0,0.0,Mar,3,2,6,1,Returning_Visitor,1,0
8,171.75,2,16.0,49,1494.083333,0.001257862,0.028773585,0.0,0.0,Nov,2,2,1,1,Returning_Visitor,0,0
0,0.0,0,0.0,2,0.0,0.2,0.2,0.0,0.0,May,2,2,4,6,Returning_Visitor,1,0
0,0.0,0,0.0,32,1028.566667,0.0125,0.015625,0.0,0.0,Aug,1,1,6,3,Returning_Visitor,1,0
2,24.0,0,0.0,16,445.3333333,0.004444444,0.022222222,0.0,0.0,Jul,2,2,9,2,Returning_Visitor,0,0
3,11.66666667,0,0.0,39,557.2452381,0.028947368,0.052076023,0.0,0.6,May,3,2,3,13,Returning_Visitor,0,0
2,25.0,0,0.0,36,1445.6,0.005714286,0.036190476,0.0,1.0,May,3,3,3,2,Returning_Visitor,1,0
6,228.0,5,89.33333333,18,513.4666667,0.0,0.003461538,0.0,0.0,Mar,1,1,3,3,New_Visitor,0,0
10,298.581761,0,0.0,210,8115.845852,0.008398675,0.030193184,0.0,0.0,Nov,2,2,1,2,Returning_Visitor,0,0
4,197.0,1,25.0,46,1596.672282,0.0,0.008,19.92584938,0.0,Mar,4,2,2,2,New_Visitor,1,0
0,0.0,0,0.0,6,168.0,0.0,0.011111111,0.0,0.0,Nov,1,1,1,2,New_Visitor,1,0
0,0.0,0,0.0,6,69.25,0.0,0.044444444,0.0,0.0,Mar,2,2,4,3,Returning_Visitor,0,0
0,0.0,0,0.0,11,1855.6,0.027272727,0.054545455,0.0,0.0,Sep,2,2,1,1,Returning_Visitor,0,0
2,5.0,0,0.0,3,32.0,0.0,0.066666667,0.0,1.0,May,2,2,2,5,Returning_Visitor,1,0
1,28.5,1,0.0,315,11232.65691,0.003164557,0.019252583,0.0,0.0,Nov,2,2,1,2,Returning_Visitor,0,0
9,341.0,0,0.0,37,1538.950794,0.005128205,0.014848485,0.0,0.0,Dec,2,2,3,1,Returning_Visitor,0,0
1,34.5,0,0.0,40,1473.658333,0.0,0.031153846,0.0,0.0,Nov,1,1,8,10,Returning_Visitor,1,0
0,0.0,0,0.0,8,152.0,0.0375,0.070833333,0.0,0.6,May,3,2,1,2,Returning_Visitor,0,0
0,0.0,0,0.0,3,58.0,0.0,0.066666667,0.0,0.0,Mar,1,8,4,11,Returning_Visitor,0,0
4,122.5,0,0.0,66,1706.712281,0.0,0.00957265,0.0,0.0,May,2,2,1,4,Returning_Visitor,0,0
0,0.0,0,0.0,6,75.0,0.0,0.016666667,0.0,0.0,Mar,1,1,1,2,Returning_Visitor,0,0
0,0.0,0,0.0,20,219.3333333,0.0,0.011666667,0.0,0.0,Mar,1,8,7,2,Returning_Visitor,0,0
4,48.83243423,4,165.6666667,22,365.774339,0.004365079,0.015583028,0.0,0.0,Aug,3,2,1,4,Returning_Visitor,0,0
8,52.85,2,33.5,71,1714.778571,0.018333333,0.035661897,0.0,0.0,Nov,2,2,1,1,Returning_Visitor,0,0
0,0.0,0,0.0,1,0.0,0.2,0.2,0.0,0.0,Feb,1,1,3,4,Returning_Visitor,1,0
12,184.4173601,1,13.0,159,6137.14491,0.011276738,0.031489963,18.23386055,0.0,June,2,4,3,2,Returning_Visitor,0,0
0,0.0,0,0.0,24,324.0,0.104166667,0.131944444,0.0,0.6,May,3,2,6,13,Returning_Visitor,0,0
14,337.58,0,0.0,29,443.5,0.0,0.027027027,0.0,0.0,Oct,2,2,1,3,Returning_Visitor,0,0
0,0.0,0,0.0,1,0.0,0.2,0.2,0.0,0.0,Mar,3,2,3,9,Returning_Visitor,1,0
0,0.0,0,0.0,19,621.7266667,0.010526316,0.024035088,0.0,0.0,Jul,1,1,1,2,Returning_Visitor,0,0
7,140.9,1,18.2,20,318.7666667,0.0,0.009876543,0.0,0.0,Oct,2,2,3,2,New_Visitor,0,0
0,0.0,0,0.0,1,0.0,0.2,0.2,0.0,0.0,Jul,2,2,4,13,Returning_Visitor,0,0
4,137.0,2,5.0,186,8425.870475,0.003403141,0.015721509,0.0,0.0,Nov,2,2,1,2,Returning_Visitor,1,0
0,0.0,0,0.0,9,436.0,0.0,0.022222222,0.0,0.0,Nov,2,2,3,2,Returning_Visitor,0,0
0,0.0,0,0.0,26,587.9,0.023076923,0.037179487,0.0,0.0,June,3,2,5,13,Returning_Visitor,0,0
4,71.5,0,0.0,42,758.75,0.004444444,0.015555556,0.0,0.0,Mar,2,5,2,2,Returning_Visitor,0,0
3,51.0,0,0.0,14,527.375,0.015555556,0.033862434,0.0,0.0,Mar,7,1,6,1,Returning_Visitor,1,0
10,200.5833333,1,86.0,65,1476.5,0.040096618,0.059661836,1.680318841,0.8,May,2,6,5,1,Returning_Visitor,0,0
15,1629.333333,3,214.5,112,4509.823016,0.004166667,0.019960276,0.0,0.0,May,4,1,3,3,Returning_Visitor,0,0
0,0.0,0,0.0,2,29.5,0.0,0.1,0.0,0.0,Nov,1,1,3,2,Returning_Visitor,0,0
2,166.0,2,55.0,10,1968.25,0.014285714,0.021428571,0.0,0.0,May,1,1,1,6,New_Visitor,1,0
0,0.0,0,0.0,2,0.0,0.2,0.2,0.0,0.0,Mar,3,2,1,10,Returning_Visitor,0,0
0,0.0,0,0.0,9,181.3333333,0.02962963,0.055026455,0.0,0.0,Mar,2,2,1,1,Returning_Visitor,0,0
6,283.0166667,1,235.75,21,1338.933333,0.0,0.008695652,0.0,0.0,Dec,2,2,7,1,Returning_Visitor,0,0
0,0.0,0,0.0,1,0.0,0.2,0.2,0.0,0.0,May,1,1,3,3,New_Visitor,0,0
0,0.0,0,0.0,28,1252.75,0.010714286,0.042857143,0.0,0.0,Nov,2,2,1,13,Returning_Visitor,0,0
2,67.75,0,0.0,11,417.9892857,0.016666667,0.043148148,0.0,0.0,Nov,3,2,1,2,Returning_Visitor,0,0
5,54.0,0,0.0,16,487.6666667,0.0,0.026315789,0.0,0.0,May,1,1,2,3,Returning_Visitor,0,0
2,39.4,0,0.0,62,2021.747727,0.003076923,0.015641026,0.0,0.0,Oct,2,2,1,4,Returning_Visitor,0,0
9,158.3555639,3,177.8,96,4162.538005,0.012378641,0.025287479,3.582981195,0.0,Sep,3,2,5,13,Returning_Visitor,0,0
0,0.0,0,0.0,4,121.5,0.0,0.05,0.0,0.0,Nov,1,1,4,8,Returning_Visitor,0,0
3,86.75,0,0.0,16,1102.5,0.0,0.014285714,0.0,0.0,Dec,1,1,2,2,Returning_Visitor,0,0
3,107.0,0,0.0,45,2502.966667,0.0,0.008510638,9.702113281,0.0,Mar,2,4,1,2,New_Visitor,1,0
0,0.0,1,14.0,104,7181.877778,0.008843537,0.023737786,0.0,0.0,Nov,2,2,1,2,Returning_Visitor,0,0
0,0.0,0,0.0,24,1286.5,0.0,0.015277778,0.0,0.0,Nov,2,2,9,8,Returning_Visitor,0,0
2,52.0,0,0.0,17,221.2,0.0,0.001754386,0.0,0.0,Mar,2,2,4,2,New_Visitor,0,0
2,154.6,2,69.6,20,479.1,0.0,0.009375,0.0,0.0,Sep,3,2,2,1,New_Visitor,0,0
6,202.4,1,0.0,22,2006.046667,0.007142857,0.032738095,8.052231522,0.0,Nov,6,5,4,2,Returning_Visitor,0,0
0,0.0,1,14.0,19,1666.75,0.0,0.021052632,0.0,0.0,Nov,8,13,9,20,Other,0,0
0,0.0,8,707.5,51,3981.892484,0.003389831,0.015404896,0.0,0.4,May,2,2,8,3,Returning_Visitor,0,0
0,0.0,0,0.0,32,2371.122222,0.0,0.012903226,0.0,0.0,Nov,2,2,1,2,Returning_Visitor,0,0
7,58.41666667,0,0.0,22,1043.583333,0.014285714,0.048809524,0.0,0.0,Nov,2,2,3,2,New_Visitor,0,0
0,0.0,0,0.0,7,289.5,0.0,0.014285714,0.0,0.0,Mar,1,1,1,1,Returning_Visitor,1,0
3,37.5,0,0.0,46,1804.9,0.017730496,0.039361702,0.0,0.0,May,2,2,3,6,Returning_Visitor,0,0
0,0.0,0,0.0,1,0.0,0.2,0.2,0.0,0.4,May,2,2,1,3,Returning_Visitor,0,0
8,224.0,0,0.0,16,315.25,0.0,0.011111111,0.0,0.0,May,3,2,1,5,New_Visitor,0,0
0,0.0,0,0.0,3,24.0,0.0,0.066666667,0.0,0.0,Sep,2,2,3,3,Returning_Visitor,0,0
0,0.0,2,39.4,6,169.9666667,0.0,0.00625,0.0,0.0,Jul,2,2,3,2,Returning_Visitor,1,0
0,0.0,0,0.0,3,36.0,0.0,0.033333333,0.0,0.0,Mar,2,2,1,2,Returning_Visitor,0,0
0,0.0,0,0.0,10,236.0,0.0,0.026666667,0.0,0.0,Mar,2,2,1,1,Returning_Visitor,0,0
1,5.5,0,0.0,22,339.25,0.0,0.026984127,0.0,0.0,Mar,2,2,2,3,Returning_Visitor,0,0
2,112.8,0,0.0,11,375.8,0.0,0.015384615,0.0,0.0,Sep,2,2,9,5,New_Visitor,1,0
7,1474.5,2,11.5,129,5293.824709,0.005072464,0.020659075,2.524993961,0.2,May,2,2,3,1,Returning_Visitor,0,0
1,30.0,0,0.0,21,204.1666667,0.028571429,0.048412698,0.0,0.0,May,3,2,8,4,Returning_Visitor,1,0
0,0.0,0,0.0,4,60.5,0.1,0.15,0.0,0.0,Nov,1,1,1,1,Returning_Visitor,0,0
9,299.45,2,48.3,54,2802.367821,0.009289968,0.025442703,16.96885494,0.0,Aug,3,2,7,1,Returning_Visitor,0,0
6,360.9166667,4,114.2,17,806.65,0.01,0.015,0.0,0.0,June,2,10,3,5,New_Visitor,1,0
2,95.0,0,0.0,20,1031.083333,0.0,0.021052632,68.20038032,0.0,Dec,2,2,1,10,Returning_Visitor,0,0
4,60.4,0,0.0,11,572.6,0.0,0.013333333,0.0,0.0,Oct,2,2,7,4,Returning_Visitor,1,0
0,0.0,0,0.0,6,48.33333333,0.011111111,0.075,0.0,0.0,May,2,2,3,6,Returning_Visitor,0,0
1,57.5,0,0.0,22,353.1527778,0.0,0.009090909,0.0,0.0,Nov,1,2,1,2,New_Visitor,0,0
0,0.0,0,0.0,7,63.0,0.028571429,0.057142857,0.0,0.6,May,2,2,4,13,New_Visitor,0,0
4,793.5,0,0.0,61,2440.473611,0.00625,0.014867424,12.58179402,0.0,Nov,3,2,9,2,Returning_Visitor,1,0
1,11.0,0,0.0,51,1059.253472,0.010588235,0.022643039,0.0,0.0,Mar,3,2,6,3,Returning_Visitor,0,0
0,0.0,0,0.0,26,1035.821429,0.003846154,0.034935897,0.0,0.0,May,2,7,1,2,Returning_Visitor,0,0
3,67.0,0,0.0,7,274.25,0.0125,0.035,0.0,0.0,May,3,2,1,1,Returning_Visitor,0,0
1,32.7,0,0.0,27,687.1966667,0.0,0.019393939,0.0,0.0,Nov,3,2,1,1,Returning_Visitor,0,0
0,0.0,0,0.0,6,12.0,0.033333333,0.133333333,0.0,0.0,Dec,2,2,1,3,Returning_Visitor,0,0
3,50.06666667,0,0.0,159,2184.484938,0.001851852,0.005588342,0.0,0.0,Oct,2,2,4,4,Returning_Visitor,1,0
5,91.5,0,0.0,14,187.9166667,0.0,0.02745098,0.0,0.0,Dec,1,1,3,3,Returning_Visitor,0,0
7,149.9166667,0,0.0,31,1539.791667,0.0,0.011728395,19.1105,0.0,May,2,2,4,2,Returning_Visitor,0,0
12,381.5,1,22.2,154,7835.874629,0.012549679,0.022587818,0.0,0.0,Aug,3,2,1,2,Returning_Visitor,1,0
0,0.0,0,0.0,13,261.8,0.015384615,0.084615385,0.0,0.0,Sep,1,1,1,3,Returning_Visitor,0,0
2,256.0,0,0.0,14,574.5,0.0,0.014285714,0.0,0.0,May,3,3,8,11,New_Visitor,0,0
2,45.0,0,0.0,8,71.0,0.022222222,0.044444444,0.0,0.0,May,2,2,1,13,Returning_Visitor,0,0
0,0.0,0,0.0,5,384.0,0.0,0.05,0.0,0.0,May,2,4,4,2,Returning_Visitor,0,0
0,0.0,0,0.0,1,0.0,0.2,0.2,0.0,0.0,Nov,3,2,1,3,Returning_Visitor,0,0
6,102.5,1,10.0,23,237.25,0.0,0.005185185,0.0,0.0,May,2,2,1,4,Returning_Visitor,0,0
8,359.0,2,954.0,14,336.5,0.0,0.005555556,0.0,0.0,Mar,3,2,7,9,Returning_Visitor,1,0
1,284.0,0,0.0,18,2014.416667,0.0025,0.034166667,9.964444223,0.0,Nov,1,1,3,2,Returning_Visitor,1,0
0,0.0,0,0.0,15,313.25,0.013333333,0.033333333,0.0,0.0,Nov,2,2,3,10,Returning_Visitor,0,0
6,200.3333333,0,0.0,9,154.0,0.0,0.030769231,0.0,0.0,May,1,1,1,1,Returning_Visitor,0,0
2,95.3,0,0.0,14,262.587619,0.0125,0.004910714,0.0,0.0,Nov,1,1,4,2,New_Visitor,0,0
0,0.0,2,53.0,12,318.5333333,0.0,0.014285714,0.0,0.0,Jul,1,1,2,4,New_Visitor,0,0
2,79.5,2,241.0,4,43.5,0.05,0.0625,0.0,0.6,May,1,1,8,2,Returning_Visitor,0,0
6,77.0,3,447.0,34,1469.702381,0.0,0.02398374,22.80152439,0.0,Mar,2,2,1,2,Returning_Visitor,0,0
0,0.0,0,0.0,2,30.0,0.0,0.1,0.0,0.0,Mar,3,2,4,1,Returning_Visitor,0,0
0,0.0,0,0.0,30,1791.7,0.013333333,0.031111111,0.0,0.0,Mar,2,4,1,3,Returning_Visitor,0,0
2,10.0,1,69.0,62,1279.333333,0.000645161,0.016052227,0.0,0.8,May,2,5,1,3,Returning_Visitor,0,0
3,285.2,0,0.0,23,619.48,0.007692308,0.034615385,8.342755887,0.0,Jul,2,4,2,4,Returning_Visitor,0,0
0,0.0,0,0.0,9,329.0,0.022222222,0.044444444,0.0,0.0,Mar,2,2,3,1,Returning_Visitor,0,0
4,118.8,0,0.0,11,805.5,0.0,0.033333333,0.0,0.0,Oct,1,1,9,3,Returning_Visitor,0,0
0,0.0,0,0.0,31,2285.2,0.006451613,0.04516129,0.0,0.0,Nov,2,2,9,1,Returning_Visitor,0,0
0,0.0,0,0.0,6,4.0,0.142857143,0.157142857,0.0,0.6,May,3,2,1,13,Returning_Visitor,0,0
0,0.0,0,0.0,13,208.8333333,0.030769231,0.088461538,0.0,0.4,May,2,2,6,4,Returning_Visitor,0,0
1,23.0,0,0.0,27,1058.893939,0.0,0.010493827,1.865777778,0.0,Mar,2,2,3,13,Returning_Visitor,0,0
0,0.0,0,0.0,1,0.0,0.2,0.2,0.0,0.0,Jul,3,2,1,4,Returning_Visitor,0,0
0,0.0,0,0.0,1,0.0,0.2,0.2,0.0,0.0,Jul,1,1,1,1,Returning_Visitor,0,0
0,0.0,0,0.0,2,0.0,0.2,0.2,0.0,0.2,May,1,1,1,3,Returning_Visitor,0,0
9,335.1666667,5,219.0,107,6235.06603,0.005309735,0.016223404,0.0,0.0,Nov,1,1,1,2,Returning_Visitor,0,0
0,0.0,0,0.0,6,954.5,0.0,0.066666667,0.0,0.4,May,2,2,3,4,Returning_Visitor,0,0
0,0.0,0,0.0,18,1360.5,0.016666667,0.040740741,0.0,0.6,May,2,2,6,3,Returning_Visitor,0,0
0,0.0,0,0.0,5,43.5,0.14,0.18,0.0,0.0,Nov,3,3,1,3,Returning_Visitor,0,0
7,356.675,0,0.0,72,1636.258333,0.005333333,0.007733333,0.0,0.0,Oct,2,2,4,4,Returning_Visitor,0,0
6,573.5,1,0.0,33,1946.942857,0.005882353,0.020602653,0.0,0.0,Mar,3,2,3,2,Returning_Visitor,0,0
4,105.2666667,0,0.0,35,655.6847619,0.0,0.005128205,0.0,0.0,Nov,2,10,7,2,New_Visitor,1,0
0,0.0,0,0.0,1,0.0,0.2,0.2,0.0,0.0,Nov,3,2,1,13,Returning_Visitor,0,0
0,0.0,0,0.0,8,721.4166667,0.0,0.00952381,0.0,0.0,Nov,2,5,3,8,New_Visitor,1,0
1,0.0,0,0.0,1,0.0,0.2,0.2,0.0,0.0,Dec,1,1,1,10,Returning_Visitor,0,0
0,0.0,0,0.0,10,148.5,0.09,0.096666667,0.0,0.4,May,1,1,1,2,Returning_Visitor,0,0
0,0.0,0,0.0,5,135.75,0.04,0.053333333,0.0,0.0,Dec,2,2,3,2,New_Visitor,0,0
0,0.0,1,118.0,14,224.3916667,0.047619048,0.063265306,0.0,0.0,Nov,3,2,1,2,Returning_Visitor,0,0
7,70.5,0,0.0,24,463.6940476,0.013620072,0.045071685,0.0,0.0,June,2,2,1,1,Returning_Visitor,0,0
4,109.5,0,0.0,66,1231.2,0.006280193,0.028298931,10.45437681,1.0,May,2,2,1,4,Returning_Visitor,1,0
1,43.0,0,0.0,36,2362.5,0.0,0.016190476,0.0,0.6,May,2,5,1,4,Returning_Visitor,0,0
1,30.2,2,30.7,25,348.0611111,0.014814815,0.03037037,0.0,0.0,Oct,3,2,7,1,Returning_Visitor,0,0
4,14.0,0,0.0,13,288.0,0.0125,0.0375,0.0,0.0,Mar,1,1,4,2,Returning_Visitor,1,0
0,0.0,0,0.0,5,28.25,0.08,0.093333333,0.0,0.0,Nov,2,2,1,2,Returning_Visitor,1,0
0,0.0,0,0.0,11,145.0,0.018181818,0.036363636,0.0,0.0,Nov,1,1,1,10,Returning_Visitor,0,0
0,0.0,0,0.0,20,1078.583117,0.011111111,0.025925926,0.0,0.0,Dec,1,1,8,2,Returning_Visitor,0,0
0,0.0,0,0.0,9,462.5,0.075,0.0875,0.0,0.0,May,1,1,3,3,Returning_Visitor,0,0
0,0.0,0,0.0,1,0.0,0.2,0.2,0.0,0.0,May,3,2,3,15,Returning_Visitor,1,0
0,0.0,0,0.0,1,35.25,0.0,0.066666667,0.0,0.0,Nov,1,1,3,2,Returning_Visitor,0,0
1,78.0,0,0.0,11,225.1666667,0.02,0.026666667,0.0,0.0,Nov,1,1,4,2,Returning_Visitor,0,0
0,0.0,0,0.0,24,409.3030303,0.008333333,0.023611111,0.0,0.6,May,3,2,3,3,Returning_Visitor,0,0
0,0.0,0,0.0,11,1390.166667,0.012121212,0.014545455,0.0,0.0,Mar,1,1,1,3,Returning_Visitor,1,0
2,53.5,0,0.0,13,287.3333333,0.0,0.013333333,0.0,0.0,Nov,2,2,1,6,New_Visitor,1,0
0,0.0,0,0.0,1,0.0,0.2,0.2,0.0,0.0,Nov,2,4,7,3,Returning_Visitor,0,0
2,58.5,0,0.0,11,1568.5,0.0,0.036363636,0.0,0.0,Nov,2,2,7,2,Returning_Visitor,0,0
0,0.0,0,0.0,9,258.2916667,0.0,0.022222222,0.0,0.0,Nov,2,5,3,2,Returning_Visitor,0,0
0,0.0,0,0.0,1,0.0,0.2,0.2,0.0,0.0,May,1,1,1,3,Returning_Visitor,0,0
0,0.0,0,0.0,11,496.0,0.018181818,0.063636364,0.0,0.0,Dec,3,12,2,3,Returning_Visitor,0,0
1,0.0,2,6.5,63,5826.333333,0.000793651,0.026719577,0.0,0.0,Nov,3,2,1,3,Returning_Visitor,1,0
0,0.0,0,0.0,10,174.0833333,0.06,0.07,0.0,0.0,Nov,2,2,9,1,Returning_Visitor,1,0
0,0.0,0,0.0,4,538.0,0.0,0.075,0.0,0.0,Mar,1,1,4,3,Returning_Visitor,1,0
0,0.0,0,0.0,6,604.0,0.0,0.04,0.0,0.0,Nov,1,1,2,2,New_Visitor,0,0
0,0.0,0,0.0,8,863.3333333,0.0,0.014583333,0.0,0.0,Mar,2,2,4,3,Returning_Visitor,1,0
0,0.0,0,0.0,16,519.75,0.0125,0.04,0.0,0.0,Mar,3,2,3,3,Returning_Visitor,0,0
12,203.4714286,1,0.0,220,11308.09795,0.001699507,0.012414872,0.673127586,0.8,May,2,2,5,6,Returning_Visitor,0,0
5,85.16666667,1,8.0,95,3715.777564,0.01010101,0.011851852,0.0,0.0,Jul,2,4,4,1,Returning_Visitor,0,0
1,30.0,1,0.0,38,821.1666667,0.021052632,0.049475963,0.0,0.8,May,3,2,3,4,Returning_Visitor,0,0
3,177.0,0,0.0,3,184.5,0.04,0.033333333,0.0,0.0,May,3,2,4,11,New_Visitor,0,0
5,154.8333333,7,285.0,90,3262.350896,0.003125,0.010909616,0.0,0.0,May,3,2,5,6,Returning_Visitor,0,0
0,0.0,0,0.0,4,179.25,0.0,0.05,0.0,0.0,Dec,2,2,6,2,Returning_Visitor,0,0
1,8.0,0,0.0,5,143.5,0.0,0.011111111,0.0,0.0,Mar,3,2,2,3,New_Visitor,1,0
2,14.0,0,0.0,5,45.25,0.0,0.038095238,0.0,0.0,Dec,2,2,1,2,Returning_Visitor,0,0
0,0.0,0,0.0,25,1157.452381,0.012,0.027111111,15.3956,0.0,May,1,1,3,2,Returning_Visitor,0,0
2,46.5,1,377.0,6,117.5,0.045454545,0.060606061,0.0,0.4,May,1,1,3,1,Returning_Visitor,0,0
3,72.5,4,148.0,24,377.5,0.006666667,0.02,0.0,0.6,May,1,1,1,3,Returning_Visitor,0,0
0,0.0,0,0.0,13,474.6818182,0.015384615,0.029230769,0.0,0.0,May,3,2,4,3,Returning_Visitor,0,0
0,0.0,0,0.0,12,459.0833333,0.004545455,0.084545455,0.0,0.0,Dec,2,2,1,2,Returning_Visitor,0,0
0,0.0,0,0.0,7,221.7142857,0.028571429,0.060714286,0.0,0.0,Mar,3,3,1,3,Returning_Visitor,0,0
2,30.2,0,0.0,32,776.8833333,0.0,0.003125,0.0,0.0,Jul,2,4,1,5,New_Visitor,0,0
0,0.0,0,0.0,5,23.0,0.12,0.16,0.0,0.0,Dec,1,1,1,3,Returning_Visitor,0,0
0,0.0,0,0.0,7,383.5,0.0,0.023809524,0.0,0.0,Mar,3,2,6,3,Returning_Visitor,0,0
1,115.0,0,0.0,48,1129.214286,0.008163265,0.010945092,0.0,0.0,May,1,1,2,1,Returning_Visitor,0,0
3,34.83333333,0,0.0,30,709.8333333,0.026666667,0.046666667,0.0,0.0,Mar,1,1,2,1,Returning_Visitor,1,0
1,48.0,0,0.0,26,1066.666667,0.025,0.04202381,0.0,0.0,May,3,2,8,11,Returning_Visitor,0,0
1,36.0,0,0.0,17,538.2878788,0.0,0.017708333,18.370625,0.0,May,1,1,1,4,Returning_Visitor,0,0
0,0.0,0,0.0,8,143.5833333,0.014285714,0.05,0.0,0.0,Nov,2,2,3,1,Returning_Visitor,0,0
2,59.0,0,0.0,3,82.0,0.04,0.06,0.0,0.0,May,1,1,6,3,New_Visitor,0,0
0,0.0,0,0.0,6,197.0,0.0,0.011111111,0.0,0.0,Mar,2,2,1,2,Returning_Visitor,0,0
11,227.2272727,0,0.0,44,2038.052273,0.007719298,0.028421053,0.0,0.0,Nov,2,2,3,8,Returning_Visitor,1,0
0,0.0,0,0.0,3,395.0,0.0,0.066666667,0.0,0.0,Feb,1,1,3,3,Returning_Visitor,0,0
0,0.0,0,0.0,31,485.6333333,0.019354839,0.038709677,0.0,0.0,Jul,2,2,1,4,Returning_Visitor,0,0
0,0.0,0,0.0,19,725.3333333,0.010526316,0.023157895,0.0,0.0,May,2,2,3,4,Returning_Visitor,0,0
3,238.4,0,0.0,8,132.2333333,0.0,0.007407407,0.0,0.0,May,3,2,1,18,Returning_Visitor,0,0
2,17.0,2,23.0,70,2218.276547,0.018,0.035693651,5.185165143,0.8,May,3,2,3,2,Returning_Visitor,0,0
0,0.0,0,0.0,2,33.0,0.0,0.1,0.0,0.2,Feb,1,1,1,3,Returning_Visitor,0,0
0,0.0,0,0.0,12,315.7797619,0.016666667,0.025,0.0,0.0,Nov,1,1,9,2,Returning_Visitor,1,0
11,456.2333333,1,13.0,89,1904.653507,0.01827957,0.027002924,0.0,0.0,Oct,1,1,4,3,Returning_Visitor,0,0
1,81.0,0,0.0,12,131.5,0.0,0.003076923,0.0,1.0,May,3,2,1,4,Returning_Visitor,1,0
4,364.3333333,2,19.0,85,3642.066026,0.007777778,0.029549858,5.052145956,0.0,Nov,2,2,1,1,Returning_Visitor,0,0
6,344.2,3,201.4,51,1693.633333,0.003703704,0.014814815,11.27445733,0.0,Nov,2,6,1,2,Returning_Visitor,0,0
1,18.2,0,0.0,6,32.2,0.085714286,0.10952381,0.0,0.0,June,1,1,1,3,Returning_Visitor,0,0
0,0.0,0,0.0,32,791.9166667,0.0125,0.025520833,0.0,0.0,Nov,3,2,4,2,Returning_Visitor,0,0
0,0.0,0,0.0,29,3312.5,0.013793103,0.028965517,0.0,0.0,Mar,2,2,1,13,Returning_Visitor,0,0
7,146.25,0,0.0,42,1030.266667,0.0,0.008695652,0.0,0.0,Mar,2,2,1,2,New_Visitor,0,0
3,50.5,0,0.0,2,37.5,0.0,0.04,0.0,0.0,Nov,2,2,1,2,New_Visitor,0,0
2,98.0,0,0.0,20,401.5,0.0,0.003333333,0.0,0.0,May,2,5,1,2,Returning_Visitor,1,0
3,37.2,1,0.0,3,14.0,0.0,0.033333333,0.0,0.0,Sep,2,7,7,2,New_Visitor,1,0
9,159.7166667,1,20.0,39,1721.872725,0.00974026,0.019066142,16.42363253,0.0,May,1,1,1,13,Returning_Visitor,0,0
0,0.0,0,0.0,9,140.0,0.022222222,0.055555556,0.0,0.0,Mar,2,2,6,1,Returning_Visitor,0,0
7,38.6,0,0.0,70,1087.7,0.0,0.004861111,0.0,0.0,Oct,2,2,4,5,Returning_Visitor,0,0
0,0.0,0,0.0,9,205.5,0.0,0.004444444,0.0,0.0,Nov,8,1,1,3,Returning_Visitor,0,0
4,40.2,1,0.0,12,2339.207143,0.011111111,0.036944444,0.0,0.0,Nov,1,1,1,2,Returning_Visitor,0,0
0,0.0,0,0.0,7,88.33333333,0.0,0.042857143,0.0,0.0,Mar,2,2,1,1,Returning_Visitor,0,0
0,0.0,0,0.0,15,221.0,0.0,0.035555556,0.0,0.0,May,2,4,1,1,Returning_Visitor,0,0
0,0.0,0,0.0,35,2994.827381,0.0,0.01969697,0.0,0.0,Nov,2,2,1,2,Returning_Visitor,1,0
0,0.0,0,0.0,1,0.0,0.2,0.2,0.0,0.0,Sep,2,2,1,1,Returning_Visitor,1,0
0,0.0,0,0.0,12,136.5,0.016666667,0.033333333,0.0,0.0,May,2,2,3,3,Returning_Visitor,0,0
1,0.0,0,0.0,23,975.75,0.0,0.05030303,16.197,0.0,May,2,2,6,6,Returning_Visitor,1,0
11,280.3366667,0,0.0,20,337.8533333,0.0,0.016296296,0.0,0.0,Sep,2,2,2,5,New_Visitor,0,0
1,11.0,0,0.0,8,98.56666667,0.066666667,0.101666667,0.0,0.0,Sep,1,8,3,1,Returning_Visitor,1,0
0,0.0,0,0.0,23,798.3,0.026086957,0.047826087,0.0,0.0,Aug,2,2,5,1,Returning_Visitor,0,0
5,142.75,0,0.0,76,1523.57803,0.012987013,0.021101928,0.0,0.0,Nov,2,2,1,1,Returning_Visitor,0,0
3,195.0,0,0.0,49,1179.014103,0.0,0.001923077,0.0,0.0,May,2,2,3,2,New_Visitor,0,0
0,0.0,0,0.0,26,1435.375,0.0,0.020833333,20.79483821,0.0,Dec,2,2,4,2,Returning_Visitor,0,0
5,78.4,0,0.0,35,706.4,0.024561404,0.039824561,26.5455,0.0,May,3,2,1,2,Returning_Visitor,1,0
0,0.0,0,0.0,25,1225.857143,0.012,0.040977778,0.0,0.4,May,2,2,5,2,Returning_Visitor,0,0
0,0.0,0,0.0,6,56.0,0.0,0.033333333,0.0,0.8,May,2,2,1,13,Returning_Visitor,0,0
2,66.26666667,1,348.6,6,233.1666667,0.044444444,0.046666667,11.12205139,0.0,Oct,3,2,3,7,Returning_Visitor,0,0
2,65.0,0,0.0,13,1248.0,0.0,0.020512821,0.0,0.0,May,1,2,8,6,Returning_Visitor,0,0
0,0.0,0,0.0,59,2574.725974,0.003508772,0.016621682,2.790473684,0.0,May,2,2,5,4,Returning_Visitor,0,0
6,31.0,0,0.0,17,1494.25,0.020289855,0.031449275,0.0,0.0,Nov,1,1,3,7,Returning_Visitor,0,0
0,0.0,0,0.0,6,127.4,0.0,0.0,0.0,0.0,Aug,1,1,8,2,Returning_Visitor,0,0
0,0.0,0,0.0,2,180.1470588,0.033333333,0.055555556,0.0,0.0,Nov,6,2,3,8,Returning_Visitor,0,0
0,0.0,0,0.0,2,0.0,0.2,0.2,0.0,0.0,May,3,2,1,1,Returning_Visitor,1,0
2,37.0,1,18.0,25,430.5,0.0,0.007142857,0.0,0.0,May,2,2,2,2,Returning_Visitor,1,0
0,0.0,0,0.0,3,61.5,0.066666667,0.1,0.0,0.0,Dec,3,2,3,8,New_Visitor,0,0
0,0.0,0,0.0,7,42.0,0.057142857,0.085714286,0.0,0.0,Dec,2,4,6,1,Returning_Visitor,1,0
5,398.0666667,1,19.2,17,452.0,0.059064327,0.070737742,0.0,0.0,Aug,2,2,3,4,Returning_Visitor,0,0
0,0.0,2,86.0,5,86.0,0.0,0.057142857,0.0,0.0,Nov,1,1,1,3,Returning_Visitor,0,0
4,162.0,3,75.5,4,158.5,0.0,0.016666667,0.0,0.0,Mar,2,4,1,10,Returning_Visitor,0,0
0,0.0,0,0.0,1,19.2,0.0,0.1,0.0,0.0,Aug,1,1,1,1,Returning_Visitor,1,0
1,0.0,0,0.0,0,0.0,0.2,0.2,0.0,0.0,May,1,1,1,2,Returning_Visitor,0,0
0,0.0,0,0.0,9,478.0,0.0,0.011111111,0.0,0.0,Mar,3,2,2,3,Returning_Visitor,1,0
5,46.0,1,0.0,61,867.4642857,0.000585938,0.028052083,0.0,0.8,May,2,2,1,3,Returning_Visitor,0,0
12,310.6333333,0,0.0,28,606.4166667,0.027619048,0.03614966,0.0,0.0,May,3,2,2,1,Returning_Visitor,1,0
0,0.0,0,0.0,17,376.5166667,0.0,0.01512605,0.0,0.0,Nov,2,2,6,2,Returning_Visitor,0,0
1,45.5,3,58.0,6,311.5,0.0,0.0125,0.0,0.0,May,3,2,6,2,New_Visitor,1,0
5,488.462963,0,0.0,56,3327.537566,0.006578947,0.022060248,0.0,0.0,Dec,2,2,3,1,Returning_Visitor,0,0
4,194.4,0,0.0,12,182.5142857,0.0,0.001666667,0.0,0.0,Oct,1,1,6,2,Returning_Visitor,0,0
1,47.0,0,0.0,11,197.5,0.0,0.025,0.0,0.0,May,3,2,1,3,New_Visitor,0,0
0,0.0,0,0.0,3,34.0,0.0,0.066666667,0.0,0.0,May,2,2,3,1,Returning_Visitor,0,0
3,36.7032967,4,42.2,51,1187.737297,0.024223602,0.066119363,6.854149002,0.0,Oct,3,2,1,1,Returning_Visitor,0,0
0,0.0,0,0.0,3,50.4,0.0,0.066666667,0.0,0.0,Jul,2,2,3,1,Returning_Visitor,0,0
0,0.0,0,0.0,23,501.6666667,0.008695652,0.01884058,0.0,0.6,Feb,1,1,4,2,Returning_Visitor,0,0
0,0.0,1,0.0,11,488.0,0.0,0.018181818,0.0,0.0,May,2,2,6,3,New_Visitor,0,0
11,151.525,6,435.25,72,5251.382738,0.0,0.009969093,13.77521629,0.0,Dec,2,2,4,2,Returning_Visitor,0,0
0,0.0,0,0.0,13,700.6666667,0.0,0.015384615,0.0,0.0,May,3,2,1,4,Returning_Visitor,0,0
6,171.1190476,0,0.0,22,472.752381,0.028571429,0.029761905,0.0,0.0,Nov,3,2,2,4,Returning_Visitor,0,0
0,0.0,0,0.0,1,0.0,0.2,0.2,0.0,0.0,Mar,2,2,7,1,Returning_Visitor,0,0
0,0.0,0,0.0,39,1183.5,0.012820513,0.033333333,0.0,0.0,May,2,2,7,1,Returning_Visitor,0,0
6,163.6666667,10,403.0,15,665.5666667,0.007142857,0.004761905,0.0,0.0,Mar,3,2,8,8,New_Visitor,0,0
5,206.0,0,0.0,15,650.6961927,0.0,0.018487395,0.0,0.0,Mar,1,1,1,3,New_Visitor,0,0
0,0.0,0,0.0,3,0.0,0.2,0.2,0.0,0.0,Jul,1,1,1,1,Returning_Visitor,1,0
0,0.0,0,0.0,1,0.0,0.2,0.2,0.0,0.0,Nov,2,2,2,13,Returning_Visitor,0,0
1,51.5,0,0.0,27,818.3166667,0.007407407,0.017354497,0.0,0.0,Nov,3,2,1,13,Returning_Visitor,0,0
5,97.0,0,0.0,53,3372.748214,0.003773585,0.002515723,0.0,0.0,Dec,2,2,7,2,Returning_Visitor,0,0
0,0.0,0,0.0,4,112.5,0.0,0.05,0.0,0.0,May,3,2,1,6,Returning_Visitor,0,0
0,0.0,0,0.0,2,12.0,0.0,0.1,0.0,0.0,Jul,2,10,2,6,Returning_Visitor,0,0
23,335.1309524,5,399.8,88,1839.098106,0.015758703,0.031587556,0.0,0.0,Aug,3,2,3,2,Returning_Visitor,1,0
0,0.0,0,0.0,4,44.4,0.0,0.05,0.0,0.0,June,2,10,1,3,Returning_Visitor,0,0
0,0.0,0,0.0,7,182.5,0.085714286,0.076190476,0.0,0.0,Nov,3,2,3,13,Returning_Visitor,0,0
0,0.0,0,0.0,34,4190.75,0.021764706,0.074369748,0.0,0.0,May,2,2,8,6,Returning_Visitor,0,0
0,0.0,0,0.0,26,2676.0,0.030769231,0.04556213,0.0,0.6,May,2,6,2,6,Returning_Visitor,0,0
0,0.0,0,0.0,42,2084.479524,0.004761905,0.014920635,0.0,0.0,Oct,1,1,1,2,Returning_Visitor,0,0
1,40.25,0,0.0,19,501.7666667,0.0,0.010526316,0.0,0.0,May,2,2,1,4,Returning_Visitor,0,0
2,37.5,0,0.0,3,45.25,0.0,0.02,0.0,0.0,Dec,4,1,3,3,Returning_Visitor,1,0
0,0.0,0,0.0,6,157.5,0.0,0.016666667,0.0,0.0,Nov,2,2,7,13,Returning_Visitor,0,0
1,178.0,0,0.0,3,110.0,0.0,0.016666667,0.0,0.2,May,3,2,3,4,Returning_Visitor,0,0
6,91.5,0,0.0,9,115.5,0.018181818,0.018181818,0.0,0.0,May,3,2,9,3,Returning_Visitor,1,0
0,0.0,0,0.0,21,304.5416667,0.00952381,0.023809524,0.0,0.0,Dec,2,2,3,10,Returning_Visitor,0,0
1,5.0,0,0.0,44,630.3166667,0.025,0.044223485,0.0,0.0,May,2,2,6,3,Returning_Visitor,0,0
8,288.0875,0,0.0,20,326.9277778,0.033333333,0.059464286,0.0,0.0,Dec,3,2,1,1,Returning_Visitor,1,0
0,0.0,0,0.0,27,321.6666667,0.051190476,0.07224026,0.0,0.8,May,3,2,1,1,Returning_Visitor,0,0
0,0.0,0,0.0,5,360.75,0.0,0.04,0.0,0.0,Mar,2,4,3,1,Returning_Visitor,0,0
0,0.0,0,0.0,6,89.33333333,0.0,0.066666667,0.0,0.0,Mar,2,4,3,3,Returning_Visitor,0,0
2,30.0,1,134.0,31,519.9166667,0.0,0.001470588,0.0,0.0,May,2,2,7,18,New_Visitor,0,0
2,84.0,0,0.0,30,597.6330532,0.006666667,0.005925926,0.0,0.0,Nov,1,8,1,11,Returning_Visitor,1,0
5,44.2,5,801.8,12,235.3,0.002777778,0.035925926,0.0,0.0,Aug,2,2,2,2,Returning_Visitor,0,0
5,69.0,4,163.0,50,2424.75,0.0,0.023333333,2.973214286,0.0,May,2,2,3,3,Returning_Visitor,0,0
0,0.0,0,0.0,66,6100.527778,0.010606061,0.046262626,0.0,0.8,May,2,5,2,6,Returning_Visitor,0,0
13,345.0166667,0,0.0,90,1816.555008,0.0,0.004861111,86.31034266,0.0,Aug,4,2,3,4,Returning_Visitor,0,0
1,2.0,0,0.0,6,106.75,0.033333333,0.044444444,0.0,0.0,Nov,3,2,3,3,Returning_Visitor,0,0
0,0.0,0,0.0,6,80.0,0.1,0.133333333,0.0,1.0,May,1,1,1,3,Returning_Visitor,1,0
0,0.0,0,0.0,3,278.0,0.0,0.066666667,0.0,0.0,May,1,1,1,15,Returning_Visitor,0,0
0,0.0,0,0.0,3,0.0,0.2,0.2,0.0,0.0,Nov,3,2,1,10,Returning_Visitor,0,0
0,0.0,0,0.0,15,695.4,0.014285714,0.028571429,0.0,0.0,Mar,2,2,2,1,Returning_Visitor,0,0
0,0.0,0,0.0,22,431.0833333,0.018181818,0.022727273,0.0,0.6,May,3,2,7,13,Returning_Visitor,0,0
0,0.0,0,0.0,7,168.75,0.0,0.00952381,0.0,0.0,Nov,3,2,1,2,Returning_Visitor,0,0
12,244.25,0,0.0,110,4006.359314,0.01,0.030496867,11.10333103,0.0,Nov,2,7,1,1,Returning_Visitor,0,0
1,26.0,1,0.0,55,872.4,0.003508772,0.01754386,0.0,0.0,Mar,2,5,1,1,Returning_Visitor,1,0
0,0.0,0,0.0,7,137.5,0.0,0.033333333,0.0,0.6,May,2,2,1,3,Returning_Visitor,0,0
0,0.0,0,0.0,2,1787.5,0.1,0.15,0.0,0.0,Nov,3,2,3,13,Returning_Visitor,0,0
0,0.0,0,0.0,1,0.0,0.2,0.2,0.0,0.0,May,2,2,6,3,Returning_Visitor,0,0
0,0.0,0,0.0,17,842.75,0.0,0.04,0.0,0.0,Dec,2,5,3,1,Returning_Visitor,0,0
0,0.0,0,0.0,4,105.0,0.0,0.025,0.0,0.6,Feb,1,1,1,4,Returning_Visitor,0,0
0,0.0,0,0.0,1,0.0,0.2,0.2,0.0,0.0,Dec,2,2,1,13,Returning_Visitor,0,0
12,171.2916667,2,55.5,213,7443.407447,0.003958333,0.014633794,0.0,0.0,Nov,2,2,1,1,Returning_Visitor,0,0
0,0.0,0,0.0,10,482.5,0.0,0.06,0.0,1.0,May,1,2,9,4,Returning_Visitor,1,0
0,0.0,0,0.0,1,0.0,0.2,0.2,0.0,0.0,Nov,3,2,3,2,Returning_Visitor,0,0
8,152.3333333,0,0.0,25,481.1666667,0.0,0.005,0.0,0.0,May,2,2,4,3,Returning_Visitor,0,0
0,0.0,0,0.0,50,1085.891081,0.025952381,0.041398682,0.0,0.0,Oct,1,1,1,4,Returning_Visitor,0,0
0,0.0,0,0.0,16,242.75,0.0,0.004910714,0.0,0.0,Nov,1,8,2,11,Returning_Visitor,1,0
1,37.2,0,0.0,14,387.7666667,0.013333333,0.031111111,0.0,0.0,Oct,1,8,3,1,Returning_Visitor,0,0
0,0.0,0,0.0,19,465.6333333,0.0,0.026315789,0.0,0.0,Nov,1,1,1,2,New_Visitor,1,0
0,0.0,0,0.0,20,545.1,0.01,0.031666667,0.0,0.0,Jul,3,2,8,4,Returning_Visitor,0,0
0,0.0,7,269.6666667,24,518.85,0.019139785,0.025371224,0.0,0.0,Jul,1,1,6,2,Returning_Visitor,0,0
0,0.0,0,0.0,4,0.0,0.2,0.2,0.0,0.0,Nov,3,2,1,3,Returning_Visitor,0,0
0,0.0,0,0.0,112,6673.291392,0.0,0.008744589,5.468093499,0.0,Nov,2,4,1,3,Returning_Visitor,0,0
2,17.33333333,0,0.0,89,3401.3,0.002222222,0.014835979,5.133911853,0.0,Nov,2,2,1,2,Returning_Visitor,1,0
0,0.0,0,0.0,1,0.0,0.2,0.2,0.0,0.0,May,1,1,3,3,Returning_Visitor,0,0
3,38.16666667,0,0.0,5,77.66666667,0.0,0.0125,0.0,0.0,May,1,1,5,3,Returning_Visitor,0,0
1,4.0,0,0.0,48,1199.160606,0.0,0.00070922,0.0,0.0,Dec,2,2,1,2,New_Visitor,0,0
2,11.0,0,0.0,19,608.9428571,0.009090909,0.041915584,0.0,0.0,Mar,2,2,1,1,Returning_Visitor,0,0
0,0.0,0,0.0,24,653.0,0.008333333,0.033333333,0.0,0.8,May,4,1,9,1,Returning_Visitor,0,0
0,0.0,0,0.0,0,0.0,0.2,0.2,0.0,0.0,Nov,1,1,9,2,Returning_Visitor,0,0
0,0.0,2,5.0,13,354.2833333,0.035294118,0.037647059,68.75226072,0.0,Sep,3,2,4,4,Returning_Visitor,1,0
0,0.0,0,0.0,15,148.9333333,0.0,0.04,0.0,0.0,June,4,2,1,13,Returning_Visitor,0,0
0,0.0,0,0.0,6,317.5,0.0,0.04,0.0,0.0,May,1,1,3,4,New_Visitor,1,0
1,54.5,0,0.0,26,531.5,0.007692308,0.023076923,44.92362122,0.0,Nov,2,2,3,2,Returning_Visitor,0,0
0,0.0,0,0.0,9,685.0,0.0,0.022222222,0.0,0.0,Mar,2,2,7,1,Returning_Visitor,0,0
0,0.0,0,0.0,27,630.75,0.016,0.02,0.0,0.0,Nov,2,2,3,1,Returning_Visitor,1,0
7,145.0,0,0.0,7,96.0,0.0,0.013333333,0.0,0.0,May,2,2,1,4,New_Visitor,0,0
2,12.6,0,0.0,7,62.8,0.0,0.022222222,0.0,0.0,June,1,1,4,4,Returning_Visitor,0,0
0,0.0,0,0.0,8,181.0,0.0,0.00625,0.0,1.0,May,1,1,3,2,Returning_Visitor,1,0
4,75.0,0,0.0,15,346.0,0.0,0.021052632,0.0,0.0,Nov,2,2,3,11,Returning_Visitor,0,0
5,232.4,0,0.0,6,190.4,0.042857143,0.061904762,0.0,0.0,May,1,1,1,3,Returning_Visitor,1,0
3,40.6,0,0.0,18,340.9166667,0.0,0.018253968,0.0,0.0,Aug,2,4,3,5,Returning_Visitor,0,0
0,0.0,0,0.0,1,0.0,0.2,0.2,0.0,0.0,Jul,2,4,7,1,Returning_Visitor,0,0
2,33.0,0,0.0,91,2023.75,0.004731183,0.018752216,0.0,0.0,Nov,2,2,3,3,Returning_Visitor,0,0
1,14.0,0,0.0,50,1317.795833,0.01,0.021469506,0.0,0.0,Nov,3,2,4,1,Returning_Visitor,1,0
1,22.2,0,0.0,43,1257.9,0.00952381,0.020634921,0.0,0.0,Sep,2,4,1,3,Returning_Visitor,0,0
3,83.0,0,0.0,5,47.0,0.0,0.028571429,0.0,0.0,May,2,2,4,1,Returning_Visitor,0,0
0,0.0,0,0.0,38,1417.666667,0.016117216,0.048717949,0.0,1.0,May,2,6,3,6,Returning_Visitor,1,0
0,0.0,0,0.0,27,1065.45,0.0,0.012345679,0.0,0.0,Nov,2,2,3,2,New_Visitor,0,0
0,0.0,0,0.0,20,2981.166667,0.0,0.01,0.0,0.0,Feb,2,4,4,4,Returning_Visitor,0,0
0,0.0,0,0.0,11,315.0,0.0,0.036363636,0.0,0.0,Dec,3,2,6,2,New_Visitor,1,0
2,28.0,0,0.0,25,384.1571429,0.007407407,0.008333333,0.0,0.0,May,2,2,4,4,Returning_Visitor,0,0
5,211.25,0,0.0,22,1344.75,0.034782609,0.048447205,0.0,0.0,Nov,3,2,2,8,Returning_Visitor,0,0
10,84.4375,3,147.0,35,1092.354167,0.005073996,0.034935835,0.0,0.0,Nov,2,5,9,8,Returning_Visitor,1,0
7,156.0,0,0.0,60,2126.461941,0.00808768,0.017066636,0.0,0.0,Mar,3,2,4,2,Returning_Visitor,0,0
2,75.6,1,11.0,28,2074.929524,0.0,0.016935484,0.0,0.0,Oct,2,4,3,2,Returning_Visitor,0,0
0,0.0,0,0.0,8,458.5,0.025,0.03,0.0,0.0,Sep,3,2,1,11,Returning_Visitor,0,0
12,402.5,0,0.0,38,1485.566667,0.006818182,0.015649351,27.7134,0.0,May,3,2,1,7,Returning_Visitor,0,0
0,0.0,0,0.0,111,3971.515278,0.009009009,0.024725635,0.0,0.0,Nov,2,2,1,2,Returning_Visitor,0,0
7,121.0,0,0.0,16,589.875,0.0,0.00952381,0.0,0.0,Dec,2,6,1,2,Returning_Visitor,1,0
3,36.2,0,0.0,2,4.0,0.0,0.04,27.79373861,0.0,Oct,2,2,6,2,New_Visitor,1,0
6,60.0,1,30.0,51,1403.841919,0.003636364,0.009090909,20.2453697,0.0,May,2,4,1,2,Returning_Visitor,0,0
0,0.0,0,0.0,2,0.0,0.2,0.2,0.0,0.0,Dec,2,2,1,20,Returning_Visitor,0,0
0,0.0,0,0.0,24,854.3333333,0.0,0.008333333,0.0,0.0,Mar,4,1,1,10,Returning_Visitor,0,0
0,0.0,0,0.0,2,18.0,0.0,0.1,0.0,0.0,Nov,2,2,2,6,Returning_Visitor,1,0
9,171.6666667,3,109.75,41,1284.663492,0.016326531,0.032653061,21.22386735,0.0,Mar,2,2,1,1,Returning_Visitor,0,0
4,20.0,0,0.0,34,461.2333333,0.0,0.022685185,0.0,0.0,Jul,2,4,1,4,Returning_Visitor,1,0
0,0.0,0,0.0,31,457.4047799,0.0,0.026938057,0.0,0.8,May,2,2,7,1,Returning_Visitor,0,0
0,0.0,0,0.0,3,38.0,0.066666667,0.066666667,0.0,0.8,May,2,2,4,4,Returning_Visitor,0,0
0,0.0,0,0.0,40,2426.266667,0.004878049,0.02296748,0.0,0.0,Nov,2,2,2,11,Returning_Visitor,0,0
0,0.0,0,0.0,18,410.9166667,0.105263158,0.119473684,0.0,1.0,May,3,2,4,13,Returning_Visitor,1,0
3,25.2,0,0.0,54,2008.807143,0.014423077,0.0136723,0.0,0.0,May,3,2,4,13,Returning_Visitor,0,0
5,94.6,0,0.0,69,2222.419048,0.005092593,0.01496142,0.0,0.0,Oct,1,1,3,2,Returning_Visitor,0,0
4,98.5,0,0.0,9,281.75,0.0,0.030909091,0.0,0.0,Dec,1,1,3,2,Returning_Visitor,0,0
7,146.0,2,37.0,28,2054.114286,0.0,0.011877551,5.789028571,0.0,May,1,1,9,3,Returning_Visitor,0,0
0,0.0,0,0.0,3,38.0,0.1,0.122222222,0.0,0.0,Mar,3,2,1,1,Returning_Visitor,0,0
5,190.0,0,0.0,12,307.6666667,0.0,0.013333333,0.0,0.0,Nov,2,2,9,8,New_Visitor,0,0
0,0.0,0,0.0,8,202.8333333,0.0,0.014285714,0.0,0.0,May,2,4,1,2,Returning_Visitor,0,0
0,0.0,0,0.0,67,4290.833333,0.0,0.01840796,0.0,0.8,May,2,2,6,4,Returning_Visitor,0,0
0,0.0,0,0.0,48,476.3600939,0.000694444,0.028639403,0.0,0.0,Aug,1,1,1,2,Returning_Visitor,0,0
1,0.0,0,0.0,7,82.2,0.057142857,0.114285714,0.0,0.0,June,3,2,2,4,Returning_Visitor,0,0
1,0.0,0,0.0,1,74.6,0.1,0.1,0.0,0.0,Oct,3,2,1,4,Returning_Visitor,0,0
0,0.0,0,0.0,74,2719.734091,0.008108108,0.024324324,0.0,0.0,Nov,2,2,5,1,Returning_Visitor,0,0
5,54.0,0,0.0,4,13.0,0.028571429,0.057142857,0.0,0.8,May,2,2,3,4,New_Visitor,0,0
3,80.0,1,21.0,41,1193.333333,0.00097561,0.01804878,6.53004878,0.0,May,2,2,1,4,Returning_Visitor,0,0
3,51.8,0,0.0,23,864.0071429,0.0,0.008,13.52088614,0.0,Nov,2,4,5,2,Returning_Visitor,0,0
1,3.0,0,0.0,45,884.3357143,0.001086957,0.014389234,18.12446087,0.0,May,2,2,1,4,Returning_Visitor,0,0
0,0.0,0,0.0,6,117.5,0.0,0.066666667,0.0,0.0,May,2,2,1,1,Returning_Visitor,1,0
1,55.5,0,0.0,53,4048.583333,0.007843137,0.015490196,0.0,0.0,Dec,4,1,1,1,Returning_Visitor,0,0
3,60.16666667,0,0.0,14,2322.866667,0.011764706,0.028431373,0.0,0.0,June,2,2,2,1,Returning_Visitor,0,0
0,0.0,0,0.0,1,0.0,0.2,0.2,0.0,0.0,May,2,2,1,3,Returning_Visitor,0,0
0,0.0,0,0.0,50,1784.516667,0.0016,0.020593939,0.0,0.0,Nov,1,1,4,2,Returning_Visitor,0,0
0,0.0,1,14.75,30,2445.066667,0.033333333,0.026888889,0.0,0.0,Dec,3,2,3,3,Returning_Visitor,0,0
0,0.0,0,0.0,25,1344.291667,0.0,0.008695652,0.0,0.0,Nov,2,4,1,8,Returning_Visitor,0,0
0,0.0,0,0.0,12,689.2857143,0.0,0.058333333,0.0,0.0,Mar,3,2,3,1,Returning_Visitor,1,0
8,47.0,0,0.0,18,1796.583333,0.0,0.02173913,0.0,0.0,Nov,2,2,2,1,Returning_Visitor,0,0
4,54.6,2,22.13333333,44,1100.789082,0.008510638,0.018561297,0.0,0.0,Oct,2,2,1,1,Returning_Visitor,0,0
0,0.0,0,0.0,5,182.625,0.0,0.008,0.0,0.0,Dec,3,2,8,13,Returning_Visitor,0,0
0,0.0,0,0.0,0,0.0,0.2,0.2,0.0,0.0,May,2,2,8,3,Returning_Visitor,0,0
0,0.0,0,0.0,2,11.5,0.0,0.1,0.0,0.0,Dec,3,2,1,2,Returning_Visitor,1,0
6,276.75,0,0.0,12,342.125,0.0,0.007142857,0.0,0.0,Nov,1,2,3,2,New_Visitor,0,0
9,210.6666667,3,127.0,55,1509.594444,0.006451613,0.02016129,14.68324522,0.0,Mar,2,5,1,2,Returning_Visitor,0,0
0,0.0,0,0.0,26,955.375,0.0,0.008333333,0.0,0.0,Dec,2,2,7,2,New_Visitor,1,0
1,0.0,0,0.0,18,224.5,0.0375,0.0625,0.0,0.0,May,3,2,4,4,Returning_Visitor,1,0
1,31.5,0,0.0,3,32.83333333,0.0,0.05,0.0,0.0,Dec,2,2,9,2,New_Visitor,1,0
0,0.0,0,0.0,1,0.0,0.2,0.2,0.0,0.0,Nov,2,2,7,8,New_Visitor,0,0
0,0.0,0,0.0,13,574.6666667,0.0,0.061538462,0.0,0.0,Mar,2,2,8,1,Returning_Visitor,0,0
0,0.0,0,0.0,1,10.0,0.0,0.1,0.0,0.0,Mar,3,2,3,9,Returning_Visitor,1,0
0,0.0,0,0.0,2,0.0,0.2,0.2,0.0,0.0,Mar,2,2,1,3,Returning_Visitor,0,0
1,73.0,1,740.0,50,1434.255128,0.0,0.019230769,22.03276923,0.0,Mar,2,2,3,2,Returning_Visitor,1,0
7,667.25,0,0.0,4,101.8,0.0,0.01,0.0,0.0,Jul,3,2,6,2,Returning_Visitor,1,0
2,20.14285714,0,0.0,4,33.14285714,0.0,0.039814815,0.0,0.0,Dec,3,2,1,10,Returning_Visitor,0,0
0,0.0,0,0.0,1,0.0,0.2,0.2,0.0,0.0,Mar,2,4,6,2,Returning_Visitor,0,0
0,0.0,0,0.0,2,17.0,0.0,0.1,0.0,0.4,May,4,1,4,3,Returning_Visitor,0,0
4,107.5333333,2,298.0,16,570.3333333,0.011764706,0.014705882,0.0,0.0,May,3,2,6,13,Returning_Visitor,0,0
0,0.0,0,0.0,102,4509.0,0.011764706,0.037679739,0.0,0.0,Nov,2,2,7,1,Returning_Visitor,0,0
1,67.4,0,0.0,18,297.5,0.031578947,0.040350877,0.0,0.0,Oct,2,2,3,4,Returning_Visitor,0,0
3,39.2,0,0.0,12,209.0,0.0,0.02,0.0,0.0,Sep,2,5,6,2,Returning_Visitor,0,0
0,0.0,0,0.0,7,180.0,0.0,0.00952381,0.0,0.0,May,2,2,6,1,Returning_Visitor,0,0
0,0.0,0,0.0,3,116.75,0.0,0.066666667,0.0,0.0,Nov,3,2,1,10,Returning_Visitor,1,0
0,0.0,0,0.0,41,1271.333333,0.029268293,0.047560976,0.0,0.4,May,2,2,1,13,Returning_Visitor,0,0
0,0.0,0,0.0,7,55.0,0.057142857,0.114285714,0.0,0.0,Mar,2,2,1,1,Returning_Visitor,0,0
0,0.0,0,0.0,12,292.875,0.0,0.028333333,0.0,0.0,Nov,4,2,3,2,Returning_Visitor,1,0
4,63.6,0,0.0,27,459.9636364,0.007407407,0.033950617,0.0,0.0,May,1,1,1,3,Returning_Visitor,1,0
6,128.5,0,0.0,68,1080.15,0.0,0.001715686,0.0,0.8,May,2,2,2,2,New_Visitor,0,0
11,383.3,2,256.3,189,15454.43857,0.007286432,0.019882747,0.0,0.0,Aug,2,10,2,1,Returning_Visitor,0,0
0,0.0,0,0.0,6,44.0,0.066666667,0.1,0.0,0.0,Mar,2,2,3,1,Returning_Visitor,0,0
0,0.0,0,0.0,10,246.9333333,0.006666667,0.01,0.0,0.4,May,1,1,8,2,Returning_Visitor,0,0
0,0.0,0,0.0,13,96.5,0.030769231,0.076923077,0.0,0.0,Mar,2,6,4,1,Returning_Visitor,0,0
0,0.0,0,0.0,23,348.3833333,0.008695652,0.004347826,0.0,0.0,Nov,1,1,3,2,New_Visitor,0,0
0,0.0,0,0.0,1,0.0,0.2,0.2,0.0,0.0,Dec,8,13,9,20,Other,0,0
0,0.0,0,0.0,18,5188.5,0.0,0.05,0.0,0.0,Mar,2,5,1,1,Returning_Visitor,0,0
1,27.0,0,0.0,17,1723.0,0.0,0.003921569,0.0,0.0,May,2,5,9,4,New_Visitor,0,0
0,0.0,1,125.0,12,332.0,0.0,0.023076923,0.0,0.0,May,2,2,4,4,Returning_Visitor,0,0
0,0.0,0,0.0,6,104.6666667,0.0,0.041666667,0.0,0.0,Dec,3,2,1,10,Returning_Visitor,0,0
0,0.0,0,0.0,11,1760.0,0.036363636,0.072727273,0.0,0.6,May,1,1,1,3,Returning_Visitor,0,0
0,0.0,0,0.0,20,584.0,0.0,0.003508772,0.0,0.0,May,2,2,6,4,New_Visitor,0,0
3,48.4,0,0.0,137,3004.628109,0.002380952,0.011750149,0.0,0.0,Oct,2,4,9,2,Returning_Visitor,0,0
0,0.0,0,0.0,6,364.5,0.077777778,0.072222222,0.0,0.6,May,3,2,4,3,Returning_Visitor,0,0
1,165.5,0,0.0,47,1708.625,0.008695652,0.01884058,5.909295033,0.0,Dec,2,2,7,2,Returning_Visitor,0,0
1,11.0,0,0.0,104,4877.257071,0.003921569,0.020140056,0.0,0.0,May,2,2,1,6,Returning_Visitor,1,0
2,21.0,1,26.0,22,326.5833333,0.018181818,0.066666667,0.0,0.0,Mar,3,2,4,3,Returning_Visitor,0,0
1,7.0,0,0.0,15,430.5,0.0,0.019047619,0.0,0.0,May,2,4,7,2,Returning_Visitor,0,0
8,121.0333333,0,0.0,9,230.8333333,0.0,0.035714286,0.0,0.0,Nov,2,2,1,3,Returning_Visitor,0,0
0,0.0,0,0.0,9,640.6666667,0.0,0.011111111,0.0,0.0,Mar,3,2,7,1,Returning_Visitor,1,0
0,0.0,0,0.0,3,18.0,0.1,0.111111111,0.0,0.0,Nov,3,2,2,13,Returning_Visitor,0,0
0,0.0,0,0.0,2,59.0,0.0,0.1,0.0,0.0,May,1,2,1,6,Returning_Visitor,0,0
0,0.0,0,0.0,20,301.0,0.005555556,0.066666667,0.0,0.0,Dec,1,1,1,2,Returning_Visitor,0,0
6,27.0,1,0.0,141,6481.483333,0.0,0.019984285,1.257438906,0.0,Nov,2,2,1,2,Returning_Visitor,0,0
0,0.0,0,0.0,7,1018.0,0.0,0.028571429,0.0,0.0,Mar,2,2,1,2,Returning_Visitor,0,0
0,0.0,0,0.0,6,74.0,0.0,0.02,0.0,0.0,Mar,2,4,6,8,Returning_Visitor,0,0
0,0.0,0,0.0,10,305.0,0.0,0.02,0.0,0.0,Nov,2,2,1,8,Returning_Visitor,0,0
0,0.0,0,0.0,7,136.75,0.0,0.038095238,0.0,0.0,Dec,3,2,9,6,Returning_Visitor,0,0
7,119.4,0,0.0,16,743.5314286,0.01,0.02,35.35631939,0.0,Sep,1,1,8,4,Returning_Visitor,0,0
0,0.0,0,0.0,22,231.5,0.036363636,0.072727273,0.0,0.6,May,2,2,4,3,Returning_Visitor,0,0
5,76.33333333,2,0.0,36,1420.547902,0.015384615,0.042694343,0.0,0.0,May,3,2,1,4,Returning_Visitor,0,0
0,0.0,0,0.0,13,214.25,0.091666667,0.097777778,0.0,0.8,May,3,2,3,13,Returning_Visitor,0,0
1,14.0,0,0.0,30,1845.333333,0.027083333,0.042083333,12.6534375,0.0,May,3,2,3,1,Returning_Visitor,0,0
0,0.0,0,0.0,11,210.0,0.009090909,0.024242424,0.0,0.0,May,2,2,8,2,Returning_Visitor,0,0
0,0.0,0,0.0,29,2159.4,0.010344828,0.02183908,0.0,0.0,Oct,3,2,1,13,Returning_Visitor,0,0
0,0.0,0,0.0,21,197.3333333,0.00952381,0.041269841,0.0,0.8,May,2,10,7,4,Returning_Visitor,0,0
0,0.0,0,0.0,65,2706.595238,0.0,0.022692308,0.0,0.0,Nov,2,2,1,2,New_Visitor,0,0
0,0.0,0,0.0,2,689.0,0.0,0.1,0.0,0.0,May,2,2,3,2,New_Visitor,0,0
0,0.0,0,0.0,20,419.6,0.038095238,0.068253968,0.0,0.0,Aug,3,2,3,3,Returning_Visitor,1,0
1,3.0,2,34.0,41,1021.519444,0.009302326,0.017829457,0.0,0.0,Dec,1,2,3,2,New_Visitor,1,0
3,77.83333333,0,0.0,26,812.1047619,0.021428571,0.038095238,0.0,0.0,Nov,1,2,3,2,Returning_Visitor,0,0
0,0.0,0,0.0,17,504.0,0.0,0.02125,33.32796813,0.0,Mar,2,2,3,1,Returning_Visitor,0,0
0,0.0,0,0.0,222,8068.742154,0.008325792,0.02329814,4.789722625,0.0,Nov,2,2,2,1,Returning_Visitor,1,0
9,64.5,3,99.6,33,768.4133333,0.004878049,0.013617886,41.34613116,0.0,Sep,2,2,4,2,Returning_Visitor,0,0
2,20.2,0,0.0,14,1261.316667,0.0,0.009183673,0.0,0.0,Aug,2,2,1,5,Returning_Visitor,0,0
0,0.0,0,0.0,9,102.5,0.0,0.022222222,0.0,0.0,Mar,2,2,1,3,Returning_Visitor,0,0
1,7.5,0,0.0,19,216.1666667,0.038095238,0.058730159,0.0,0.6,May,2,5,1,3,Returning_Visitor,0,0
1,10.0,0,0.0,16,120.0,0.053333333,0.08,0.0,0.0,May,2,2,6,4,Returning_Visitor,0,0
0,0.0,0,0.0,10,211.8333333,0.0,0.04,0.0,0.0,Dec,2,2,3,13,Returning_Visitor,0,0
0,0.0,0,0.0,16,1092.333333,0.025,0.066666667,0.0,0.0,Dec,2,2,5,1,Returning_Visitor,0,0
4,183.6,0,0.0,19,457.9,0.0,0.022222222,0.0,0.0,Nov,1,1,1,4,Returning_Visitor,1,0
0,0.0,0,0.0,1,0.0,0.2,0.2,0.0,0.0,Mar,2,2,1,1,Returning_Visitor,0,0
5,74.25,2,84.0,37,1599.083333,0.0,0.006578947,0.0,0.0,Mar,2,2,4,1,Returning_Visitor,0,0
11,208.25,2,109.0,54,2871.104167,0.0,0.021468927,0.0,0.0,Nov,2,2,1,2,Returning_Visitor,0,0
0,0.0,0,0.0,6,93.0,0.066666667,0.083333333,0.0,0.0,Nov,4,2,3,13,Returning_Visitor,0,0
12,221.7279167,4,144.2,136,5944.387373,0.011252599,0.031851593,2.045137389,0.0,Oct,2,5,1,1,Returning_Visitor,0,0
0,0.0,0,0.0,10,345.25,0.02,0.04,0.0,0.0,May,2,4,3,3,Returning_Visitor,0,0
2,78.33333333,0,0.0,12,262.5,0.028571429,0.033333333,0.0,0.0,Mar,1,1,1,1,Returning_Visitor,0,0
0,0.0,0,0.0,7,94.33333333,0.0,0.028571429,0.0,0.0,May,2,5,2,3,Returning_Visitor,0,0
4,59.4,0,0.0,19,157.2,0.010526316,0.021052632,0.0,0.0,Sep,2,5,3,2,New_Visitor,1,0
5,75.5,0,0.0,24,1009.95,0.007407407,0.018518519,0.0,0.0,Nov,2,4,6,3,Returning_Visitor,0,0
0,0.0,0,0.0,8,143.25,0.0,0.05,0.0,0.0,Dec,2,2,1,1,Returning_Visitor,0,0
0,0.0,0,0.0,15,436.0,0.013333333,0.086666667,0.0,0.8,May,2,2,1,3,Returning_Visitor,0,0
1,0.0,0,0.0,55,2780.609524,0.019242424,0.045272727,9.137331307,0.0,Dec,2,2,8,3,Returning_Visitor,0,0
0,0.0,0,0.0,2,93.0,0.0,0.05,0.0,0.0,Dec,3,2,5,2,Returning_Visitor,0,0
2,423.6,0,0.0,46,2031.506667,0.013043478,0.023913043,0.0,0.0,Aug,2,2,4,1,Returning_Visitor,0,0
0,0.0,0,0.0,2,12.0,0.05,0.12,0.0,0.6,May,1,1,1,4,Returning_Visitor,0,0
0,0.0,0,0.0,1,0.0,0.2,0.2,0.0,0.0,May,1,1,4,3,Returning_Visitor,0,0
4,155.0,0,0.0,60,3086.398654,0.000287356,0.019676875,0.0,0.4,May,2,5,2,1,Returning_Visitor,0,0
0,0.0,0,0.0,14,313.0178571,0.0,0.016071429,0.0,0.0,Nov,3,2,4,2,Returning_Visitor,0,0
5,147.75,0,0.0,44,670.3,0.012765957,0.023404255,0.0,0.0,May,2,2,4,3,Returning_Visitor,0,0
1,54.0,0,0.0,31,2543.5,0.0,0.006666667,0.0,0.0,May,2,2,5,2,Returning_Visitor,0,0
0,0.0,0,0.0,12,169.3,0.0,0.016666667,0.0,0.0,Mar,2,2,3,2,Returning_Visitor,1,0
3,154.5,0,0.0,21,638.3333333,0.0,0.047222222,0.0,0.0,May,2,5,4,4,Returning_Visitor,0,0
0,0.0,0,0.0,44,831.6083333,0.0,0.013178295,0.0,0.0,May,2,2,2,2,Returning_Visitor,0,0
0,0.0,0,0.0,5,82.0,0.0,0.04,0.0,0.0,Nov,2,2,9,8,Returning_Visitor,0,0
6,192.5,0,0.0,113,3000.666667,0.003478261,0.005217391,0.0,0.0,Mar,2,2,3,2,Returning_Visitor,0,0
8,167.45,1,168.2,33,755.8769841,0.026315789,0.041315789,0.0,0.0,Oct,2,2,3,3,Returning_Visitor,0,0
2,47.5,0,0.0,50,1870.791667,0.002641509,0.024025157,0.0,0.0,Dec,2,2,6,1,Returning_Visitor,0,0
0,0.0,0,0.0,4,124.5,0.05,0.07,0.0,0.6,May,2,2,6,3,Returning_Visitor,0,0
0,0.0,0,0.0,4,132.5,0.175,0.183333333,0.0,0.0,Nov,3,2,4,13,Returning_Visitor,1,0
0,0.0,0,0.0,31,1350.5,0.006451613,0.016129032,0.0,0.0,Mar,2,5,2,2,Returning_Visitor,0,0
0,0.0,0,0.0,17,582.4,0.066666667,0.071111111,0.0,0.2,May,3,2,4,13,Returning_Visitor,0,0
0,0.0,0,0.0,3,120.5,0.0,0.066666667,0.0,0.0,Nov,2,2,3,1,Other,1,0
1,64.4,0,0.0,22,2364.65,0.0,0.043478261,0.0,0.0,Oct,2,2,1,2,Returning_Visitor,0,0
0,0.0,0,0.0,5,185.0,0.0,0.04,0.0,0.0,Nov,3,2,7,6,New_Visitor,1,0
6,288.0,0,0.0,16,475.3,0.010526316,0.036842105,0.0,0.0,Sep,2,2,2,13,Returning_Visitor,0,0
5,28.0,0,0.0,6,80.0,0.0,0.028571429,0.0,0.0,Mar,2,4,3,1,Returning_Visitor,0,0
0,0.0,0,0.0,40,1161.9,0.055,0.08,0.0,0.0,Sep,1,8,6,1,Returning_Visitor,0,0
0,0.0,0,0.0,12,213.5,0.016666667,0.033333333,0.0,0.2,May,4,1,1,3,Returning_Visitor,0,0
2,140.0,0,0.0,6,130.0,0.0,0.025,0.0,0.0,Mar,1,1,4,2,New_Visitor,1,0
5,29.0,0,0.0,8,233.5,0.0,0.027777778,0.0,0.0,Dec,2,2,4,2,Returning_Visitor,0,0
0,0.0,0,0.0,5,56.0,0.0,0.08,0.0,0.0,Mar,2,2,1,1,Returning_Visitor,0,0
5,51.5,0,0.0,2,6.0,0.0,0.033333333,0.0,0.0,Mar,2,5,2,1,Returning_Visitor,0,0
0,0.0,3,34.3,137,4045.726634,0.009993099,0.021710569,0.0,0.0,Nov,1,2,1,2,Returning_Visitor,0,0
0,0.0,0,0.0,2,35.0,0.0,0.05,0.0,0.0,Nov,2,2,1,10,New_Visitor,0,0
4,165.0,0,0.0,22,1058.189474,0.0,0.022173913,0.0,0.0,May,2,2,1,1,Returning_Visitor,0,0
0,0.0,0,0.0,48,4152.083333,0.00625,0.028125,0.0,0.0,Nov,2,2,1,1,Returning_Visitor,1,0
7,245.3333333,0,0.0,5,256.6666667,0.027272727,0.051818182,0.0,0.0,May,1,1,3,3,Returning_Visitor,0,0
0,0.0,0,0.0,3,19.0,0.066666667,0.133333333,0.0,0.0,Nov,2,5,3,10,Returning_Visitor,0,0
0,0.0,0,0.0,4,46.75,0.0,0.05,0.0,0.0,Nov,1,1,3,3,Returning_Visitor,0,0
0,0.0,0,0.0,19,295.8333333,0.0,0.010526316,0.0,0.0,Nov,2,2,2,2,New_Visitor,0,0
0,0.0,0,0.0,13,182.25,0.046153846,0.076923077,0.0,0.0,Dec,2,2,1,1,Returning_Visitor,0,0
9,73.25,0,0.0,26,2923.25,0.020689655,0.037931034,0.0,0.0,Dec,1,1,3,1,Returning_Visitor,0,0
0,0.0,0,0.0,6,45.33333333,0.033333333,0.066666667,0.0,0.0,May,2,2,1,3,Returning_Visitor,0,0
0,0.0,0,0.0,18,4293.4,0.041176471,0.064705882,0.0,0.0,Nov,2,2,3,1,Returning_Visitor,0,0
0,0.0,0,0.0,12,338.75,0.0,0.033333333,0.0,0.0,Nov,2,4,1,2,Returning_Visitor,0,0
2,45.0,2,55.5,4,77.5,0.0,0.033333333,0.0,0.0,May,1,1,2,4,Returning_Visitor,1,0
0,0.0,0,0.0,15,242.9166667,0.006666667,0.006666667,0.0,0.0,Nov,3,2,1,11,Returning_Visitor,1,0
11,455.0666667,3,306.1,41,5194.857143,0.001754386,0.013972431,22.65941331,0.0,Oct,2,4,1,20,Returning_Visitor,0,0
1,33.5,0,0.0,15,710.25,0.0,0.011111111,0.0,0.0,Dec,2,10,1,8,New_Visitor,0,0
0,0.0,1,59.5,37,925.6666667,0.0,0.007894737,0.0,0.0,Nov,3,2,4,2,Returning_Visitor,1,0
2,208.0,1,50.0,30,1461.666667,0.0,0.02125,0.0,0.0,Mar,2,5,1,3,Returning_Visitor,0,0
0,0.0,0,0.0,4,108.0,0.0,0.05,0.0,0.8,May,3,2,3,2,Returning_Visitor,0,0
0,0.0,2,65.5,4,71.5,0.0,0.033333333,0.0,0.0,Nov,2,2,1,11,Returning_Visitor,1,0
0,0.0,0,0.0,2,53.5,0.05,0.15,0.0,0.0,Dec,3,3,5,20,Returning_Visitor,0,0
3,36.25,1,10.0,35,2109.919048,0.018918919,0.027190827,23.8705054,0.0,Dec,3,2,3,1,Returning_Visitor,0,0
0,0.0,0,0.0,7,259.0,0.028571429,0.057142857,0.0,0.0,Nov,2,2,8,2,Returning_Visitor,0,0
0,0.0,0,0.0,119,1243.180556,0.0,0.007668207,1.809360775,0.0,May,2,2,1,2,Returning_Visitor,0,0
0,0.0,0,0.0,14,266.0166667,0.0,0.042857143,0.0,0.0,Mar,3,2,1,1,Returning_Visitor,1,0
1,4.0,0,0.0,43,1418.5,0.0,0.018181818,0.0,0.0,Mar,4,1,2,3,Returning_Visitor,1,0
0,0.0,0,0.0,2,0.0,0.0,0.2,0.0,0.0,Nov,1,1,1,1,Returning_Visitor,0,0
6,124.5,5,132.8333333,45,901.0916667,0.004,0.010111111,0.0,0.0,May,2,5,2,2,Returning_Visitor,0,0
11,167.4061355,0,0.0,49,1512.574405,0.0,0.007188359,0.0,0.0,Nov,1,1,3,2,New_Visitor,0,0
6,143.5142857,0,0.0,31,1359.957586,0.001612903,0.003655914,32.88667049,0.0,Dec,2,2,2,2,Returning_Visitor,0,0
2,386.0,0,0.0,72,712.2960784,0.0,0.000913242,0.0,0.0,Nov,2,2,4,2,New_Visitor,0,0
10,60.7,1,110.25,75,1585.60873,0.005063291,0.021603376,0.0,0.0,Dec,2,2,4,1,Returning_Visitor,0,0
3,45.8,0,0.0,63,2435.697531,0.00952381,0.017460317,0.0,0.0,Jul,3,2,4,3,Returning_Visitor,0,0
0,0.0,0,0.0,12,166.0833333,0.016666667,0.025,0.0,0.0,Nov,1,1,1,2,Returning_Visitor,1,0
0,0.0,5,663.9166667,47,2059.7,0.005769231,0.033243423,0.0,0.0,Dec,3,2,3,6,Returning_Visitor,0,0
7,119.0,0,0.0,67,2421.060623,0.0,0.005379499,0.902835681,0.0,May,2,2,3,2,Returning_Visitor,0,0
11,102.1666667,1,20.0,25,1222.625,0.0,0.035,0.0,0.0,Dec,2,2,1,2,Returning_Visitor,0,0
0,0.0,0,0.0,4,173.5,0.0,0.05,0.0,0.0,Mar,3,3,4,3,Returning_Visitor,1,0
0,0.0,0,0.0,40,1783.25,0.008333333,0.026416667,0.0,0.8,May,2,6,3,2,Returning_Visitor,0,0
0,0.0,0,0.0,22,356.8,0.0,0.016666667,0.0,0.0,Mar,2,2,2,8,Returning_Visitor,0,0
0,0.0,0,0.0,1,0.0,0.2,0.2,0.0,0.0,Mar,3,2,3,1,Returning_Visitor,0,0
0,0.0,0,0.0,4,18.2,0.15,0.15,0.0,0.0,Sep,3,2,1,13,Returning_Visitor,0,0
2,37.5,0,0.0,2,492.5,0.0,0.05,0.0,0.0,Mar,2,2,1,2,Returning_Visitor,0,0
6,95.91666667,0,0.0,19,671.55,0.0,0.020454545,28.12876638,0.0,Dec,2,2,7,2,Returning_Visitor,0,0
9,150.0,0,0.0,128,1799.144235,0.009237379,0.020182874,0.0,0.8,May,3,2,3,13,Returning_Visitor,0,0
0,0.0,0,0.0,5,67.0,0.12,0.14,0.0,0.6,May,1,1,6,3,Returning_Visitor,0,0
4,53.0,0,0.0,70,2720.7,0.017506494,0.031513142,4.858842857,0.0,May,3,2,1,13,Returning_Visitor,1,0
0,0.0,0,0.0,2,55.0,0.0,0.05,0.0,0.4,May,3,2,1,13,Returning_Visitor,0,0
0,0.0,0,0.0,16,519.8666667,0.0,0.0,0.0,0.0,Jul,1,1,1,4,Returning_Visitor,0,0
0,0.0,0,0.0,34,508.558547,0.014705882,0.027528909,0.0,0.0,Dec,2,2,3,10,Returning_Visitor,0,0
0,0.0,0,0.0,5,236.0,0.0,0.04,0.0,0.0,Mar,1,1,6,1,Returning_Visitor,0,0
0,0.0,1,322.4,27,1747.7,0.007692308,0.025641026,0.0,0.0,Oct,2,4,5,1,Returning_Visitor,0,0
1,0.0,0,0.0,28,219.8,0.0,0.037931034,0.0,0.0,Nov,2,2,1,1,Returning_Visitor,1,0
3,40.2,0,0.0,11,201.1333333,0.0,0.02,0.0,0.0,June,2,2,2,1,New_Visitor,0,0
0,0.0,0,0.0,19,923.22,0.0,0.0,0.0,0.0,Aug,1,1,1,4,Returning_Visitor,0,0
2,62.5,0,0.0,17,548.3333333,0.0,0.031372549,0.0,0.0,Mar,2,2,1,2,Returning_Visitor,0,0
0,0.0,0,0.0,11,296.5,0.036363636,0.081818182,0.0,0.0,Nov,2,2,1,1,Returning_Visitor,0,0
4,31.0,4,106.0,27,825.1401515,0.006896552,0.025517241,0.0,0.0,Nov,2,2,3,2,Returning_Visitor,1,0
0,0.0,0,0.0,15,411.0833333,0.013333333,0.033333333,0.0,0.0,Nov,2,2,3,3,Returning_Visitor,0,0
0,0.0,0,0.0,1,0.0,0.2,0.2,0.0,0.0,May,4,1,1,5,Returning_Visitor,0,0
2,23.8,0,0.0,6,135.2,0.0,0.025,0.0,0.0,Sep,2,5,3,1,New_Visitor,0,0
9,298.6666667,0,0.0,27,1084.5,0.0,0.010784314,22.96411765,0.0,Mar,2,2,1,8,New_Visitor,0,0
0,0.0,0,0.0,17,445.0,0.047058824,0.062745098,0.0,0.0,Mar,2,2,6,1,Returning_Visitor,0,0
5,150.2,2,20.0,22,392.6,0.028,0.06,0.0,0.0,Oct,2,2,7,3,Returning_Visitor,0,0
15,937.1746032,3,357.0,109,6682.677557,0.000833333,0.005345441,2.526616865,0.0,Mar,1,2,3,2,Returning_Visitor,0,0
2,105.0,0,0.0,16,305.4285714,0.0,0.01875,0.0,0.2,May,1,8,3,11,Returning_Visitor,0,0
0,0.0,0,0.0,2,27.0,0.0,0.1,0.0,0.0,Mar,4,1,4,2,Returning_Visitor,0,0
5,79.1,0,0.0,36,1081.108333,0.025,0.025972222,0.0,0.0,Sep,1,2,2,2,Returning_Visitor,1,0
0,0.0,1,0.0,50,1115.459524,0.007843137,0.015686275,0.0,0.0,May,3,2,6,4,Returning_Visitor,1,0
0,0.0,0,0.0,2,63.5,0.0,0.1,0.0,0.0,Nov,1,1,1,3,Returning_Visitor,0,0
4,109.0,2,34.0,30,1049.833333,0.0125,0.028645833,0.0,0.0,May,2,2,6,4,Returning_Visitor,1,0
3,216.5,3,127.5,151,7700.501461,0.002597403,0.012782022,4.074920999,0.0,Dec,2,2,3,2,Returning_Visitor,0,0
0,0.0,0,0.0,22,266.1666667,0.009090909,0.018181818,0.0,0.0,Nov,2,4,1,2,Returning_Visitor,0,0
7,159.3333333,0,0.0,24,520.6666667,0.0,0.006666667,0.0,0.0,Mar,2,10,4,3,New_Visitor,1,0
0,0.0,0,0.0,8,232.5,0.0,0.05,0.0,0.0,Nov,4,2,1,2,New_Visitor,0,0
5,135.5,0,0.0,86,2106.894048,0.002325581,0.008914729,0.0,0.0,Nov,2,2,3,2,Returning_Visitor,0,0
5,73.5,0,0.0,26,463.7583333,0.0,0.001346801,0.0,0.0,Mar,2,2,3,2,New_Visitor,0,0
0,0.0,0,0.0,6,83.0,0.033333333,0.1,0.0,0.6,May,2,2,4,6,Returning_Visitor,0,0
0,0.0,0,0.0,53,2309.995238,0.047479439,0.06394752,0.0,0.4,May,3,2,1,3,Returning_Visitor,0,0
2,41.2,0,0.0,36,595.8,0.0,0.005405405,0.0,0.0,Nov,4,2,2,4,Returning_Visitor,0,0
0,0.0,0,0.0,17,588.6666667,0.011764706,0.035294118,0.0,0.0,Mar,2,4,4,1,Returning_Visitor,0,0
7,213.4333333,0,0.0,15,253.5541667,0.0,0.0125,0.0,0.0,May,1,1,1,4,Returning_Visitor,1,0
2,42.4,0,0.0,24,2095.819048,0.025,0.041319444,0.0,0.0,Dec,3,2,3,1,Returning_Visitor,0,0
0,0.0,0,0.0,1,0.0,0.2,0.2,0.0,0.0,Dec,3,2,7,3,Returning_Visitor,0,0
0,0.0,0,0.0,9,268.5,0.055555556,0.1,0.0,0.8,May,2,2,1,6,Returning_Visitor,0,0
4,20.5,1,59.0,5,83.5,0.0,0.014814815,0.0,0.0,Dec,2,2,9,3,Returning_Visitor,0,0
0,0.0,0,0.0,6,202.0,0.033333333,0.05,0.0,0.4,May,2,2,6,4,Returning_Visitor,0,0
0,0.0,0,0.0,4,1833.0,0.0,0.05,0.0,0.0,Mar,2,5,2,10,Returning_Visitor,1,0
0,0.0,0,0.0,4,738.0,0.1,0.15,0.0,0.0,Mar,2,5,4,2,Returning_Visitor,1,0
0,0.0,0,0.0,4,14.0,0.1,0.15,0.0,0.0,Mar,3,2,1,1,Returning_Visitor,0,0
2,156.0,1,201.0,14,1033.066667,0.0125,0.012291667,0.0,0.0,May,1,1,6,3,Returning_Visitor,1,0
0,0.0,0,0.0,6,1133.666667,0.028205128,0.038562092,0.0,0.2,May,3,2,1,1,Returning_Visitor,0,0
2,57.4,2,69.4,13,1316.533333,0.011764706,0.05,0.0,0.0,Aug,2,2,3,4,Returning_Visitor,1,0
0,0.0,0,0.0,4,36.5,0.0,0.05,0.0,0.0,Mar,2,2,7,1,Returning_Visitor,0,0
0,0.0,0,0.0,8,326.5,0.1,0.125,0.0,0.0,Mar,1,1,1,3,Returning_Visitor,0,0
0,0.0,0,0.0,13,190.25,0.030769231,0.049230769,0.0,0.0,May,2,2,1,13,Returning_Visitor,0,0
0,0.0,0,0.0,3,79.5,0.0,0.033333333,0.0,0.0,Mar,3,2,2,2,Returning_Visitor,0,0
0,0.0,0,0.0,8,391.25,0.0,0.0125,0.0,0.0,Nov,3,2,4,10,Returning_Visitor,1,0
5,120.0,1,0.0,27,1583.596154,0.0,0.028282828,39.63270309,0.0,Mar,2,2,4,2,Returning_Visitor,0,0
1,4.0,0,0.0,6,102.0,0.0,0.057142857,0.0,0.0,May,2,2,1,3,New_Visitor,0,0
9,79.0,1,155.5,55,1743.066667,0.0,0.004371585,0.0,0.0,Mar,2,2,6,2,Returning_Visitor,0,0
0,0.0,0,0.0,3,15.0,0.066666667,0.133333333,0.0,0.4,May,2,2,4,1,Returning_Visitor,0,0
0,0.0,0,0.0,24,981.1666667,0.051388889,0.084722222,0.0,0.0,May,2,2,1,11,Returning_Visitor,1,0
2,15.41666667,6,160.8333333,8,143.3333333,0.013333333,0.045238095,0.0,0.0,Nov,1,1,4,2,Returning_Visitor,0,0
0,0.0,0,0.0,9,740.1666667,0.0,0.014285714,0.0,0.0,Nov,3,2,1,1,Returning_Visitor,0,0
4,36.0,0,0.0,28,708.9166667,0.0,0.003846154,0.0,0.0,May,2,6,1,3,New_Visitor,0,0
0,0.0,0,0.0,13,973.5,0.0,0.046153846,0.0,0.0,Mar,2,2,1,1,Returning_Visitor,1,0
6,169.7916667,0,0.0,32,1547.625,0.0,0.013157895,23.53105656,0.0,Dec,2,2,1,1,Returning_Visitor,0,0
2,14.0,0,0.0,31,754.5,0.0,0.00625,0.0,0.0,Mar,2,2,1,8,Returning_Visitor,1,0
0,0.0,0,0.0,7,753.0,0.0,0.00952381,0.0,0.0,Mar,2,10,1,2,Returning_Visitor,0,0
6,331.25,3,365.25,6,267.0,0.0,0.021428571,0.0,0.0,Dec,1,2,7,3,Returning_Visitor,1,0
2,23.0,0,0.0,31,618.0,0.0,0.006451613,0.0,0.0,May,2,2,9,3,Returning_Visitor,0,0
2,72.6,0,0.0,9,198.7,0.0,0.018181818,0.0,0.0,Sep,2,2,7,6,Returning_Visitor,1,0
6,342.1,0,0.0,82,895.1111111,0.002325581,0.004844961,0.0,0.0,Sep,2,2,1,3,Returning_Visitor,0,0
6,87.7,2,60.5,24,448.1945887,0.0,0.005747126,0.0,0.0,Nov,2,5,1,8,New_Visitor,0,0
0,0.0,0,0.0,12,247.0,0.0,0.016666667,0.0,0.0,Dec,8,1,3,1,Returning_Visitor,1,0
0,0.0,0,0.0,14,121.0,0.092857143,0.116666667,0.0,0.4,May,3,2,3,13,Returning_Visitor,0,0
0,0.0,0,0.0,29,2841.0,0.0,0.024137931,0.0,0.8,May,2,2,7,4,Returning_Visitor,0,0
0,0.0,0,0.0,13,98.66666667,0.015384615,0.046153846,0.0,0.0,Dec,2,2,3,13,Returning_Visitor,0,0
10,247.15,3,788.0,111,2556.373335,0.000423729,0.00814597,2.514977953,0.0,Nov,2,2,1,3,Returning_Visitor,0,0
0,0.0,0,0.0,8,56.33333333,0.0,0.0125,0.0,1.0,May,2,2,1,4,Returning_Visitor,1,0
11,504.2833333,1,0.0,58,2451.058466,0.012365591,0.022769886,0.0,0.0,Dec,3,2,1,1,Returning_Visitor,0,0
0,0.0,0,0.0,1,0.0,0.2,0.2,0.0,0.2,May,3,2,6,3,Returning_Visitor,0,0
0,0.0,0,0.0,14,419.375,0.042857143,0.083333333,0.0,0.0,Nov,2,2,8,1,Returning_Visitor,0,0
1,5.5,3,169.2,14,517.66,0.011111111,0.022222222,50.18313917,0.0,Jul,3,2,1,2,Returning_Visitor,1,0
3,95.0,0,0.0,27,808.7,0.006896552,0.010344828,0.0,0.0,Mar,3,2,7,3,Returning_Visitor,1,0
0,0.0,0,0.0,9,244.5,0.0,0.011111111,0.0,0.0,Mar,3,2,1,3,Returning_Visitor,0,0
3,13.0,1,0.0,51,4651.612222,0.004155844,0.020606061,0.0,0.0,Jul,2,4,3,4,Returning_Visitor,0,0
11,267.1666667,0,0.0,39,881.4416667,0.004166667,0.011458333,20.11751289,0.0,Mar,2,2,3,1,New_Visitor,0,0
1,36.5,0,0.0,30,1668.116667,0.0,0.023809524,0.0,0.0,Dec,1,1,8,2,Returning_Visitor,0,0
1,6.0,0,0.0,44,2011.305556,0.0,0.012301587,0.0,0.0,Nov,2,2,1,3,Returning_Visitor,0,0
0,0.0,0,0.0,15,1332.833333,0.014285714,0.005714286,0.0,0.0,Mar,2,5,4,2,Returning_Visitor,1,0
0,0.0,1,44.0,41,1089.75,0.0,0.005853659,0.0,0.0,Mar,2,2,3,2,New_Visitor,0,0
5,110.0,6,1188.5,230,9648.177094,0.004444444,0.015486639,3.359435653,0.0,Nov,2,2,1,2,Returning_Visitor,0,0
0,0.0,0,0.0,1,0.0,0.2,0.2,0.0,0.0,Dec,3,3,1,8,New_Visitor,0,0
0,0.0,0,0.0,1,0.0,0.2,0.2,0.0,0.0,Nov,3,2,7,13,Returning_Visitor,0,0
0,0.0,0,0.0,1,0.0,0.2,0.2,0.0,0.0,Nov,1,1,1,20,Returning_Visitor,0,0
0,0.0,0,0.0,18,644.125,0.00625,0.021924603,0.0,0.0,Mar,3,2,3,10,Returning_Visitor,0,0
4,112.5,0,0.0,26,1657.0,0.007407407,0.020987654,5.237224754,0.0,Nov,2,2,1,13,Returning_Visitor,0,0
0,0.0,4,140.0,26,832.8333333,0.006896552,0.040229885,0.0,0.0,May,3,2,1,2,Returning_Visitor,0,0
0,0.0,0,0.0,1,0.0,0.2,0.2,0.0,0.0,Mar,1,1,3,3,Returning_Visitor,0,0
3,110.5,0,0.0,10,284.0,0.0,0.008333333,0.0,1.0,May,1,8,1,11,New_Visitor,1,0
9,74.33333333,1,419.0,63,2717.327381,0.002857143,0.012857143,0.0,0.0,Mar,2,2,3,2,Returning_Visitor,1,0
0,0.0,0,0.0,3,17.0,0.0,0.066666667,0.0,0.0,May,2,2,9,3,Returning_Visitor,0,0
0,0.0,0,0.0,21,517.4238095,0.019047619,0.025,0.0,0.0,Mar,2,5,2,1,Returning_Visitor,0,0
3,16.0,0,0.0,29,423.1666667,0.010344828,0.029885057,0.0,0.0,Dec,3,2,6,1,Returning_Visitor,1,0
0,0.0,0,0.0,7,270.75,0.0,0.057142857,0.0,0.0,Dec,1,1,4,2,Returning_Visitor,1,0
1,9.0,0,0.0,19,734.5833333,0.016666667,0.044444444,0.0,0.0,Mar,2,10,1,1,Returning_Visitor,0,0
0,0.0,0,0.0,20,1413.768571,0.025,0.038472222,0.0,0.0,June,1,2,3,1,Returning_Visitor,1,0
6,561.0,0,0.0,29,1816.427273,0.011458333,0.020880682,0.0,0.0,May,3,2,5,13,Returning_Visitor,0,0
3,105.0,0,0.0,35,999.0,0.0,0.005714286,0.0,0.0,May,3,2,3,4,New_Visitor,0,0
0,0.0,0,0.0,17,477.7166667,0.0,0.0,0.0,0.0,Sep,2,2,6,2,New_Visitor,1,0
0,0.0,0,0.0,25,566.8833333,0.0,0.035619048,0.0,0.0,Nov,2,2,3,1,Returning_Visitor,1,0
0,0.0,0,0.0,1,0.0,0.2,0.2,0.0,0.0,May,6,7,3,15,Returning_Visitor,0,0
1,28.25,0,0.0,30,1862.333333,0.0,0.026436782,0.0,0.0,Nov,3,2,1,13,Returning_Visitor,0,0
3,108.5,0,0.0,2,74.66666667,0.0,0.016666667,0.0,0.8,May,3,2,3,2,Returning_Visitor,0,0
7,155.9,0,0.0,25,1400.958333,0.0,0.029012346,14.11909834,0.0,Dec,2,4,7,1,Returning_Visitor,0,0
1,42.0,0,0.0,19,682.1333333,0.0,0.021666667,14.14050684,0.0,Dec,1,1,4,10,Returning_Visitor,0,0
0,0.0,0,0.0,21,248.8333333,0.01,0.0225,0.0,0.0,May,2,5,6,3,Returning_Visitor,0,0
0,0.0,0,0.0,10,1186.6,0.02,0.08,0.0,0.0,Aug,2,5,1,3,Returning_Visitor,0,0
11,225.5,7,258.25,40,1352.833333,0.002,0.015733333,0.0,0.0,Dec,3,2,1,2,Returning_Visitor,1,0
0,0.0,0,0.0,1,0.0,0.2,0.2,0.0,0.0,May,3,2,1,3,Returning_Visitor,0,0
2,87.0,0,0.0,106,3156.501914,0.000628931,0.009577934,0.0,0.0,May,4,2,3,6,Returning_Visitor,0,0
0,0.0,0,0.0,9,146.375,0.075,0.0875,0.0,0.0,Nov,3,2,1,13,Returning_Visitor,0,0
0,0.0,0,0.0,38,1035.935714,0.037894737,0.05272284,0.0,0.2,May,1,1,1,1,Returning_Visitor,0,0
2,25.0,0,0.0,5,40.0,0.066666667,0.083333333,0.0,0.6,May,2,2,1,1,Returning_Visitor,0,0
1,145.5,0,0.0,26,1258.791667,0.019230769,0.018589744,0.0,0.0,Nov,1,1,9,2,Returning_Visitor,0,0
0,0.0,0,0.0,12,1653.6,0.016666667,0.027777778,0.0,0.0,Jul,3,2,4,3,Returning_Visitor,0,0
0,0.0,0,0.0,1,0.0,0.2,0.2,0.0,0.0,Nov,3,2,4,1,Other,0,0
6,277.1666667,2,900.5,24,1448.333333,0.0,0.003846154,0.0,0.0,May,2,4,4,2,New_Visitor,1,0
0,0.0,0,0.0,3,30.0,0.0,0.033333333,0.0,0.0,Dec,1,1,3,1,Returning_Visitor,0,0
3,54.0,4,32.0,4,46.0,0.0,0.022222222,0.0,0.0,Sep,1,1,1,5,New_Visitor,0,0
7,105.2083333,2,139.5,98,3452.2625,0.003543956,0.02462704,0.0,0.0,Nov,4,1,1,3,Returning_Visitor,0,0
0,0.0,0,0.0,9,216.0,0.066666667,0.077777778,0.0,0.0,May,1,1,1,3,Returning_Visitor,0,0
0,0.0,1,97.0,143,8060.963948,0.002923977,0.020798504,0.0,0.0,Nov,2,2,7,2,Returning_Visitor,0,0
0,0.0,0,0.0,3,112.0,0.0,0.033333333,0.0,0.0,Dec,1,1,2,2,Returning_Visitor,0,0
0,0.0,0,0.0,4,521.0,0.1,0.15,0.0,0.0,Mar,3,3,7,10,Returning_Visitor,0,0
0,0.0,0,0.0,19,583.1666667,0.010526316,0.030701754,0.0,0.8,May,2,4,1,3,Returning_Visitor,0,0
4,82.0,0,0.0,23,570.5166667,0.007407407,0.024074074,0.0,0.0,Mar,1,2,7,8,Returning_Visitor,0,0
3,202.1333333,0,0.0,23,721.1833333,0.0,0.008,0.0,0.0,Sep,1,1,1,2,New_Visitor,0,0
2,33.5,0,0.0,8,556.0,0.0,0.015151515,0.0,0.0,Dec,2,2,1,2,New_Visitor,1,0
1,108.0,0,0.0,37,1209.558333,0.016666667,0.033386243,0.0,0.0,Dec,2,2,1,1,Returning_Visitor,0,0
2,95.0,0,0.0,15,449.5,0.0125,0.04375,0.0,0.0,Mar,2,2,4,1,Returning_Visitor,0,0
0,0.0,0,0.0,7,261.5,0.0,0.00952381,0.0,0.0,Mar,2,2,4,1,Returning_Visitor,0,0
0,0.0,0,0.0,17,287.5,0.066666667,0.087037037,0.0,0.8,May,3,2,4,13,Returning_Visitor,0,0
4,27.0,0,0.0,9,79.25,0.0,0.046153846,0.0,0.0,Nov,2,2,3,1,Returning_Visitor,0,0
2,25.0,0,0.0,6,65.0,0.0,0.025,0.0,0.0,Mar,2,2,1,2,New_Visitor,1,0
0,0.0,0,0.0,12,201.3333333,0.016666667,0.035714286,0.0,0.0,Nov,3,2,1,13,Returning_Visitor,1,0
4,52.66666667,0,0.0,41,2303.183333,0.005714286,0.015873016,0.0,0.0,Dec,2,2,1,2,Returning_Visitor,1,0
0,0.0,0,0.0,1,0.0,0.2,0.2,0.0,0.0,Nov,2,2,8,6,Returning_Visitor,0,0
6,62.75,0,0.0,46,1098.524802,0.007083333,0.016529882,0.0,0.0,Nov,1,1,4,8,Returning_Visitor,0,0
0,0.0,0,0.0,7,701.0,0.0,0.057142857,0.0,0.8,May,2,5,1,4,Returning_Visitor,0,0
0,0.0,0,0.0,22,562.1666667,0.018181818,0.053030303,0.0,0.0,June,2,2,3,3,Returning_Visitor,1,0
0,0.0,0,0.0,3,76.5,0.04,0.047619048,0.0,0.0,May,1,1,4,5,Returning_Visitor,0,0
3,127.1,0,0.0,36,2590.8,0.0,0.026315789,0.0,0.0,Oct,2,2,1,1,Returning_Visitor,0,0
1,0.0,1,0.0,15,708.5333333,0.0,0.04,54.85543,0.0,Mar,2,4,3,2,Returning_Visitor,0,0
0,0.0,0,0.0,20,616.5,0.0,0.01,0.0,0.0,Nov,3,3,1,3,New_Visitor,0,0
0,0.0,0,0.0,23,647.5,0.028571429,0.04,0.0,0.0,May,3,2,1,1,Returning_Visitor,0,0
3,34.5,0,0.0,17,298.875,0.0,0.014035088,0.0,0.0,Dec,1,5,1,2,New_Visitor,0,0
0,0.0,0,0.0,3,65.5,0.066666667,0.1,0.0,0.0,Nov,3,2,1,13,Returning_Visitor,0,0
0,0.0,0,0.0,7,159.2,0.085714286,0.128571429,0.0,0.0,Aug,3,3,3,1,Returning_Visitor,1,0
0,0.0,0,0.0,21,574.5333333,0.0,0.011578947,0.0,0.0,Mar,2,2,3,1,Returning_Visitor,0,0
4,312.75,0,0.0,14,702.9166667,0.0,0.014259259,0.0,0.0,Mar,3,2,1,2,New_Visitor,0,0
6,108.0,2,43.66666667,118,3712.8116,0.003252033,0.010310363,8.256572358,0.0,May,2,10,3,4,Returning_Visitor,1,0
1,20.5,1,13.0,57,1518.903694,0.0,0.022947455,13.40247586,0.0,May,2,2,1,4,Returning_Visitor,0,0
3,34.0,3,66.0,20,374.4166667,0.033333333,0.076086957,0.0,0.0,Dec,3,2,1,13,Returning_Visitor,0,0
23,322.9416667,0,0.0,62,3142.941176,0.003037975,0.019685462,7.311892217,0.0,Nov,2,2,1,10,Returning_Visitor,1,0
0,0.0,0,0.0,1,0.0,0.2,0.2,0.0,0.0,May,2,2,5,13,Returning_Visitor,0,0
1,120.5,0,0.0,75,1677.805952,0.006578947,0.023128655,0.0,0.0,Dec,2,2,1,1,Returning_Visitor,0,0
0,0.0,0,0.0,2,27.0,0.0,0.05,0.0,0.0,May,3,2,3,3,Returning_Visitor,0,0
2,196.6,0,0.0,31,1514.3,0.036363636,0.066666667,0.0,0.0,Aug,1,8,7,1,Returning_Visitor,1,0
8,296.86,8,179.5,157,16093.30941,0.007903295,0.027247449,2.051882078,0.0,June,2,2,1,5,Returning_Visitor,1,0
0,0.0,0,0.0,37,456.15,0.121621622,0.131891892,0.0,0.0,Jul,3,2,1,3,Returning_Visitor,1,0
0,0.0,0,0.0,140,2404.831006,0.001428571,0.003142857,0.0,0.0,Nov,1,1,4,2,Returning_Visitor,0,0
7,76.15,0,0.0,67,1553.696667,0.008571429,0.019047619,0.68291229,0.0,June,2,2,2,13,Returning_Visitor,0,0
1,65.4,0,0.0,55,1033.65,0.017857143,0.024404762,0.0,0.0,Oct,3,2,1,1,Returning_Visitor,0,0
0,0.0,0,0.0,23,363.5,0.0,0.013043478,0.0,0.8,May,2,2,2,1,Returning_Visitor,0,0
0,0.0,1,14.0,34,3900.428571,0.035714286,0.078938839,0.0,0.6,May,1,1,1,4,Returning_Visitor,0,0
3,124.0,0,0.0,0,0.0,0.0,0.033333333,0.0,0.0,Mar,3,2,6,3,Returning_Visitor,0,0
11,1284.3375,3,303.625,96,2478.070833,0.007355769,0.018144023,0.0,0.0,Dec,1,1,3,2,Returning_Visitor,0,0
5,69.5,0,0.0,4,34.5,0.0,0.026666667,0.0,0.0,May,2,2,3,4,Returning_Visitor,1,0
0,0.0,0,0.0,5,70.0,0.04,0.12,0.0,0.0,May,1,1,1,3,Returning_Visitor,0,0
0,0.0,0,0.0,7,155.0,0.066666667,0.1,0.0,0.0,May,2,2,1,4,Returning_Visitor,0,0
3,1178.6,4,124.8,18,1716.373333,0.008333333,0.016666667,0.0,0.0,Jul,2,5,6,1,Returning_Visitor,0,0
0,0.0,0,0.0,80,3734.958333,0.0025,0.026547619,0.0,0.0,Nov,2,2,1,2,Returning_Visitor,0,0
0,0.0,0,0.0,6,551.0,0.033333333,0.05,0.0,0.0,Mar,1,1,3,1,Returning_Visitor,0,0
2,49.7,1,0.0,64,1991.822567,0.014830918,0.022398206,21.74053053,0.0,Nov,1,1,1,2,Returning_Visitor,1,0
2,27.5,0,0.0,44,1026.450758,0.004651163,0.037364341,0.0,0.0,Dec,2,2,9,3,Returning_Visitor,0,0
8,163.375,0,0.0,18,403.4166667,0.0,0.005,0.0,0.0,Dec,2,2,9,2,New_Visitor,0,0
4,103.0,0,0.0,32,1092.183333,0.0,0.00625,0.0,0.0,Jul,2,2,6,1,Returning_Visitor,0,0
7,94.83333333,2,38.9,262,6774.82,0.000425406,0.013069803,0.0,0.0,June,2,5,1,4,Returning_Visitor,0,0
1,12.0,0,0.0,4,63.4,0.0,0.04,0.0,0.0,Oct,1,8,6,20,New_Visitor,0,0
0,0.0,0,0.0,3,54.4,0.066666667,0.133333333,0.0,0.0,Jul,3,2,4,3,Returning_Visitor,1,0
0,0.0,0,0.0,9,281.5,0.0,0.008333333,0.0,0.0,Oct,4,2,9,7,Returning_Visitor,0,0
6,125.5,0,0.0,19,1409.416667,0.002469136,0.023703704,0.0,0.0,Mar,1,8,3,2,Returning_Visitor,0,0
11,365.1166667,4,65.5,149,6082.873739,0.011520436,0.027243522,0.0,0.0,Nov,1,1,3,2,Returning_Visitor,0,0
4,138.1,0,0.0,20,1708.98,0.0125,0.057936508,0.0,0.0,Sep,3,3,4,4,Returning_Visitor,1,0
0,0.0,0,0.0,19,439.8333333,0.005555556,0.003703704,0.0,0.0,Mar,1,1,7,2,New_Visitor,0,0
0,0.0,0,0.0,23,1375.916667,0.039130435,0.093478261,0.0,0.0,Nov,3,2,8,13,Returning_Visitor,0,0
0,0.0,3,12.0,21,330.0,0.069565217,0.091304348,0.0,0.0,June,2,2,4,13,Returning_Visitor,0,0
3,149.0666667,0,0.0,19,285.6166667,0.019047619,0.019047619,0.0,0.0,Nov,3,2,1,2,Returning_Visitor,0,0
9,223.0,1,93.0,76,2893.940476,0.002409639,0.014859438,1.935491302,0.0,Nov,1,2,3,8,Returning_Visitor,0,0
1,0.0,0,0.0,4,795.0,0.066666667,0.111111111,0.0,0.0,Nov,3,2,9,6,Returning_Visitor,1,0
5,316.8,0,0.0,26,1086.178571,0.014285714,0.017267081,5.981166667,0.0,May,3,2,3,2,Returning_Visitor,0,0
1,12.0,0,0.0,22,380.8066667,0.019047619,0.013333333,0.0,0.0,Jul,1,2,3,2,Returning_Visitor,0,0
11,369.8333333,4,109.8,150,5962.205556,0.005345912,0.015283019,0.0,0.0,June,2,2,5,2,Returning_Visitor,0,0
2,145.2,0,0.0,14,266.66,0.0125,0.029166667,0.0,0.0,Sep,3,2,3,1,Returning_Visitor,0,0
8,112.27,0,0.0,149,4304.366905,0.01025641,0.027991453,0.0,0.0,Sep,2,5,1,1,Returning_Visitor,0,0
1,5.0,3,40.0,79,1594.972222,0.0,0.015691057,0.0,0.0,May,2,2,3,2,Returning_Visitor,1,0
0,0.0,0,0.0,22,555.8666667,0.00952381,0.019047619,0.0,0.0,May,3,2,3,13,Returning_Visitor,1,0
0,0.0,0,0.0,1,0.0,0.2,0.2,0.0,0.0,May,2,10,5,1,Returning_Visitor,0,0
0,0.0,0,0.0,9,326.0,0.0,0.055555556,0.0,0.0,May,3,2,4,2,Returning_Visitor,0,0
0,0.0,0,0.0,5,68.4,0.0,0.08,0.0,0.0,June,2,4,2,4,Returning_Visitor,0,0
8,732.25,0,0.0,34,1345.755952,0.005128205,0.013341952,12.27419487,0.8,May,3,3,3,2,Returning_Visitor,0,0
0,0.0,0,0.0,26,419.352381,0.007692308,0.037130178,0.0,0.8,May,2,4,3,2,Returning_Visitor,0,0
4,101.7,0,0.0,40,708.5547619,0.009302326,0.016434109,0.0,0.0,Aug,2,2,3,13,Returning_Visitor,0,0
0,0.0,0,0.0,30,365.4,0.027586207,0.035862069,0.0,0.0,Mar,3,2,6,1,Returning_Visitor,0,0
3,48.35,2,358.6,35,676.2666667,0.005128205,0.013675214,0.0,0.0,Oct,2,2,2,2,New_Visitor,0,0
0,0.0,1,0.0,17,982.757619,0.0125,0.035416667,0.0,0.0,Sep,2,5,2,1,Returning_Visitor,0,0
0,0.0,0,0.0,2,0.0,0.2,0.2,0.0,0.0,Mar,2,2,1,1,Returning_Visitor,0,0
0,0.0,0,0.0,8,136.1666667,0.0,0.008333333,0.0,1.0,Feb,2,2,5,1,Returning_Visitor,1,0
0,0.0,1,2.0,25,344.3214286,0.00617284,0.033333333,0.0,0.4,May,2,2,1,1,Returning_Visitor,0,0
3,204.4,0,0.0,4,117.0,0.0,0.028571429,0.0,0.0,Nov,2,2,6,2,New_Visitor,0,0
0,0.0,0,0.0,6,106.5,0.0,0.033333333,0.0,0.0,May,1,1,1,3,Returning_Visitor,0,0
0,0.0,0,0.0,22,657.42,0.021212121,0.046969697,0.0,0.0,Jul,3,2,3,4,Returning_Visitor,1,0
0,0.0,0,0.0,2,37.5,0.0,0.033333333,0.0,0.0,Mar,3,2,4,3,Returning_Visitor,1,0
0,0.0,0,0.0,13,136.0,0.142857143,0.154761905,0.0,0.8,May,3,2,7,13,Returning_Visitor,0,0
0,0.0,0,0.0,1,0.0,0.2,0.2,0.0,0.0,Dec,1,1,1,1,Returning_Visitor,1,0
0,0.0,0,0.0,1,0.0,0.2,0.2,0.0,0.0,Mar,3,2,2,1,Returning_Visitor,0,0
6,141.0,0,0.0,47,830.3411669,0.004421769,0.028456454,0.0,0.0,Aug,1,1,4,2,Returning_Visitor,0,0
0,0.0,0,0.0,32,1916.633333,0.015625,0.0265625,0.0,0.0,Mar,2,2,1,10,Returning_Visitor,0,0
5,263.0,0,0.0,3,212.0,0.0,0.028571429,0.0,0.0,Mar,1,1,9,8,New_Visitor,0,0
0,0.0,0,0.0,17,557.1666667,0.023529412,0.049509804,0.0,0.0,Mar,3,2,1,1,Returning_Visitor,0,0
3,326.0,0,0.0,19,364.5333333,0.0,0.027,0.0,0.0,Nov,1,1,3,2,Returning_Visitor,0,0
0,0.0,0,0.0,10,155.9,0.02,0.04,0.0,0.0,Jul,2,2,6,20,Returning_Visitor,0,0
0,0.0,0,0.0,32,2759.633333,0.027083333,0.038541667,0.0,0.0,May,3,2,3,2,Returning_Visitor,0,0
0,0.0,0,0.0,10,206.5,0.0,0.02,0.0,0.0,Mar,2,2,1,1,Returning_Visitor,0,0
3,50.15,0,0.0,26,1107.116667,0.0,0.009490509,0.0,0.0,Aug,2,2,1,1,Returning_Visitor,0,0
0,0.0,0,0.0,2,33.0,0.0,0.1,0.0,0.0,May,1,8,3,2,Returning_Visitor,0,0
0,0.0,0,0.0,4,104.0,0.0,0.05,0.0,0.4,Feb,2,6,6,3,Returning_Visitor,0,0
0,0.0,0,0.0,14,116.8333333,0.064285714,0.085714286,0.0,0.6,May,2,2,2,3,Returning_Visitor,0,0
4,195.5,0,0.0,31,1028.533333,0.018181818,0.031313131,77.66478213,0.0,Nov,3,2,1,13,Returning_Visitor,0,0
0,0.0,0,0.0,17,287.75,0.073529412,0.121568627,0.0,0.6,May,2,2,1,4,Returning_Visitor,0,0
0,0.0,0,0.0,12,429.0,0.0,0.016666667,0.0,0.0,Nov,1,1,3,8,Returning_Visitor,0,0
0,0.0,0,0.0,10,60.0,0.0,0.04,0.0,0.0,May,2,2,5,4,Returning_Visitor,0,0
0,0.0,0,0.0,3,60.0,0.0,0.066666667,0.0,0.0,May,2,2,7,2,Returning_Visitor,1,0
6,93.3,0,0.0,70,2678.055238,0.0,0.005868545,0.0,0.0,Jul,2,2,1,2,Returning_Visitor,1,0
1,10.0,1,36.6,78,1983.225629,0.0025,0.007916667,15.50362136,0.0,June,3,2,1,2,Returning_Visitor,0,0
6,1672.033333,0,0.0,28,518.3966667,0.006060606,0.013333333,0.0,0.0,Oct,2,2,3,2,Returning_Visitor,1,0
0,0.0,0,0.0,13,265.1666667,0.0,0.046153846,0.0,0.0,Mar,2,2,4,2,Returning_Visitor,0,0
13,225.5386364,8,368.1547619,111,3874.240873,0.006494118,0.021731397,6.245397811,0.0,Nov,2,2,9,2,Returning_Visitor,0,0
0,0.0,0,0.0,5,375.0,0.0,0.04,0.0,0.0,Nov,1,1,3,10,Returning_Visitor,1,0
2,104.3,0,0.0,48,2307.661212,0.025510204,0.035488428,4.348145623,0.0,Oct,1,1,4,1,Returning_Visitor,1,0
1,59.5,0,0.0,20,646.1666667,0.0,0.025333333,0.0,0.0,Dec,2,2,9,3,Returning_Visitor,0,0
0,0.0,0,0.0,10,0.0,0.2,0.2,0.0,0.8,May,3,2,2,13,Returning_Visitor,0,0
3,41.0,0,0.0,32,1130.84697,0.014705882,0.01806184,0.0,0.0,May,1,1,2,3,Returning_Visitor,1,0
3,98.1,2,28.2,130,4994.848002,0.019799499,0.036825949,0.0,0.0,Sep,2,2,4,1,Returning_Visitor,1,0
12,248.2285714,0,0.0,66,1158.782857,0.009722222,0.022569444,0.0,0.0,Aug,3,2,1,3,Returning_Visitor,0,0
0,0.0,0,0.0,9,190.3333333,0.0,0.033333333,0.0,0.0,Dec,1,1,3,2,New_Visitor,0,0
0,0.0,0,0.0,4,158.0,0.05,0.1,0.0,0.0,May,2,2,4,13,Returning_Visitor,0,0
1,14.0,0,0.0,5,92.33333333,0.0,0.016666667,0.0,0.0,Dec,2,4,1,1,New_Visitor,0,0
0,0.0,0,0.0,30,655.5428571,0.006666667,0.019666667,0.0,0.0,Dec,3,2,1,2,Returning_Visitor,1,0
0,0.0,3,75.5,60,2050.191803,0.008758782,0.028381703,0.0,0.0,Nov,3,2,1,3,Returning_Visitor,0,0
0,0.0,0,0.0,7,88.0,0.0,0.057142857,0.0,0.8,May,2,2,3,1,Returning_Visitor,0,0
3,57.5,2,66.13333333,95,2772.278333,0.024722222,0.030104167,0.0,0.0,Oct,3,2,1,1,Returning_Visitor,0,0
2,42.0,0,0.0,29,218.0,0.0,0.003225806,0.0,0.0,Mar,2,2,1,2,Returning_Visitor,0,0
0,0.0,0,0.0,13,253.3333333,0.030769231,0.073076923,0.0,0.8,May,2,2,5,3,Returning_Visitor,0,0
2,10.0,1,19.0,24,845.8333333,0.004,0.022,0.0,0.0,Dec,1,1,4,3,Returning_Visitor,1,0
0,0.0,0,0.0,44,1151.116667,0.0,0.017829457,7.529302326,0.0,May,2,2,1,6,Returning_Visitor,0,0
0,0.0,0,0.0,1,0.0,0.2,0.2,0.0,0.0,Mar,2,2,5,3,Returning_Visitor,1,0
0,0.0,0,0.0,4,69.0,0.0,0.05,0.0,0.0,Mar,1,1,1,2,Returning_Visitor,0,0
0,0.0,0,0.0,37,785.3833333,0.05,0.079573935,0.0,0.6,May,2,2,3,11,Returning_Visitor,0,0
0,0.0,0,0.0,8,272.9,0.05,0.075,0.0,0.0,Oct,1,1,1,1,New_Visitor,0,0
2,63.66666667,0,0.0,26,542.1666667,0.008333333,0.03125,0.0,0.0,May,3,2,5,4,Returning_Visitor,0,0
1,3.0,0,0.0,11,271.7166667,0.0,0.016666667,0.0,0.0,Mar,4,1,3,2,Returning_Visitor,1,0
3,31.33333333,0,0.0,33,1077.869048,0.0015625,0.01953125,0.0,0.0,Mar,3,2,6,2,Returning_Visitor,0,0
0,0.0,0,0.0,11,216.0,0.018181818,0.036363636,0.0,0.0,May,2,5,1,1,Returning_Visitor,0,0
0,0.0,0,0.0,15,269.4,0.053333333,0.064444444,0.0,0.0,Aug,2,2,3,1,Returning_Visitor,0,0
5,103.875,0,0.0,6,81.375,0.0,0.025,0.0,0.0,Dec,1,1,3,2,Returning_Visitor,1,0
4,81.6,0,0.0,45,1096.42,0.041945289,0.072659574,0.0,0.0,Jul,3,2,6,13,Returning_Visitor,0,0
2,9.0,0,0.0,26,623.0266667,0.0,0.009047619,36.0824516,0.0,Nov,2,2,4,20,Returning_Visitor,0,0
4,76.6,7,89.53333333,87,4131.156044,0.006593407,0.037080939,0.0,0.0,Sep,2,2,1,3,Returning_Visitor,0,0
6,91.75,0,0.0,11,380.6666667,0.0,0.005128205,0.0,0.0,Dec,2,2,1,2,Returning_Visitor,1,0
1,47.5,0,0.0,123,3944.384921,0.00516129,0.017112135,3.303059969,0.0,Nov,2,2,1,2,Returning_Visitor,0,0
2,273.0,1,1.0,10,384.4,0.044444444,0.043386243,0.0,0.0,May,1,1,1,3,Returning_Visitor,0,0
3,35.0,0,0.0,16,352.0,0.0,0.011764706,0.0,0.0,Mar,2,2,2,1,Returning_Visitor,0,0
0,0.0,0,0.0,3,41.5,0.066666667,0.133333333,0.0,0.0,Nov,2,2,1,1,Returning_Visitor,1,0
0,0.0,0,0.0,4,910.0,0.0,0.025,0.0,0.0,Mar,2,5,1,10,Returning_Visitor,0,0
2,17.0,0,0.0,6,35.2,0.025,0.075,0.0,0.0,Aug,2,2,7,1,Returning_Visitor,0,0
1,106.3,0,0.0,32,2331.15,0.03125,0.048958333,0.0,0.0,Aug,3,2,4,1,Returning_Visitor,0,0
4,35.5,0,0.0,2,9.5,0.0,0.022222222,0.0,0.0,Dec,2,2,9,2,New_Visitor,0,0
16,445.35,0,0.0,103,2091.037588,0.007894737,0.028165804,7.224419132,0.0,Oct,3,2,1,2,Returning_Visitor,1,0
1,94.8,0,0.0,6,223.1,0.0,0.00952381,0.0,0.0,Sep,5,11,8,14,Returning_Visitor,0,0
0,0.0,0,0.0,13,436.6,0.002564103,0.082692308,0.0,0.6,May,1,6,1,4,Returning_Visitor,0,0
0,0.0,0,0.0,3,29.0,0.0,0.066666667,0.0,0.0,May,2,2,1,4,Returning_Visitor,1,0
0,0.0,0,0.0,32,2632.7,0.00625,0.013541667,0.0,0.0,Nov,1,1,1,3,Returning_Visitor,1,0
0,0.0,0,0.0,13,197.2,0.030769231,0.038461538,0.0,0.0,May,2,2,7,3,Returning_Visitor,0,0
2,57.5,0,0.0,10,677.5,0.047619048,0.070138889,0.0,0.0,May,3,2,2,13,Returning_Visitor,0,0
4,103.0,1,41.0,16,515.0,0.0,0.010526316,0.0,0.0,Mar,3,2,3,6,Returning_Visitor,1,0
0,0.0,2,43.0,25,1053.080952,0.0,0.019786325,6.783,0.0,May,2,4,5,4,Returning_Visitor,1,0
3,187.0,2,41.0,48,1769.697383,0.000606061,0.011616162,16.71534488,0.0,Mar,2,2,3,2,Returning_Visitor,0,0
0,0.0,0,0.0,9,132.0,0.011111111,0.033333333,0.0,0.0,Mar,4,1,1,3,Returning_Visitor,1,0
1,18.0,0,0.0,29,765.3928571,0.0,0.000892857,0.0,0.0,Nov,2,2,8,3,New_Visitor,0,0
3,75.6,0,0.0,14,178.59,0.0125,0.00625,0.0,0.0,Aug,3,2,1,4,Returning_Visitor,1,0
0,0.0,0,0.0,51,1424.866667,0.004081633,0.020779221,0.0,0.6,May,2,2,4,1,Returning_Visitor,0,0
0,0.0,0,0.0,8,196.5,0.0,0.025,0.0,0.0,Mar,2,2,1,10,Returning_Visitor,0,0
0,0.0,0,0.0,15,304.1666667,0.0,0.04,0.0,0.0,May,2,2,1,3,Returning_Visitor,1,0
2,42.16666667,0,0.0,17,490.5333333,0.0,0.01175,23.5144,0.0,May,2,4,7,2,Returning_Visitor,0,0
0,0.0,0,0.0,3,70.0,0.0,0.066666667,0.0,0.0,Nov,1,1,2,2,New_Visitor,1,0
0,0.0,0,0.0,9,280.0,0.0,0.022222222,0.0,0.0,Mar,2,2,1,2,Returning_Visitor,0,0
0,0.0,0,0.0,15,535.25,0.0,0.02,0.0,0.0,Nov,3,2,1,2,Returning_Visitor,1,0
3,34.0,0,0.0,17,161.55,0.0,0.018518519,0.0,0.0,Nov,2,2,5,2,Returning_Visitor,1,0
4,55.25,0,0.0,27,705.5,0.0,0.007901235,0.0,0.0,Nov,1,1,9,3,Returning_Visitor,0,0
0,0.0,0,0.0,21,1003.0,0.0,0.008333333,0.0,0.0,Mar,2,4,1,1,Returning_Visitor,0,0
5,85.16666667,4,365.9666667,31,538.72,0.014035088,0.029699248,0.0,0.0,Oct,4,1,3,1,Returning_Visitor,0,0
0,0.0,0,0.0,3,44.5,0.0,0.066666667,0.0,0.0,Mar,1,1,3,1,Returning_Visitor,0,0
0,0.0,0,0.0,2,0.0,0.2,0.2,0.0,0.6,May,2,2,1,3,Returning_Visitor,0,0
3,92.0,0,0.0,134,6897.942424,0.002985075,0.008824665,0.0,0.0,May,2,2,2,1,Returning_Visitor,0,0
0,0.0,0,0.0,21,882.75,0.0,0.020408163,0.0,0.0,Dec,2,2,2,2,New_Visitor,1,0
0,0.0,0,0.0,5,124.0,0.0,0.06,0.0,0.0,Nov,1,1,3,11,Returning_Visitor,0,0
0,0.0,0,0.0,1,0.0,0.2,0.2,0.0,0.0,May,1,1,4,3,Returning_Visitor,0,0
0,0.0,2,36.5,41,1383.661111,0.002790698,0.011436389,0.0,0.0,Dec,1,1,1,2,Returning_Visitor,0,0
2,114.0,0,0.0,11,427.0,0.014285714,0.042857143,39.42,0.0,May,2,2,1,2,Returning_Visitor,0,0
0,0.0,2,11.0,1,0.0,0.066666667,0.133333333,0.0,0.0,Nov,1,1,1,2,Returning_Visitor,0,0
0,0.0,0,0.0,15,1069.7,0.0,0.046666667,0.0,0.0,Jul,3,2,6,1,Returning_Visitor,0,0
2,67.0,0,0.0,10,234.6384615,0.054545455,0.064935065,0.0,0.0,Nov,3,2,3,13,Returning_Visitor,1,0
8,340.9333333,0,0.0,26,1076.861905,0.0,0.014942529,11.9331881,0.0,Dec,1,1,1,8,New_Visitor,1,0
0,0.0,0,0.0,27,954.6666667,0.0,0.003846154,0.0,0.0,Mar,2,2,1,2,Returning_Visitor,0,0
0,0.0,0,0.0,12,260.0,0.05,0.083333333,0.0,0.6,May,1,1,7,1,Returning_Visitor,0,0
0,0.0,0,0.0,23,213.5,0.1,0.121212121,0.0,0.8,May,2,2,7,3,Returning_Visitor,0,0
10,196.0,0,0.0,45,939.6333333,0.0125,0.015972222,0.0,0.0,May,1,1,1,3,Returning_Visitor,0,0
1,0.0,0,0.0,1,0.0,0.2,0.2,0.0,0.6,May,1,1,4,2,Returning_Visitor,0,0
1,0.0,0,0.0,15,541.0625,0.052380952,0.093809524,0.0,0.0,Dec,2,4,5,1,Returning_Visitor,0,0
2,26.5,0,0.0,47,716.625,0.0,0.009574468,0.0,0.0,May,2,4,6,5,New_Visitor,0,0
2,16.0,0,0.0,16,381.6865079,0.011764706,0.046568627,0.0,0.6,Feb,2,4,2,1,Returning_Visitor,0,0
2,7.0,0,0.0,40,906.4,0.0,0.015238095,0.0,0.0,Oct,2,2,9,4,Returning_Visitor,0,0
1,6.0,0,0.0,21,1046.32,0.019565217,0.053623188,0.0,0.0,Sep,4,1,5,1,Returning_Visitor,1,0
0,0.0,0,0.0,97,7515.583333,0.004166667,0.027083333,0.0,0.8,May,2,2,3,2,Returning_Visitor,0,0
7,56.3,0,0.0,11,353.9,0.025,0.04375,10.02470626,0.0,Oct,2,2,2,1,Returning_Visitor,0,0
8,182.6480519,6,291.5,35,1373.464719,0.001550388,0.018148931,14.322,0.0,Mar,2,2,6,2,Returning_Visitor,0,0
0,0.0,0,0.0,3,54.5,0.0,0.066666667,0.0,0.0,Nov,2,5,2,3,Returning_Visitor,0,0
9,179.3785714,0,0.0,8,131.9785714,0.0,0.0025,0.0,0.0,Sep,2,2,1,5,New_Visitor,0,0
0,0.0,0,0.0,19,522.0,0.021052632,0.034210526,0.0,0.0,May,2,2,7,2,Returning_Visitor,0,0
1,0.0,0,0.0,12,277.45,0.06,0.09,0.0,0.0,June,3,2,3,13,Returning_Visitor,0,0
0,0.0,0,0.0,1,0.0,0.2,0.2,0.0,0.0,Mar,2,2,2,1,Returning_Visitor,0,0
0,0.0,0,0.0,24,832.0,0.0,0.020289855,21.92521348,0.0,Mar,2,6,6,1,Returning_Visitor,0,0
2,37.0,0,0.0,21,775.3333333,0.0,0.009090909,0.0,0.0,Mar,4,1,1,2,Returning_Visitor,1,0
2,37.0,0,0.0,28,2778.333333,0.007142857,0.023809524,5.569285714,0.0,May,2,2,2,11,Returning_Visitor,1,0
3,32.1,0,0.0,3,21.1,0.028571429,0.042857143,0.0,0.0,June,3,2,6,5,New_Visitor,0,0
7,60.0,3,23.0,111,2524.501905,0.001694915,0.018834175,6.445051499,0.0,Mar,3,2,1,2,Returning_Visitor,1,0
8,29.5,0,0.0,89,6770.274267,0.006315789,0.030125313,0.0,0.0,Mar,2,2,3,1,Returning_Visitor,0,0
2,213.6,4,108.0,19,989.3333333,0.029166667,0.0375,0.0,0.0,June,1,1,1,2,Returning_Visitor,1,0
0,0.0,0,0.0,1,0.0,0.2,0.2,0.0,0.0,May,3,2,3,13,Returning_Visitor,0,0
8,157.0,4,60.0,24,1192.5,0.015151515,0.033760684,5.689554113,0.0,May,2,2,1,7,Returning_Visitor,0,0
0,0.0,1,15.0,25,1235.65,0.041666667,0.05327381,0.0,0.0,Mar,1,1,1,3,Returning_Visitor,1,0
0,0.0,0,0.0,1,0.0,0.2,0.2,0.0,0.0,Nov,8,13,9,20,Other,0,0
2,54.5,0,0.0,5,66.5,0.0,0.028571429,0.0,0.0,Dec,8,13,9,20,Other,0,0
1,8.0,0,0.0,28,643.875,0.0,0.003571429,0.0,0.6,May,2,4,1,2,New_Visitor,0,0
0,0.0,0,0.0,34,1228.5,0.039705882,0.059313725,0.0,0.0,Aug,3,2,1,4,Returning_Visitor,0,0
0,0.0,0,0.0,5,23.0,0.08,0.12,0.0,0.0,Mar,2,2,1,1,Returning_Visitor,0,0
8,342.75,0,0.0,12,653.125,0.01,0.03,0.0,0.0,Nov,2,2,7,2,Returning_Visitor,0,0
0,0.0,0,0.0,16,641.5,0.0,0.0375,0.0,0.0,May,4,1,7,1,Returning_Visitor,0,0
6,32.06666667,0,0.0,41,1921.10307,0.014074074,0.032987654,5.290262526,0.0,Jul,2,2,3,1,Returning_Visitor,0,0
0,0.0,0,0.0,1,0.0,0.2,0.2,0.0,0.0,Mar,2,2,1,1,Returning_Visitor,0,0
0,0.0,0,0.0,3,131.0,0.0,0.033333333,0.0,0.0,Nov,1,8,4,6,New_Visitor,0,0
0,0.0,0,0.0,13,635.3333333,0.0,0.009090909,0.0,0.0,Mar,2,2,4,1,Returning_Visitor,0,0
0,0.0,0,0.0,14,536.0,0.0,0.01025641,0.0,0.0,Dec,1,1,3,10,Returning_Visitor,0,0
3,49.4,0,0.0,11,285.6,0.0,0.021428571,0.0,0.0,Oct,2,2,7,2,Returning_Visitor,0,0
2,117.0,0,0.0,13,309.9333333,0.0,0.013333333,0.0,0.0,Mar,2,2,2,2,New_Visitor,0,0
0,0.0,0,0.0,23,178.6,0.086956522,0.092753623,0.0,0.6,May,3,2,2,3,Returning_Visitor,0,0
0,0.0,0,0.0,68,1806.166667,0.004411765,0.027941176,0.0,0.0,Nov,2,2,2,13,Returning_Visitor,1,0
0,0.0,0,0.0,7,280.5,0.0,0.028571429,0.0,0.0,Feb,1,1,1,3,Returning_Visitor,0,0
5,111.6666667,1,123.5,42,1610.783197,0.009090909,0.017794258,4.646503212,0.0,Dec,3,2,3,2,Returning_Visitor,0,0
0,0.0,0,0.0,5,81.08333333,0.04,0.05,0.0,0.0,Dec,3,2,1,2,New_Visitor,0,0
5,65.0,2,34.0,17,1302.5,0.0,0.016666667,0.0,0.0,Mar,1,1,1,10,Returning_Visitor,0,0
0,0.0,0,0.0,17,532.75,0.013333333,0.046666667,0.0,0.0,Dec,1,1,3,1,Returning_Visitor,1,0
2,11.0,0,0.0,20,510.0,0.013636364,0.034848485,0.0,0.0,Mar,4,1,6,1,Returning_Visitor,0,0
10,183.75,1,15.0,70,2860.5,0.009876543,0.025308642,8.488518519,0.0,May,4,1,4,3,Returning_Visitor,1,0
0,0.0,0,0.0,8,388.5,0.0,0.014285714,0.0,0.0,May,3,2,6,4,Returning_Visitor,0,0
2,105.0,0,0.0,19,482.5,0.0,0.008333333,0.0,0.0,May,3,2,3,2,New_Visitor,1,0
0,0.0,0,0.0,9,470.0,0.0375,0.066666667,0.0,0.0,Dec,2,4,1,1,Returning_Visitor,0,0
7,60.29166667,0,0.0,8,108.5,0.013333333,0.048666667,0.0,0.0,Dec,2,2,2,6,Returning_Visitor,0,0
2,18.0,0,0.0,5,298.0,0.0,0.028571429,0.0,0.8,Feb,2,2,8,4,Returning_Visitor,0,0
0,0.0,0,0.0,9,771.5,0.022222222,0.044444444,0.0,0.0,Mar,1,1,6,1,Returning_Visitor,0,0
13,1013.056909,2,102.8,77,2697.022104,0.0,0.009471471,1.798669862,0.0,Nov,1,1,9,2,Returning_Visitor,0,0
2,47.0,0,0.0,11,624.0,0.0,0.020512821,0.0,0.0,Mar,2,2,1,1,Returning_Visitor,0,0
0,0.0,0,0.0,14,148.0,0.064285714,0.1,0.0,0.6,May,4,1,4,1,Returning_Visitor,0,0
3,145.2,0,0.0,28,425.0969048,0.0,0.002380952,0.0,0.0,Oct,3,2,7,11,New_Visitor,1,0
8,245.1666667,2,114.5,129,3098.912088,0.0,0.001704261,9.073052632,0.0,May,2,4,1,4,Returning_Visitor,1,0
0,0.0,0,0.0,13,255.0,0.0,0.015384615,0.0,0.0,Mar,2,4,1,1,Returning_Visitor,1,0
0,0.0,0,0.0,64,1911.610665,0.0125,0.026739194,0.0,0.0,Nov,1,2,2,10,Returning_Visitor,1,0
0,0.0,0,0.0,4,403.0,0.05,0.1,0.0,0.0,May,1,1,1,15,Returning_Visitor,1,0
1,47.5,0,0.0,15,1330.3,0.0,0.005128205,0.0,0.0,Mar,2,4,2,10,Returning_Visitor,0,0
0,0.0,0,0.0,25,960.0,0.016,0.054666667,0.0,0.4,May,2,2,1,11,Returning_Visitor,0,0
0,0.0,3,26.0,21,405.3333333,0.0,0.026086957,0.0,0.0,May,2,2,6,4,Returning_Visitor,0,0
1,142.5,1,48.5,9,733.25,0.0,0.018181818,0.0,0.0,Dec,1,1,8,2,New_Visitor,1,0
5,327.4,0,0.0,86,2806.846825,0.001532567,0.004061303,0.0,0.0,Oct,3,2,9,3,Returning_Visitor,1,0
0,0.0,0,0.0,4,47.0,0.0,0.05,0.0,0.0,Nov,3,2,6,1,Returning_Visitor,0,0
6,79.66666667,4,220.0,112,3556.346795,0.008403361,0.021415475,0.0,0.0,Dec,2,4,1,2,Returning_Visitor,0,0
2,20.75,0,0.0,22,868.6785714,0.002777778,0.019722222,62.51664293,0.0,Dec,2,2,1,2,Returning_Visitor,0,0
0,0.0,0,0.0,1,0.0,0.2,0.2,0.0,0.0,May,2,2,9,3,Returning_Visitor,0,0
1,28.2,0,0.0,20,679.5666667,0.0,0.006349206,0.0,0.0,Nov,2,2,2,3,New_Visitor,0,0
1,111.0,0,0.0,13,274.5833333,0.0,0.016666667,0.0,0.0,Nov,1,1,1,2,New_Visitor,0,0
5,74.75,0,0.0,14,512.5,0.0,0.023529412,0.0,0.0,Dec,2,7,7,8,New_Visitor,1,0
1,42.5,2,54.5,47,3954.95,0.006,0.023714286,0.0,0.0,Nov,2,2,1,2,Returning_Visitor,0,0
23,239.7445344,3,624.6,409,9100.402959,0.004301075,0.015934735,6.277683942,0.0,Jul,2,2,1,13,Returning_Visitor,1,0
3,45.5,0,0.0,13,661.9166667,0.0,0.025,0.0,0.0,Nov,2,2,1,2,New_Visitor,0,0
0,0.0,0,0.0,3,1952.5,0.066666667,0.122222222,0.0,0.0,Nov,1,1,2,1,Returning_Visitor,0,0
0,0.0,0,0.0,1,0.0,0.2,0.2,0.0,0.0,Dec,3,2,1,2,Returning_Visitor,0,0
1,28.0,0,0.0,8,290.0,0.0,0.01,0.0,0.0,Mar,2,2,1,2,Returning_Visitor,0,0
0,0.0,0,0.0,2,61.0,0.0,0.05,0.0,0.0,May,3,2,3,15,Returning_Visitor,0,0
8,89.9,3,20.0,84,1854.915556,0.004210526,0.012385965,3.170426459,0.0,Jul,2,2,7,1,Returning_Visitor,0,0
0,0.0,0,0.0,23,338.5833333,0.0,0.008695652,0.0,0.0,Nov,3,2,1,10,Returning_Visitor,0,0
0,0.0,0,0.0,16,142.5,0.0375,0.08125,0.0,0.0,May,2,2,1,4,Returning_Visitor,0,0
1,162.2,0,0.0,6,156.2,0.014285714,0.1,0.0,0.0,Jul,3,2,3,1,Returning_Visitor,0,0
0,0.0,0,0.0,19,960.7333333,0.015789474,0.051754386,0.0,0.0,May,2,2,4,6,Returning_Visitor,1,0
0,0.0,0,0.0,1,0.0,0.2,0.2,0.0,0.0,Nov,1,1,3,2,Returning_Visitor,0,0
9,162.05,0,0.0,27,399.6939394,0.0,0.009195402,0.0,0.0,Mar,1,1,7,2,New_Visitor,0,0
5,69.03333333,0,0.0,24,658.8466667,0.0,0.013793103,42.9845308,0.0,Oct,2,6,3,2,Returning_Visitor,0,0
6,159.7,1,72.6,44,531.72,0.0,0.003921569,0.0,0.0,Oct,2,2,2,5,New_Visitor,0,0
0,0.0,0,0.0,15,372.0833333,0.0,0.04,0.0,0.0,Nov,2,2,1,2,New_Visitor,1,0
0,0.0,0,0.0,37,1065.25641,0.020767196,0.054225865,0.0,0.0,Dec,1,1,8,1,Returning_Visitor,1,0
0,0.0,0,0.0,2,0.0,0.2,0.2,0.0,0.0,Nov,2,5,1,2,Returning_Visitor,0,0
4,190.0,0,0.0,53,1328.626894,0.017857143,0.022238793,0.0,0.0,Dec,1,1,1,10,Returning_Visitor,1,0
2,44.3125,2,7.0,39,2447.548611,0.028354978,0.057999382,5.291989149,0.0,Nov,1,1,9,1,Returning_Visitor,1,0
3,208.0,0,0.0,16,1037.819444,0.020833333,0.028125,0.0,0.0,Nov,1,1,1,8,Returning_Visitor,1,0
3,131.0,0,0.0,8,117.6666667,0.0,0.006666667,0.0,0.0,May,1,1,4,5,New_Visitor,1,0
7,261.5,0,0.0,117,3484.269118,0.0025,0.014375,0.0,0.0,Dec,2,2,6,1,Returning_Visitor,0,0
0,0.0,0,0.0,22,876.25,0.0,0.004761905,0.0,0.0,Dec,2,2,2,10,Returning_Visitor,0,0
0,0.0,0,0.0,13,222.5,0.0,0.007692308,0.0,0.0,May,2,2,7,2,Returning_Visitor,0,0
2,83.4,2,385.8,41,1194.988132,0.0,0.018043478,10.25950957,0.0,Oct,1,1,3,2,Returning_Visitor,0,0
0,0.0,0,0.0,53,2634.476245,0.000943396,0.016429608,0.0,0.0,Nov,2,2,1,2,Returning_Visitor,0,0
2,43.0,0,0.0,17,434.0,0.0,0.010526316,0.0,0.0,May,2,2,6,1,Returning_Visitor,0,0
1,49.5,0,0.0,9,350.25,0.0,0.035714286,0.0,0.0,Dec,2,2,1,7,New_Visitor,1,0
0,0.0,0,0.0,1,340.2,0.066666667,0.075,0.0,0.0,May,1,1,3,2,Returning_Visitor,1,0
3,33.0,2,84.5,4,46.5,0.0,0.010666667,0.0,0.0,Mar,2,2,5,8,New_Visitor,0,0
0,0.0,0,0.0,8,184.375,0.0,0.013333333,0.0,0.0,Nov,1,2,9,2,Returning_Visitor,0,0
0,0.0,0,0.0,28,1344.458333,0.007142857,0.032380952,0.0,0.0,Nov,2,2,7,2,Returning_Visitor,0,0
0,0.0,0,0.0,1,0.0,0.2,0.2,0.0,0.0,Dec,2,2,1,1,Returning_Visitor,0,0
5,58.28571429,1,685.25,177,4041.734915,0.002247191,0.010759765,9.419346491,0.0,Nov,2,2,1,2,Returning_Visitor,0,0
0,0.0,0,0.0,20,1245.57619,0.0,0.005263158,0.0,0.0,Nov,3,2,1,3,Returning_Visitor,0,0
2,46.33333333,0,0.0,11,177.4047619,0.016666667,0.038194444,0.0,0.0,May,3,2,5,4,Returning_Visitor,0,0
0,0.0,0,0.0,12,276.0,0.0,0.016666667,0.0,0.0,Dec,2,2,8,2,New_Visitor,0,0
0,0.0,0,0.0,12,590.8333333,0.01,0.03,0.0,0.0,May,1,1,6,4,Returning_Visitor,0,0
0,0.0,0,0.0,3,144.5,0.0,0.1,0.0,0.0,Nov,3,2,2,2,New_Visitor,0,0
0,0.0,0,0.0,20,769.5,0.0,0.052,0.0,0.0,May,2,2,1,13,Returning_Visitor,0,0
6,103.9,3,50.2,9,1759.066667,0.011764706,0.024705882,0.0,0.0,Sep,1,1,7,5,Returning_Visitor,0,0
7,194.0833333,1,71.25,15,446.25,0.0,0.015686275,0.0,0.0,Dec,2,2,1,2,Returning_Visitor,0,0
0,0.0,0,0.0,9,123.1666667,0.022222222,0.077777778,0.0,0.0,Nov,2,2,9,3,Returning_Visitor,0,0
0,0.0,2,13.5,38,531.0369048,0.0,0.027916667,0.0,0.0,Dec,4,2,1,3,Returning_Visitor,0,0
5,194.3333333,2,38.0,71,2632.189286,0.000694444,0.008611111,0.0,0.0,Nov,4,2,1,2,Returning_Visitor,1,0
0,0.0,0,0.0,3,90.0,0.0,0.066666667,0.0,0.0,Mar,1,2,5,10,Returning_Visitor,0,0
10,264.9,1,14.8,24,718.9566667,0.0,0.003448276,0.0,0.0,Oct,3,2,1,4,Returning_Visitor,0,0
3,96.5,0,0.0,8,323.5,0.0,0.02,0.0,0.0,Dec,1,1,6,2,Returning_Visitor,0,0
0,0.0,1,13.0,27,1620.024762,0.05,0.085714286,0.0,0.0,Sep,5,11,4,1,Returning_Visitor,0,0
0,0.0,0,0.0,1,0.0,0.2,0.2,0.0,0.0,Mar,2,2,2,3,Returning_Visitor,0,0
0,0.0,0,0.0,2,54.0,0.0,0.033333333,0.0,0.0,Nov,1,1,5,10,Returning_Visitor,1,0
0,0.0,0,0.0,20,655.0416667,0.0,0.023928571,0.0,0.0,Dec,1,1,4,2,Returning_Visitor,0,0
0,0.0,0,0.0,11,187.0,0.031818182,0.068181818,0.0,0.0,Mar,2,2,1,1,Returning_Visitor,0,0
2,41.4,0,0.0,28,1576.966667,0.0,0.018452381,0.0,0.0,Nov,2,2,9,2,Returning_Visitor,1,0
0,0.0,0,0.0,6,203.0,0.0,0.033333333,0.0,0.0,Nov,4,1,2,3,Returning_Visitor,0,0
3,89.66666667,0,0.0,15,2022.117778,0.011764706,0.023529412,11.55399716,0.0,Sep,3,2,3,1,Returning_Visitor,0,0
0,0.0,0,0.0,10,978.0,0.0,0.025,0.0,0.0,May,2,2,3,2,Returning_Visitor,0,0
1,108.0,0,0.0,16,448.5,0.0,0.006666667,0.0,0.0,May,2,6,1,1,Returning_Visitor,1,0
3,308.0,0,0.0,54,1306.151974,0.003508772,0.012962963,0.0,0.0,Mar,2,2,4,1,Returning_Visitor,0,0
1,21.2,1,141.0,7,307.8666667,0.0,0.0,0.0,0.0,Aug,2,2,1,3,Returning_Visitor,0,0
9,135.1,0,0.0,23,620.0333333,0.022222222,0.030246914,0.0,0.0,Aug,2,5,5,1,Returning_Visitor,0,0
6,109.6,0,0.0,17,495.1,0.0,0.01,0.0,0.0,Oct,2,4,8,2,New_Visitor,0,0
1,68.6,0,0.0,73,2265.492857,0.011111111,0.00716821,0.0,0.0,Nov,3,2,3,13,Returning_Visitor,0,0
0,0.0,0,0.0,1,0.0,0.2,0.2,0.0,0.0,Mar,3,3,1,3,Returning_Visitor,1,0
3,49.4,4,321.4,91,6418.819048,0.018181818,0.046632997,13.83791777,0.0,Jul,2,2,1,3,Returning_Visitor,0,0
4,83.6,0,0.0,42,3333.076068,0.011627907,0.027506986,0.0,0.0,Aug,1,2,1,2,Returning_Visitor,0,0
0,0.0,0,0.0,13,218.6666667,0.107692308,0.111538462,0.0,0.0,Jul,2,2,1,1,Returning_Visitor,0,0
1,3.0,0,0.0,14,128.0,0.0,0.028571429,0.0,0.0,Mar,2,2,1,2,Returning_Visitor,0,0
0,0.0,0,0.0,2,0.0,0.1,0.15,0.0,0.0,Nov,2,2,1,13,Returning_Visitor,0,0
0,0.0,0,0.0,9,120.0,0.0,0.044444444,0.0,0.8,May,2,4,9,2,Returning_Visitor,0,0
0,0.0,0,0.0,63,2593.808333,0.036507937,0.066666667,0.0,0.0,Jul,3,2,8,20,Returning_Visitor,0,0
3,90.6,0,0.0,21,608.3033333,0.0,0.026666667,0.0,0.0,Sep,2,2,3,2,Returning_Visitor,0,0
0,0.0,0,0.0,1,0.0,0.2,0.2,0.0,0.0,Mar,2,6,1,1,Returning_Visitor,0,0
0,0.0,0,0.0,7,148.1666667,0.0,0.057142857,0.0,0.4,May,1,1,1,20,Returning_Visitor,0,0
0,0.0,0,0.0,53,1768.657051,0.0,0.003921569,0.0,0.0,Nov,2,4,3,2,Returning_Visitor,0,0
0,0.0,0,0.0,60,967.25,0.006779661,0.025141243,0.0,0.6,May,2,4,3,3,Returning_Visitor,0,0
3,163.375,0,0.0,4,24.0,0.0,0.028571429,0.0,0.0,Nov,2,2,1,3,Returning_Visitor,1,0
0,0.0,0,0.0,1,0.0,0.2,0.2,0.0,0.0,May,1,1,1,3,Returning_Visitor,0,0
2,20.0,0,0.0,66,3391.68588,0.028955224,0.038335618,0.0,0.0,Dec,3,2,8,1,Returning_Visitor,0,0
4,74.0,0,0.0,37,2517.048459,0.005128205,0.019615385,0.0,0.0,Mar,3,2,2,1,Returning_Visitor,1,0
3,71.0,3,246.0,39,1501.333333,0.0,0.009756098,0.0,0.0,May,3,2,1,2,Returning_Visitor,1,0
0,0.0,0,0.0,96,1231.79046,0.00212766,0.01026897,0.0,0.0,Jul,2,4,3,1,Returning_Visitor,0,0
0,0.0,0,0.0,2,0.0,0.2,0.2,0.0,0.0,June,3,2,4,13,Returning_Visitor,0,0
3,86.0,0,0.0,27,3188.483333,0.017241379,0.031034483,0.0,0.0,Dec,2,5,4,2,Returning_Visitor,0,0
0,0.0,1,0.0,12,645.9166667,0.0,0.05,0.0,0.0,Mar,1,1,1,2,Returning_Visitor,0,0
0,0.0,0,0.0,37,2152.588889,0.001081081,0.017747748,0.0,0.0,Dec,3,3,3,3,Returning_Visitor,0,0
0,0.0,3,146.0,23,1249.216667,0.015384615,0.029102564,15.33867021,0.0,Aug,3,2,3,4,Returning_Visitor,0,0
0,0.0,0,0.0,4,102.0,0.0,0.05,0.0,0.0,Mar,2,2,3,2,Returning_Visitor,0,0
0,0.0,0,0.0,2,648.0,0.0,0.1,0.0,0.8,May,1,1,4,1,Returning_Visitor,0,0
4,55.75,0,0.0,74,3817.203846,0.0,0.020533333,0.0,0.0,Nov,2,2,1,2,Returning_Visitor,0,0
0,0.0,0,0.0,19,281.4333333,0.038596491,0.082807018,0.0,0.0,June,2,2,3,4,Returning_Visitor,0,0
5,105.5,0,0.0,32,1403.541667,0.0,0.00125,0.0,0.0,Dec,8,13,9,20,Other,0,0
5,109.8333333,1,37.0,24,1067.795238,0.0,0.008035714,64.46185714,0.0,May,1,1,4,3,Returning_Visitor,0,0
0,0.0,0,0.0,72,2347.716667,0.028169014,0.037793427,0.0,0.8,May,3,2,1,13,Returning_Visitor,0,0
1,7.0,0,0.0,27,1739.575,0.038095238,0.06037037,0.0,0.0,Jul,2,2,7,1,Returning_Visitor,0,0
0,0.0,0,0.0,7,370.8333333,0.028571429,0.057142857,0.0,0.0,Mar,2,2,2,3,Returning_Visitor,0,0
11,598.8727273,0,0.0,60,2591.795346,0.009681373,0.019815044,20.32548134,0.0,Nov,3,2,2,11,Returning_Visitor,0,0
0,0.0,0,0.0,9,206.6,0.0,0.005555556,0.0,0.0,Jul,2,4,3,4,New_Visitor,0,0
7,170.8333333,1,39.0,4,45.33333333,0.0,0.011111111,0.0,0.0,May,3,2,1,2,Returning_Visitor,0,0
2,64.5,0,0.0,52,2120.630952,0.0,0.011965812,0.0,0.0,Nov,2,2,1,2,Returning_Visitor,0,0
10,163.425,0,0.0,73,1077.511667,0.0,0.005833333,0.0,0.0,Nov,2,2,5,4,Returning_Visitor,0,0
4,244.0,0,0.0,6,142.5,0.0,0.011111111,0.0,0.0,May,3,3,4,2,Returning_Visitor,0,0
0,0.0,0,0.0,23,1215.666667,0.0,0.004761905,0.0,0.0,Dec,2,2,5,2,New_Visitor,0,0
0,0.0,0,0.0,11,153.75,0.036363636,0.072727273,0.0,0.0,Nov,3,2,2,1,Returning_Visitor,0,0
0,0.0,3,103.5,30,1093.175,0.0125,0.028125,0.0,0.0,Dec,2,2,1,2,Returning_Visitor,1,0
0,0.0,0,0.0,5,93.5,0.0,0.013333333,0.0,0.6,May,2,2,9,13,Returning_Visitor,0,0
0,0.0,0,0.0,42,562.6666667,0.009340659,0.032583774,0.0,0.0,May,2,2,4,13,Returning_Visitor,0,0
3,98.5,0,0.0,27,702.3333333,0.023214286,0.042261905,0.0,0.0,Dec,2,2,7,2,Returning_Visitor,0,0
2,26.0,0,0.0,38,1689.708333,0.0125,0.0295,0.0,0.0,Nov,2,2,1,13,Returning_Visitor,0,0
0,0.0,0,0.0,7,162.25,0.071428571,0.09047619,0.0,0.0,Dec,2,2,3,3,Returning_Visitor,0,0
0,0.0,0,0.0,5,161.5,0.0,0.02,0.0,0.0,May,3,2,4,2,Returning_Visitor,1,0
0,0.0,0,0.0,16,219.55,0.0,0.014583333,0.0,0.0,Nov,4,1,1,20,Returning_Visitor,0,0
0,0.0,0,0.0,6,255.0,0.0,0.008333333,0.0,0.0,Mar,1,2,8,2,Returning_Visitor,1,0
6,113.5,0,0.0,18,1066.5,0.0,0.005072464,0.0,0.0,Mar,2,2,7,2,New_Visitor,0,0
3,89.8,0,0.0,12,355.85,0.013333333,0.016,0.0,0.0,Oct,1,1,1,3,New_Visitor,1,0
2,81.0,0,0.0,18,631.0,0.01,0.029,0.0,0.0,May,2,2,1,1,Returning_Visitor,0,0
0,0.0,0,0.0,3,81.75,0.0,0.033333333,0.0,0.0,Dec,3,2,3,6,Returning_Visitor,0,0
0,0.0,0,0.0,14,1049.05,0.0,0.016666667,0.0,0.0,Nov,3,2,1,20,Returning_Visitor,0,0
0,0.0,0,0.0,13,334.9666667,0.0,0.007692308,0.0,0.0,Feb,1,1,1,4,Returning_Visitor,1,0
2,80.66666667,0,0.0,12,1071.611111,0.030769231,0.046666667,0.0,0.0,Mar,2,2,2,1,Returning_Visitor,0,0
0,0.0,0,0.0,4,214.0,0.0,0.05,0.0,0.0,Mar,2,2,3,3,Returning_Visitor,0,0
2,134.0,0,0.0,7,77.33333333,0.0,0.022222222,0.0,0.0,Mar,1,1,2,2,Returning_Visitor,0,0
9,331.1666667,4,154.0,154,8038.325302,0.007332941,0.027963219,0.0,0.0,May,2,2,1,5,Returning_Visitor,0,0
0,0.0,0,0.0,6,158.1666667,0.0,0.033333333,0.0,0.0,Feb,3,2,4,2,Returning_Visitor,0,0
3,201.15,0,0.0,17,506.1833333,0.0,0.001666667,0.0,0.0,Dec,1,8,3,11,New_Visitor,0,0
0,0.0,0,0.0,7,117.5,0.0,0.033333333,0.0,0.0,May,4,2,8,3,Returning_Visitor,1,0
14,88.19047619,5,218.65,168,4316.262171,0.003575419,0.018670927,11.71746761,0.0,Jul,2,2,3,1,Returning_Visitor,0,0
5,152.5,0,0.0,15,291.1666667,0.0,0.02,0.0,0.0,Dec,4,1,1,2,New_Visitor,1,0
0,0.0,0,0.0,7,251.6666667,0.028571429,0.011428571,0.0,0.0,Mar,3,2,1,6,Returning_Visitor,1,0
0,0.0,0,0.0,27,783.25,0.014814815,0.033227513,0.0,0.6,May,2,10,3,3,Returning_Visitor,0,0
6,57.0,0,0.0,80,1982.884524,0.007594937,0.033499444,0.0,0.0,Nov,2,6,6,1,Returning_Visitor,0,0
0,0.0,0,0.0,7,221.5,0.0,0.028571429,0.0,0.0,Mar,4,1,1,3,Returning_Visitor,0,0
0,0.0,0,0.0,16,690.3133333,0.028571429,0.057142857,0.0,0.0,Oct,2,2,1,1,Returning_Visitor,0,0
6,91.98484848,3,58.95238095,54,2407.322811,0.003448276,0.010418719,0.0,0.0,May,3,2,3,4,Returning_Visitor,0,0
0,0.0,0,0.0,175,12634.62089,0.001156069,0.022134495,3.984110696,0.0,May,2,2,1,1,Returning_Visitor,1,0
0,0.0,0,0.0,17,437.1666667,0.011111111,0.033333333,0.0,0.0,Feb,2,4,1,3,Returning_Visitor,0,0
2,35.5,0,0.0,29,3296.65,0.009677419,0.021935484,18.25059634,0.0,Dec,4,2,9,8,Returning_Visitor,0,0
0,0.0,0,0.0,2,12.0,0.0,0.1,0.0,0.0,May,1,1,1,3,Returning_Visitor,1,0
2,40.0,2,162.0,17,481.6666667,0.024561404,0.036842105,32.64521053,0.0,Mar,2,7,3,2,Returning_Visitor,0,0
0,0.0,0,0.0,10,122.1666667,0.0,0.02,0.0,0.0,Nov,1,1,1,5,New_Visitor,1,0
0,0.0,0,0.0,1,0.0,0.2,0.2,0.0,0.0,May,2,4,9,3,Returning_Visitor,0,0
0,0.0,0,0.0,7,72.25,0.114285714,0.142857143,0.0,0.0,Dec,1,1,4,3,Returning_Visitor,1,0
0,0.0,0,0.0,3,105.25,0.0,0.044444444,0.0,0.0,May,3,2,8,4,Returning_Visitor,1,0
6,266.7,0,0.0,18,843.0166667,0.0,0.015151515,9.542515706,0.0,Sep,2,2,1,4,Returning_Visitor,0,0
4,209.5,0,0.0,23,1780.7,0.0,0.011538462,0.0,0.0,Nov,2,2,3,2,New_Visitor,0,0
7,163.6666667,0,0.0,8,119.3333333,0.015384615,0.023076923,0.0,0.0,Mar,3,2,6,11,New_Visitor,1,0
1,69.5,0,0.0,8,226.5,0.0,0.0125,0.0,0.0,Mar,3,2,1,13,Returning_Visitor,0,0
0,0.0,0,0.0,35,584.3083333,0.0,0.008571429,0.0,0.0,Dec,3,2,3,1,Returning_Visitor,0,0
0,0.0,0,0.0,1,0.0,0.2,0.2,0.0,0.0,Mar,2,2,3,1,Returning_Visitor,0,0
0,0.0,0,0.0,62,3564.590227,0.021980198,0.052175571,0.0,0.0,Aug,3,2,4,2,Returning_Visitor,0,0
3,55.75,0,0.0,55,1139.638889,0.003508772,0.03245614,6.190582078,0.0,Dec,2,2,3,10,Returning_Visitor,0,0
0,0.0,0,0.0,7,286.5,0.0,0.042857143,0.0,0.0,Mar,3,3,3,1,Returning_Visitor,0,0
0,0.0,0,0.0,22,817.9590698,0.056060606,0.079518398,0.0,0.0,Sep,3,2,3,1,Returning_Visitor,1,0
1,65.5,1,38.5,131,3902.664774,0.008888889,0.02287037,0.0,0.0,Nov,3,2,3,1,Returning_Visitor,0,0
0,0.0,0,0.0,12,528.5833333,0.0,0.02,0.0,0.0,Dec,8,13,9,20,Other,0,0
0,0.0,0,0.0,5,50.0,0.16,0.18,0.0,0.4,May,1,2,2,4,Returning_Visitor,0,0
1,61.4,0,0.0,27,779.6066667,0.0,0.007142857,0.0,0.0,Oct,2,2,7,2,Returning_Visitor,0,0
10,527.0,3,213.0,26,994.8222222,0.0,0.00344086,0.0,0.0,May,3,2,1,2,Returning_Visitor,0,0
0,0.0,0,0.0,68,2614.209722,0.0,0.006942149,0.0,0.0,Nov,2,2,1,3,Returning_Visitor,1,0
0,0.0,0,0.0,7,98.33333333,0.028571429,0.032653061,0.0,0.0,May,1,1,1,3,Returning_Visitor,0,0
0,0.0,0,0.0,26,532.0,0.030769231,0.044230769,0.0,0.0,Nov,2,2,1,1,Returning_Visitor,0,0
11,385.5666667,0,0.0,54,1256.293333,0.010344828,0.014367816,0.0,0.0,Oct,2,2,7,3,Returning_Visitor,0,0
0,0.0,0,0.0,1,0.0,0.2,0.2,0.0,0.0,May,3,6,2,2,Returning_Visitor,0,0
0,0.0,0,0.0,19,900.9166667,0.027777778,0.024814815,0.0,0.6,May,1,1,8,1,Returning_Visitor,0,0
0,0.0,0,0.0,12,1012.2,0.0,0.033333333,0.0,0.0,Jul,2,2,7,4,Returning_Visitor,0,0
0,0.0,0,0.0,3,2251.28,0.095833333,0.137426901,0.0,0.0,Nov,3,2,1,13,Returning_Visitor,0,0
0,0.0,0,0.0,40,1411.833333,0.0,0.001282051,0.0,0.0,May,3,2,8,6,Returning_Visitor,0,0
13,315.9666667,1,0.0,15,406.575,0.019047619,0.032380952,0.0,0.0,Mar,3,2,3,2,Returning_Visitor,0,0
2,61.5,0,0.0,15,1950.386667,0.0,0.007291667,0.0,0.0,Nov,2,10,2,4,Returning_Visitor,1,0
13,301.5616883,1,14.0,55,3328.903752,0.007936508,0.014212018,38.60204838,0.0,Nov,1,1,1,2,Returning_Visitor,0,0
0,0.0,1,15.0,103,3626.003223,0.00751634,0.035131628,0.0,0.0,Nov,1,1,4,2,Returning_Visitor,1,0
0,0.0,0,0.0,22,925.8333333,0.018181818,0.048484848,0.0,0.0,Mar,2,2,3,1,Returning_Visitor,0,0
10,76.16666667,0,0.0,17,404.0,0.0,0.025757576,0.0,0.0,May,1,2,2,11,Returning_Visitor,1,0
0,0.0,0,0.0,5,103.5,0.0,0.04,0.0,0.0,Dec,1,1,4,2,Returning_Visitor,1,0
5,75.89285714,0,0.0,51,4522.409524,0.015757576,0.042922078,3.229518182,1.0,May,2,2,6,2,Returning_Visitor,1,0
1,39.0,0,0.0,18,314.8333333,0.0,0.005882353,0.0,0.0,May,2,2,7,4,Returning_Visitor,1,0
2,121.0,0,0.0,28,1830.583333,0.015555556,0.015740741,111.5113802,0.0,Dec,1,1,6,2,Returning_Visitor,1,0
1,81.6,0,0.0,42,2017.520714,0.0,0.023696145,0.0,0.0,Oct,2,2,1,2,Returning_Visitor,1,0
3,77.33333333,2,7.0,24,1051.291667,0.0,0.014814815,0.0,0.0,Dec,2,13,9,20,Returning_Visitor,0,0
0,0.0,2,120.5,54,1389.216667,0.008928571,0.025119048,0.0,0.0,Dec,1,1,1,2,Returning_Visitor,0,0
1,4.0,0,0.0,0,0.0,0.0,0.066666667,0.0,0.0,Mar,4,1,8,6,Returning_Visitor,0,0
0,0.0,0,0.0,8,357.25,0.0,0.0625,0.0,0.0,Mar,2,10,4,3,Returning_Visitor,1,0
4,21.0,0,0.0,16,657.1666667,0.0,0.025,0.0,0.0,May,2,2,2,11,Returning_Visitor,0,0
0,0.0,0,0.0,16,748.4,0.014285714,0.035714286,43.19228571,0.0,May,2,2,3,4,Returning_Visitor,0,0
3,42.0,0,0.0,31,3121.369048,0.002857143,0.009285714,0.0,0.0,Mar,1,1,3,1,Returning_Visitor,1,0
4,60.0,2,83.5,125,3727.32381,0.0,0.001158605,0.0,0.0,May,2,2,7,2,Returning_Visitor,0,0
4,699.0,0,0.0,9,261.7,0.0,0.020512821,0.0,0.0,May,3,2,3,11,New_Visitor,0,0
0,0.0,0,0.0,12,197.5,0.0,0.008333333,0.0,0.0,May,2,5,7,1,Returning_Visitor,0,0
4,56.0,2,120.0,36,998.7416667,0.0,0.014736467,19.44707913,0.2,Feb,2,2,4,1,Returning_Visitor,0,0
7,79.2,0,0.0,30,1011.916667,0.0,0.018285714,12.9058765,0.0,Sep,2,2,4,4,Returning_Visitor,0,0
0,0.0,0,0.0,15,612.0,0.0,0.013333333,0.0,0.0,Nov,1,2,8,2,Returning_Visitor,1,0
3,47.4,0,0.0,21,961.52,0.030434783,0.053623188,0.0,0.0,Aug,3,2,4,4,Returning_Visitor,0,0
0,0.0,1,0.0,34,1189.053571,0.000840336,0.027777778,0.0,0.0,Nov,4,1,6,8,Returning_Visitor,0,0
0,0.0,0,0.0,7,53.0,0.028571429,0.057142857,0.0,0.0,Dec,1,1,1,2,Returning_Visitor,0,0
0,0.0,0,0.0,14,222.4,0.017142857,0.057142857,0.0,0.0,Feb,1,1,1,2,Returning_Visitor,0,0
0,0.0,0,0.0,2,35.0,0.0,0.1,0.0,0.0,Feb,1,1,6,3,Returning_Visitor,0,0
4,38.30555556,0,0.0,52,1630.972222,0.012,0.026,0.0,1.0,May,6,5,3,2,Returning_Visitor,1,0
1,23.2,0,0.0,4,44.8,0.0,0.05,0.0,0.0,June,2,10,7,4,Returning_Visitor,1,0
0,0.0,0,0.0,23,553.15,0.034782609,0.069565217,0.0,0.0,Mar,2,2,3,1,Returning_Visitor,0,0
3,22.83333333,0,0.0,115,2625.009524,0.0,0.004013317,0.0,0.0,Mar,2,5,6,1,Returning_Visitor,0,0
2,77.0,0,0.0,43,1607.297619,0.002272727,0.015909091,0.0,0.0,Mar,2,2,1,2,Returning_Visitor,0,0
7,165.1,0,0.0,63,1422.103333,0.0,0.008766234,0.0,0.0,June,4,2,2,3,Returning_Visitor,0,0
9,118.0,2,10.0,16,401.95,0.004761905,0.013015873,0.0,0.0,May,1,1,1,3,Returning_Visitor,0,0
20,199.4562728,7,299.0333333,686,23342.08205,0.009853301,0.022771363,0.150650498,0.0,Aug,2,2,1,1,Returning_Visitor,0,0
2,131.5,2,99.0,96,3541.324493,0.010550214,0.020522711,0.0,0.0,Nov,3,2,1,2,Returning_Visitor,0,0
0,0.0,0,0.0,4,96.33333333,0.083333333,0.0875,0.0,0.0,Dec,1,1,2,3,Returning_Visitor,0,0
0,0.0,0,0.0,25,438.075,0.008,0.024698413,0.0,0.6,May,1,1,3,3,Returning_Visitor,0,0
0,0.0,0,0.0,1,0.0,0.2,0.2,0.0,0.0,Mar,2,5,5,1,Returning_Visitor,0,0
5,51.0,0,0.0,10,116.0,0.0,0.016666667,0.0,0.0,Nov,2,2,7,2,New_Visitor,0,0
0,0.0,0,0.0,8,181.0,0.025,0.070833333,0.0,0.0,Nov,2,2,4,13,Returning_Visitor,0,0
2,190.0,1,0.0,37,758.4428571,0.0,0.010526316,0.0,0.0,Mar,1,1,6,1,Returning_Visitor,1,0
0,0.0,0,0.0,15,907.5,0.006666667,0.031111111,0.0,0.6,May,2,2,7,2,Returning_Visitor,0,0
6,78.51333333,1,63.4,110,1691.236147,0.003448276,0.019359924,19.18310758,0.0,Aug,2,2,7,4,Returning_Visitor,1,0
0,0.0,0,0.0,51,1620.183333,0.004313725,0.02129085,0.0,1.0,May,2,2,8,3,Returning_Visitor,1,0
18,280.95,6,762.5,79,2096.911364,0.003333333,0.014008551,25.96702005,0.0,Mar,2,4,2,2,Returning_Visitor,0,0
0,0.0,0,0.0,16,544.8333333,0.004761905,0.042857143,0.0,0.0,May,1,1,3,2,Returning_Visitor,1,0
0,0.0,0,0.0,9,953.8333333,0.0,0.027777778,0.0,0.0,May,2,4,4,1,Returning_Visitor,1,0
0,0.0,0,0.0,12,544.0,0.0,0.016666667,0.0,0.0,Nov,2,2,2,1,Returning_Visitor,0,0
12,159.8958333,0,0.0,121,3648.5625,0.001927438,0.009409219,3.322866215,0.0,Nov,2,2,5,7,Returning_Visitor,0,0
0,0.0,0,0.0,28,1425.583333,0.014814815,0.026984127,14.59072178,0.0,Dec,2,4,4,1,Returning_Visitor,0,0
0,0.0,0,0.0,9,459.8307692,0.0,0.001587302,0.0,0.0,Mar,3,2,8,2,Returning_Visitor,1,0
0,0.0,0,0.0,13,88.0,0.115384615,0.125641026,0.0,0.6,May,3,2,1,3,Returning_Visitor,0,0
0,0.0,0,0.0,6,362.0,0.0,0.066666667,0.0,0.0,May,2,2,2,3,Returning_Visitor,0,0
5,161.35,0,0.0,18,251.9,0.0,0.03015873,0.0,0.0,Nov,1,1,1,2,Returning_Visitor,1,0
3,167.0,0,0.0,42,1246.12,0.0,0.008888889,0.0,0.0,Aug,2,4,1,3,Returning_Visitor,0,0
1,66.4,0,0.0,22,641.4809524,0.0,0.004761905,0.0,0.0,Oct,3,2,4,6,New_Visitor,0,0
0,0.0,0,0.0,1,0.0,0.0,0.1,0.0,0.0,May,2,2,3,18,Returning_Visitor,1,0
0,0.0,0,0.0,7,97.0,0.057142857,0.1,0.0,0.0,Mar,2,2,4,1,Returning_Visitor,0,0
2,9.6,3,118.1,10,184.1,0.0,0.035714286,0.0,0.0,June,2,2,8,4,Returning_Visitor,0,0
1,29.0,0,0.0,25,381.3571429,0.0,0.004166667,0.0,0.8,May,2,2,1,2,New_Visitor,0,0
1,63.0,0,0.0,24,777.0,0.025,0.045833333,5.24475,0.4,May,2,2,1,13,Returning_Visitor,0,0
0,0.0,0,0.0,19,528.25,0.0,0.005263158,0.0,0.0,Sep,2,2,5,2,Returning_Visitor,0,0
0,0.0,0,0.0,41,3389.8,0.032478632,0.05019425,0.0,0.0,Sep,2,4,3,1,Returning_Visitor,0,0
0,0.0,1,93.0,30,1045.833333,0.012903226,0.035483871,0.0,0.2,Feb,1,1,1,3,Returning_Visitor,0,0
0,0.0,1,16.0,65,2863.400427,0.003125,0.011346726,0.0,0.0,Nov,2,2,1,2,Returning_Visitor,0,0
0,0.0,0,0.0,22,402.5,0.047619048,0.059047619,0.0,0.8,May,3,2,1,13,Returning_Visitor,0,0
2,37.0,0,0.0,7,139.3333333,0.0,0.011111111,0.0,0.0,Mar,3,2,7,8,New_Visitor,1,0
5,205.5,1,8.0,37,1683.633333,0.0,0.017261905,4.744206349,0.0,May,3,2,8,2,Returning_Visitor,1,0
2,124.0,0,0.0,13,495.0,0.0,0.028571429,0.0,0.0,Mar,2,4,5,1,Returning_Visitor,0,0
0,0.0,1,0.0,0,0.0,0.2,0.2,0.0,1.0,May,1,1,3,3,Returning_Visitor,1,0
0,0.0,0,0.0,4,52.0,0.0,0.025,0.0,0.0,Mar,2,2,1,2,Returning_Visitor,0,0
0,0.0,0,0.0,1,0.0,0.2,0.2,0.0,0.0,Oct,2,2,6,2,Returning_Visitor,0,0
0,0.0,0,0.0,4,29.0,0.1,0.125,0.0,0.8,May,2,2,2,4,Returning_Visitor,0,0
3,23.0,0,0.0,5,91.0,0.0,0.0125,0.0,0.0,May,2,2,6,18,Returning_Visitor,1,0
2,132.4,0,0.0,11,296.3,0.0,0.015384615,0.0,0.0,Sep,2,4,3,2,New_Visitor,0,0
3,60.0,0,0.0,34,783.6363636,0.0,0.000505051,0.0,0.0,Dec,2,2,1,1,Returning_Visitor,1,0
0,0.0,0,0.0,12,86.5,0.076923077,0.087179487,0.0,0.8,May,3,2,6,13,Returning_Visitor,0,0
0,0.0,0,0.0,48,4293.833333,0.008333333,0.034166667,0.0,0.0,Nov,2,1,1,2,New_Visitor,1,0
5,68.0,0,0.0,36,818.5,0.007894737,0.028070175,0.0,0.8,May,2,2,1,3,Returning_Visitor,0,0
0,0.0,0,0.0,5,109.0,0.08,0.1,0.0,0.0,May,3,2,3,3,Returning_Visitor,1,0
0,0.0,0,0.0,3,0.0,0.2,0.2,0.0,0.0,Nov,1,1,4,10,Returning_Visitor,1,0
0,0.0,0,0.0,39,1858.566667,0.0,0.002564103,0.0,0.0,Nov,2,2,3,2,New_Visitor,0,0
0,0.0,0,0.0,28,683.3,0.028571429,0.089285714,0.0,0.0,June,2,2,3,1,Returning_Visitor,0,0
4,14.0,0,0.0,28,341.35,0.007142857,0.028571429,0.0,0.0,May,4,1,2,4,Returning_Visitor,0,0
7,266.875,0,0.0,32,2092.5,0.010526316,0.026315789,23.5676355,0.0,Dec,2,2,1,1,Returning_Visitor,1,0
6,65.0,0,0.0,4,40.0,0.0,0.014285714,0.0,0.0,Dec,2,2,1,2,New_Visitor,0,0
4,174.8,0,0.0,16,237.5,0.0,0.011111111,0.0,0.0,Sep,3,2,4,2,New_Visitor,0,0
2,88.6,0,0.0,59,458.61,0.006779661,0.007605389,0.0,0.0,Aug,3,2,1,4,Returning_Visitor,1,0
1,156.1428571,0,0.0,18,1181.198413,0.0,0.048235294,0.0,0.0,Mar,3,2,4,1,Returning_Visitor,0,0
0,0.0,0,0.0,2,64.4,0.0,0.1,0.0,0.0,Aug,3,2,6,20,Returning_Visitor,0,0
0,0.0,2,7.0,23,198.8848485,0.0,0.012,0.0,0.8,May,2,2,1,4,Returning_Visitor,0,0
0,0.0,0,0.0,6,415.0,0.0,0.033333333,0.0,0.4,Feb,1,1,3,2,Returning_Visitor,0,0
1,11.0,0,0.0,23,835.5833333,0.009090909,0.022727273,0.0,0.0,Nov,2,2,1,10,Returning_Visitor,1,0
0,0.0,0,0.0,19,422.8333333,0.010526316,0.045614035,0.0,0.0,Mar,2,2,1,3,Returning_Visitor,0,0
0,0.0,0,0.0,1,0.0,0.2,0.2,0.0,0.0,Mar,2,2,2,3,Returning_Visitor,0,0
1,0.0,0,0.0,1,28.0,0.0,0.1,0.0,0.0,Mar,2,2,1,1,Returning_Visitor,0,0
6,98.0,0,0.0,12,343.0,0.019444444,0.032222222,0.0,0.0,Mar,1,2,1,2,Returning_Visitor,1,0
2,310.8571429,3,27.0,68,2950.62381,0.009589041,0.023074581,16.6702274,0.0,May,2,2,7,6,Returning_Visitor,0,0
3,94.6,0,0.0,17,265.5,0.0,0.0,0.0,0.0,Oct,2,2,1,2,New_Visitor,0,0
0,0.0,0,0.0,5,0.0,0.2,0.2,0.0,0.0,May,3,2,5,6,Returning_Visitor,0,0
1,53.0,0,0.0,19,1007.9,0.0,0.005555556,0.0,0.0,May,1,1,3,4,New_Visitor,0,0
0,0.0,1,42.4,61,1140.796667,0.0,0.002833333,0.0,0.0,June,2,2,6,2,Returning_Visitor,0,0
0,0.0,0,0.0,7,197.0,0.028571429,0.042857143,0.0,0.0,Dec,3,2,9,2,Returning_Visitor,0,0
1,17.6,0,0.0,12,1192.866667,0.0,0.019230769,0.0,0.0,Sep,2,2,1,3,Returning_Visitor,0,0
2,18.0,0,0.0,30,474.5,0.0,0.003225806,0.0,0.0,Mar,1,1,3,2,Returning_Visitor,1,0
0,0.0,0,0.0,7,225.0,0.028571429,0.085714286,0.0,0.0,Mar,4,1,4,1,Returning_Visitor,0,0
1,23.2,1,73.6,17,566.5666667,0.0,0.0,0.0,0.0,Jul,1,1,1,2,Returning_Visitor,0,0
3,89.75,2,16.0,36,1751.847727,0.005263158,0.023684211,0.0,0.0,Nov,2,2,7,1,Returning_Visitor,0,0
0,0.0,0,0.0,3,17.0,0.0,0.033333333,0.0,0.0,Mar,1,1,1,3,Returning_Visitor,0,0
1,6.0,0,0.0,61,3545.19127,0.008954009,0.057518519,0.0,0.6,May,2,2,4,2,Returning_Visitor,0,0
2,115.0,0,0.0,5,36.0,0.0,0.033333333,0.0,0.0,Mar,1,1,3,11,Returning_Visitor,0,0
0,0.0,0,0.0,4,6.0,0.1,0.15,0.0,0.2,May,2,2,3,13,Returning_Visitor,0,0
2,67.0,0,0.0,59,468.1916667,0.0,0.003278689,0.0,0.2,May,2,2,3,2,Returning_Visitor,0,0
7,154.9333333,0,0.0,31,910.04,0.018181818,0.052020202,5.316109207,0.0,Jul,1,1,3,1,Returning_Visitor,0,0
2,13.0,0,0.0,13,477.5,0.0125,0.01875,0.0,0.0,Dec,2,5,1,1,Returning_Visitor,0,0
3,41.5,0,0.0,5,68.75,0.0,0.0375,0.0,0.0,Nov,1,2,1,8,New_Visitor,0,0
0,0.0,0,0.0,8,72.5,0.025,0.0375,0.0,0.0,May,3,2,1,4,Returning_Visitor,0,0
2,178.3,2,148.1,39,2237.775,0.004761905,0.012857143,26.41021956,0.0,Oct,1,1,3,2,Returning_Visitor,0,0
3,88.0,0,0.0,7,64.0,0.0,0.022222222,0.0,0.0,Dec,3,2,1,2,New_Visitor,0,0
9,255.8666667,0,0.0,19,716.95,0.00952381,0.017346939,0.0,0.0,May,1,2,3,2,Returning_Visitor,0,0
3,222.5,0,0.0,11,764.5,0.015384615,0.043589744,0.0,0.0,May,2,2,6,11,Returning_Visitor,0,0
11,449.75,0,0.0,52,1786.109649,0.0,0.017118644,40.65671234,0.0,Nov,1,1,1,2,Returning_Visitor,0,0
0,0.0,0,0.0,1,0.0,0.2,0.2,0.0,0.0,May,1,1,7,2,Returning_Visitor,1,0
2,113.75,4,125.0,20,933.55,0.008333333,0.035416667,60.97758829,0.0,Dec,3,2,3,2,Returning_Visitor,0,0
0,0.0,0,0.0,5,118.75,0.04,0.08,0.0,0.0,Dec,1,1,1,8,New_Visitor,0,0
0,0.0,1,13.1,62,1918.966667,0.01031746,0.022246642,0.0,0.0,Aug,2,4,1,4,Returning_Visitor,0,0
7,46.3,0,0.0,2,9.0,0.0,0.025,0.0,0.0,Sep,2,4,1,2,New_Visitor,0,0
0,0.0,0,0.0,20,436.1,0.04,0.07,0.0,0.0,June,1,1,4,3,Returning_Visitor,0,0
0,0.0,0,0.0,9,125.2666667,0.044444444,0.103703704,0.0,0.0,Oct,2,2,3,4,Returning_Visitor,1,0
0,0.0,0,0.0,18,771.0833333,0.055555556,0.071428571,0.0,0.0,Mar,2,2,3,1,Returning_Visitor,0,0
0,0.0,0,0.0,1,0.0,0.2,0.2,0.0,0.0,June,2,2,1,1,Returning_Visitor,0,0
0,0.0,0,0.0,6,90.16666667,0.033333333,0.066666667,0.0,0.0,Nov,3,2,4,1,Returning_Visitor,1,0
1,35.0,0,0.0,10,89.33333333,0.0,0.02,0.0,0.0,May,2,2,1,3,New_Visitor,0,0
4,71.2,0,0.0,6,178.8,0.0,0.014814815,0.0,0.0,Aug,1,1,1,5,New_Visitor,0,0
0,0.0,0,0.0,2,13.0,0.0,0.1,0.0,0.0,Dec,1,1,3,2,Returning_Visitor,1,0
3,82.53333333,1,0.0,19,668.7,0.022727273,0.032424242,11.5952257,0.0,Nov,1,1,3,2,Returning_Visitor,0,0
0,0.0,0,0.0,2,58.6,0.0,0.05,0.0,0.0,Jul,1,2,2,1,Returning_Visitor,0,0
1,4.0,0,0.0,37,1096.75,0.0,0.020175439,0.0,0.0,Mar,2,2,6,10,Returning_Visitor,0,0
0,0.0,0,0.0,1,0.0,0.2,0.2,0.0,0.0,Nov,2,2,6,2,Returning_Visitor,0,0
4,103.0,0,0.0,13,250.1666667,0.0,0.030612245,0.0,0.0,Mar,3,2,1,11,Returning_Visitor,0,0
3,31.5,0,0.0,2,48.5,0.0,0.05,0.0,0.0,Nov,1,1,1,2,New_Visitor,0,0
0,0.0,0,0.0,5,1306.0,0.06,0.12,0.0,0.0,Mar,2,2,5,13,Returning_Visitor,0,0
1,132.0,0,0.0,8,209.25,0.0,0.022222222,0.0,0.0,May,2,2,7,6,Returning_Visitor,0,0
0,0.0,0,0.0,8,260.0,0.008333333,0.025,0.0,0.8,Feb,3,2,1,3,Returning_Visitor,1,0
0,0.0,0,0.0,6,89.66666667,0.0,0.033333333,0.0,0.0,Nov,2,10,3,3,Returning_Visitor,0,0
0,0.0,0,0.0,6,227.3333333,0.0,0.013333333,0.0,0.0,May,3,2,3,2,New_Visitor,1,0
0,0.0,0,0.0,7,232.6666667,0.0,0.014285714,0.0,0.0,Mar,2,2,6,2,Returning_Visitor,0,0
1,5.0,0,0.0,12,306.0,0.0,0.02,0.0,0.0,Mar,2,2,6,8,Returning_Visitor,0,0
7,84.55,0,0.0,48,805.0992979,0.0,0.031196581,8.781144231,0.0,May,2,2,1,2,Returning_Visitor,0,0
3,61.19642857,0,0.0,24,747.4,0.028985507,0.025793651,26.34343478,0.4,May,3,2,6,11,Returning_Visitor,0,0
1,5.0,1,17.75,93,3009.042857,0.003617021,0.018145897,6.992767815,0.0,Dec,1,2,4,3,Returning_Visitor,1,0
0,0.0,0,0.0,11,782.5,0.0,0.01,0.0,0.0,Dec,1,1,3,2,New_Visitor,0,0
4,56.5,0,0.0,8,202.1666667,0.0,0.01,0.0,0.0,Mar,3,2,1,8,New_Visitor,1,0
4,32.1,1,75.0,88,3827.753571,0.0,0.007269504,0.255191489,0.0,May,2,2,7,6,Returning_Visitor,0,0
4,28.0,3,37.83333333,378,12003.31758,0.003655352,0.023352993,0.0,0.0,Nov,2,2,1,2,Returning_Visitor,0,0
0,0.0,0,0.0,44,1112.0,0.0,0.006818182,0.0,0.0,Mar,4,1,4,3,Returning_Visitor,1,0
0,0.0,0,0.0,91,4766.021032,0.0,0.009213483,0.0,0.0,Dec,2,2,1,2,New_Visitor,0,0
0,0.0,0,0.0,24,727.5,0.0,0.016666667,0.0,0.0,Mar,2,2,3,1,Returning_Visitor,0,0
4,246.8,0,0.0,13,175.7666667,0.04,0.053333333,0.0,0.0,Sep,3,2,1,1,Returning_Visitor,0,0
3,97.0,0,0.0,15,482.0,0.0125,0.025,0.0,0.0,Mar,2,2,6,1,Returning_Visitor,0,0
1,16.0,0,0.0,14,446.8333333,0.0,0.01,0.0,0.0,May,1,1,1,4,New_Visitor,0,0
3,76.75,1,0.0,36,1100.916667,0.007692308,0.015262515,18.99269231,0.0,May,2,2,1,2,Returning_Visitor,0,0
0,0.0,0,0.0,29,743.1666667,0.0,0.006896552,0.0,0.0,May,1,1,6,4,Returning_Visitor,0,0
0,0.0,0,0.0,9,147.0,0.022222222,0.014814815,0.0,0.0,May,2,2,7,3,Returning_Visitor,0,0
0,0.0,2,116.0,11,419.75,0.0,0.038461538,0.0,0.0,Dec,2,2,1,2,Returning_Visitor,0,0
6,66.55,0,0.0,41,1556.523333,0.005681818,0.012878788,0.0,0.0,Aug,3,2,1,4,Returning_Visitor,1,0
6,91.2,1,69.6,29,1618.233333,0.0,0.01620753,9.231934863,0.0,Nov,2,2,1,6,Returning_Visitor,0,0
0,0.0,0,0.0,24,1361.833333,0.0,0.029166667,0.0,0.0,Nov,2,2,2,1,Returning_Visitor,0,0
0,0.0,0,0.0,10,198.75,0.0,0.04,0.0,0.0,Nov,2,2,3,20,Returning_Visitor,0,0
0,0.0,0,0.0,15,1999.833333,0.015384615,0.020512821,0.0,0.0,May,2,10,7,4,Returning_Visitor,0,0
6,207.0928571,1,52.4,35,2239.502857,0.010833333,0.024333333,0.0,0.0,Nov,1,1,8,3,Returning_Visitor,0,0
0,0.0,0,0.0,6,118.3333333,0.033333333,0.044444444,0.0,0.0,Nov,3,2,1,3,Returning_Visitor,1,0
0,0.0,0,0.0,65,1624.941667,0.0,0.0203125,0.0,0.0,Nov,2,6,2,11,Returning_Visitor,1,0
1,22.75,0,0.0,16,461.0833333,0.0,0.011458333,17.991,0.0,May,2,2,1,4,Returning_Visitor,0,0
2,23.0,0,0.0,18,657.25,0.0,0.0125,0.0,0.0,Dec,2,2,9,2,New_Visitor,0,0
3,79.93333333,0,0.0,17,348.85,0.0,0.023684211,0.0,0.0,Nov,2,2,1,20,Returning_Visitor,0,0
0,0.0,0,0.0,24,663.0,0.0375,0.066666667,0.0,0.0,Dec,2,2,1,1,Returning_Visitor,0,0
7,624.2,3,25.5,52,1887.158242,0.003508772,0.011497494,64.08126316,0.0,May,2,2,2,4,Returning_Visitor,0,0
4,305.0,0,0.0,16,1090.7,0.0,0.041666667,0.0,0.0,Nov,2,2,1,2,Returning_Visitor,0,0
7,75.84615385,4,246.3333333,16,672.8794872,0.021428571,0.029027611,0.0,0.0,May,1,1,1,3,Returning_Visitor,0,0
2,56.5,0,0.0,12,544.8333333,0.0,0.007142857,31.38886179,0.0,Dec,1,2,1,2,Other,1,0
16,244.2666667,1,0.0,101,4484.669445,0.008408408,0.024055759,3.50497054,0.0,Dec,3,2,2,10,Returning_Visitor,0,0
0,0.0,0,0.0,31,822.65,0.020689655,0.020804598,0.0,1.0,May,1,1,3,4,Returning_Visitor,1,0
1,5.0,0,0.0,92,1688.058761,0.004347826,0.016494134,0.0,0.0,May,2,2,1,6,Returning_Visitor,1,0
8,101.8511111,4,161.9666667,52,591.1542063,0.0,0.011448413,8.052496178,0.0,Jul,2,2,3,3,Returning_Visitor,0,0
0,0.0,0,0.0,9,218.0,0.0,0.033333333,0.0,0.0,Mar,2,2,6,3,Returning_Visitor,1,0
4,71.7,0,0.0,8,74.6,0.109090909,0.127272727,0.0,0.0,Jul,3,2,6,13,Returning_Visitor,0,0
5,68.8,0,0.0,33,781.5166667,0.005555556,0.008333333,22.53693712,0.0,Jul,2,2,6,2,New_Visitor,1,0
18,1012.5,6,114.3333333,106,3163.096825,0.011664747,0.021393867,1.307682317,0.0,Nov,3,2,6,13,Returning_Visitor,0,0
0,0.0,1,78.0,108,8402.715986,0.008873457,0.019558305,0.0,0.0,Nov,3,2,2,13,Returning_Visitor,0,0
0,0.0,0,0.0,11,1055.5,0.018181818,0.042424242,0.0,0.0,May,2,2,8,18,Returning_Visitor,0,0
12,483.3333333,1,0.0,5,161.3333333,0.0,0.016666667,0.0,0.0,Dec,1,1,3,2,Returning_Visitor,1,0
3,60.83333333,0,0.0,18,884.6333333,0.021052632,0.041140351,0.0,0.0,Mar,2,2,3,10,Returning_Visitor,0,0
4,135.0,0,0.0,12,401.2857143,0.0,0.016,0.0,0.0,Mar,2,2,1,8,New_Visitor,0,0
0,0.0,0,0.0,10,145.04,0.0,0.023333333,0.0,0.0,Nov,4,2,4,1,Returning_Visitor,0,0
0,0.0,0,0.0,2,96.0,0.0,0.05,0.0,0.0,Nov,2,4,3,2,New_Visitor,0,0
0,0.0,0,0.0,27,1010.633333,0.0,0.012962963,0.0,0.0,June,2,2,1,2,Returning_Visitor,0,0
0,0.0,0,0.0,40,700.1277778,0.011,0.027788462,0.0,0.0,Nov,1,1,1,10,Returning_Visitor,1,0
0,0.0,0,0.0,25,588.7190476,0.0,0.014782609,0.0,0.0,May,3,2,4,2,Returning_Visitor,0,0
4,26.0,0,0.0,22,1671.375,0.018333333,0.040555556,0.0,0.0,Nov,2,2,3,8,Returning_Visitor,0,0
3,35.0,0,0.0,7,117.0833333,0.0,0.044444444,0.0,0.0,Nov,2,2,1,2,Returning_Visitor,0,0
0,0.0,0,0.0,6,83.5,0.0,0.066666667,0.0,0.0,Nov,1,1,3,10,Returning_Visitor,0,0
0,0.0,0,0.0,27,352.0833333,0.014814815,0.022222222,0.0,0.0,May,3,2,3,3,Returning_Visitor,0,0
1,4.75,2,78.0,67,1231.136508,0.002985075,0.0110199,0.0,0.0,Mar,2,6,1,1,Returning_Visitor,0,0
2,191.4,0,0.0,7,789.5333333,0.025,0.0375,0.0,0.0,Nov,3,3,3,5,Returning_Visitor,1,0
0,0.0,0,0.0,12,127.0,0.016666667,0.041666667,0.0,0.0,Mar,2,2,9,1,Returning_Visitor,0,0
15,444.4444444,0,0.0,32,641.6944444,0.024738676,0.04411104,0.0,0.0,Nov,3,2,1,13,Returning_Visitor,0,0
7,194.4,0,0.0,5,46.2,0.0125,0.0375,0.0,0.0,Jul,2,2,4,5,New_Visitor,0,0
1,17.2,0,0.0,6,243.3,0.0,0.05,22.09581063,0.0,Oct,1,8,8,1,Returning_Visitor,0,0
4,63.0,0,0.0,10,565.5,0.0,0.015384615,0.0,0.0,Dec,8,13,9,20,Other,0,0
0,0.0,0,0.0,2,134.0,0.0,0.1,0.0,0.0,Mar,3,2,7,9,Returning_Visitor,1,0
8,26.41666667,1,391.0,61,1037.807143,0.003174603,0.027115142,0.0,0.6,May,2,5,2,2,Returning_Visitor,0,0
0,0.0,0,0.0,5,0.0,0.2,0.2,0.0,0.0,May,3,2,6,13,Returning_Visitor,0,0
0,0.0,0,0.0,1,36.0,0.0,0.066666667,0.0,0.0,Mar,3,2,6,2,Returning_Visitor,1,0
0,0.0,0,0.0,11,435.3333333,0.063636364,0.104242424,0.0,0.0,Nov,1,1,1,3,Returning_Visitor,0,0
0,0.0,0,0.0,13,1476.3,0.007692308,0.012820513,0.0,0.0,Mar,2,2,3,8,Returning_Visitor,0,0
0,0.0,0,0.0,22,622.25,0.003030303,0.006060606,0.0,0.2,Feb,2,5,1,4,Returning_Visitor,0,0
0,0.0,0,0.0,10,22.5,0.1,0.106666667,0.0,0.4,May,2,5,1,4,Returning_Visitor,0,0
0,0.0,0,0.0,4,93.5,0.0,0.05,0.0,0.0,May,2,2,1,2,Returning_Visitor,1,0
3,119.0,0,0.0,41,1282.5,0.0,0.007142857,0.0,0.0,Mar,2,6,2,2,New_Visitor,0,0
1,6.0,0,0.0,21,332.8,0.0,0.008695652,0.0,0.0,Sep,2,5,4,5,Returning_Visitor,1,0
3,78.5,0,0.0,10,673.0,0.015384615,0.01025641,0.0,0.6,May,1,2,1,4,New_Visitor,0,0
13,255.9159289,0,0.0,255,8467.584379,0.017351104,0.025016422,0.685335799,0.0,June,3,2,1,3,Returning_Visitor,0,0
0,0.0,1,6.0,65,2349.101818,0.018785882,0.046505418,0.0,0.0,Jul,2,2,2,3,Returning_Visitor,0,0
1,0.0,0,0.0,45,1296.0,0.0,0.013333333,0.0,0.0,Nov,2,5,2,3,Returning_Visitor,0,0
0,0.0,0,0.0,31,631.0857143,0.012903226,0.02078853,0.0,0.0,June,2,2,8,1,Returning_Visitor,0,0
0,0.0,0,0.0,5,53.0,0.04,0.08,0.0,0.0,Mar,2,5,2,2,Returning_Visitor,1,0
0,0.0,0,0.0,2,11.0,0.0,0.1,0.0,0.0,Dec,2,4,1,2,Returning_Visitor,0,0
2,36.4,0,0.0,3,28.2,0.0,0.0,55.89978908,0.0,Sep,1,1,3,2,New_Visitor,0,0
1,5.0,0,0.0,2,15.2,0.0,0.04,0.0,0.0,Aug,1,1,6,3,Returning_Visitor,0,0
2,90.0,0,0.0,22,650.6666667,0.026086957,0.045217391,0.0,0.0,May,2,2,4,1,Returning_Visitor,0,0
6,36.0,0,0.0,13,125.125,0.047058824,0.053333333,0.0,0.0,Nov,3,2,3,1,Returning_Visitor,1,0
0,0.0,0,0.0,4,0.0,0.2,0.2,0.0,0.0,June,2,4,3,3,Returning_Visitor,0,0
0,0.0,1,0.0,0,0.0,0.2,0.2,0.0,0.0,Nov,1,1,4,15,Returning_Visitor,0,0
0,0.0,0,0.0,12,349.0,0.066666667,0.088888889,0.0,0.0,May,2,2,9,13,Returning_Visitor,0,0
3,86.6,0,0.0,41,1678.4,0.031060606,0.046893939,0.0,0.0,June,2,2,1,1,Returning_Visitor,0,0
0,0.0,0,0.0,11,115.25,0.027272727,0.045454545,0.0,0.0,Nov,3,2,9,10,New_Visitor,1,0
6,107.3666667,0,0.0,11,151.3,0.005555556,0.04,0.0,0.0,Nov,2,2,1,3,Returning_Visitor,0,0
0,0.0,0,0.0,12,146.1333333,0.05,0.066666667,0.0,0.0,Jul,2,2,1,1,Returning_Visitor,0,0
2,112.0,4,231.875,73,2163.5,0.007692308,0.02991453,11.62573653,0.0,Nov,2,2,1,1,Returning_Visitor,1,0
1,5.0,0,0.0,26,850.6666667,0.007407407,0.061728395,0.0,0.0,Dec,2,2,1,3,Returning_Visitor,0,0
2,671.0,0,0.0,15,1106.0,0.0,0.04,0.0,0.0,Dec,2,2,4,1,Returning_Visitor,0,0
0,0.0,0,0.0,12,139.8,0.066666667,0.091666667,0.0,0.0,Aug,3,2,1,13,Returning_Visitor,0,0
0,0.0,0,0.0,21,1372.7,0.019047619,0.035714286,0.0,0.0,Mar,1,1,3,1,Returning_Visitor,0,0
5,46.5,0,0.0,17,219.5,0.011111111,0.022222222,0.0,0.0,Dec,3,2,2,13,Returning_Visitor,0,0
0,0.0,0,0.0,46,2158.5,0.019565217,0.032246377,0.0,0.0,Nov,1,2,7,2,Returning_Visitor,0,0
15,270.0166667,3,122.0,66,2780.6,0.0,0.016533333,0.0,0.0,Nov,2,2,3,10,Returning_Visitor,0,0
0,0.0,0,0.0,11,546.75,0.036363636,0.054545455,0.0,0.0,Nov,2,2,5,1,Returning_Visitor,0,0
1,28.66666667,0,0.0,148,3486.194444,0.008697765,0.017685455,0.0,0.0,Nov,3,2,4,1,Returning_Visitor,0,0
1,11.1,0,0.0,48,830.3142529,0.004347826,0.017619048,0.0,0.0,Nov,1,1,1,3,Returning_Visitor,0,0
0,0.0,0,0.0,1,0.0,0.2,0.2,0.0,0.0,Mar,2,4,1,3,Returning_Visitor,0,0
2,23.0,0,0.0,12,284.5,0.0,0.014285714,0.0,0.0,Dec,2,2,3,2,Returning_Visitor,0,0
9,115.4,0,0.0,29,1514.703333,0.005,0.011342593,4.702065533,0.0,Jul,3,2,8,1,Returning_Visitor,1,0
3,14.0,0,0.0,30,513.9404762,0.0,0.01,62.866,0.0,May,2,2,4,13,Returning_Visitor,0,0
4,33.91666667,4,785.875,251,9297.575489,0.011608301,0.027881156,0.0,0.0,Nov,2,2,1,2,Returning_Visitor,0,0
0,0.0,0,0.0,8,149.0,0.133333333,0.155555556,0.0,0.8,May,2,2,7,3,Returning_Visitor,0,0
0,0.0,0,0.0,3,190.0,0.0,0.066666667,0.0,0.0,Mar,2,7,4,3,Returning_Visitor,1,0
9,153.9166667,0,0.0,97,1935.887111,0.001168385,0.008928355,0.0,0.0,Dec,2,2,4,2,Returning_Visitor,0,0
3,51.48,0,0.0,16,164.8133333,0.038095238,0.05991342,0.0,0.0,Oct,1,1,6,5,Returning_Visitor,1,0
1,174.0,0,0.0,9,272.0,0.013333333,0.073333333,0.0,0.0,May,1,1,3,4,Returning_Visitor,0,0
4,51.2,0,0.0,11,1297.25,0.014285714,0.054761905,18.65904914,0.0,Oct,2,2,2,4,Returning_Visitor,0,0
0,0.0,0,0.0,24,530.0,0.0,0.01,0.0,0.0,May,2,6,3,4,Returning_Visitor,1,0
8,125.7333333,0,0.0,7,81.66666667,0.033333333,0.024166667,0.0,0.0,Sep,2,2,1,1,Returning_Visitor,0,0
0,0.0,0,0.0,72,5465.320175,0.033789954,0.06037786,0.0,0.0,Sep,2,5,2,1,Returning_Visitor,0,0
7,111.0833333,0,0.0,24,431.5,0.008,0.012,0.0,0.0,Dec,1,1,1,3,Returning_Visitor,0,0
0,0.0,0,0.0,23,383.0,0.031818182,0.047575758,0.0,0.0,May,1,1,1,4,Returning_Visitor,1,0
1,9.1,0,0.0,9,115.6,0.0,0.04,0.0,0.0,Oct,2,5,2,3,Returning_Visitor,0,0
0,0.0,0,0.0,1,0.0,0.2,0.2,0.0,0.0,Nov,2,2,3,13,Returning_Visitor,0,0
2,452.5,0,0.0,18,762.2380952,0.0,0.002352941,0.0,0.0,Nov,1,1,6,2,New_Visitor,0,0
3,50.0,0,0.0,13,796.0,0.0,0.013333333,0.0,0.0,Mar,2,2,5,2,Returning_Visitor,0,0
2,42.0,2,54.0,10,420.0,0.0,0.008333333,0.0,0.0,Mar,2,2,8,1,Returning_Visitor,0,0
3,155.75,1,0.0,62,2038.772727,0.007070707,0.0254662,17.60269465,0.0,Nov,2,4,1,10,Returning_Visitor,1,0
0,0.0,0,0.0,1,0.0,0.2,0.2,0.0,0.0,Aug,2,2,1,4,Returning_Visitor,1,0
2,15.0,0,0.0,13,77.0,0.014285714,0.028571429,0.0,0.0,Mar,2,2,9,1,Returning_Visitor,0,0
4,54.5,0,0.0,3,21.0,0.0,0.033333333,0.0,0.0,Nov,1,1,2,2,New_Visitor,0,0
5,98.0,0,0.0,6,60.0,0.05,0.0525,0.0,0.0,Dec,3,2,5,2,Returning_Visitor,0,0
0,0.0,3,101.0,7,208.5,0.0,0.025,0.0,0.0,May,2,2,1,5,New_Visitor,0,0
0,0.0,0,0.0,19,485.0833333,0.0,0.011764706,0.0,0.0,May,2,2,1,2,Returning_Visitor,0,0
0,0.0,0,0.0,32,2787.75,0.00625,0.003125,0.0,0.0,Nov,1,1,1,2,New_Visitor,0,0
2,12.0,0,0.0,8,60.0,0.0,0.02,0.0,0.0,Mar,2,2,3,2,New_Visitor,1,0
2,341.6,0,0.0,7,177.9,0.047619048,0.062857143,0.0,0.0,Aug,3,2,1,1,Returning_Visitor,0,0
2,15.0,0,0.0,3,21.0,0.0,0.05,0.0,0.0,Mar,3,2,4,8,Returning_Visitor,0,0
0,0.0,1,255.0,15,1418.25,0.0,0.00625,0.0,0.0,Mar,2,2,3,1,Returning_Visitor,0,0
10,175.3333333,0,0.0,88,2638.244429,0.004395604,0.022464739,8.27583441,0.0,Nov,1,1,8,10,Returning_Visitor,1,0
0,0.0,0,0.0,10,73.5,0.12,0.15,0.0,0.0,Dec,3,2,1,13,Returning_Visitor,1,0
6,239.3333333,0,0.0,31,1875.169444,0.0,0.025324675,21.85958403,0.0,Nov,1,1,1,2,Returning_Visitor,0,0
0,0.0,0,0.0,3,33.2,0.133333333,0.166666667,0.0,0.0,Aug,3,2,1,2,Returning_Visitor,1,0
0,0.0,1,0.0,7,188.0,0.0,0.033333333,0.0,0.0,Mar,2,2,1,8,New_Visitor,0,0
0,0.0,0,0.0,3,0.0,0.2,0.2,0.0,0.2,May,2,2,3,1,Returning_Visitor,0,0
1,28.0,4,162.0,23,659.0833333,0.013580247,0.020440917,21.1162963,0.0,May,2,2,8,1,Returning_Visitor,0,0
1,77.0,1,335.0,33,3583.166667,0.02,0.045170068,11.15734286,0.0,May,2,2,3,11,Returning_Visitor,1,0
0,0.0,0,0.0,30,469.1,0.0,0.015,0.0,0.0,Jul,2,4,4,4,Returning_Visitor,0,0
3,107.0,0,0.0,4,145.8333333,0.0,0.016666667,0.0,0.0,Mar,3,2,7,1,New_Visitor,0,0
0,0.0,0,0.0,5,180.5,0.04,0.066666667,0.0,0.0,May,2,2,1,2,Returning_Visitor,0,0
0,0.0,0,0.0,17,927.1666667,0.0,0.014705882,0.0,0.0,Mar,1,1,2,3,Returning_Visitor,0,0
10,779.45,0,0.0,39,1002.491667,0.01875,0.033796296,0.0,0.0,Nov,3,2,1,3,Returning_Visitor,0,0
0,0.0,0,0.0,15,1233.25,0.02,0.042222222,0.0,0.8,May,1,1,1,1,Returning_Visitor,0,0
2,47.66666667,0,0.0,5,72.33333333,0.0,0.014285714,0.0,0.0,Mar,1,1,8,2,New_Visitor,0,0
0,0.0,0,0.0,4,48.5,0.05,0.1,0.0,0.0,Dec,2,2,9,2,New_Visitor,0,0
0,0.0,0,0.0,2,8.0,0.0,0.1,0.0,0.0,Dec,1,1,1,2,New_Visitor,1,0
0,0.0,0,0.0,13,751.5416667,0.033846154,0.06025641,0.0,0.0,Dec,1,1,7,2,Returning_Visitor,0,0
0,0.0,0,0.0,9,223.0,0.0,0.022222222,0.0,0.0,Mar,3,2,5,2,Returning_Visitor,0,0
0,0.0,0,0.0,34,920.55,0.030588235,0.042913165,0.0,0.0,Dec,3,2,1,1,Returning_Visitor,1,0
1,107.0,0,0.0,27,839.6666667,0.021428571,0.036666667,0.0,0.4,May,3,2,3,13,Returning_Visitor,0,0
17,446.9333333,8,597.5833333,62,2350.667857,0.007452575,0.033986814,79.48403933,0.0,Dec,1,1,7,10,Returning_Visitor,0,0
1,33.5,1,15.75,28,1421.25,0.004597701,0.040229885,0.0,0.0,Dec,2,2,1,1,Returning_Visitor,1,0
0,0.0,0,0.0,85,1558.529048,0.006024096,0.024257028,0.0,0.0,Aug,2,4,1,3,Returning_Visitor,0,0
4,316.8333333,1,13.0,73,3085.007143,0.008333333,0.02475118,2.323162162,0.2,May,3,2,1,13,Returning_Visitor,0,0
3,150.0,0,0.0,12,271.3333333,0.0,0.014285714,0.0,0.0,Mar,1,1,4,2,New_Visitor,0,0
0,0.0,0,0.0,1,0.0,0.2,0.2,0.0,0.0,May,3,2,8,4,Returning_Visitor,0,0
0,0.0,0,0.0,2,0.0,0.2,0.2,0.0,0.0,Mar,1,1,1,1,Returning_Visitor,0,0
0,0.0,0,0.0,6,25.0,0.133333333,0.122222222,0.0,0.0,May,3,2,3,4,Returning_Visitor,0,0
11,348.6547619,1,11.0,64,1229.289286,0.0,0.002493853,54.95126905,0.0,Mar,2,2,1,2,New_Visitor,0,0
0,0.0,0,0.0,1,0.0,0.2,0.2,0.0,0.0,Mar,2,2,1,1,Returning_Visitor,0,0
0,0.0,0,0.0,11,431.1666667,0.0,0.004545455,0.0,0.0,Nov,1,1,1,2,Returning_Visitor,0,0
9,219.9333333,0,0.0,56,1371.415714,0.002539683,0.011752445,0.0,0.0,Oct,3,2,1,5,Returning_Visitor,1,0
5,130.3333333,1,68.0,57,2660.245238,0.000847458,0.003954802,59.1244678,0.0,May,1,1,6,4,Returning_Visitor,0,0
0,0.0,0,0.0,5,70.0,0.04,0.08,0.0,0.4,May,2,5,6,3,Returning_Visitor,0,0
6,132.22,3,18.0,22,418.8444444,0.0,0.001020408,0.0,0.0,Oct,2,2,1,2,New_Visitor,1,0
10,130.55,1,23.2,7,128.2333333,0.006666667,0.015238095,0.0,0.0,Oct,2,2,6,5,New_Visitor,0,0
0,0.0,0,0.0,14,1501.0,0.093333333,0.126666667,0.0,0.0,May,3,2,4,4,Returning_Visitor,0,0
4,86.0,0,0.0,34,4656.800366,0.006306306,0.038438438,5.185457275,0.0,May,2,2,1,2,Returning_Visitor,0,0
0,0.0,0,0.0,23,790.1666667,0.0,0.026086957,0.0,0.8,May,3,2,2,13,Returning_Visitor,0,0
0,0.0,0,0.0,57,3696.225342,0.007017544,0.037615417,0.0,0.0,Nov,3,2,1,2,Returning_Visitor,1,0
0,0.0,0,0.0,27,845.5,0.0,0.007407407,0.0,0.0,Mar,4,1,1,11,Returning_Visitor,1,0
0,0.0,0,0.0,47,1475.366667,0.010638298,0.02674772,0.0,0.0,Nov,1,1,4,1,Returning_Visitor,1,0
4,119.3333333,0,0.0,174,5602.593506,0.0,0.009057596,0.0,0.0,Dec,2,2,4,1,Returning_Visitor,0,0
2,19.0,0,0.0,4,88.0,0.0,0.02,0.0,0.0,Dec,1,1,1,3,Returning_Visitor,0,0
0,0.0,0,0.0,2,20.0,0.0,0.05,0.0,0.0,May,4,5,1,13,Returning_Visitor,0,0
0,0.0,0,0.0,2,0.0,0.2,0.2,0.0,0.4,May,1,1,3,3,Returning_Visitor,0,0
3,138.0,2,1005.0,62,2450.435809,0.003125,0.012783365,0.0,0.0,May,2,2,4,4,Returning_Visitor,1,0
0,0.0,1,39.5,97,2811.47807,0.002749141,0.015832106,0.0,0.0,Nov,2,5,6,1,Returning_Visitor,1,0
0,0.0,1,416.0,20,412.8333333,0.019047619,0.038095238,0.0,0.0,May,2,2,3,6,Returning_Visitor,0,0
0,0.0,0,0.0,12,304.75,0.0,0.025,0.0,0.8,May,1,2,3,4,Returning_Visitor,0,0
8,72.25,1,21.5,51,1124.693074,0.022807018,0.036550087,0.0,0.0,Mar,2,2,2,2,Returning_Visitor,0,0
4,87.0,5,242.75,61,4081.041667,0.0,0.019375,0.0,0.0,Nov,2,5,6,2,Returning_Visitor,1,0
7,399.25,1,298.0,85,2409.875,0.006818182,0.017267562,10.1319644,0.0,Dec,3,2,1,2,Returning_Visitor,0,0
13,344.4922161,5,271.25,182,5402.78526,0.000968661,0.006829256,16.27511574,0.0,Dec,3,2,1,2,Returning_Visitor,0,0
0,0.0,0,0.0,1,39.5,0.0,0.1,0.0,0.0,Dec,1,2,1,2,Returning_Visitor,0,0
4,113.25,0,0.0,91,1746.108683,0.0,0.00428729,0.0,0.0,Nov,2,2,8,8,New_Visitor,0,0
4,59.2,0,0.0,5,38.35833333,0.0,0.043915344,0.0,0.0,Dec,3,2,8,2,Returning_Visitor,0,0
0,0.0,0,0.0,12,198.0,0.016666667,0.075,0.0,0.0,Mar,2,2,3,2,Returning_Visitor,0,0
2,48.5,2,32.0,45,2336.319444,0.020833333,0.039236111,0.0,0.0,Dec,1,1,1,2,Returning_Visitor,0,0
0,0.0,0,0.0,1,0.0,0.2,0.2,0.0,0.0,May,2,10,3,4,Returning_Visitor,1,0
3,120.6,3,183.8,85,1813.753466,0.0,0.005699436,0.858361456,0.0,Aug,2,2,3,4,Returning_Visitor,0,0
0,0.0,0,0.0,15,814.0,0.030769231,0.053846154,0.0,0.0,Nov,1,8,7,1,Returning_Visitor,0,0
0,0.0,0,0.0,17,364.5416667,0.0,0.041666667,0.0,0.0,Dec,3,2,8,13,Returning_Visitor,0,0
2,26.0,3,140.8333333,65,5478.530087,0.00952381,0.038958835,8.08875,0.0,May,2,2,3,6,Returning_Visitor,0,0
0,0.0,0,0.0,3,69.0,0.0,0.066666667,0.0,0.0,May,2,2,4,1,Returning_Visitor,1,0
4,243.68,0,0.0,12,1256.0,0.0,0.01875,0.0,0.0,June,2,2,3,1,New_Visitor,0,0
0,0.0,0,0.0,1,0.0,0.2,0.2,0.0,0.0,Dec,3,2,1,1,Returning_Visitor,0,0
3,39.6,0,0.0,53,856.7522398,0.0,0.002272727,0.0,0.0,Mar,2,2,1,2,Returning_Visitor,1,0
0,0.0,0,0.0,40,1178.496667,0.026666667,0.031153846,0.0,0.0,Aug,2,2,4,1,Returning_Visitor,0,0
0,0.0,0,0.0,24,308.8635531,0.0,0.028030303,0.0,0.0,Mar,2,6,2,2,Returning_Visitor,0,0
0,0.0,0,0.0,4,39.95,0.0,0.05,0.0,0.0,Jul,3,2,1,4,Returning_Visitor,1,0
0,0.0,0,0.0,31,453.0,0.0,0.037634409,0.0,0.0,May,2,2,1,1,Returning_Visitor,0,0
0,0.0,0,0.0,49,1571.12381,0.004255319,0.010638298,0.0,0.0,Jul,2,2,8,4,New_Visitor,1,0
0,0.0,0,0.0,20,565.6666667,0.015,0.026666667,0.0,0.0,Nov,2,4,6,1,Returning_Visitor,0,0
0,0.0,0,0.0,3,80.0,0.166666667,0.177777778,0.0,0.0,Nov,1,1,6,1,Returning_Visitor,0,0
0,0.0,0,0.0,1,0.0,0.2,0.2,0.0,0.0,May,1,8,1,3,Returning_Visitor,0,0
0,0.0,0,0.0,1,0.0,0.2,0.2,0.0,0.0,Mar,1,1,1,3,Returning_Visitor,1,0
0,0.0,0,0.0,19,224.0,0.0,0.052631579,0.0,0.0,May,2,2,3,19,Returning_Visitor,0,0
4,104.0,0,0.0,8,243.5,0.0,0.016666667,0.0,0.0,Dec,2,2,3,2,New_Visitor,0,0
0,0.0,0,0.0,10,224.0,0.0,0.01,0.0,0.4,May,2,2,1,4,Returning_Visitor,0,0
3,7.0,1,25.16666667,21,446.0,0.019047619,0.031746032,32.38852793,0.0,Nov,2,2,1,1,Returning_Visitor,0,0
0,0.0,0,0.0,88,1917.683333,0.003409091,0.016287879,0.0,0.2,May,2,2,3,1,Returning_Visitor,0,0
0,0.0,0,0.0,4,41.0,0.1,0.15,0.0,0.4,May,2,2,1,2,Returning_Visitor,0,0
3,103.6,0,0.0,39,1003.38,0.068292683,0.08699187,0.0,0.0,Aug,1,1,1,3,Returning_Visitor,0,0
0,0.0,2,19.5,48,1249.75,0.008333333,0.02046131,0.0,0.0,Dec,2,2,1,2,Returning_Visitor,0,0
3,117.0,0,0.0,98,3653.641667,0.002680653,0.0296601,0.0,0.0,Nov,2,5,9,2,Returning_Visitor,0,0
0,0.0,1,29.0,9,225.8333333,0.0,0.02,0.0,0.0,Mar,2,2,1,3,Returning_Visitor,1,0
2,65.4,0,0.0,79,2426.006667,0.001265823,0.017721519,0.0,0.0,Sep,3,2,1,3,Returning_Visitor,0,0
4,53.4,0,0.0,4,53.4,0.0,0.025,0.0,0.0,Oct,1,1,7,5,New_Visitor,0,0
3,152.0,1,64.4,9,358.4,0.0,0.015384615,0.0,0.0,Oct,2,2,1,2,New_Visitor,1,0
0,0.0,0,0.0,2,4.0,0.0,0.1,0.0,0.8,May,2,5,4,1,Returning_Visitor,0,0
0,0.0,0,0.0,5,239.0,0.0,0.04,0.0,0.0,Mar,2,2,9,1,Returning_Visitor,0,0
2,36.75,2,9.0,20,393.5833333,0.008333333,0.033872603,0.0,0.0,Nov,1,1,3,6,Returning_Visitor,0,0
0,0.0,0,0.0,2,40.0,0.0,0.1,0.0,0.0,May,3,2,3,4,Returning_Visitor,0,0
5,148.5,0,0.0,25,307.7,0.007692308,0.034615385,0.0,0.0,Oct,4,1,9,3,Returning_Visitor,1,0
0,0.0,0,0.0,12,666.0,0.0,0.018181818,0.0,0.0,May,2,4,8,2,Returning_Visitor,0,0
2,267.0,0,0.0,8,214.3333333,0.04,0.055,0.0,0.0,May,3,2,1,3,Returning_Visitor,0,0
0,0.0,0,0.0,1,0.0,0.2,0.2,0.0,0.0,Nov,2,2,2,2,Returning_Visitor,0,0
2,21.0,0,0.0,33,682.9583333,0.008823529,0.025653595,0.0,0.0,Dec,3,2,9,2,New_Visitor,0,0
0,0.0,0,0.0,1,0.0,0.2,0.2,0.0,0.0,Dec,2,2,8,1,Returning_Visitor,0,0
0,0.0,1,5.0,10,649.5,0.0,0.02,0.0,0.0,May,2,2,1,2,Returning_Visitor,0,0
0,0.0,0,0.0,1,13.0,0.0,0.1,0.0,0.0,Mar,2,2,3,1,Returning_Visitor,0,0
3,206.6666667,0,0.0,15,936.1666667,0.01875,0.09375,0.0,0.0,Mar,2,4,3,1,Returning_Visitor,0,0
8,228.5,0,0.0,5,64.5,0.0,0.028571429,0.0,0.0,May,1,2,3,5,New_Visitor,1,0
0,0.0,0,0.0,11,321.9583333,0.0,0.022222222,0.0,0.0,May,3,2,6,5,Returning_Visitor,0,0
0,0.0,2,18.0,1,0.0,0.066666667,0.133333333,0.0,0.0,Nov,1,1,1,2,Returning_Visitor,0,0
0,0.0,0,0.0,3,65.0,0.111111111,0.177777778,0.0,0.0,May,3,2,2,1,Returning_Visitor,0,0
0,0.0,0,0.0,3,47.5,0.0,0.022222222,0.0,0.0,May,2,4,9,3,Returning_Visitor,0,0
1,6.0,2,15.0,19,512.0666667,0.00952381,0.033333333,0.0,0.0,May,2,2,1,4,Returning_Visitor,0,0
0,0.0,0,0.0,1,0.0,0.2,0.2,0.0,0.0,Dec,3,2,9,1,Returning_Visitor,1,0
0,0.0,2,39.66666667,89,3509.130952,0.005617978,0.015248796,42.8662809,0.0,May,2,4,3,6,Returning_Visitor,1,0
3,151.0,0,0.0,6,892.0,0.0,0.018518519,0.0,0.0,Mar,3,2,3,3,Returning_Visitor,1,0
1,58.5,0,0.0,23,1033.0,0.008333333,0.0375,0.0,0.0,Dec,2,2,3,2,Returning_Visitor,0,0
0,0.0,0,0.0,3,27.0,0.1,0.166666667,0.0,0.8,May,1,1,1,1,Returning_Visitor,0,0
3,9.0,0,0.0,17,372.25,0.0,0.016666667,0.0,0.0,Nov,4,1,3,1,Returning_Visitor,0,0
1,4.0,0,0.0,11,724.0,0.0,0.036363636,0.0,0.0,Nov,2,2,1,1,Returning_Visitor,0,0
1,5.5,0,0.0,103,1955.168685,0.015359477,0.037057104,0.0,0.0,June,2,2,9,13,Returning_Visitor,1,0
1,19.2,0,0.0,42,2197.0,0.0,0.013636364,0.0,0.0,Oct,2,2,1,1,Returning_Visitor,0,0
14,205.9924242,1,65.0,52,1090.385281,0.006479313,0.039161584,5.539900181,0.0,Nov,1,1,1,10,Returning_Visitor,0,0
0,0.0,0,0.0,24,778.1666667,0.0,0.0125,0.0,0.0,Mar,2,2,1,2,Returning_Visitor,0,0
5,37.0,1,16.0,18,463.5,0.0,0.004545455,0.0,0.0,May,2,5,1,6,Returning_Visitor,0,0
2,16.5,0,0.0,48,869.1,0.008510638,0.014967916,3.060765957,0.0,May,2,10,4,3,Returning_Visitor,0,0
9,410.55,0,0.0,57,2791.060635,0.0,0.006917563,13.09195948,0.0,Oct,2,2,3,2,Returning_Visitor,0,0
0,0.0,0,0.0,12,375.0,0.016666667,0.058333333,0.0,0.0,Feb,3,2,4,1,Returning_Visitor,0,0
0,0.0,0,0.0,2,24.0,0.0,0.05,0.0,0.0,Mar,3,2,3,3,Returning_Visitor,0,0
5,115.8,0,0.0,60,1516.73,0.007936508,0.01982092,0.0,0.0,Aug,2,2,4,3,Returning_Visitor,1,0
0,0.0,0,0.0,12,580.5,0.02,0.046666667,11.193,0.0,May,1,1,1,3,Returning_Visitor,0,0
0,0.0,0,0.0,4,32.0,0.0,0.075,0.0,0.0,Mar,3,2,6,1,Returning_Visitor,0,0
2,23.0,0,0.0,97,1589.183333,0.008070175,0.014967419,0.0,0.0,May,2,5,1,3,Returning_Visitor,0,0
0,0.0,0,0.0,9,465.5,0.006666667,0.056666667,43.79717364,0.0,Mar,2,2,1,1,Returning_Visitor,0,0
0,0.0,0,0.0,12,749.75,0.0,0.016666667,0.0,0.0,Nov,8,2,1,10,Returning_Visitor,0,0
4,143.0666667,1,6.5,74,1294.405,0.002666667,0.010666667,0.0,0.0,Aug,2,2,3,1,Returning_Visitor,1,0
0,0.0,0,0.0,8,370.0,0.0,0.025,0.0,0.0,May,2,2,3,14,Returning_Visitor,1,0
1,55.4,0,0.0,29,451.7,0.003448276,0.022988506,0.0,0.0,Aug,2,2,3,4,Returning_Visitor,0,0
0,0.0,0,0.0,4,39.25,0.0,0.05,0.0,0.0,Nov,4,2,1,1,Returning_Visitor,0,0
4,99.5,0,0.0,46,953.0686869,0.0,0.014285714,0.0,0.0,May,1,1,6,4,Returning_Visitor,1,0
2,119.8,1,22.2,15,643.5,0.0,0.005882353,0.0,0.0,Sep,3,2,1,5,Returning_Visitor,1,0
0,0.0,0,0.0,3,249.0,0.0,0.066666667,0.0,0.0,Mar,2,4,9,3,Returning_Visitor,0,0
3,148.0,2,58.5,33,1847.211905,0.0,0.007830405,0.0,0.0,May,2,4,3,2,Returning_Visitor,0,0
0,0.0,0,0.0,17,295.0,0.011764706,0.052941176,0.0,0.8,May,2,2,2,6,Returning_Visitor,0,0
3,150.75,1,14.0,13,308.5,0.0,0.0125,0.0,0.0,Dec,2,2,5,2,New_Visitor,1,0
3,42.4,0,0.0,20,331.8914286,0.0,0.004761905,0.0,0.0,Aug,2,2,8,1,Returning_Visitor,1,0
0,0.0,0,0.0,14,1947.5,0.0,0.021428571,0.0,0.0,Nov,1,1,1,3,Returning_Visitor,0,0
0,0.0,4,115.8,95,2500.128052,0.005342081,0.011832634,0.0,0.0,Nov,1,1,3,2,Returning_Visitor,0,0
4,99.33333333,0,0.0,15,715.875,0.010526316,0.052631579,0.0,0.0,Dec,2,5,4,2,Returning_Visitor,0,0
4,132.0,0,0.0,85,2299.391667,0.003065134,0.013546798,0.0,0.0,May,2,2,2,3,Returning_Visitor,0,0
0,0.0,0,0.0,5,91.0,0.0,0.06,0.0,0.6,May,1,1,1,3,Returning_Visitor,0,0
5,73.5,1,55.0,41,1705.041667,0.004545455,0.023982684,7.25975,0.0,May,2,4,2,2,Returning_Visitor,0,0
0,0.0,0,0.0,12,1111.0,0.0,0.033333333,0.0,0.6,May,2,2,5,1,Returning_Visitor,0,0
0,0.0,0,0.0,8,186.5,0.0,0.025,0.0,0.0,Mar,2,2,3,3,Returning_Visitor,1,0
1,25.0,0,0.0,14,397.0,0.03625,0.047395833,14.9925,0.0,May,1,1,3,3,Returning_Visitor,0,1
0,0.0,0,0.0,32,827.6462121,0.0,0.00058651,54.67634844,0.0,Mar,2,2,7,2,Returning_Visitor,0,1
0,0.0,0,0.0,4,72.0,0.0,0.0,35.34967016,0.0,Sep,3,2,3,2,Returning_Visitor,1,1
0,0.0,0,0.0,28,512.7166667,0.007142857,0.013571429,1.401949127,0.0,Jul,2,2,7,1,Returning_Visitor,1,1
8,580.2,1,145.6,48,2734.966667,0.0,0.007692308,27.60143046,0.0,Oct,2,2,4,5,New_Visitor,0,1
2,33.5,0,0.0,23,833.6695513,0.009090909,0.012947658,29.38287135,0.0,Dec,2,2,1,2,Returning_Visitor,0,1
0,0.0,0,0.0,20,447.047619,0.01,0.028888889,0.0,0.0,Dec,1,2,3,2,New_Visitor,0,1
0,0.0,0,0.0,10,392.5,0.0,0.02,42.83887416,0.0,Nov,1,1,2,2,New_Visitor,0,1
2,992.7142857,5,809.5,28,1793.214286,0.005714286,0.016428571,9.69917706,0.0,Nov,2,2,1,10,Returning_Visitor,0,1
1,24.0,0,0.0,15,496.75,0.0,0.00625,115.48625,0.0,May,2,2,3,2,Returning_Visitor,0,1
3,32.0,2,9.0,16,1760.6,0.0,0.033333333,0.0,0.0,Nov,2,2,3,2,Returning_Visitor,0,1
11,216.2285714,6,704.75,304,11250.48672,0.006697236,0.018717242,1.37270775,0.0,Nov,2,2,1,2,Returning_Visitor,0,1
11,188.8333333,3,27.0,64,4829.625,0.004054054,0.017194337,48.60623685,0.0,Nov,1,1,1,3,Returning_Visitor,0,1
0,0.0,0,0.0,9,953.8333333,0.0,0.011428571,92.83857143,0.0,May,3,2,1,5,Returning_Visitor,1,1
3,43.0,4,81.0,132,5091.890896,0.006521739,0.029863649,0.0,0.0,Nov,2,2,4,2,Returning_Visitor,1,1
5,150.4444444,0,0.0,23,659.6361111,0.039463602,0.056586058,0.0,0.0,Nov,3,2,1,1,Returning_Visitor,0,1
5,132.0,1,8.5,167,5080.233631,0.000238095,0.004785636,64.81173101,0.0,Nov,4,2,1,1,Returning_Visitor,1,1
1,24.5,0,0.0,46,1525.666667,0.0,0.006382979,107.2170213,0.0,May,2,2,2,4,Returning_Visitor,0,1
0,0.0,2,105.0,194,6460.192638,0.003760684,0.017284446,1.79107248,0.0,Nov,2,2,3,2,Returning_Visitor,0,1
14,352.1071429,2,759.0,64,3660.342875,0.014155251,0.023835616,9.641067457,0.0,Nov,3,2,3,2,Returning_Visitor,1,1
0,0.0,0,0.0,35,1386.716667,0.02,0.039269841,14.96432,0.0,May,1,8,4,20,Returning_Visitor,1,1
1,6.0,0,0.0,14,1183.0,0.0,0.004761905,17.5336164,0.0,Nov,2,2,6,10,New_Visitor,1,1
0,0.0,1,141.5,43,3044.047222,0.0,0.004545455,3.940422761,0.0,Dec,2,4,1,10,Returning_Visitor,0,1
0,0.0,0,0.0,29,488.4090909,0.014285714,0.02173913,0.0,0.0,Nov,1,8,1,11,New_Visitor,0,1
2,78.64980843,0,0.0,117,4185.096695,0.024119241,0.04298103,2.427453927,0.0,Jul,2,2,1,1,Returning_Visitor,0,1
15,317.0189394,3,126.75,238,9956.225533,0.0052,0.016955684,6.556237434,0.0,Nov,2,4,3,1,Returning_Visitor,1,1
2,70.6,0,0.0,27,213.0157143,0.0,0.007407407,79.51302667,0.0,Oct,2,2,1,3,New_Visitor,1,1
0,0.0,0,0.0,47,2493.985714,0.017021277,0.032056738,0.0,0.0,Dec,2,4,9,1,Returning_Visitor,0,1
0,0.0,0,0.0,7,578.2,0.0,0.033333333,58.488,0.0,May,2,5,3,6,Returning_Visitor,1,1
10,295.6940559,0,0.0,29,785.474359,0.0,0.001481481,34.99166667,0.0,May,2,2,5,4,Returning_Visitor,1,1
6,160.0952381,3,94.5,47,1682.870247,0.001333333,0.007891429,5.698642857,0.0,Mar,3,2,6,10,Returning_Visitor,0,1
6,174.75,2,123.0,33,773.2566667,0.010810811,0.022972973,31.74373458,0.0,Nov,3,2,1,2,Returning_Visitor,0,1
2,129.0,0,0.0,31,866.7,0.011827957,0.034101382,18.11148387,0.0,May,3,2,6,1,Returning_Visitor,0,1
2,58.0,0,0.0,50,952.4345238,0.0,0.011538462,2.179730769,0.0,Mar,4,2,2,11,Returning_Visitor,1,1
0,0.0,0,0.0,19,380.9464286,0.0,0.013947368,0.0,0.0,Nov,3,2,4,2,Returning_Visitor,0,1
4,42.2,0,0.0,98,2260.838889,0.004040404,0.007070707,32.9346011,0.0,Nov,2,4,1,3,New_Visitor,0,1
2,75.0,0,0.0,29,1279.089286,0.003333333,0.014166667,35.60912359,0.0,Nov,2,2,3,11,Returning_Visitor,0,1
0,0.0,0,0.0,16,355.5,0.0,0.014285714,11.13171429,0.0,May,3,2,1,3,New_Visitor,0,1
0,0.0,0,0.0,30,4262.966667,0.0,0.013333333,65.29516039,0.0,Dec,2,10,7,1,Returning_Visitor,1,1
12,1106.389831,9,627.4583333,125,7444.938071,0.007701238,0.022385989,7.201209277,0.0,Nov,3,2,4,2,Returning_Visitor,0,1
0,0.0,0,0.0,7,103.5,0.0,0.057142857,0.0,0.0,Nov,2,2,2,2,Returning_Visitor,0,1
1,14.2,0,0.0,22,839.568189,0.0,0.000952381,60.58437066,0.0,Nov,3,2,3,2,New_Visitor,1,1
1,55.0,2,18.0,9,548.0,0.0,0.04,17.2704,0.0,May,2,4,3,4,Returning_Visitor,0,1
0,0.0,0,0.0,22,494.6333333,0.0,0.004545455,42.29306752,0.0,Nov,2,2,1,2,New_Visitor,0,1
2,41.5,0,0.0,10,264.25,0.016666667,0.025,0.0,0.0,Nov,1,4,8,8,New_Visitor,1,1
15,238.5833333,3,119.5,147,2933.695013,0.003797468,0.016656739,18.1270044,0.0,Nov,2,2,1,1,Returning_Visitor,0,1
0,0.0,0,0.0,7,723.0,0.0,0.028571429,32.90611766,0.0,Dec,2,2,4,1,Returning_Visitor,1,1
5,151.3333333,0,0.0,11,283.3333333,0.033333333,0.058333333,13.91046998,0.0,Nov,2,2,6,20,Returning_Visitor,0,1
8,139.6818182,8,353.3333333,45,2003.415152,0.007142857,0.00755102,5.576720936,0.0,Mar,2,2,4,2,Returning_Visitor,0,1
0,0.0,0,0.0,13,374.9,0.0,0.047619048,16.72561819,0.0,Aug,4,1,1,3,Returning_Visitor,0,1
0,0.0,0,0.0,1,15.6,0.0,0.0,47.7917708,0.0,Sep,1,1,6,3,New_Visitor,0,1
7,184.9333333,4,277.5,70,3993.135714,0.006,0.014539683,32.09724943,0.0,Nov,3,2,1,2,Returning_Visitor,1,1
1,44.0,0,0.0,56,2075.983333,0.0,0.014545455,13.81852727,0.0,May,2,5,2,3,Returning_Visitor,0,1
0,0.0,0,0.0,12,680.5,0.0,0.018181818,42.422531,0.0,Dec,2,2,6,10,Returning_Visitor,0,1
7,253.1,0,0.0,40,1591.888095,0.0,0.012186396,48.66217061,0.0,Dec,2,2,3,2,Returning_Visitor,1,1
1,2.0,0,0.0,61,1335.737854,0.0,0.002,20.15710234,0.0,Nov,4,4,1,2,Returning_Visitor,1,1
0,0.0,0,0.0,12,554.5,0.0,0.018181818,49.62545455,0.0,May,2,4,5,2,New_Visitor,0,1
3,53.0,2,7.0,24,678.0,0.0,0.014814815,20.13555556,0.0,May,2,5,3,2,Returning_Visitor,0,1
0,0.0,0,0.0,42,1892.005556,0.02195122,0.040859466,0.0,0.0,Nov,1,1,1,13,Returning_Visitor,1,1
1,27.5,0,0.0,114,1403.720238,0.0,0.000589971,255.5691579,0.0,Nov,4,5,2,8,Returning_Visitor,0,1
11,202.4254386,5,1767.666667,338,13265.35595,0.007520348,0.018855633,1.114150182,0.0,Nov,2,2,3,2,Returning_Visitor,0,1
6,49.08333333,1,619.5,58,2572.429487,0.00625,0.020729167,0.0,0.0,Nov,1,2,1,2,Returning_Visitor,0,1
2,30.5,2,18.0,15,1518.097619,0.0,0.031764706,31.75764706,0.0,May,2,2,8,2,Returning_Visitor,0,1
7,150.5,0,0.0,28,549.0833333,0.0,0.013571429,2.663333333,0.0,May,1,1,1,2,Returning_Visitor,0,1
6,72.01960784,4,343.0,157,4461.28524,8.08e-05,0.007018826,31.85608032,0.0,Dec,2,4,3,2,Returning_Visitor,0,1
4,181.5,0,0.0,34,2265.571429,0.0,0.018018018,28.11367347,0.0,Nov,4,1,3,1,Returning_Visitor,1,1
0,0.0,0,0.0,40,1542.35,0.0,0.031666667,0.0,0.0,Nov,2,2,1,2,Returning_Visitor,1,1
4,75.1,0,0.0,7,102.7,0.0,0.011111111,0.0,0.0,Sep,2,4,6,2,Returning_Visitor,0,1
9,444.2847222,0,0.0,534,18504.12621,0.010856514,0.023309001,2.54795624,0.0,Nov,2,2,3,2,Returning_Visitor,1,1
5,134.75,3,16.0,165,6323.853465,0.010654414,0.02804138,3.512852934,0.0,Nov,1,1,1,2,Returning_Visitor,0,1
0,0.0,0,0.0,159,5878.940603,0.008962264,0.018569755,0.0,0.0,Nov,3,2,1,2,Returning_Visitor,0,1
6,129.75,0,0.0,42,1173.07,0.0,0.005319149,18.95323404,0.0,Mar,2,2,3,8,New_Visitor,1,1
12,202.25,0,0.0,175,4877.122575,0.006906077,0.014774057,0.0,0.0,Nov,2,2,4,2,Returning_Visitor,1,1
1,90.0,1,34.0,57,1092.364286,0.0,0.006321839,19.11506897,0.6,May,2,2,7,4,Returning_Visitor,0,1
15,309.6333333,2,45.8,50,2230.986667,0.0,0.004371585,40.77935433,0.0,Nov,2,2,4,2,Returning_Visitor,0,1
0,0.0,0,0.0,15,1134.455556,0.0,0.001333333,30.30681247,0.0,Dec,2,4,1,2,Returning_Visitor,0,1
5,44.0,0,0.0,131,3865.838889,0.006458094,0.023900203,0.818306551,0.0,Nov,2,2,3,2,Returning_Visitor,1,1
2,42.5,0,0.0,48,970.4192641,0.008571429,0.025088095,5.540024667,0.6,May,2,2,4,4,Returning_Visitor,0,1
3,102.8,0,0.0,25,1109.233333,0.0,0.001666667,61.30486592,0.0,Aug,2,2,6,5,New_Visitor,0,1
2,11.0,0,0.0,12,347.0,0.0,0.023076923,9.960923077,0.0,May,1,1,3,3,Returning_Visitor,1,1
9,192.9204545,2,114.5,60,1394.236526,0.0,0.003030303,63.64653548,0.0,Dec,2,2,7,2,Returning_Visitor,0,1
11,118.1785714,2,91.5,162,5399.231269,0.004859086,0.014667832,14.77221948,0.0,Nov,2,2,4,10,Returning_Visitor,0,1
6,86.5,1,2.0,39,1050.708333,0.021162791,0.018042396,13.40298256,0.0,May,3,2,6,3,Returning_Visitor,0,1
0,0.0,0,0.0,3,0.0,0.2,0.2,0.0,0.0,Nov,3,2,1,11,Returning_Visitor,0,1
1,26.2,0,0.0,13,245.1666667,0.0,0.0,58.9241766,0.0,Aug,2,5,3,4,New_Visitor,0,1
6,158.6704505,1,430.2,146,5602.006712,0.002671513,0.00935218,6.711290592,0.0,Nov,2,10,7,2,Returning_Visitor,0,1
4,97.2,2,16.0,26,690.5666667,0.0,0.003703704,59.33984611,0.0,Jul,2,4,8,2,Returning_Visitor,0,1
0,0.0,0,0.0,22,1664.0,0.03030303,0.032424242,0.0,0.0,Nov,1,1,1,2,Returning_Visitor,0,1
0,0.0,0,0.0,25,981.0,0.024,0.048,15.3956,0.0,May,2,4,3,1,Returning_Visitor,0,1
0,0.0,0,0.0,21,1051.166667,0.0,0.00952381,14.14084367,0.0,Nov,1,8,2,6,New_Visitor,1,1
0,0.0,0,0.0,3,21.0,0.0,0.066666667,0.0,0.0,Nov,2,4,2,2,Returning_Visitor,1,1
12,394.1,0,0.0,30,917.25,0.0,0.005405405,0.0,0.0,Nov,2,2,1,2,New_Visitor,1,1
3,86.95,6,173.2,17,481.31,0.0,0.0,27.69500776,0.0,Nov,2,2,9,20,New_Visitor,0,1
4,126.0769231,2,43.33333333,34,1395.445862,0.038927739,0.042311136,48.66071756,0.0,Nov,3,2,1,10,Returning_Visitor,0,1
4,292.1904762,1,194.5,56,1948.713745,0.001724138,0.021055381,14.69293103,0.0,May,1,2,3,2,Returning_Visitor,0,1
9,255.4166667,2,94.16666667,22,612.8194444,0.015018315,0.025760906,22.31126324,0.0,Nov,3,2,4,2,Returning_Visitor,1,1
3,135.5,0,0.0,30,2040.166667,0.0,0.022727273,4.350513745,0.0,Dec,2,2,8,2,Returning_Visitor,0,1
6,132.0,1,5.0,30,1039.244444,0.005714286,0.017809524,3.998,0.6,May,3,2,4,3,Returning_Visitor,0,1
3,63.0,2,204.25,20,457.25,0.009090909,0.013636364,0.0,0.0,Dec,3,2,7,2,New_Visitor,0,1
0,0.0,1,77.0,58,3757.75,0.015819209,0.038418079,0.0,0.0,Nov,2,5,1,1,Returning_Visitor,0,1
1,123.0,0,0.0,7,181.5,0.0,0.025,64.7325,0.0,Mar,2,2,1,2,New_Visitor,1,1
0,0.0,0,0.0,24,580.2,0.0,0.012121212,17.12545455,0.0,Mar,2,2,1,1,Returning_Visitor,0,1
2,48.1875,4,121.5,51,1792.814481,0.003571429,0.01186886,60.07483189,0.0,Nov,3,2,1,2,Returning_Visitor,1,1
5,136.1,0,0.0,45,1424.804887,0.0,0.008333333,10.19295165,0.0,Nov,2,2,6,2,Returning_Visitor,1,1
0,0.0,0,0.0,43,1606.45,0.0,0.004761905,18.51505467,0.0,June,4,1,1,2,New_Visitor,0,1
2,96.0,0,0.0,61,1260.524994,0.0,0.003225806,131.5040438,0.0,Nov,2,2,7,10,Returning_Visitor,1,1
5,82.0,1,137.5,118,2595.095833,0.001680672,0.012371615,38.7483363,0.0,Nov,2,2,1,1,Returning_Visitor,0,1
1,36.3,0,0.0,1,0.0,0.053333333,0.093333333,0.0,0.0,Sep,3,2,3,6,Returning_Visitor,0,1
8,103.0,0,0.0,19,2081.5,0.0,0.01,24.54706296,0.0,Nov,2,2,3,2,New_Visitor,1,1
0,0.0,0,0.0,27,1009.375,0.007407407,0.040740741,0.0,0.0,Nov,2,2,1,2,New_Visitor,1,1
0,0.0,0,0.0,37,607.4666667,0.0,0.002777778,39.97777778,0.0,May,1,1,1,2,Returning_Visitor,1,1
3,215.0,0,0.0,53,1481.429167,0.001851852,0.012345679,56.31760103,0.0,Nov,1,8,1,11,Returning_Visitor,1,1
4,69.66666667,1,23.0,161,6524.035369,0.005050505,0.013944826,45.41882207,0.0,Nov,2,2,3,2,Returning_Visitor,0,1
0,0.0,0,0.0,21,344.1714286,0.007017544,0.007017544,13.59007196,0.0,Oct,1,1,3,2,Returning_Visitor,0,1
0,0.0,0,0.0,8,149.0,0.0,0.033333333,64.788,0.0,May,2,2,1,2,Returning_Visitor,0,1
11,247.3333333,2,369.0,90,7221.0,0.001030928,0.003917526,13.46406308,0.0,Mar,2,2,3,8,Returning_Visitor,0,1
0,0.0,0,0.0,80,1566.333333,0.005,0.027916667,0.720181023,0.0,Sep,2,2,6,1,Returning_Visitor,0,1
0,0.0,0,0.0,21,1088.866667,0.0,0.010526316,16.1585582,0.0,Nov,3,2,1,2,Returning_Visitor,1,1
3,134.0,0,0.0,53,1659.319697,0.0,0.00380117,62.34813701,0.0,Mar,4,1,1,2,Returning_Visitor,0,1
1,26.5,0,0.0,6,110.0,0.066666667,0.1,0.0,0.0,Nov,3,2,1,2,Returning_Visitor,0,1
0,0.0,0,0.0,37,1212.0,0.010810811,0.017117117,0.0,0.0,Nov,2,2,6,2,Returning_Visitor,0,1
1,44.0,0,0.0,25,773.4666667,0.0,0.029142857,10.3572,0.0,Mar,2,2,1,2,Returning_Visitor,1,1
9,88.60416667,0,0.0,114,2997.00203,0.0,0.005989942,32.56725746,0.0,Nov,2,4,2,2,Returning_Visitor,0,1
8,377.5128205,3,265.0,60,2062.890972,0.014009662,0.026580162,1.70506715,0.0,Mar,1,1,4,2,Returning_Visitor,0,1
8,294.5,3,231.7,24,1034.583333,0.0,0.015196078,9.877647059,0.0,May,2,4,3,3,Returning_Visitor,0,1
8,2086.75,1,46.5,81,5546.0,0.002325581,0.014562569,15.56462164,0.0,Nov,2,2,1,2,Returning_Visitor,0,1
3,55.0,0,0.0,19,436.0,0.0,0.013636364,49.54827273,0.0,May,2,2,4,2,Returning_Visitor,1,1
9,249.5,0,0.0,66,2506.333333,0.015277778,0.041369048,13.99708333,0.0,May,2,2,6,6,Returning_Visitor,0,1
4,61.0,0,0.0,19,607.0,0.0,0.026984127,17.53595893,1.0,Feb,1,1,7,4,Returning_Visitor,1,1
7,144.4615385,4,167.1666667,111,2312.337853,0.005128205,0.013887559,8.191922892,0.0,Nov,1,1,1,2,Returning_Visitor,0,1
2,29.0,1,0.0,9,536.0,0.0,0.018181818,37.51854545,0.0,May,2,2,3,4,New_Visitor,0,1
3,52.0,0,0.0,56,2145.563492,0.011403509,0.025292398,13.11733918,0.0,May,2,2,1,14,Returning_Visitor,0,1
2,61.16666667,0,0.0,47,901.25,0.008333333,0.025,32.799375,0.0,May,2,4,6,4,Returning_Visitor,0,1
0,0.0,0,0.0,5,131.8333333,0.0,0.013333333,36.13790493,0.0,June,1,1,1,5,New_Visitor,0,1
0,0.0,0,0.0,8,856.4166667,0.0,0.028571429,44.56114286,0.6,May,2,4,9,5,Returning_Visitor,0,1
0,0.0,0,0.0,7,444.0,0.0,0.028571429,59.75418351,0.0,Dec,1,1,2,8,New_Visitor,1,1
2,31.0,0,0.0,88,5321.441032,0.016853933,0.019314057,25.74700712,0.0,Nov,3,2,1,2,Returning_Visitor,0,1
1,139.0,3,871.4,137,7672.152381,0.00177305,0.011631206,37.72031898,0.0,Oct,2,2,4,2,Returning_Visitor,0,1
14,515.9821429,0,0.0,170,7128.75377,0.003370787,0.016081238,4.470297685,0.0,Nov,2,2,7,1,Returning_Visitor,1,1
6,113.25,2,19.0,23,2049.75,0.022222222,0.033333333,95.35469341,0.0,Dec,1,1,2,2,Returning_Visitor,0,1
6,475.75,1,18.0,28,1559.65,0.0125,0.027083333,15.81839583,0.0,May,2,2,5,4,Returning_Visitor,0,1
1,43.5,3,230.1666667,93,3773.715179,0.004123711,0.018162523,17.77043431,0.0,Nov,2,2,1,2,Returning_Visitor,0,1
0,0.0,0,0.0,47,3650.316667,0.0,0.003333333,97.19657367,0.0,Nov,2,2,1,10,Returning_Visitor,0,1
1,18.0,0,0.0,16,1331.75,0.0,0.0125,33.79956701,0.0,Mar,2,5,2,3,New_Visitor,0,1
9,227.6,0,0.0,54,1935.06131,0.006557377,0.022222222,42.19732111,0.0,Dec,1,2,1,2,Returning_Visitor,0,1
2,28.0,0,0.0,42,1329.666667,0.0,0.002325581,80.04344186,0.0,May,2,2,1,4,Returning_Visitor,1,1
5,61.875,0,0.0,164,4389.887512,0.001183432,0.010151043,6.664239119,0.0,Nov,2,2,1,2,Returning_Visitor,0,1
5,1415.5,0,0.0,34,588.3666667,0.0,0.030246914,8.041078329,0.0,Aug,2,5,1,1,Returning_Visitor,0,1
7,156.9,0,0.0,32,1123.691667,0.002702703,0.011312741,6.588,0.0,May,3,5,7,2,New_Visitor,0,1
0,0.0,0,0.0,24,488.3333333,0.0,0.004347826,72.30208696,0.0,May,2,2,1,4,New_Visitor,0,1
6,30.7,3,45.0,38,1481.783333,0.012244898,0.029387755,0.0,0.0,Nov,2,2,4,10,Returning_Visitor,0,1
3,21.0,0,0.0,19,750.2083333,0.0,0.019047619,60.51988521,0.0,Nov,2,2,2,3,Returning_Visitor,0,1
0,0.0,0,0.0,9,980.5666667,0.0,0.011111111,78.56959864,0.0,Sep,2,2,5,2,New_Visitor,0,1
16,254.253245,3,223.15,221,6606.726779,0.005533063,0.016561375,4.083948025,0.0,Oct,4,1,4,1,Returning_Visitor,0,1
1,47.16666667,1,3.0,42,1462.659125,0.004651163,0.019047619,7.734903101,0.0,May,2,2,6,4,Returning_Visitor,0,1
2,95.8,0,0.0,83,4052.358631,0.000340136,0.008176477,19.61979883,0.0,Sep,2,2,4,3,Returning_Visitor,0,1
2,28.0,2,175.5,27,1253.333333,0.006666667,0.014666667,39.7173,0.0,Mar,2,2,1,2,Returning_Visitor,0,1
4,60.2,0,0.0,13,409.8371212,0.0,0.005882353,20.10126693,0.0,Oct,1,1,4,2,New_Visitor,0,1
0,0.0,1,16.0,25,902.0833333,0.0,0.007692308,0.0,0.0,Dec,3,3,3,2,New_Visitor,0,1
0,0.0,0,0.0,64,4492.311111,0.004761905,0.022705971,0.0,0.0,Nov,2,2,3,2,Returning_Visitor,0,1
6,136.5555556,0,0.0,59,3224.819084,0.002985075,0.011923715,8.567426866,0.0,Mar,2,4,2,2,Returning_Visitor,1,1
4,218.9666667,0,0.0,12,672.7,0.0,0.004444444,83.10114264,0.0,Nov,2,2,3,2,Returning_Visitor,1,1
6,124.8611111,3,243.0,25,1971.194444,0.007142857,0.030238095,24.897,0.0,May,2,2,5,4,Returning_Visitor,0,1
0,0.0,0,0.0,4,302.0,0.0,0.04,46.06937312,0.0,Dec,8,13,9,20,Other,0,1
12,1276.264286,0,0.0,118,3215.173074,0.0,0.005446194,22.45841786,0.0,Nov,3,2,8,3,Returning_Visitor,0,1
6,167.0,0,0.0,71,1445.458333,0.004054054,0.013963964,12.30811748,0.0,Nov,3,2,1,10,Returning_Visitor,0,1
1,9.0,0,0.0,11,467.0,0.0,0.02,79.182,0.0,May,2,4,1,1,Returning_Visitor,0,1
15,241.8541667,1,27.5,202,10014.26935,0.004038462,0.021947073,1.606825723,0.0,Nov,2,2,1,2,Returning_Visitor,0,1
0,0.0,2,236.0,66,1483.55,0.0,0.006153846,143.2115385,0.0,May,2,4,3,3,Returning_Visitor,1,1
4,99.33333333,1,103.8,40,2011.966667,0.018181818,0.023484848,9.869649371,0.0,Oct,2,2,1,20,Returning_Visitor,0,1
8,463.75,4,337.5,157,6123.741494,0.007198364,0.019816374,0.0,0.0,Nov,2,2,7,2,Returning_Visitor,1,1
6,186.6666667,2,100.8,11,347.4,0.0,0.015,0.0,0.0,Aug,3,2,4,5,Returning_Visitor,0,1
10,263.3583333,0,0.0,69,3416.279167,0.012004662,0.019056732,0.0,0.0,Nov,3,2,1,2,Returning_Visitor,0,1
0,0.0,0,0.0,46,3346.041667,0.0,0.01884058,0.0,0.0,Nov,2,2,3,2,Returning_Visitor,1,1
14,286.5333333,2,118.8,31,835.71,0.0,0.007317073,33.05509961,0.0,Nov,2,2,7,2,Returning_Visitor,0,1
4,24.5,0,0.0,29,749.125,0.005882353,0.02745098,0.0,0.0,Nov,1,1,3,2,Returning_Visitor,0,1
0,0.0,0,0.0,8,247.5,0.0,0.00952381,0.0,0.0,Nov,2,2,9,2,New_Visitor,0,1
1,10.0,0,0.0,25,583.35,0.0,0.016,71.07435633,0.0,Oct,1,1,1,2,Returning_Visitor,0,1
2,45.5,0,0.0,39,2011.041667,0.0,0.0125,53.73655336,0.0,Nov,2,2,1,8,Returning_Visitor,0,1
0,0.0,0,0.0,21,452.797619,0.0,0.023,16.82505,0.0,May,1,1,1,4,Returning_Visitor,0,1
1,21.0,0,0.0,13,1474.5,0.0,0.016666667,69.46175766,0.0,Dec,2,2,4,3,Returning_Visitor,0,1
1,6.0,1,7.0,25,591.8928571,0.0,0.020833333,165.6204667,0.0,May,1,1,8,4,Returning_Visitor,1,1
1,0.0,1,37.4,23,1146.5,0.015384615,0.023076923,72.52076923,0.0,May,2,4,1,4,Returning_Visitor,1,1
3,118.6666667,0,0.0,17,694.0,0.003703704,0.008333333,27.45138186,0.0,Mar,3,2,1,2,Returning_Visitor,1,1
8,279.28,0,0.0,17,835.4180952,0.0,0.018571429,35.89140755,0.0,Aug,3,2,3,2,New_Visitor,0,1
11,88.375,1,0.0,81,3230.546573,0.0,0.017862319,15.38432962,0.0,Nov,1,1,7,2,Returning_Visitor,0,1
6,108.9166667,0,0.0,24,516.4166667,0.0,0.013333333,8.1816,0.0,May,2,2,1,5,Returning_Visitor,1,1
13,448.0621212,2,504.5,171,5341.784253,0.009401851,0.016398799,12.09622118,0.0,Nov,3,2,1,13,Returning_Visitor,0,1
6,100.1,0,0.0,4,60.4,0.0,0.022222222,0.0,0.0,Sep,2,4,7,2,New_Visitor,0,1
0,0.0,0,0.0,5,120.79,0.0,0.00952381,11.80891356,0.0,June,2,2,1,2,Returning_Visitor,0,1
7,32.64285714,3,189.0,224,6095.481945,0.002623688,0.016400421,10.36159616,0.0,Nov,1,2,1,2,Returning_Visitor,0,1
2,43.5,0,0.0,26,971.6666667,0.0,0.009259259,15.1510483,0.0,Dec,2,2,3,2,Returning_Visitor,0,1
5,40.13636364,0,0.0,35,840.9952922,0.005263158,0.012593985,64.72238907,0.0,Nov,2,2,1,1,Returning_Visitor,0,1
22,474.4764124,3,167.1428571,92,2324.820965,0.014613095,0.020072361,7.935285933,0.0,Nov,3,2,2,13,Returning_Visitor,0,1
0,0.0,0,0.0,29,1137.166667,0.0,0.007142857,22.27457143,0.0,May,1,8,1,11,Returning_Visitor,1,1
0,0.0,0,0.0,9,553.0,0.0,0.025,53.988,0.0,May,1,1,1,4,New_Visitor,0,1
5,85.66666667,0,0.0,25,1194.5,0.0,0.007692308,11.51923077,0.0,May,2,2,1,2,New_Visitor,0,1
2,72.5,0,0.0,10,1580.0,0.0,0.018181818,100.0963636,0.0,May,2,2,1,2,Returning_Visitor,0,1
1,8.1,0,0.0,16,2227.8,0.0,0.021428571,0.0,0.0,Sep,2,2,1,5,New_Visitor,0,1
3,27.0,0,0.0,21,898.0,0.015384615,0.042307692,10.94723077,0.6,May,2,2,1,3,Returning_Visitor,0,1
4,98.0,4,216.0,17,1243.5,0.0,0.008695652,32.80852174,0.0,May,1,1,2,2,New_Visitor,0,1
1,29.5,0,0.0,26,1659.866667,0.008,0.016,21.81920724,0.0,Nov,2,5,2,1,Returning_Visitor,0,1
7,78.3,5,120.0,87,1363.263492,0.004301075,0.008090118,30.80927957,0.6,May,2,2,3,2,Returning_Visitor,0,1
9,576.6208333,0,0.0,57,1878.195833,0.003472222,0.010446429,5.002669777,0.0,Nov,2,2,4,8,New_Visitor,0,1
1,0.0,0,0.0,60,1995.416667,0.0,0.003389831,61.58171224,0.0,Nov,2,4,1,7,New_Visitor,0,1
9,102.8666667,3,339.5,29,693.2541667,0.0,0.014705882,77.64914484,0.0,Dec,2,10,1,2,Returning_Visitor,0,1
4,149.25,0,0.0,27,1212.809524,0.0,0.020967742,14.89210837,0.0,Mar,2,2,7,2,Returning_Visitor,0,1
0,0.0,1,7.0,10,672.5142857,0.0,0.018181818,60.71287168,0.0,Sep,1,1,7,2,Returning_Visitor,0,1
8,268.25,0,0.0,71,2426.791667,0.002702703,0.010810811,33.86849093,0.0,Nov,2,2,1,8,Returning_Visitor,0,1
5,825.0,0,0.0,33,808.1666667,0.0,0.005405405,20.85956757,0.0,Mar,2,4,9,10,New_Visitor,0,1
2,147.5,7,209.0,48,698.6715201,0.004487179,0.01989011,68.91364255,0.0,Nov,3,2,7,11,Returning_Visitor,0,1
0,0.0,0,0.0,18,353.0833333,0.022222222,0.05,0.0,0.0,Nov,1,1,1,2,Returning_Visitor,1,1
0,0.0,0,0.0,11,482.6666667,0.0,0.02,22.738,0.0,May,1,1,6,2,New_Visitor,0,1
5,172.0833333,0,0.0,21,486.1472222,0.0,0.0105,48.0136549,0.0,Nov,2,2,4,1,Returning_Visitor,0,1
8,192.5555556,1,91.0,109,2926.431962,0.0,0.001851852,12.8915,0.0,May,4,1,1,3,New_Visitor,0,1
4,206.3333333,0,0.0,20,917.35,0.0,0.008333333,23.83323089,0.0,Mar,4,2,1,2,Returning_Visitor,1,1
1,0.0,0,0.0,20,2270.833333,0.0,0.023809524,10.23187302,0.0,Mar,2,2,3,6,Returning_Visitor,0,1
6,96.85714286,0,0.0,28,672.5452381,0.0,0.020707071,19.71468924,0.0,Mar,1,1,2,10,Returning_Visitor,0,1
0,0.0,1,28.0,13,474.6666667,0.0,0.014285714,33.41,0.0,Mar,2,2,1,6,Returning_Visitor,0,1
3,67.4,2,16.2,8,281.1,0.0,0.041666667,15.82044157,0.0,Nov,3,2,1,20,Returning_Visitor,0,1
4,47.5,0,0.0,16,331.3333333,0.0,0.010526316,254.6071579,0.0,May,2,5,1,2,New_Visitor,0,1
1,3.0,0,0.0,161,3763.447588,0.001666667,0.012346041,0.0,0.0,Nov,1,1,1,2,Returning_Visitor,0,1
0,0.0,0,0.0,84,2524.194444,0.0,0.013730159,0.0,0.0,Nov,2,2,1,3,Returning_Visitor,0,1
5,46.52,0,0.0,133,2248.914286,0.012077922,0.029349567,6.373770623,0.0,Jul,1,1,1,4,Returning_Visitor,0,1
2,1668.5,4,35.0,18,1372.975,0.0,0.017391304,41.64625944,0.0,Dec,2,2,1,6,Returning_Visitor,0,1
6,437.3913043,2,235.55,83,2503.881781,0.002197802,0.004916136,2.086218493,0.0,Mar,2,2,3,2,Returning_Visitor,0,1
5,145.0,2,349.0,33,2161.133333,0.012820513,0.044786325,16.58165201,0.0,Nov,2,2,7,1,Returning_Visitor,0,1
0,0.0,0,0.0,14,731.5,0.014285714,0.042857143,0.0,0.0,Nov,2,2,4,2,New_Visitor,0,1
0,0.0,0,0.0,12,115.6666667,0.058333333,0.091666667,0.0,0.0,Nov,2,4,4,3,Returning_Visitor,0,1
0,0.0,0,0.0,15,1251.316667,0.0,0.03452381,0.0,0.0,Nov,3,2,1,2,Returning_Visitor,1,1
2,569.0,1,58.5,23,941.6994048,0.0,0.008,9.331744184,0.0,Dec,2,2,4,2,New_Visitor,0,1
13,408.6,0,0.0,21,589.4214286,0.004444444,0.014814815,18.09857173,0.0,Aug,2,2,8,2,Returning_Visitor,0,1
0,0.0,0,0.0,14,999.0,0.0,0.023076923,8.482951523,0.0,Dec,2,2,3,6,Returning_Visitor,0,1
12,251.6190476,1,44.0,69,2269.732143,0.0,0.007,0.093546949,0.0,Dec,2,2,3,2,Returning_Visitor,0,1
4,73.75,1,58.0,12,777.5,0.0,0.015555556,10.782,0.0,Mar,2,2,1,2,Returning_Visitor,1,1
6,112.5,0,0.0,86,2041.23355,0.000387597,0.00786268,5.911452178,0.0,Nov,2,4,1,2,Returning_Visitor,0,1
3,30.25,0,0.0,21,327.2666667,0.017391304,0.02826087,68.85704348,0.0,May,2,2,1,3,Returning_Visitor,0,1
0,0.0,0,0.0,7,211.6333333,0.0,0.0,28.80119616,0.0,Aug,1,1,1,5,New_Visitor,0,1
2,8.0,1,14.33333333,14,603.6666667,0.0,0.0125,44.67925,0.0,Mar,2,2,1,7,Returning_Visitor,0,1
0,0.0,0,0.0,11,300.0714286,0.0,0.02,53.9892,0.0,Mar,2,2,1,11,Returning_Visitor,1,1
3,113.1,0,0.0,17,237.6066667,0.0,0.033333333,94.10360412,0.0,Oct,1,1,2,4,Returning_Visitor,0,1
8,57.5,0,0.0,44,845.8333333,0.004255319,0.012765957,19.29753191,0.6,May,2,2,1,3,Returning_Visitor,0,1
11,289.6833333,0,0.0,41,678.4833333,0.0,0.032173913,13.57270341,0.0,Oct,4,1,3,1,Returning_Visitor,0,1
0,0.0,0,0.0,24,783.375,0.0,0.004166667,15.75636267,0.0,Nov,1,1,4,3,Returning_Visitor,0,1
0,0.0,0,0.0,100,5212.708333,0.00952381,0.025768619,8.505586651,0.0,Nov,2,2,7,2,Returning_Visitor,1,1
6,116.6973684,0,0.0,171,9405.836721,0.008313228,0.028256171,0.0,0.0,Dec,3,2,3,2,Returning_Visitor,0,1
5,166.3333333,1,0.0,38,1869.45119,0.004545455,0.010037879,0.0,0.0,Dec,2,4,8,2,New_Visitor,0,1
1,69.0,0,0.0,8,423.0,0.0,0.025,28.05094335,0.0,Mar,2,4,1,8,New_Visitor,0,1
4,103.6,1,27.2,26,2609.0,0.0,0.002380952,47.12454606,0.0,Nov,2,6,1,2,Returning_Visitor,1,1
5,766.8333333,0,0.0,37,1133.016667,0.0,0.013846154,49.66307692,0.0,May,4,2,4,2,Returning_Visitor,0,1
7,187.8333333,0,0.0,36,1775.516667,0.0,0.0089599,4.745736842,0.0,Mar,1,1,1,10,Returning_Visitor,0,1
2,20.2,0,0.0,27,2129.8,0.012903226,0.051612903,6.476760366,0.0,Sep,2,6,3,3,Returning_Visitor,0,1
10,549.0,5,608.45,213,9151.494242,0.003111111,0.013391698,2.568483894,0.0,Oct,2,2,1,2,Returning_Visitor,0,1
1,0.0,0,0.0,106,4568.338675,0.003647799,0.013529215,0.0,0.0,Nov,1,1,2,10,Returning_Visitor,0,1
7,268.4166667,0,0.0,41,1124.875,0.0,0.011904762,0.0,0.0,Nov,2,2,9,2,Returning_Visitor,0,1
0,0.0,1,81.0,82,3214.020563,0.0,0.007723577,4.667079268,0.0,Mar,3,3,2,10,Returning_Visitor,0,1
3,46.9,0,0.0,26,561.4,0.0,0.007142857,53.88782441,0.0,Nov,2,5,1,5,New_Visitor,0,1
1,38.2,1,9.0,21,1290.5,0.0,0.0,86.12351528,0.0,Nov,2,2,9,2,New_Visitor,0,1
2,15.0,0,0.0,38,1880.966667,0.003703704,0.023809524,12.59766667,0.0,May,4,1,1,4,Returning_Visitor,1,1
14,578.5,2,913.0,31,699.5,0.0,0.005896806,22.58886486,0.0,May,2,2,3,4,Returning_Visitor,1,1
0,0.0,0,0.0,15,418.375,0.0,0.013333333,13.18554515,0.0,Dec,3,2,1,2,New_Visitor,1,1
12,152.75,6,1024.25,127,3247.644636,0.008844998,0.017025608,33.85339122,0.0,Nov,3,1,1,2,Returning_Visitor,1,1
4,167.5,0,0.0,22,869.9,0.0,0.026388889,33.53327578,0.0,Mar,2,6,4,10,Returning_Visitor,0,1
4,61.0,0,0.0,16,502.5,0.0,0.00952381,71.944,0.0,May,4,1,2,3,Returning_Visitor,1,1
1,0.0,2,23.75,193,6784.671131,0.004931973,0.021157516,0.0,0.0,Nov,2,2,7,2,Returning_Visitor,1,1
0,0.0,0,0.0,17,840.2333333,0.0,0.001666667,109.176,0.0,Mar,2,2,9,2,New_Visitor,0,1
4,32.75,0,0.0,13,704.0,0.0,0.024285714,76.79037287,0.0,Dec,2,2,1,2,Returning_Visitor,0,1
0,0.0,1,22.0,81,2253.799603,0.011463415,0.015875182,0.0,0.0,Nov,3,2,1,2,Returning_Visitor,1,1
0,0.0,0,0.0,22,355.6666667,0.047619048,0.051428571,25.194,0.8,May,2,2,3,4,Returning_Visitor,0,1
5,72.5,0,0.0,55,936.1333333,0.003571429,0.020238095,23.27552205,0.0,Nov,2,2,1,2,Returning_Visitor,0,1
0,0.0,0,0.0,35,888.3333333,0.005714286,0.024285714,7.609371429,0.2,May,2,2,6,3,Returning_Visitor,0,1
1,7.0,0,0.0,7,151.5,0.0,0.025,50.9925,0.0,May,2,2,1,1,Returning_Visitor,0,1
0,0.0,0,0.0,18,587.7333333,0.0,0.022222222,32.52380772,0.0,Nov,2,2,7,4,Returning_Visitor,1,1
6,75.5,0,0.0,3,66.05,0.0,0.022222222,21.47142017,0.0,Aug,2,2,7,6,Returning_Visitor,0,1
5,70.20765027,0,0.0,89,2542.60431,0.001811594,0.012188596,5.887666731,0.0,Nov,2,2,4,2,Returning_Visitor,0,1
7,187.1666667,2,72.0,22,680.0,0.0,0.006190476,22.45821429,0.0,May,3,2,3,2,New_Visitor,0,1
4,88.0,1,1174.0,173,6014.398401,0.009530632,0.025130309,1.53931845,0.0,Nov,3,2,1,2,Returning_Visitor,1,1
3,275.0,1,29.5,30,1107.047619,0.0,0.017760943,35.98106601,0.0,Mar,3,2,3,1,Returning_Visitor,1,1
10,274.25,5,247.75,61,2267.330952,0.002739726,0.005348989,48.6094789,0.0,Nov,2,2,1,2,Returning_Visitor,0,1
9,441.85,0,0.0,122,2577.449603,0.0,0.010463332,75.27712913,0.0,Nov,1,1,1,2,Returning_Visitor,0,1
0,0.0,0,0.0,11,205.7,0.0,0.022222222,18.85086521,0.0,Dec,1,1,1,8,New_Visitor,0,1
3,618.0,0,0.0,9,341.0,0.0,0.007692308,34.43601877,0.0,Mar,2,2,9,3,New_Visitor,0,1
0,0.0,0,0.0,7,343.25,0.0,0.028571429,49.36350729,0.0,Nov,2,2,2,7,Returning_Visitor,1,1
0,0.0,1,28.0,19,1120.266667,0.021052632,0.052631579,11.38642105,0.0,May,4,1,6,4,Returning_Visitor,1,1
6,94.1,0,0.0,92,4212.141886,0.008333333,0.021875,6.664927724,0.0,Nov,1,1,1,2,Returning_Visitor,1,1
6,72.04,2,206.6,24,709.4333333,0.007142857,0.016666667,15.70942935,0.0,Aug,2,2,2,2,Returning_Visitor,0,1
7,153.85,0,0.0,19,504.6,0.0,0.018518519,0.0,0.0,Dec,1,1,1,8,Returning_Visitor,0,1
3,53.25,1,77.0,198,3057.809524,0.0,0.002734559,11.97910693,0.0,May,4,1,5,1,Returning_Visitor,1,1
0,0.0,0,0.0,53,3575.0,0.0,0.003846154,119.8943327,0.0,Nov,2,5,6,2,Returning_Visitor,0,1
2,20.15,0,0.0,60,1521.15,0.003333333,0.015277778,16.43637285,0.0,Nov,2,4,1,2,Returning_Visitor,0,1
4,68.73333333,0,0.0,44,2498.866667,0.0,0.014444444,11.33062869,0.0,Oct,2,2,4,1,Returning_Visitor,0,1
10,1005.666667,0,0.0,36,2111.341667,0.004347826,0.014492754,11.43941195,0.0,Feb,2,6,1,2,Returning_Visitor,0,1
0,0.0,0,0.0,8,459.0,0.0,0.028571429,26.98,0.0,May,2,4,3,2,Returning_Visitor,0,1
4,46.45833333,0,0.0,82,2875.615909,0.0,0.007267442,27.75787044,0.0,Nov,2,4,3,1,Returning_Visitor,0,1
0,0.0,2,109.0,23,1232.733333,0.0,0.012820513,56.35884615,0.0,May,4,2,1,19,Returning_Visitor,1,1
0,0.0,1,9.0,48,1512.75,0.004081633,0.033469388,0.0,0.0,Nov,2,2,1,2,Returning_Visitor,0,1
3,37.5,0,0.0,18,607.5,0.0,0.010526316,361.7637419,0.0,Nov,2,2,3,2,New_Visitor,0,1
0,0.0,0,0.0,22,1076.65,0.023809524,0.036507937,10.7869918,0.0,Aug,2,2,2,1,Returning_Visitor,0,1
13,245.4,0,0.0,61,3773.3,0.005714286,0.025021645,22.37276151,0.0,Oct,2,2,9,3,Returning_Visitor,0,1
1,2.0,1,0.0,77,2476.154789,0.005128205,0.02648199,0.0,0.0,Dec,2,2,1,2,Returning_Visitor,0,1
11,225.22,2,106.8,68,1607.173333,0.011392405,0.033333333,0.0,0.0,Sep,2,2,1,3,Returning_Visitor,0,1
6,257.5,0,0.0,37,2533.333333,0.014634146,0.031707317,6.651334683,0.0,Nov,2,2,3,1,Returning_Visitor,0,1
0,0.0,0,0.0,8,335.0,0.025,0.05,63.891,0.0,May,3,2,4,1,Returning_Visitor,0,1
0,0.0,5,924.0,45,3198.186667,0.004,0.016363636,32.41773364,0.0,Oct,2,6,4,2,Returning_Visitor,0,1
10,214.7833333,3,30.2,52,1968.942963,0.004166667,0.023015892,17.75267237,0.0,June,3,3,3,2,Returning_Visitor,1,1
1,15.2,0,0.0,19,348.6,0.0,0.005555556,0.0,0.0,Aug,2,2,7,3,Returning_Visitor,0,1
1,51.0,2,176.0,37,1420.733333,0.0,0.012612613,102.3538378,0.0,May,2,5,7,4,Returning_Visitor,1,1
0,0.0,0,0.0,11,667.9166667,0.0,0.009090909,0.0,0.0,Dec,2,5,1,2,Returning_Visitor,0,1
0,0.0,0,0.0,36,808.0833333,0.0,0.007619048,53.10142857,0.0,May,2,2,6,4,Returning_Visitor,0,1
1,4.0,0,0.0,8,244.0,0.02,0.04,15.45198077,0.0,Sep,2,4,1,1,Returning_Visitor,0,1
0,0.0,0,0.0,10,253.5,0.0,0.022222222,63.588,0.0,Mar,1,1,1,2,New_Visitor,1,1
6,71.2,0,0.0,101,3800.089234,0.003883495,0.024032278,3.179063602,0.0,Nov,1,1,3,1,Returning_Visitor,0,1
11,570.25,0,0.0,39,1728.25,0.006666667,0.019777778,22.42576795,0.0,Nov,2,2,1,2,Returning_Visitor,0,1
2,44.33333333,0,0.0,19,813.1,0.0,0.01,20.0031,0.0,May,2,2,1,2,Returning_Visitor,0,1
0,0.0,0,0.0,22,348.5,0.004545455,0.022727273,0.0,0.0,Nov,2,2,1,1,Returning_Visitor,1,1
0,0.0,2,48.5,59,2195.283333,0.009836066,0.030601093,0.0,0.0,Nov,2,2,7,2,Returning_Visitor,0,1
8,456.9,0,0.0,35,1113.783333,0.0,0.012017544,12.1225775,0.0,Oct,2,5,2,2,Returning_Visitor,0,1
8,889.1666667,0,0.0,137,5588.185426,0.000729167,0.026320008,6.898232461,0.0,Nov,2,2,1,3,Returning_Visitor,0,1
5,60.5,0,0.0,5,50.0,0.0,0.025,0.0,0.0,Dec,8,13,9,20,Other,1,1
2,24.0,0,0.0,28,1206.614719,0.0,0.023222222,5.417644444,0.0,Mar,2,2,1,2,Returning_Visitor,0,1
11,524.75,3,258.625,197,6309.427034,0.006113821,0.011878229,3.364060957,0.0,Nov,2,10,1,2,Returning_Visitor,0,1
8,212.625,3,124.5,52,968.1964286,0.0,0.005172414,214.3066627,0.0,Nov,2,2,1,2,Returning_Visitor,0,1
0,0.0,2,594.1333333,39,922.4006061,0.0,0.001709402,154.0955389,0.0,Sep,3,2,1,2,New_Visitor,0,1
0,0.0,0,0.0,6,111.6,0.0,0.016666667,24.9184548,0.0,Oct,1,2,3,2,Returning_Visitor,1,1
4,65.5,0,0.0,23,783.75,0.007692308,0.030769231,0.0,0.0,Nov,2,5,3,1,Returning_Visitor,1,1
0,0.0,0,0.0,8,885.0,0.04375,0.0375,49.72830378,0.0,Nov,3,2,1,8,Returning_Visitor,0,1
0,0.0,1,44.0,14,549.5,0.0,0.013333333,43.252,0.2,May,2,4,1,2,New_Visitor,0,1
13,340.5916667,0,0.0,43,863.3468254,0.0,0.006730769,40.01028435,0.0,Nov,2,2,4,1,Returning_Visitor,0,1
1,29.0,2,149.0,11,561.55,0.014285714,0.038571429,10.02085714,0.6,May,3,2,1,4,Returning_Visitor,0,1
0,0.0,0,0.0,28,859.3333333,0.0,0.007407407,17.50632106,0.0,Nov,4,1,6,2,New_Visitor,0,1
2,338.0,0,0.0,17,1205.566667,0.0125,0.0375,19.23625,0.8,May,3,2,2,2,Returning_Visitor,0,1
4,62.5,0,0.0,53,1840.369156,0.007407407,0.023148148,46.77831787,0.0,Dec,1,1,2,2,Returning_Visitor,0,1
6,99.60588235,0,0.0,83,2585.61835,0.0,0.00761877,6.871308983,0.0,Mar,2,2,2,2,Returning_Visitor,0,1
1,82.0,0,0.0,59,1927.122222,0.007909605,0.023728814,23.87629104,0.0,May,2,2,9,13,Returning_Visitor,0,1
4,143.0,1,20.5,10,386.15,0.0,0.015384615,64.6,0.0,Mar,1,1,7,8,Returning_Visitor,0,1
5,100.9166667,0,0.0,56,1432.223333,0.0,0.002185792,69.43043195,0.0,Mar,2,2,3,3,Returning_Visitor,1,1
1,18.0,0,0.0,18,1188.95,0.0,0.011764706,39.186,0.0,May,2,2,3,3,Returning_Visitor,0,1
0,0.0,0,0.0,12,312.0333333,0.0,0.009090909,17.808,0.0,May,2,2,8,6,Returning_Visitor,0,1
0,0.0,1,26.0,51,3540.239394,0.001960784,0.023180828,2.172431373,0.8,May,1,1,3,1,Returning_Visitor,0,1
1,6.0,0,0.0,15,579.0,0.0,0.0125,63.93506419,0.0,Dec,1,1,4,2,New_Visitor,0,1
4,309.0,0,0.0,27,877.5,0.0,0.007407407,44.47733333,0.0,May,1,1,1,4,New_Visitor,0,1
0,0.0,1,16.0,8,308.0,0.0,0.025,35.091,0.0,May,2,4,1,2,Returning_Visitor,0,1
0,0.0,1,19.0,27,1523.05,0.0,0.001851852,22.12888889,0.0,May,1,1,1,4,Returning_Visitor,0,1
1,28.2,0,0.0,18,536.0857143,0.0,0.011111111,75.62994948,0.0,Aug,2,2,4,4,New_Visitor,0,1
6,647.3333333,6,191.5833333,175,10886.87692,0.005110897,0.018243793,16.64099403,0.0,Nov,2,2,1,2,Returning_Visitor,0,1
4,206.25,0,0.0,16,572.65,0.0,0.011111111,10.17711218,0.0,Sep,3,2,1,4,Returning_Visitor,1,1
4,356.5,0,0.0,15,1992.916667,0.0,0.014285714,17.85338057,0.0,Dec,2,4,1,1,Returning_Visitor,0,1
6,89.0,3,12.0,75,5378.045851,0.02013261,0.0464397,4.374401266,0.2,May,2,2,8,3,Returning_Visitor,0,1
2,18.0,0,0.0,15,756.3333333,0.0125,0.0625,29.24325,0.0,Mar,2,10,3,1,Returning_Visitor,0,1
6,141.9166667,2,1060.75,136,8777.613879,0.007159986,0.016360941,21.3825758,0.0,Dec,3,2,1,2,Returning_Visitor,0,1
0,0.0,2,0.0,99,2622.600281,0.022,0.028519936,0.0,0.0,Nov,3,2,2,13,Returning_Visitor,0,1
1,26.5,1,58.5,24,760.7632353,0.006153846,0.020512821,33.11000268,0.0,Nov,2,2,1,2,Returning_Visitor,0,1
4,39.8,0,0.0,9,132.4,0.0,0.006666667,0.0,0.0,Aug,2,2,1,5,New_Visitor,0,1
1,12.6,0,0.0,6,140.7,0.0,0.00952381,15.89480154,0.0,Jul,2,10,3,2,Returning_Visitor,1,1
2,23.0,0,0.0,39,1828.966667,0.005128205,0.02008547,20.5924708,0.0,Nov,1,1,1,2,Returning_Visitor,1,1
6,97.88235294,2,9.0,58,2293.59902,0.008357771,0.033973374,6.7485,0.0,May,2,2,7,4,Returning_Visitor,0,1
0,0.0,0,0.0,11,660.8,0.0,0.0,33.83646892,0.0,June,2,2,6,1,New_Visitor,0,1
3,224.0,2,42.0,132,5098.75498,0.010632603,0.014962157,2.209003373,0.0,Nov,1,2,1,2,Returning_Visitor,0,1
0,0.0,0,0.0,14,242.0833333,0.014285714,0.023809524,0.0,0.0,Nov,1,1,1,2,Returning_Visitor,0,1
1,34.2,0,0.0,26,502.4533333,0.0,0.002564103,22.65617015,0.0,Oct,3,2,6,2,New_Visitor,1,1
5,96.25,0,0.0,26,1222.333333,0.0,0.006451613,42.95612903,0.0,May,2,2,1,1,Returning_Visitor,0,1
0,0.0,0,0.0,29,1970.0,0.0,0.0,100.7256048,0.0,Oct,4,1,5,2,Returning_Visitor,0,1
9,546.0,0,0.0,28,1561.083333,0.01,0.03,3.810575284,0.0,Mar,2,2,7,10,Returning_Visitor,0,1
2,65.5,0,0.0,11,263.0,0.0,0.016666667,46.308063,0.0,Nov,2,2,1,2,Returning_Visitor,0,1
5,497.75,1,10.0,51,4977.85,0.0,0.015536723,15.35760339,0.0,May,2,2,1,5,Returning_Visitor,0,1
1,12.06666667,0,0.0,45,591.2640602,0.0,0.013028631,0.0,0.0,Sep,2,2,1,2,Returning_Visitor,0,1
0,0.0,0,0.0,53,5504.695238,0.011538462,0.031446886,12.32661404,0.0,Nov,2,2,1,1,Returning_Visitor,0,1
0,0.0,0,0.0,7,728.8,0.0,0.0,58.9241766,0.0,Aug,4,2,1,2,Returning_Visitor,0,1
8,249.0,1,36.33333333,31,1124.916667,0.0,0.014672365,18.08584615,0.0,May,2,4,5,5,New_Visitor,0,1
0,0.0,0,0.0,9,153.2,0.02,0.06,27.8892456,0.0,Aug,2,2,7,13,Returning_Visitor,0,1
1,87.0,0,0.0,38,1326.25,0.013157895,0.028508772,7.153421053,0.0,May,2,2,1,4,Returning_Visitor,0,1
1,46.4,0,0.0,2,689.1,0.0,0.016666667,0.0,0.0,Aug,1,1,1,5,New_Visitor,0,1
8,108.8333333,0,0.0,21,780.5833333,0.008695652,0.017391304,25.03946022,0.0,Nov,2,5,1,3,New_Visitor,0,1
0,0.0,0,0.0,8,376.3333333,0.0,0.028571429,53.988,0.0,May,2,2,2,4,Returning_Visitor,1,1
0,0.0,2,76.0,35,2068.928571,0.0,0.014285714,39.27145714,0.0,May,2,6,6,6,Returning_Visitor,0,1
1,24.2,0,0.0,18,1014.2,0.0,0.02,22.9772856,0.0,Nov,2,2,2,13,Returning_Visitor,0,1
7,69.875,0,0.0,33,1051.125,0.0,0.010526316,25.12339065,0.0,Nov,2,2,9,11,Returning_Visitor,1,1
1,24.91666667,1,7.666666667,98,3561.139286,0.008163265,0.018367347,78.19779587,0.0,Nov,2,2,1,13,Returning_Visitor,1,1
0,0.0,1,9.0,30,1992.833333,0.0,0.003333333,9.227000967,0.0,Mar,2,4,1,3,Returning_Visitor,0,1
2,78.0,0,0.0,15,269.75,0.0,0.013333333,22.738,0.0,May,3,2,4,2,New_Visitor,0,1
2,40.25,0,0.0,23,766.25,0.008333333,0.025,24.07951908,0.0,Dec,1,1,2,8,Returning_Visitor,1,1
0,0.0,0,0.0,19,1040.2,0.0,0.011111111,115.98,0.0,May,2,2,6,2,New_Visitor,1,1
9,211.0,1,52.4,22,501.0714286,0.0,0.034666667,0.0,0.0,Aug,1,2,1,4,Returning_Visitor,1,1
3,79.0,0,0.0,36,2517.0,0.0,0.005405405,27.23866195,0.0,Mar,2,10,2,2,Returning_Visitor,1,1
5,140.25,4,282.0,4,213.5,0.0,0.009090909,0.0,0.0,Nov,3,2,1,2,New_Visitor,0,1
17,195.4864719,1,60.5,94,2267.472565,0.002111614,0.008213489,4.511078764,0.0,Nov,3,2,3,2,Returning_Visitor,0,1
1,0.0,0,0.0,29,1085.9,0.0,0.007407407,30.54596337,0.0,Nov,2,2,1,4,New_Visitor,0,1
1,61.5,0,0.0,13,949.75,0.0,0.007692308,51.75775772,0.0,Dec,1,1,1,2,New_Visitor,0,1
10,143.5833333,1,92.0,245,7793.158685,0.001587302,0.004610177,59.42458922,0.0,Nov,3,2,1,8,Returning_Visitor,0,1
0,0.0,0,0.0,24,1010.25,0.008333333,0.016666667,31.81967723,0.0,Dec,3,2,8,2,Returning_Visitor,0,1
0,0.0,0,0.0,8,240.0,0.0,0.028571429,58.788,0.2,May,2,2,3,2,New_Visitor,0,1
2,44.0,0,0.0,44,724.3166667,0.0,0.011363636,19.21218939,0.0,May,2,2,3,2,Returning_Visitor,0,1
9,111.5,1,48.5,49,1868.819697,0.0,0.020708874,1.706014966,0.0,Mar,2,2,7,2,Returning_Visitor,0,1
1,22.75,0,0.0,1,0.0,0.0,0.066666667,0.0,0.0,Dec,1,1,1,8,New_Visitor,0,1
11,157.0583333,5,514.0,79,2605.702273,0.0,0.006407828,14.8513125,0.0,May,2,2,7,3,Returning_Visitor,0,1
1,23.2,0,0.0,27,1061.55,0.003703704,0.018518519,43.29821166,0.0,Aug,2,2,6,5,Returning_Visitor,0,1
4,74.0,2,629.0,149,5042.458059,0.003870968,0.007285123,18.36804916,0.0,Mar,2,2,1,2,Returning_Visitor,0,1
2,45.44444444,1,40.66666667,57,851.6426534,0.0,0.007923497,3.077836066,0.0,Mar,2,4,3,1,Returning_Visitor,1,1
5,140.0,0,0.0,21,839.4166667,0.011594203,0.008695652,30.83748589,0.0,Dec,3,2,3,1,Returning_Visitor,0,1
6,71.5,0,0.0,47,1532.2,0.009929078,0.019797366,27.26888014,0.0,Mar,2,2,1,1,Returning_Visitor,0,1
3,105.0,1,0.0,286,9952.349817,0.004181185,0.015495489,0.0,0.0,Nov,2,2,1,2,Returning_Visitor,0,1
5,419.0,0,0.0,14,362.1029825,0.022916667,0.021979167,3.164088313,0.0,Jul,3,2,3,2,Returning_Visitor,1,1
22,438.3309524,3,703.5,178,6241.687398,0.002878526,0.016885589,2.038399449,0.0,Nov,2,2,1,10,Returning_Visitor,0,1
1,42.5,1,12.83333333,104,4054.755952,0.003883495,0.010097087,141.4590538,0.0,Nov,2,2,1,2,Returning_Visitor,0,1
1,75.16666667,0,0.0,20,1173.417614,0.0,0.002,21.41943708,0.0,Nov,3,2,8,11,Returning_Visitor,0,1
0,0.0,0,0.0,27,2514.25,0.0,0.006666667,31.40784,0.0,May,2,2,3,5,New_Visitor,0,1
1,96.66666667,0,0.0,23,1605.875,0.031818182,0.05030303,54.10230816,0.0,Dec,2,2,2,10,Returning_Visitor,0,1
3,195.4,2,294.6,93,6412.233333,0.0,0.026687598,0.0,0.0,Sep,2,2,9,2,Returning_Visitor,0,1
5,169.975,3,106.0,90,4792.380767,0.004166667,0.007479289,41.55801982,0.0,Nov,3,2,6,1,Returning_Visitor,0,1
7,84.83333333,0,0.0,57,1897.6875,0.009090909,0.017857143,0.0,0.0,Nov,1,2,3,3,Returning_Visitor,0,1
1,34.0,0,0.0,7,179.0,0.0,0.028571429,53.13428571,0.0,Mar,2,4,2,8,New_Visitor,0,1
1,30.5,0,0.0,34,1333.166667,0.0,0.006060606,8.754045182,0.0,Dec,2,2,7,2,New_Visitor,0,1
2,11.92307692,2,139.0,80,4099.737392,0.004117063,0.005279668,16.88069613,0.0,Mar,3,2,1,2,Returning_Visitor,1,1
1,17.5,0,0.0,17,665.9848485,0.0,0.002352941,51.60705882,0.0,May,2,2,4,2,New_Visitor,0,1
8,183.0,4,571.5,14,333.6,0.0,0.01,15.43344,0.0,Mar,1,1,1,2,Returning_Visitor,1,1
4,47.5,0,0.0,37,839.2083333,0.005263158,0.017105263,12.96520279,0.0,Nov,1,1,1,2,Returning_Visitor,0,1
0,0.0,1,39.5,357,8864.036841,0.001685393,0.007310889,9.964255807,0.0,Nov,2,2,1,2,Returning_Visitor,0,1
6,285.9,0,0.0,13,291.3,0.0,0.0125,53.11442085,0.0,Nov,1,1,4,2,New_Visitor,0,1
5,39.0,0,0.0,13,137.0,0.0,0.011764706,0.0,0.0,Nov,2,4,3,2,New_Visitor,0,1
4,37.25,1,5.0,50,1295.008333,0.000892857,0.015595238,0.0,0.0,Nov,3,2,4,2,Returning_Visitor,1,1
6,218.6666667,0,0.0,24,1737.0,0.006896552,0.015172414,23.51599702,0.0,Nov,1,1,6,10,Returning_Visitor,1,1
0,0.0,0,0.0,5,277.5,0.0,0.04,42.03044096,0.0,Nov,2,2,3,2,Returning_Visitor,0,1
3,26.0,0,0.0,19,576.0833333,0.009090909,0.018181818,30.65045455,0.0,Mar,2,2,2,1,Returning_Visitor,1,1
0,0.0,0,0.0,24,607.9666667,0.0,0.004166667,19.47465798,0.0,Nov,4,1,1,2,New_Visitor,0,1
2,42.5,2,10.0,43,1543.5,0.0,0.004444444,8.671344071,0.0,Dec,8,13,9,20,Other,0,1
0,0.0,0,0.0,18,773.2,0.0,0.0125,46.4748023,0.0,Nov,1,1,3,1,New_Visitor,0,1
1,52.5,0,0.0,162,3608.432937,0.001242236,0.004347826,54.0486956,0.0,Nov,2,2,7,2,New_Visitor,0,1
4,104.25,0,0.0,38,1429.875,0.0,0.022807018,4.113391331,0.0,Nov,2,2,1,13,Returning_Visitor,0,1
1,51.4,0,0.0,7,562.3,0.0,0.0,36.65735004,0.0,Jul,1,1,6,2,New_Visitor,1,1
17,698.1333333,1,9.0,83,4306.612355,0.001075269,0.019375648,0.0,0.0,Oct,7,1,2,1,Returning_Visitor,1,1
0,0.0,1,56.4,14,103.7579088,0.0,0.026666667,45.92878029,0.0,Nov,2,2,2,20,Returning_Visitor,0,1
2,100.0,0,0.0,22,639.5,0.0,0.008695652,101.3721739,0.0,May,1,1,1,4,Returning_Visitor,1,1
0,0.0,0,0.0,10,447.1333333,0.0,0.018181818,17.29676376,0.0,Oct,2,2,5,2,New_Visitor,1,1
3,115.5,0,0.0,55,1833.244643,0.0,0.008286252,18.61684302,0.0,Nov,2,2,6,2,Returning_Visitor,1,1
0,0.0,0,0.0,12,896.5,0.008333333,0.025,14.6895,0.6,May,2,5,1,5,Returning_Visitor,0,1
1,8.0,0,0.0,22,699.2671429,0.028571429,0.037698413,10.79250883,0.0,Jul,3,2,1,1,Returning_Visitor,0,1
0,0.0,1,273.0,22,2386.0,0.0,0.020289855,0.0,0.0,Dec,2,2,6,2,New_Visitor,0,1
4,58.0,0,0.0,31,806.5,0.0,0.009375,9.7455,0.0,May,2,4,1,4,Returning_Visitor,0,1
3,91.0,2,338.0,11,451.0,0.0,0.006666667,45.7504,0.0,Mar,2,2,1,10,New_Visitor,0,1
1,158.0,1,64.0,29,1916.761905,0.006451613,0.018709677,8.772473118,0.0,Mar,2,2,3,2,Returning_Visitor,1,1
6,125.25,2,89.0,146,3697.731633,0.008108108,0.015188129,73.35866939,0.0,Nov,2,2,1,2,Returning_Visitor,1,1
5,266.0,0,0.0,29,730.35,0.006060606,0.026262626,32.91300914,0.0,Nov,4,1,8,1,Returning_Visitor,0,1
2,29.33333333,0,0.0,98,2680.828571,0.009183673,0.014160401,16.04860714,0.0,May,3,2,3,13,Returning_Visitor,0,1
2,9.0,1,0.0,106,6617.791228,0.009047619,0.026412307,1.777492546,0.0,Nov,3,2,1,1,Returning_Visitor,1,1
0,0.0,5,194.4,8,197.9,0.036363636,0.054545455,0.0,0.0,Aug,1,1,3,4,Returning_Visitor,0,1
4,248.6666667,3,382.3333333,30,1039.477564,0.004285714,0.007428571,9.511714286,0.0,May,3,2,2,11,Returning_Visitor,0,1
1,57.5,0,0.0,32,534.2638889,0.0,0.011111111,87.74978701,0.0,Dec,1,2,1,8,Returning_Visitor,1,1
0,0.0,0,0.0,16,819.1666667,0.0,0.0125,24.73875,0.0,May,2,2,5,2,New_Visitor,0,1
1,15.0,0,0.0,11,224.0,0.016666667,0.022222222,47.65566667,0.0,May,2,5,1,4,Returning_Visitor,0,1
9,236.8,0,0.0,240,5523.926505,0.0,0.001197045,20.62387076,0.0,Oct,2,5,4,20,Returning_Visitor,0,1
0,0.0,3,482.3333333,44,2453.75,0.0,0.001111111,48.868,0.0,May,1,1,8,2,Returning_Visitor,1,1
0,0.0,0,0.0,3,294.7,0.0,0.0,30.20357704,0.0,Nov,3,6,3,2,Returning_Visitor,1,1
8,247.0833333,0,0.0,163,4600.540873,0.008383234,0.021052657,5.28608849,0.0,Nov,2,4,3,2,Returning_Visitor,0,1
1,46.5,0,0.0,14,398.9791667,0.0,0.014285714,116.3378652,0.0,Dec,8,13,9,20,Other,0,1
3,33.0,0,0.0,17,386.4166667,0.0,0.01,0.0,0.0,Dec,2,2,1,2,New_Visitor,0,1
0,0.0,1,0.0,57,1190.548851,0.007017544,0.027309942,17.16745965,0.6,May,2,2,1,6,Returning_Visitor,0,1
0,0.0,0,0.0,16,853.4166667,0.013333333,0.037777778,50.81417971,0.0,Dec,1,1,7,2,New_Visitor,0,1
8,134.3733333,3,256.75,40,1773.610152,0.004255319,0.008355899,13.49047237,0.0,Nov,1,1,8,2,Returning_Visitor,1,1
6,580.3333333,0,0.0,43,1326.107143,0.018367347,0.018160173,0.0,0.0,Nov,1,1,3,2,Returning_Visitor,0,1
0,0.0,0,0.0,64,1558.361111,0.0046875,0.021875,0.0,0.0,Nov,2,4,3,2,Returning_Visitor,0,1
0,0.0,0,0.0,66,1216.352121,0.0,0.0,62.853261,0.0,Sep,2,2,4,2,New_Visitor,0,1
3,89.6,0,0.0,57,1721.906667,0.0,0.005932203,204.0079491,0.0,Nov,2,2,1,4,Returning_Visitor,1,1
12,739.2091954,1,16.0,21,1321.059195,0.009032258,0.025133361,78.34560177,0.0,Mar,2,2,1,8,Returning_Visitor,0,1
0,0.0,0,0.0,24,452.4166667,0.0,0.020833333,0.0,0.0,Nov,2,2,3,2,Returning_Visitor,1,1
0,0.0,0,0.0,50,2617.233333,0.0,0.001360544,53.22881633,0.0,May,4,1,3,2,New_Visitor,1,1
1,8.0,1,47.5,46,689.0606061,0.002272727,0.012062937,1.125146064,0.0,Nov,2,2,2,11,Returning_Visitor,1,1
0,0.0,0,0.0,17,557.4,0.0,0.011111111,83.93274289,0.0,Sep,2,2,2,2,New_Visitor,1,1
0,0.0,0,0.0,8,332.0,0.0,0.028571429,14.1273698,0.0,Nov,1,2,4,8,New_Visitor,1,1
3,509.6666667,0,0.0,19,976.3382353,0.0,0.010454545,23.62159091,0.0,May,1,1,1,2,Returning_Visitor,1,1
0,0.0,1,0.0,21,472.5,0.019047619,0.019047619,34.27708553,0.0,Nov,1,1,1,10,Returning_Visitor,0,1
0,0.0,0,0.0,6,495.0,0.0,0.02,77.96,0.0,Mar,1,2,9,2,Returning_Visitor,1,1
3,68.0,1,103.0,10,808.5,0.0,0.015384615,35.99261538,0.0,Mar,2,2,3,7,Returning_Visitor,1,1
2,18.75,4,355.5,57,1182.590278,0.015384615,0.027094017,14.15437174,0.0,Nov,1,1,1,10,Returning_Visitor,0,1
0,0.0,0,0.0,7,376.7,0.0,0.0,53.6853974,0.0,Aug,2,2,1,2,New_Visitor,0,1
0,0.0,0,0.0,13,597.625,0.007692308,0.034615385,0.0,0.0,Nov,3,2,1,8,Returning_Visitor,0,1
0,0.0,0,0.0,17,601.0333333,0.062745098,0.092156863,18.87145759,0.0,Aug,3,2,3,1,Returning_Visitor,0,1
0,0.0,0,0.0,4,123.3,0.0,0.0,67.98927956,0.0,Oct,1,1,1,2,Returning_Visitor,0,1
0,0.0,0,0.0,22,2715.0,0.0,0.009090909,54.97036364,0.0,May,2,2,4,2,New_Visitor,0,1
1,25.0,0,0.0,35,1570.5,0.0,0.002941176,13.07329412,0.0,May,2,2,6,4,Returning_Visitor,1,1
2,113.5,0,0.0,37,1344.340476,0.0,0.005405405,11.77908986,0.0,Dec,2,2,3,2,New_Visitor,0,1
4,15.0,1,17.0,17,490.0,0.0,0.027272727,15.66445171,0.0,Mar,2,2,4,10,Returning_Visitor,0,1
0,0.0,0,0.0,23,297.3,0.013636364,0.037207792,10.95661974,0.0,Sep,2,2,3,1,Returning_Visitor,0,1
10,204.0952381,1,170.0,138,4042.949908,0.004026846,0.01446207,18.21579469,0.0,Dec,2,2,1,6,Returning_Visitor,0,1
0,0.0,0,0.0,58,1893.444444,0.002380952,0.019047619,0.0,0.0,Nov,1,1,6,10,Returning_Visitor,1,1
3,33.2,0,0.0,10,278.4333333,0.007142857,0.026190476,32.70034468,0.0,Jul,2,2,6,1,Returning_Visitor,0,1
5,93.8,0,0.0,45,2139.7,0.0,0.004081633,20.2755559,0.0,Sep,2,4,2,2,New_Visitor,0,1
6,206.03,0,0.0,129,3778.345,0.010687023,0.024611656,2.169469761,0.0,Oct,2,2,1,3,Returning_Visitor,0,1
12,219.274359,4,857.1666667,107,2640.135697,0.0,0.015489592,6.479206264,0.0,Nov,1,2,1,2,Returning_Visitor,1,1
1,29.5,0,0.0,50,1831.903509,0.0,0.010333333,52.03463312,0.0,Dec,2,4,3,8,Returning_Visitor,0,1
1,16.6,0,0.0,39,581.9419883,0.0,0.000732601,68.32050059,0.0,Aug,2,2,5,2,New_Visitor,0,1
12,257.75,0,0.0,3,97.5,0.0,0.038461538,0.0,0.0,Dec,3,2,4,8,Returning_Visitor,0,1
3,44.3,0,0.0,17,468.85,0.01,0.006666667,64.2879309,0.0,Aug,1,2,1,2,Returning_Visitor,0,1
0,0.0,0,0.0,13,562.25,0.0,0.015384615,34.97250838,0.0,Nov,1,1,1,2,New_Visitor,0,1
1,24.0,0,0.0,17,498.3333333,0.0,0.021052632,76.78667659,0.0,Mar,2,2,6,10,Returning_Visitor,0,1
0,0.0,0,0.0,10,342.1666667,0.0,0.022222222,51.176,0.0,May,2,2,1,1,Returning_Visitor,0,1
5,72.5,0,0.0,35,2429.8125,0.0,0.023684211,102.4922188,0.0,Nov,2,2,2,1,Returning_Visitor,0,1
10,382.8333333,4,319.3,72,4163.797619,0.000297619,0.010912698,12.0921619,0.0,Mar,2,2,6,2,Returning_Visitor,0,1
2,16.2,0,0.0,4,60.6,0.025,0.075,0.0,0.0,Sep,2,4,1,3,Returning_Visitor,0,1
1,57.5,0,0.0,23,914.3333333,0.0,0.008695652,23.18305163,0.0,Dec,4,5,1,8,New_Visitor,1,1
3,29.25,0,0.0,32,1729.75,0.0,0.005714286,16.7293697,0.0,Dec,2,4,3,2,New_Visitor,0,1
6,337.0,4,693.0,261,14150.54613,0.00598336,0.026011023,0.951933747,0.0,Nov,2,2,3,2,Returning_Visitor,0,1
0,0.0,0,0.0,30,586.5333333,0.0,0.003448276,30.87724138,0.2,May,2,2,2,2,New_Visitor,0,1
3,89.5,0,0.0,48,1572.2,0.017687075,0.0388854,20.11392747,0.0,Nov,4,2,1,3,Returning_Visitor,0,1
0,0.0,0,0.0,8,846.6,0.022222222,0.022222222,24.61778468,0.0,Nov,1,1,7,5,New_Visitor,0,1
1,75.0,0,0.0,19,1773.375,0.011764706,0.030392157,28.11635484,0.0,Nov,2,2,1,13,Returning_Visitor,0,1
7,95.75,0,0.0,41,1164.202381,0.004545455,0.010606061,27.07846934,0.0,Dec,3,2,5,1,Returning_Visitor,1,1
0,0.0,0,0.0,3,275.0,0.0,0.05,32.89701477,0.0,Oct,3,2,2,2,New_Visitor,0,1
0,0.0,0,0.0,8,170.5333333,0.0,0.0,37.96905976,0.0,Aug,2,5,1,5,New_Visitor,0,1
3,123.5,1,0.0,22,759.5833333,0.0,0.0096,46.6785275,0.0,Nov,1,1,3,2,Returning_Visitor,0,1
1,10.0,0,0.0,12,220.2666667,0.0,0.02,60.622383,0.0,Nov,1,1,1,8,New_Visitor,1,1
0,0.0,0,0.0,4,46.25,0.0,0.1,0.0,0.0,Nov,1,1,1,2,Returning_Visitor,0,1
1,0.0,0,0.0,65,732.0916667,0.00625,0.0203125,2.734351538,0.0,Dec,2,2,1,2,Returning_Visitor,1,1
1,191.4,0,0.0,13,679.9033333,0.0,0.002564103,34.86423061,0.0,Nov,3,2,3,2,Returning_Visitor,1,1
0,0.0,3,341.3333333,59,2946.6,0.003278689,0.007962529,9.380377049,0.0,May,1,1,6,2,Returning_Visitor,1,1
4,159.0,2,27.75,33,821.6825397,0.000617284,0.019343434,0.0,0.0,Dec,2,2,1,2,Returning_Visitor,0,1
4,100.3,0,0.0,66,2868.133333,0.011428571,0.01725974,9.162351243,0.0,Mar,3,2,1,1,Returning_Visitor,0,1
0,0.0,0,0.0,62,3299.525,0.0,0.009539422,5.1680996,0.0,Nov,2,2,1,2,Returning_Visitor,0,1
4,133.5833333,2,64.0,67,1222.470924,0.014414414,0.025810811,6.094324324,0.0,May,3,2,2,4,Returning_Visitor,0,1
5,66.9,0,0.0,12,86.63333333,0.0,0.025,42.93595137,0.0,Oct,4,1,1,7,Returning_Visitor,1,1
4,64.33333333,1,13.0,27,1433.916667,0.0,0.018226601,3.691344828,0.0,Mar,1,4,1,8,New_Visitor,0,1
1,53.0,0,0.0,13,417.0,0.0,0.018181818,72.788,0.4,May,1,1,1,3,New_Visitor,0,1
1,56.5,0,0.0,19,1089.75,0.0,0.003508772,24.872085,0.0,Dec,2,2,7,2,Returning_Visitor,0,1
2,19.0,0,0.0,28,1183.65,0.0,0.006896552,21.2112655,0.0,Dec,3,12,9,2,Returning_Visitor,0,1
1,6.0,0,0.0,15,500.0,0.026666667,0.073333333,19.996,0.0,Mar,2,2,3,1,Returning_Visitor,0,1
0,0.0,0,0.0,79,2663.583333,0.002531646,0.017088608,0.0,0.0,Nov,2,2,1,1,Returning_Visitor,1,1
7,86.27777778,2,21.0,80,2170.286706,0.003571429,0.021527778,25.76598645,0.0,Nov,3,2,1,10,Returning_Visitor,1,1
2,76.6,0,0.0,28,488.91,0.014814815,0.022222222,45.19820194,0.0,June,1,2,1,1,Returning_Visitor,1,1
2,268.08,0,0.0,13,420.2466667,0.042105263,0.064912281,0.0,0.0,Sep,3,2,1,13,Returning_Visitor,1,1
9,904.5833333,4,83.5,132,4096.15859,0.012738095,0.022973065,8.960747931,0.0,Nov,3,2,3,2,Returning_Visitor,1,1
0,0.0,0,0.0,10,338.5,0.0,0.02,32.382,0.0,May,2,2,2,1,Returning_Visitor,0,1
1,15.8,3,97.8,32,1213.65,0.005405405,0.024324324,1.273317415,0.0,Aug,2,2,3,2,Returning_Visitor,0,1
1,10.0,0,0.0,32,1277.75,0.0,0.006060606,78.12165404,0.0,Dec,8,13,9,20,Other,0,1
0,0.0,0,0.0,19,273.7083333,0.021052632,0.035087719,0.0,0.0,Nov,3,2,4,11,Returning_Visitor,1,1
4,74.21428571,0,0.0,32,1367.630952,0.008928571,0.0203125,50.82975,0.0,May,3,2,1,2,Returning_Visitor,1,1
5,32.6,0,0.0,70,939.7833333,0.0,0.002702703,0.0,0.0,Aug,2,4,1,5,New_Visitor,1,1
0,0.0,0,0.0,22,1310.5,0.00952381,0.028571429,23.86359286,0.0,Mar,2,2,1,1,Returning_Visitor,0,1
4,89.8,1,47.0,39,1167.966667,0.005853659,0.014390244,33.9251122,0.0,May,4,1,3,3,Returning_Visitor,0,1
1,82.6,0,0.0,28,1375.133333,0.0,0.020689655,4.818947334,0.0,Oct,4,1,3,20,Returning_Visitor,0,1
2,50.5,0,0.0,14,689.3833333,0.0,0.013333333,100.7776,0.0,May,2,2,3,2,Returning_Visitor,0,1
2,58.4,0,0.0,54,3708.392857,0.002631579,0.020467836,11.7031641,0.0,Sep,4,2,9,13,Returning_Visitor,0,1
1,8.0,2,134.5,21,507.2916667,0.008333333,0.031944444,0.0,0.0,Nov,2,10,1,1,Returning_Visitor,0,1
0,0.0,0,0.0,12,366.5,0.0,0.016666667,287.9537928,0.0,Dec,2,2,1,2,New_Visitor,0,1
5,42.0,0,0.0,232,5932.596554,0.002564103,0.014824296,0.0,0.0,Nov,2,2,1,2,Returning_Visitor,0,1
1,19.0,0,0.0,11,501.75,0.016666667,0.033333333,55.485,0.0,May,2,4,4,2,Returning_Visitor,0,1
4,99.5,0,0.0,3,21.25,0.0,0.05,0.0,0.0,Nov,1,1,2,8,New_Visitor,1,1
6,189.0,0,0.0,21,704.3,0.0,0.018478261,0.0,0.0,Dec,1,2,8,2,New_Visitor,0,1
4,49.85714286,0,0.0,94,4804.834524,0.008843537,0.023561816,0.0,0.0,Nov,2,2,1,2,Returning_Visitor,0,1
6,63.08333333,0,0.0,174,3486.370682,0.009364162,0.019687687,0.0,0.0,Nov,1,1,1,2,Returning_Visitor,0,1
7,105.4666667,0,0.0,44,778.9666667,0.0,0.004166667,37.92414395,0.0,Aug,2,2,6,2,New_Visitor,0,1
3,52.75,0,0.0,31,3069.077778,0.006451613,0.020537634,5.793026792,0.0,Nov,1,1,3,2,Returning_Visitor,0,1
5,175.1,0,0.0,26,615.5595238,0.0,0.002083333,62.77367187,0.0,Sep,1,1,1,3,New_Visitor,1,1
1,53.9,0,0.0,34,422.5230769,0.0,0.006015038,36.31643173,0.0,Sep,1,1,2,2,Returning_Visitor,0,1
0,0.0,0,0.0,81,1950.840873,0.004938272,0.024773663,0.0,0.0,Nov,2,2,1,2,Returning_Visitor,0,1
1,26.5,0,0.0,71,1260.441758,0.001449275,0.008792271,3.74015068,0.0,Nov,2,2,1,1,Returning_Visitor,0,1
0,0.0,0,0.0,45,1594.283333,0.0,0.015227273,45.4316713,0.0,Mar,2,2,1,2,Returning_Visitor,1,1
2,75.0,0,0.0,14,851.0,0.0,0.014285714,22.88908649,0.0,Mar,1,1,1,2,New_Visitor,1,1
0,0.0,0,0.0,7,199.5,0.028571429,0.057142857,56.57877343,0.0,Nov,2,4,1,3,Returning_Visitor,0,1
1,4.0,0,0.0,37,1828.375,0.0,0.013888889,8.258088766,0.0,Nov,4,1,2,3,Returning_Visitor,0,1
0,0.0,0,0.0,27,520.0,0.0,0.003703704,0.0,0.0,Nov,8,2,3,20,New_Visitor,0,1
3,89.25,0,0.0,8,67.85,0.018181818,0.033333333,0.0,0.0,June,2,2,8,1,Returning_Visitor,0,1
5,27.4,0,0.0,5,51.2,0.0,0.005,0.0,0.0,Aug,2,2,2,2,New_Visitor,0,1
4,183.0,1,35.0,15,557.3333333,0.0,0.012631579,16.10052632,0.0,May,2,2,2,5,Returning_Visitor,0,1
0,0.0,2,39.0,15,245.0,0.0,0.0125,11.9955404,0.0,Mar,2,2,1,3,Returning_Visitor,1,1
5,93.4,0,0.0,38,689.65,0.0,0.004878049,34.48748308,0.0,Oct,2,2,2,2,New_Visitor,1,1
2,58.4,0,0.0,5,303.1,0.0,0.033333333,0.0,0.0,Oct,3,2,3,6,Returning_Visitor,0,1
3,25.6,0,0.0,10,327.7733333,0.0,0.013095238,11.78466261,0.0,Jul,1,1,1,5,Returning_Visitor,0,1
0,0.0,0,0.0,8,480.0,0.0,0.028571429,14.1374752,0.0,Nov,1,1,2,3,New_Visitor,1,1
3,21.0,0,0.0,109,2587.530411,0.0,0.01036036,0.0,0.0,Nov,2,2,1,3,Returning_Visitor,0,1
3,224.3,5,487.0,74,1845.958333,0.002531646,0.017679325,34.67841487,0.0,Nov,2,2,1,10,Returning_Visitor,1,1
4,74.5,0,0.0,22,672.95,0.0,0.027179487,0.0,0.0,Sep,2,2,9,2,Returning_Visitor,0,1
4,93.75,0,0.0,70,2161.388889,0.008767123,0.017491169,0.0,0.0,Nov,1,1,1,2,Returning_Visitor,0,1
4,135.4,0,0.0,2,46.8,0.0,0.0375,0.0,0.0,Sep,1,1,5,2,Returning_Visitor,0,1
8,132.0,0,0.0,20,413.0,0.011111111,0.027407407,36.51581481,0.0,May,1,1,1,2,Returning_Visitor,0,1
0,0.0,0,0.0,7,649.5,0.028571429,0.057142857,0.0,0.0,Dec,2,2,4,2,New_Visitor,0,1
3,53.0,5,9.5,218,8205.68794,0.02357037,0.039663918,1.18073661,0.0,Nov,1,1,3,3,Returning_Visitor,0,1
8,117.5,0,0.0,8,104.5,0.0,0.016666667,0.0,0.0,Nov,1,1,2,2,Returning_Visitor,1,1
3,32.25,0,0.0,27,1273.25,0.0,0.008888889,43.89691103,0.0,Nov,2,2,1,2,New_Visitor,0,1
4,359.3,4,407.0,69,5485.105556,0.010526316,0.017493734,4.494741228,0.0,Mar,1,1,2,1,Returning_Visitor,1,1
9,210.5666667,3,61.6,10,124.8666667,0.021052632,0.030526316,0.0,0.0,Aug,1,1,3,2,Returning_Visitor,0,1
8,363.05,0,0.0,8,345.0,0.0,0.016666667,13.64300463,0.0,Dec,2,2,3,3,Returning_Visitor,0,1
0,0.0,0,0.0,16,566.4866667,0.0,0.039365079,18.30205576,0.0,Sep,3,2,2,1,Returning_Visitor,0,1
1,52.4,0,0.0,13,447.2,0.0,0.007692308,42.30391708,0.0,Aug,1,1,1,20,Returning_Visitor,1,1
1,45.5,0,0.0,10,333.25,0.0,0.018181818,9.905143745,0.0,Dec,2,2,1,2,New_Visitor,1,1
0,0.0,0,0.0,3,71.16666667,0.066666667,0.083333333,0.0,0.0,Nov,3,2,1,3,Returning_Visitor,0,1
3,37.0,0,0.0,21,1231.5,0.0,0.016,0.0,0.0,Nov,2,4,9,8,New_Visitor,1,1
2,81.6,0,0.0,1,27.2,0.0,0.04,0.0,0.0,Oct,3,2,3,5,New_Visitor,0,1
0,0.0,0,0.0,7,432.0,0.0,0.014285714,270.7846931,0.0,Nov,2,4,1,8,New_Visitor,0,1
0,0.0,2,386.0,36,1609.939744,0.0,0.009323308,12.50325678,0.0,Nov,2,2,3,3,Returning_Visitor,0,1
4,190.5,3,575.0,30,2375.083333,0.0,0.011111111,34.79013586,0.0,Dec,2,2,3,2,New_Visitor,0,1
16,485.9065934,2,19.0,42,753.6373626,0.0,0.011568627,31.63684138,0.0,Nov,2,2,1,8,Returning_Visitor,0,1
5,51.04166667,0,0.0,14,837.375,0.0,0.011481481,0.0,0.0,Nov,1,1,2,8,New_Visitor,0,1
2,28.66666667,0,0.0,12,224.1666667,0.0,0.023333333,44.73466667,0.0,Mar,3,2,6,2,Returning_Visitor,0,1
5,248.9214286,0,0.0,131,6225.988835,0.003562341,0.025012117,7.963976424,0.0,Nov,2,2,2,2,Returning_Visitor,1,1
0,0.0,0,0.0,19,692.6222222,0.0,0.001470588,53.988,0.6,May,6,2,9,2,New_Visitor,0,1
1,3.0,0,0.0,26,885.0,0.0,0.036111111,17.5455,0.0,May,2,2,1,2,Returning_Visitor,0,1
5,59.52777778,3,124.25,156,5189.960659,0.001234568,0.008928986,20.50963783,0.0,Nov,2,2,7,1,Returning_Visitor,0,1
2,70.0,0,0.0,18,443.0,0.0,0.02,24.2865,0.0,May,2,5,5,4,New_Visitor,1,1
3,129.0,0,0.0,74,2378.263492,0.005333333,0.025042424,4.141458811,0.0,Nov,2,6,9,1,Returning_Visitor,0,1
0,0.0,0,0.0,21,1461.833333,0.021052632,0.036842105,23.82324931,0.0,Nov,2,2,1,1,Returning_Visitor,1,1
9,189.1098485,3,39.0,73,3059.013889,0.012345679,0.024897119,16.74209908,0.0,Nov,2,2,3,2,Returning_Visitor,1,1
0,0.0,0,0.0,16,213.8,0.00625,0.06875,0.0,0.0,Aug,2,2,1,4,Returning_Visitor,0,1
1,0.0,3,92.5,9,359.1666667,0.0,0.018181818,58.16727273,0.0,May,1,1,1,5,New_Visitor,0,1
0,0.0,0,0.0,10,165.0,0.03,0.046666667,0.0,0.0,Nov,1,1,1,2,Returning_Visitor,1,1
3,36.0,2,763.0,9,163.5,0.0,0.014285714,0.0,0.0,Dec,8,2,1,2,New_Visitor,0,1
0,0.0,1,41.5,98,2400.037843,0.000183655,0.011646771,0.0,0.0,Nov,2,2,1,2,Returning_Visitor,0,1
0,0.0,0,0.0,9,166.1666667,0.0,0.025,17.541,1.0,May,2,2,2,4,Returning_Visitor,1,1
0,0.0,0,0.0,12,481.8333333,0.0,0.018181818,74.088,0.0,Mar,1,1,1,2,New_Visitor,0,1
1,0.0,2,9.0,44,814.1547619,0.0,0.023188406,0.0,0.0,Nov,4,2,1,10,Returning_Visitor,0,1
7,42.25714286,0,0.0,124,4067.010247,0.009230769,0.022888335,6.709440135,0.0,Nov,2,2,3,2,Returning_Visitor,0,1
13,318.7202381,1,0.0,60,1205.945238,0.008823529,0.01709646,5.710061275,0.0,May,2,2,3,13,Returning_Visitor,0,1
0,0.0,0,0.0,17,315.0833333,0.0,0.014705882,0.0,0.0,Dec,2,2,3,1,Returning_Visitor,0,1
6,110.5,1,20.0,137,5380.686996,0.005517241,0.021311846,1.963592426,0.0,Nov,2,4,3,10,Returning_Visitor,0,1
8,203.4166667,0,0.0,116,3505.087955,0.0,0.009314826,62.83957669,0.0,Nov,2,2,1,6,Returning_Visitor,0,1
5,613.5,0,0.0,470,14129.8808,0.0,0.00362107,13.38149414,0.0,Nov,4,2,9,2,Returning_Visitor,1,1
0,0.0,0,0.0,20,593.7019802,0.0,0.005364455,20.82613173,0.0,Nov,2,5,2,5,Returning_Visitor,1,1
2,36.2,0,0.0,22,1805.083333,0.0,0.008695652,3.586636448,0.0,Sep,2,2,1,2,Returning_Visitor,1,1
0,0.0,0,0.0,23,736.2333333,0.004545455,0.013636364,140.6621366,0.0,Dec,1,8,1,11,New_Visitor,0,1
4,69.0,1,0.0,19,580.5,0.010526316,0.049122807,22.32934737,0.0,May,2,2,1,3,Returning_Visitor,1,1
9,387.75,0,0.0,64,980.5021994,0.000866739,0.012798697,9.581561053,0.0,Nov,3,2,3,1,Returning_Visitor,0,1
3,92.83333333,0,0.0,24,463.8166667,0.002666667,0.015333333,17.84230699,0.0,Mar,1,1,1,2,Returning_Visitor,0,1
4,54.5,0,0.0,74,1599.994589,0.0,0.002631579,67.26616125,0.0,Dec,2,4,6,2,Returning_Visitor,0,1
6,65.41666667,0,0.0,29,1904.541667,0.004848485,0.026060606,0.0,0.0,Nov,1,1,2,8,Returning_Visitor,0,1
6,146.4166667,0,0.0,61,2405.652778,0.009375,0.032135417,0.0,0.0,Dec,2,1,1,2,Returning_Visitor,0,1
1,28.2,0,0.0,1,0.0,0.0,0.05,0.0,0.0,Sep,1,1,1,5,New_Visitor,0,1
11,336.5,0,0.0,40,1239.949603,0.025,0.026035354,6.1287875,0.0,May,2,2,5,3,Returning_Visitor,1,1
1,10.0,0,0.0,9,700.0,0.0,0.011111111,29.62188989,0.0,Dec,2,2,9,10,Returning_Visitor,0,1
5,210.7777778,3,215.0,33,1887.694444,0.008571429,0.032380952,11.69485714,0.0,May,3,2,3,13,Returning_Visitor,0,1
0,0.0,0,0.0,50,1232.02684,0.0,0.001666667,173.4697917,0.0,May,2,2,9,2,New_Visitor,0,1
0,0.0,0,0.0,24,968.6924242,0.0,0.0,106.2525169,0.0,Nov,1,1,9,2,Returning_Visitor,0,1
1,10.1,0,0.0,10,256.1857143,0.0,0.007407407,46.84856664,0.0,Aug,1,1,2,2,New_Visitor,1,1
1,15.0,0,0.0,15,691.8333333,0.0,0.014285714,59.6118415,0.0,Nov,2,2,2,2,Returning_Visitor,0,1
0,0.0,0,0.0,9,464.0,0.0,0.022222222,29.31555556,0.0,May,2,2,1,2,Returning_Visitor,0,1
0,0.0,0,0.0,14,320.25,0.0,0.013333333,52.17313647,0.0,Oct,2,2,1,3,Returning_Visitor,1,1
2,118.9,0,0.0,30,1216.726667,0.0,0.008602151,26.13036122,0.0,Nov,4,2,6,2,New_Visitor,1,1
10,137.5,1,32.5,145,6165.878774,0.001333333,0.020769697,0.0,0.0,Nov,2,2,6,2,Returning_Visitor,0,1
2,78.0,0,0.0,22,325.0,0.0,0.007246377,19.10349568,0.0,Dec,4,1,3,1,Returning_Visitor,1,1
5,38.57777778,2,9.0,7,584.3777778,0.0,0.064351852,0.0,0.0,Jul,1,1,1,2,Returning_Visitor,1,1
0,0.0,2,17.2,93,5496.25,0.003191489,0.014078014,0.139200623,0.0,Jul,2,2,1,1,Returning_Visitor,0,1
3,52.33333333,5,81.5,23,541.6666667,0.001111111,0.047074074,10.64805714,0.0,May,4,1,1,4,Returning_Visitor,0,1
10,163.6333333,1,294.0,80,1979.3,0.002325581,0.024224806,19.73335395,0.0,Nov,2,1,2,2,Returning_Visitor,1,1
6,352.5,0,0.0,21,696.6666667,0.0,0.0125,75.06781572,0.0,Mar,2,2,6,10,New_Visitor,1,1
0,0.0,0,0.0,51,507.5,0.007843137,0.011671335,12.01221257,0.0,Oct,3,2,1,1,Returning_Visitor,1,1
8,116.9607143,4,225.3666667,42,539.227381,0.015510204,0.011281179,0.0,0.0,Jul,1,1,1,4,Returning_Visitor,0,1
0,0.0,0,0.0,60,1315.177778,0.009039548,0.031793785,0.0,0.0,Nov,2,2,3,2,Returning_Visitor,0,1
0,0.0,1,2.0,33,2601.231408,0.005882353,0.011764706,177.7714536,0.0,Nov,2,2,7,20,Returning_Visitor,0,1
4,127.0,0,0.0,32,2423.75,0.002777778,0.021296296,23.61948148,0.0,May,1,1,3,4,Returning_Visitor,0,1
0,0.0,0,0.0,18,1110.866667,0.0,0.014814815,57.03508179,0.0,Aug,2,10,4,1,Returning_Visitor,0,1
0,0.0,0,0.0,8,123.0,0.0,0.014285714,59.988,0.0,May,2,2,1,2,New_Visitor,0,1
4,45.33333333,0,0.0,53,1440.298918,0.012727273,0.021974359,1.660118182,0.0,Mar,3,2,7,3,Returning_Visitor,1,1
1,44.0,0,0.0,1,0.0,0.0,0.066666667,0.0,0.0,Sep,1,1,1,5,New_Visitor,0,1
0,0.0,5,161.5,60,2789.166667,0.0,0.005026455,31.31885714,0.0,May,2,2,6,2,Returning_Visitor,0,1
0,0.0,0,0.0,15,728.2,0.0,0.023076923,31.22,0.0,May,3,2,8,4,Returning_Visitor,0,1
8,121.1666667,0,0.0,70,961.5493506,0.005263158,0.013089192,26.27933158,0.4,May,2,2,2,3,Returning_Visitor,0,1
2,83.0,0,0.0,15,630.0,0.0,0.003333333,42.23025869,0.0,Dec,4,1,3,1,Returning_Visitor,1,1
8,410.9,5,406.9,24,1220.257143,0.011764706,0.024215686,8.887671892,0.0,Oct,3,2,2,2,Returning_Visitor,0,1
3,213.0,0,0.0,2,338.0,0.0,0.0,112.4141272,0.0,Oct,1,1,1,5,Returning_Visitor,0,1
1,7.0,0,0.0,21,803.0,0.031578947,0.052631579,7.014753437,0.0,Nov,3,2,3,3,Returning_Visitor,0,1
1,180.4,1,36.2,28,1907.08,0.006666667,0.015555556,19.24405095,0.0,Sep,2,2,1,1,Returning_Visitor,1,1
4,15.0,0,0.0,10,197.2,0.0,0.016666667,38.99,0.0,Mar,1,1,1,3,Returning_Visitor,1,1
5,153.5666667,0,0.0,16,742.2095238,0.0,0.015789474,22.89972198,0.0,Nov,1,1,3,5,New_Visitor,0,1
0,0.0,0,0.0,30,901.2888889,0.0,0.007333333,34.14841957,0.0,Dec,2,2,7,2,New_Visitor,0,1
3,72.4,0,0.0,3,86.6,0.0,0.033333333,0.0,0.0,June,1,1,7,3,Returning_Visitor,1,1
0,0.0,0,0.0,16,865.5833333,0.0,0.002083333,93.77761706,0.0,Dec,1,1,1,2,New_Visitor,1,1
1,11.0,0,0.0,20,1166.333333,0.0,0.002631579,14.1273698,0.0,Nov,2,2,2,2,Returning_Visitor,1,1
2,94.0,1,4.0,264,8584.025049,0.006289308,0.023315309,0.0,0.0,Nov,2,2,1,2,Returning_Visitor,0,1
8,203.9166667,4,114.75,118,3903.167094,0.004098361,0.012520167,55.01131298,0.0,Nov,2,2,1,2,Returning_Visitor,0,1
4,88.25,2,546.5,37,2304.5,0.0,0.005,14.54270238,0.0,Nov,2,2,9,2,New_Visitor,0,1
1,56.5,0,0.0,16,541.875,0.0,0.0125,15.14864831,0.0,Nov,2,4,9,8,New_Visitor,0,1
3,42.33333333,0,0.0,64,2471.391775,0.005555556,0.020580808,6.221045455,0.6,May,2,2,2,4,Returning_Visitor,0,1
0,0.0,0,0.0,8,222.0,0.0,0.028571429,53.47457143,0.0,May,1,1,1,2,New_Visitor,1,1
0,0.0,0,0.0,10,273.75,0.02,0.053333333,0.0,0.0,Nov,1,1,2,8,Returning_Visitor,0,1
2,27.25,0,0.0,1,31.5,0.05,0.066666667,0.0,0.0,Dec,3,2,2,3,Returning_Visitor,0,1
4,46.3,0,0.0,2,22.83333333,0.0,0.033333333,0.0,0.0,Nov,2,2,6,2,New_Visitor,1,1
3,93.10666667,4,87.6,32,810.0816667,0.005128205,0.015099715,17.27062073,0.0,Nov,1,1,5,2,Returning_Visitor,0,1
0,0.0,0,0.0,24,506.452381,0.0,0.009090909,76.7910465,0.0,Nov,2,4,1,3,New_Visitor,0,1
8,87.5,0,0.0,31,496.5833333,0.005405405,0.012612613,3.889459459,0.0,Mar,2,2,7,2,Returning_Visitor,0,1
5,107.0,2,15.0,250,8622.38,0.005670471,0.02250017,0.0,0.0,Nov,3,2,1,1,Returning_Visitor,0,1
0,0.0,0,0.0,13,541.9166667,0.0,0.015384615,26.09995422,0.0,Dec,2,4,1,2,New_Visitor,0,1
6,333.54,0,0.0,12,568.1,0.0,0.0125,19.63031016,0.0,Nov,2,4,5,2,New_Visitor,0,1
2,39.5,1,161.0,34,1406.209524,0.010810811,0.021212121,23.60518919,0.2,May,2,2,8,4,Returning_Visitor,0,1
9,269.8,0,0.0,112,2478.622727,0.0,0.004005848,60.43385263,0.2,May,2,2,4,3,Returning_Visitor,0,1
1,13.83333333,1,0.0,200,8336.039583,0.004207921,0.017597513,3.730318306,0.0,Nov,2,5,4,1,Returning_Visitor,0,1
3,189.0,1,32.0,26,1517.9,0.0,0.007142857,34.34857143,0.0,May,2,2,7,1,New_Visitor,0,1
1,0.0,0,0.0,56,2627.756494,0.021052632,0.025044663,0.0,0.0,Nov,3,2,1,2,Returning_Visitor,1,1
0,0.0,0,0.0,49,2110.124603,0.0,0.004081633,62.93549178,0.0,Nov,2,2,1,10,Returning_Visitor,0,1
0,0.0,0,0.0,19,577.5416667,0.0,0.011764706,90.9285217,0.0,Nov,2,2,1,2,Returning_Visitor,0,1
0,0.0,1,0.0,46,2183.8875,0.0,0.010638298,0.0,0.0,Nov,2,2,9,8,Returning_Visitor,0,1
4,32.66666667,0,0.0,34,1378.966667,0.007894737,0.01716792,18.46989474,0.0,May,3,2,1,4,Returning_Visitor,1,1
5,176.0,0,0.0,15,537.2,0.011764706,0.023529412,27.664,0.6,May,2,2,2,6,Returning_Visitor,0,1
0,0.0,0,0.0,31,1144.972222,0.006666667,0.008333333,77.04199767,0.0,Dec,2,2,7,2,New_Visitor,0,1
0,0.0,0,0.0,73,3324.597222,0.017123288,0.040273973,0.0,0.0,Nov,2,2,1,13,Returning_Visitor,0,1
0,0.0,0,0.0,4,87.875,0.0,0.026666667,0.0,0.0,Nov,1,1,4,10,Returning_Visitor,1,1
1,0.0,0,0.0,16,1296.6,0.022222222,0.033333333,13.28355556,0.0,Mar,3,2,4,2,Returning_Visitor,0,1
4,198.5,0,0.0,43,2124.833333,0.0,0.015151515,48.864,0.0,May,2,2,3,4,Returning_Visitor,1,1
0,0.0,0,0.0,13,524.0,0.0,0.016666667,45.4642609,0.0,Nov,2,4,9,8,New_Visitor,1,1
0,0.0,0,0.0,14,510.5,0.0,0.015384615,31.3094364,0.0,Mar,2,2,1,2,New_Visitor,0,1
8,137.075,0,0.0,59,2088.443506,0.006343284,0.023522862,54.07524113,0.0,May,4,2,3,3,Returning_Visitor,0,1
7,280.0,0,0.0,21,612.75,0.0,0.008695652,43.81043478,0.0,May,2,2,2,1,Returning_Visitor,0,1
5,217.6666667,0,0.0,18,494.6666667,0.0,0.019931973,33.14514286,0.0,Mar,3,2,1,2,Returning_Visitor,0,1
0,0.0,0,0.0,13,710.0666667,0.0,0.007692308,72.52283848,0.0,Nov,1,1,2,2,Returning_Visitor,0,1
5,156.2,0,0.0,22,742.0,0.0,0.007407407,32.22252197,0.0,Sep,1,1,3,5,New_Visitor,1,1
4,165.0,0,0.0,59,3096.375,0.007526882,0.019247312,8.126193548,0.0,May,2,2,1,2,Returning_Visitor,0,1
1,0.0,0,0.0,21,574.722619,0.0,0.018888889,6.284044913,0.0,Mar,2,2,1,2,Returning_Visitor,0,1
5,400.0,0,0.0,20,991.5,0.0,0.013043478,22.13419743,0.0,Dec,2,2,3,2,Returning_Visitor,0,1
0,0.0,0,0.0,31,2767.625,0.0,0.006896552,52.67778465,0.0,Nov,8,13,9,20,Other,0,1
3,250.8,2,270.6,20,1424.4,0.0,0.0,31.72080812,0.0,Nov,2,2,5,5,New_Visitor,0,1
5,501.75,0,0.0,18,628.5833333,0.004761905,0.012698413,37.02263046,0.0,Nov,2,2,3,3,Returning_Visitor,0,1
3,23.0,0,0.0,3,1225.2,0.0,0.04,10.99901844,0.0,Sep,2,2,1,1,Returning_Visitor,1,1
0,0.0,0,0.0,4,76.75,0.0,0.016666667,0.0,0.0,Nov,1,1,8,2,New_Visitor,0,1
4,103.8,0,0.0,14,314.2933333,0.0,0.013333333,79.44353446,0.0,Jul,2,2,5,2,New_Visitor,0,1
8,227.5326923,3,292.6842105,66,3025.521713,0.015995116,0.025541275,7.371682608,0.0,Mar,3,2,3,6,Returning_Visitor,0,1
0,0.0,2,63.5,14,376.0,0.0375,0.040625,0.0,0.0,Nov,2,2,2,11,Returning_Visitor,1,1
13,442.6,6,164.625,107,4928.927389,0.016774043,0.028505395,1.451867861,0.0,Nov,3,2,1,2,Returning_Visitor,0,1
12,397.7166667,3,431.3333333,336,12595.62776,0.002376812,0.01331553,1.178989949,0.0,Nov,2,2,1,11,Returning_Visitor,0,1
0,0.0,0,0.0,29,873.75,0.0,0.031034483,0.0,0.0,Nov,2,2,5,2,Returning_Visitor,1,1
1,26.2,0,0.0,32,1427.676667,0.0,0.021875,19.9656361,0.0,Sep,2,4,3,4,Returning_Visitor,0,1
1,20.2,0,0.0,77,3107.173333,0.002597403,0.017041847,18.74860165,0.0,Sep,2,2,7,1,Returning_Visitor,0,1
6,101.625,0,0.0,140,7097.582291,0.003448276,0.009952433,21.88856759,0.0,Nov,2,2,3,13,Returning_Visitor,0,1
3,168.75,0,0.0,36,1262.833333,0.0,0.004054054,20.39448649,0.0,May,2,2,3,4,Returning_Visitor,1,1
0,0.0,0,0.0,15,734.25,0.0,0.015384615,40.4014481,0.0,Dec,2,2,9,2,Returning_Visitor,0,1
