Area,Perimeter,MajorAxisLength,MinorAxisLength,AspectRation,Eccentricity,ConvexArea,EquivDiameter,Extent,Solidity,roundness,Compactness,ShapeFactor1,ShapeFactor2,ShapeFactor3,ShapeFactor4,0
30557,641.652,234.8875923,165.9899883,1.415070841,0.707534901,30827,197.2470045,0.761829968,0.991241444,0.932655968,0.839750633,0.007686867,0.002357928,0.705181126,0.997881249,3
48165,833.024,321.2918859,191.6179182,1.676731951,0.802688687,48695,247.6400264,0.695021645,0.989115926,0.872220723,0.7707634,0.006670651,0.00145222,0.594076219,0.996106578,6
74044,1048.432,388.726498,244.2241059,1.59167948,0.777997644,74909,307.0435618,0.745434411,0.988452656,0.846484871,0.789870419,0.005249939,0.001260542,0.623895279,0.993041313,2
47667,852.181,346.3471141,176.0819735,1.966965199,0.86112257,48256,246.3564681,0.628421136,0.987794264,0.824829129,0.711299324,0.007265973,0.001147316,0.505946728,0.995179607,4
27664,616.891,222.8562688,158.5669993,1.40543915,0.70266445,28011,187.6776459,0.716498316,0.98761201,0.91349878,0.842146586,0.008055822,0.002499427,0.709210872,0.996752726,3
56404,922.589,360.3630769,204.5914823,1.761378689,0.823209939,58033,267.9847072,0.710825457,0.971929764,0.832728107,0.743651956,0.006388963,0.001205283,0.553018232,0.974074529,4
52868,868.73,331.7295097,203.9644305,1.626408628,0.788642803,53418,259.4487006,0.678525592,0.989703845,0.880304874,0.782109198,0.006274675,0.00144824,0.611694797,0.994865696,6
82219,1080.269,417.2089157,252.364847,1.653197426,0.796310231,83108,323.549814,0.750365057,0.989303076,0.885356596,0.775510306,0.005074361,0.001132169,0.601416235,0.994259772,2
72515,1103.397,386.0047317,239.8623866,1.60927579,0.783495444,73844,303.8568176,0.698065075,0.9820026,0.748469517,0.787184178,0.005323102,0.001260811,0.619658931,0.997202115,0
36857,719.306,269.4644365,174.3779527,1.545289598,0.762381461,37216,216.6282297,0.774892776,0.990353611,0.895163737,0.80392141,0.007311079,0.001883717,0.646289633,0.998704647,3
36520,692.007,233.3318727,199.5817193,1.169104433,0.518041342,36852,215.6355912,0.796892729,0.990990991,0.958340093,0.924158319,0.006389153,0.002874806,0.854068598,0.998495384,5
80951,1107.182,395.5388204,261.61346,1.511920757,0.750024254,82239,321.0451906,0.779927355,0.984338331,0.829839396,0.81166544,0.004886151,0.001308142,0.658800786,0.996054583,0
38052,733.889,273.744548,177.2180557,1.544676398,0.762163328,38473,220.1120423,0.712264151,0.989057261,0.887823417,0.804078269,0.00719396,0.001854988,0.646541863,0.998697955,6
41863,763.785,281.5964769,190.2356431,1.480250874,0.737303951,42456,230.8714514,0.736609657,0.986032598,0.901774524,0.819866264,0.00672662,0.001874773,0.67218069,0.994996054,3
67194,1005.436,394.587499,218.724461,1.804039188,0.832309172,67865,292.4962529,0.647634285,0.990112724,0.835278873,0.741270957,0.005872362,0.001093706,0.549482631,0.9912882,2
60730,951.837,340.0269706,228.2420069,1.489765075,0.74123395,61724,278.071641,0.745748143,0.983896053,0.842341077,0.817792896,0.005598995,0.001544768,0.668785221,0.996332865,0
40398,724.683,252.2341418,204.023122,1.236301745,0.587995745,40714,226.7957917,0.792117647,0.992238542,0.96665963,0.899147871,0.006243728,0.002517377,0.808466895,0.999509033,5
26403,603.752,230.5788556,146.0777015,1.578467166,0.773721396,26707,183.3503305,0.704305378,0.988617216,0.910219164,0.795174085,0.008733055,0.002153748,0.632301826,0.998067671,3
85861,1127.125,453.4993532,243.2214479,1.8645533,0.84401378,86936,330.6382019,0.662236894,0.987634582,0.849301011,0.72908197,0.005281785,0.000920589,0.531560519,0.99112292,2
44719,791.542,293.3548722,194.628998,1.507251618,0.748212435,45258,238.616846,0.701408495,0.988090503,0.896920643,0.813406794,0.00655996,0.001771382,0.661630612,0.997243811,6
34048,687.947,263.9556782,164.5060556,1.604534722,0.782035704,34342,208.209654,0.769446328,0.991439054,0.904048038,0.788805361,0.007752458,0.001851393,0.622213898,0.998363803,3
33255,679.397,259.7923659,163.6283832,1.587697445,0.776722532,33605,205.7707002,0.735404688,0.989584883,0.90535638,0.792058302,0.007812129,0.001896609,0.627356354,0.99605208,3
26243,602.486,226.9610327,147.920455,1.53434515,0.758439165,26530,182.7939424,0.698137803,0.989182058,0.9085094,0.805397914,0.008648441,0.002244707,0.6486658,0.995277225,3
40061,745.243,275.2334615,185.5963363,1.482968183,0.738436244,40522,225.8478457,0.790313671,0.988623464,0.906433273,0.820568271,0.006870359,0.001921401,0.673332288,0.998530359,3
29882,649.082,247.4278468,154.7792567,1.598585315,0.780181593,30213,195.0562587,0.671430176,0.989044451,0.891292791,0.788335918,0.008280164,0.001972713,0.62147352,0.993478442,3
51142,898.882,357.5199985,182.7376403,1.9564661,0.859506006,51746,255.1784019,0.783629315,0.9883276,0.795393805,0.713745813,0.006990732,0.00111912,0.509433085,0.996688561,4
55145,930.03,365.7450534,198.0564098,1.846671127,0.840691128,56953,264.9769701,0.78501573,0.968254526,0.801165223,0.724485451,0.006632425,0.001127122,0.524879169,0.969279207,4
34772,671.947,228.0476746,194.336638,1.173467221,0.523256094,35103,210.4117046,0.763179843,0.990570607,0.967764075,0.922665425,0.006558371,0.002931924,0.851311487,0.998986125,5
45510,778.457,285.0243848,203.5342175,1.400375761,0.700049774,45877,240.7179505,0.782402393,0.992000349,0.943729309,0.844552127,0.006262896,0.001965445,0.713268296,0.998843633,5
68897,1027.553,400.6362934,220.5823919,1.816265976,0.834782304,69754,296.1796497,0.700229693,0.987713966,0.819977079,0.739273138,0.005815003,0.001071395,0.546524772,0.992634349,2
156910,1480.479,541.9193789,370.567044,1.462405758,0.729665038,158236,446.9720539,0.765541602,0.991620112,0.89961354,0.824794372,0.003453696,0.000985931,0.680285756,0.994853807,1
70066,1006.869,387.1512521,231.7835065,1.67031407,0.800980974,70755,298.6817737,0.797473253,0.990262172,0.868502853,0.771486007,0.005525522,0.001207439,0.59519066,0.994155333,2
37583,720.715,277.709633,172.6818721,1.608215324,0.78317029,37877,218.7513698,0.722180588,0.992238034,0.909230899,0.787698171,0.007389235,0.001754764,0.620468408,0.997846802,3
54434,946.419,392.0469996,179.0746985,2.189293087,0.889585627,55300,263.2632169,0.835030987,0.984339964,0.763683156,0.671509327,0.007202245,0.00090335,0.450924777,0.987206496,4
44202,799.28,305.6843171,185.0507295,1.651894688,0.795947643,44755,237.2335018,0.715937804,0.987643839,0.86946858,0.776073513,0.006915622,0.001547471,0.602290097,0.994919813,6
68749,1024.216,391.3524554,226.6710099,1.726521868,0.815186079,70178,295.8613619,0.76838564,0.979637493,0.823556004,0.755997204,0.005692482,0.001146997,0.571531772,0.986762102,2
35594,689.634,254.572928,178.4418372,1.426643729,0.713214496,35966,212.8842135,0.811629233,0.989656898,0.940479494,0.836240582,0.00715213,0.002157447,0.699298311,0.99764955,3
80390,1137.745,427.3643818,240.1465772,1.779598055,0.827188429,81621,319.930816,0.669710173,0.984918097,0.780408555,0.748613665,0.005316139,0.001029928,0.560422419,0.997326647,0
26350,594.594,218.6892588,153.6667903,1.423139368,0.71151405,26655,183.1662141,0.783084193,0.988557494,0.936589832,0.837563834,0.008299403,0.002519407,0.701513177,0.998351019,3
41157,761.674,286.9061273,183.1818893,1.566236315,0.769644009,41570,228.9164038,0.771770927,0.990064951,0.891487612,0.797879104,0.006971017,0.001742706,0.636611065,0.997083368,6
30851,680.959,269.3265593,146.1434455,1.842891814,0.839974774,31272,198.1936255,0.702356289,0.986537478,0.836059491,0.73588593,0.008729913,0.00157918,0.541528102,0.997977705,3
38151,715.089,240.298028,202.5908511,1.186124776,0.537785626,38724,220.3981894,0.777196056,0.985202975,0.937552498,0.917186842,0.006298604,0.00274951,0.841231703,0.997805765,5
39764,722.344,252.7578302,200.5577303,1.260274684,0.608599179,40089,225.0091048,0.767422561,0.991893038,0.957660974,0.890216159,0.006356449,0.0024625,0.79248481,0.998748544,5
36797,716.017,260.6599723,180.0599156,1.447629093,0.723060527,37193,216.4518319,0.726854321,0.989352835,0.901935767,0.830399198,0.007083729,0.002077731,0.689562828,0.998231211,3
41241,762.145,283.5379879,186.4067014,1.52107186,0.753514633,41750,229.14989,0.779102278,0.987808383,0.892203334,0.80818056,0.006875148,0.001809237,0.653155818,0.993496935,6
75837,1074.9,432.6403339,225.8040259,1.915999204,0.852993898,77237,310.7389054,0.701492951,0.981873972,0.824811833,0.71823841,0.005704871,0.000936483,0.515866413,0.988399637,2
45280,846.153,353.4912173,164.3193202,2.151245617,0.885391042,45912,240.1089057,0.620070114,0.986234536,0.794727946,0.67924999,0.007806785,0.00102511,0.461380548,0.992542882,4
200116,1773.379,636.1081262,402.3250586,1.581080056,0.774577472,202634,504.7728249,0.773419082,0.987573655,0.799629034,0.793533055,0.003178697,0.00077748,0.62969471,0.995597747,1
50400,857.43,327.8444716,198.0241166,1.655578509,0.796970317,51001,253.3204947,0.686695279,0.988215917,0.861475739,0.772684967,0.006504851,0.001430299,0.597042058,0.988450001,6
32145,669.928,250.6830123,163.6876312,1.531471929,0.757386714,32461,202.3074026,0.734105234,0.990265241,0.900050826,0.807024779,0.007798507,0.00204051,0.651288994,0.997430813,3
42922,774.96,286.1235864,191.6548006,1.492911137,0.742512478,43383,233.7733683,0.703720099,0.989373718,0.898113534,0.817036342,0.006666129,0.001832394,0.667548384,0.996590417,6
67922,1003.522,388.2469891,224.6437061,1.728278953,0.815604146,68623,294.0764805,0.676884748,0.989784766,0.847552353,0.757446905,0.005716071,0.00116061,0.573725814,0.99155825,2
62683,1007.347,343.3923073,233.9888426,1.467558468,0.731907633,64225,282.5074767,0.701646574,0.975990658,0.776249695,0.822695997,0.005478237,0.001548025,0.676828704,0.993285695,0
39364,714.687,249.3821884,201.1797264,1.239599004,0.590944123,39692,223.8745216,0.78476874,0.99173637,0.968450265,0.897716565,0.006335286,0.002538066,0.805895032,0.998986678,5
49882,891.505,357.1890036,179.8346914,1.986207449,0.864011494,51042,252.0153467,0.726021017,0.977273618,0.788689675,0.705551806,0.007160679,0.001094585,0.497803351,0.988740725,2
38800,721.457,248.267441,199.3780455,1.245209523,0.595874322,39236,222.2649193,0.774512935,0.988887756,0.936743496,0.895264068,0.006398645,0.002535551,0.801497752,0.998032634,5
40708,752.843,275.1620322,188.6059943,1.45892517,0.728132771,41209,227.6643042,0.784535924,0.987842462,0.902569797,0.827382697,0.006759409,0.001953954,0.684562127,0.998724917,3
37268,714.729,250.0604704,189.9228983,1.31664203,0.650498099,37667,217.8327141,0.751249798,0.989407173,0.916775805,0.871120149,0.00670979,0.002383422,0.758850313,0.999134217,5
75507,1063.461,414.6505451,233.9163334,1.772644685,0.825686772,76890,310.0620878,0.70212944,0.982013266,0.838984513,0.747767226,0.005491551,0.001059109,0.559155824,0.9911846,2
57230,953.606,395.4095217,184.9630681,2.137775534,0.883847075,57949,269.9398065,0.614761583,0.987592538,0.790852806,0.682684133,0.00690913,0.000925726,0.466057626,0.996326589,4
32624,669.461,254.9991509,163.7435222,1.557308328,0.766592749,32947,203.8091433,0.684343011,0.990196376,0.914737553,0.799254204,0.007816306,0.001967528,0.638807283,0.994819901,3
75359,1046.443,395.4351708,245.0744695,1.613530662,0.784792263,76422,309.758065,0.725764201,0.986090393,0.864796327,0.783334635,0.005247352,0.001218735,0.61361315,0.990083631,2
41774,752.677,282.5255891,188.6111438,1.497926281,0.74452947,42141,230.6259065,0.775661022,0.991291142,0.926613527,0.816300949,0.006763192,0.001852391,0.666347239,0.998139042,3
84629,1124.297,448.1926562,243.1812137,1.843039803,0.840002919,86214,328.2575048,0.75759122,0.981615515,0.841331151,0.732402685,0.00529597,0.000939994,0.536413693,0.988631787,2
65243,980.668,328.5051239,253.2426845,1.29719492,0.636963249,66224,288.2186108,0.757494485,0.985186639,0.852510582,0.877364126,0.005035101,0.00184038,0.769767809,0.998538891,0
28657,632.81,243.0925497,150.4128659,1.616168593,0.78559006,28973,191.0162968,0.787474925,0.989093294,0.8992779,0.785776022,0.008482833,0.001994875,0.617443957,0.997893531,3
42678,779.318,288.7268216,188.7602614,1.529595369,0.756695338,43156,233.107952,0.688521416,0.988923904,0.883048401,0.807365075,0.006765238,0.001773139,0.651838365,0.997048944,6
60736,985.501,342.4453022,226.7417755,1.510287645,0.749392947,61680,278.0853772,0.789353296,0.984695201,0.785854079,0.812057795,0.005638259,0.00151242,0.659437863,0.995940857,0
39786,731.059,263.8930741,192.2506944,1.372650824,0.685027304,40202,225.071341,0.775495088,0.989652256,0.935481679,0.852888397,0.006632812,0.002164942,0.727418618,0.998491765,6
74788,1058.364,415.3324881,230.726488,1.800107528,0.831501592,75500,308.5823052,0.738508329,0.990569536,0.839018748,0.742976565,0.005553464,0.001043865,0.552014176,0.993684873,2
38589,734.308,269.0442127,184.1483256,1.461019056,0.729056265,39252,221.659741,0.776001448,0.983109141,0.89932542,0.823878495,0.006972044,0.001981493,0.678775774,0.991704341,6
37210,721.779,273.6492042,173.833276,1.574204954,0.772313726,37664,217.6631422,0.780804096,0.987946049,0.897554957,0.795409374,0.007354184,0.001815838,0.632676072,0.995961807,6
45909,794.895,295.0094227,198.8993094,1.48320989,0.738536577,46412,241.7708714,0.766529754,0.989162286,0.913036557,0.819536099,0.006425961,0.001788093,0.671639417,0.996182226,6
49156,839.947,318.4718939,197.484406,1.612643248,0.784522817,49596,250.1746651,0.721238354,0.991128317,0.875553388,0.785547076,0.0064788,0.00152182,0.617084209,0.995136683,6
31053,641.339,231.0553929,171.2635313,1.349121971,0.671259058,31354,198.8414131,0.757556537,0.990399949,0.948720154,0.860578975,0.007440679,0.002517417,0.740596172,0.999154567,3
26144,624.429,239.030731,139.827446,1.709469334,0.811049983,26560,182.4488275,0.808410637,0.984337349,0.84258897,0.763286071,0.009142852,0.001914304,0.582605626,0.995946452,3
48246,828.052,307.8508642,200.9466638,1.532002863,0.75758175,48922,247.8481694,0.741105991,0.986182086,0.884211086,0.80509168,0.006380858,0.001653637,0.648172613,0.993002299,6
47705,824.388,311.9041796,195.5944153,1.594647675,0.778940555,48235,246.4546459,0.795799553,0.989012128,0.882085009,0.790161409,0.006538186,0.001572173,0.624355052,0.995626332,6
42506,748.99,259.4181962,209.1264365,1.240484945,0.591729831,42916,232.6377443,0.799947305,0.990446454,0.952155901,0.896767258,0.006103096,0.002434719,0.804191514,0.997587467,5
68234,988.005,383.9724637,228.1752131,1.68279656,0.8042812,69335,294.7511274,0.788103488,0.984120574,0.878400168,0.767636107,0.005627289,0.001205315,0.589265193,0.99161344,2
30698,648.384,247.6447059,158.3576609,1.563831547,0.768828474,30967,197.7015618,0.718451601,0.991313334,0.917604146,0.798327431,0.008067128,0.002021264,0.637326687,0.996671579,3
87831,1160.439,461.1062166,244.4848372,1.886031959,0.847864036,88699,334.4097822,0.703058586,0.990214095,0.819620966,0.725233732,0.005249926,0.00089587,0.525963966,0.991984849,2
36837,732.878,284.7182725,165.6490262,1.718804384,0.813332051,37294,216.5694464,0.737182309,0.987746018,0.861848139,0.760644705,0.007729138,0.00159602,0.578580367,0.994466472,3
68823,1054.403,368.6293354,239.0642829,1.54196742,0.761195798,70191,296.0205486,0.705153689,0.980510322,0.777911511,0.803030362,0.005356194,0.001373928,0.644857762,0.994349659,0
55789,916.971,377.0138382,189.0888127,1.993845288,0.86513247,56283,266.5197196,0.817277548,0.991222927,0.833771871,0.70692291,0.006757853,0.001041062,0.499740001,0.996404246,4
29155,628.707,230.6324363,161.2377084,1.430387709,0.715013004,29549,192.6688842,0.787951677,0.986666215,0.926885991,0.835393699,0.007910562,0.002376577,0.697882633,0.998242741,3
50366,843.262,319.8930901,201.0535881,1.591083716,0.777807612,50882,253.2350349,0.719226595,0.989858889,0.890066109,0.79162396,0.00635137,0.00153859,0.626668495,0.997082038,6
38396,709.443,250.3804559,195.7388897,1.279155391,0.623572095,38723,221.1047389,0.74843086,0.991555406,0.958651666,0.883075071,0.006521004,0.002446159,0.779821581,0.997512979,5
23562,612.084,246.2504516,122.5126535,2.010000148,0.867456864,23959,173.2052833,0.698257468,0.983430026,0.790314521,0.703370419,0.010451169,0.001577906,0.494729946,0.994407265,3
48903,849.167,324.3534192,194.1598,1.670548791,0.801043842,49534,249.5300252,0.68468582,0.987261275,0.852234575,0.76931523,0.006632587,0.001433112,0.591845923,0.98870749,6
51932,897.618,313.7611961,211.334637,1.484665271,0.739139388,52906,257.1417431,0.726402954,0.98158999,0.809956708,0.819546032,0.00604177,0.00168127,0.671655698,0.997183889,0
38190,706.192,250.1782298,194.68827,1.285019533,0.62801865,38507,220.510812,0.796986519,0.991767731,0.962307644,0.881414871,0.006550883,0.00243894,0.776892174,0.998321619,5
52660,866.059,328.3550412,205.6149049,1.596941823,0.779664965,53405,258.9378196,0.804989529,0.986049995,0.882258316,0.788590967,0.006235379,0.001487475,0.621875714,0.993099337,6
41981,811.437,327.0912997,165.0329489,1.981975732,0.863384201,42648,231.1966032,0.601955808,0.984360345,0.801222303,0.706825903,0.007791413,0.001199626,0.499602857,0.990200738,4
46217,779.227,270.7798305,217.7277888,1.243662245,0.594525395,46553,242.5805269,0.754563265,0.99278242,0.956497041,0.895858922,0.005858879,0.002327838,0.802563207,0.99811756,5
42703,778.007,289.1029945,189.3171336,1.527083096,0.755764757,43263,233.1762172,0.76660563,0.987055914,0.886545932,0.806550681,0.006770086,0.001767261,0.650524002,0.993404206,6
51558,918.055,384.9665214,172.0574462,2.237430172,0.894563276,52268,256.2141379,0.707592227,0.986416163,0.768720611,0.665549142,0.007466669,0.000903706,0.44295566,0.991082358,4
47719,812.323,292.3807765,208.5365681,1.40205998,0.700923715,48183,246.4908068,0.733732087,0.990370048,0.908748481,0.843047241,0.006127135,0.001909171,0.71072865,0.996484196,6
67413,1077.615,359.8362623,239.8736526,1.500107488,0.745398715,68823,292.9725199,0.736030134,0.979512663,0.729501623,0.814182868,0.005337787,0.001446868,0.662893742,0.994411866,0
77260,1056.803,401.5416968,246.4067866,1.629588626,0.789576762,77980,313.6406977,0.803460934,0.990766863,0.869313638,0.78109123,0.005197278,0.001193336,0.610103509,0.994217739,2
86333,1152.539,445.7246556,249.5921445,1.785812036,0.828513325,88054,331.545758,0.672228797,0.980455175,0.816724223,0.743835356,0.005162854,0.000974938,0.553291037,0.988073793,2
46915,823.512,311.1677016,193.4472252,1.608540527,0.783270085,47605,244.4054689,0.745510885,0.985505724,0.869324102,0.785446136,0.006632584,0.001557142,0.616925633,0.992349883,6
34089,681.059,253.0028083,172.2909611,1.468462458,0.732297939,34434,208.3349775,0.767303667,0.989980833,0.923537751,0.823449269,0.007421831,0.002104933,0.678068698,0.995718427,3
38290,719.888,270.4465104,180.5080659,1.498251666,0.744659447,38605,220.7993256,0.759903152,0.991840435,0.928464626,0.816425123,0.007063111,0.001935714,0.666549982,0.99865962,3
35947,711.184,266.4790377,172.1731426,1.54773871,0.763249477,36360,213.9372383,0.81184787,0.988641364,0.893117421,0.802829521,0.007413109,0.00189965,0.64453524,0.997572142,3
41393,773.164,293.4592079,180.2158038,1.628376656,0.789221584,41883,229.571785,0.711623429,0.988300743,0.870148787,0.782295388,0.007089585,0.001637886,0.611986075,0.996543838,6
38441,740.082,290.2403582,168.9692311,1.717711303,0.813067085,38777,221.234268,0.779657236,0.99133507,0.881951814,0.762245021,0.007550281,0.001572249,0.581017472,0.99802028,3
59562,962.76,394.8722649,193.6832049,2.038753257,0.87144353,60357,275.3846288,0.638912726,0.986828371,0.807500983,0.697401801,0.0066296,0.000967385,0.486369272,0.991586938,4
30385,638.138,234.0248794,165.5446165,1.413666505,0.706833041,30690,196.6910866,0.743636809,0.990061909,0.937648128,0.840470839,0.007701987,0.002370681,0.706391231,0.998601622,3
57017,903.559,349.8119042,210.8011319,1.65944035,0.798033715,58127,269.437004,0.791572956,0.980903883,0.877609255,0.770233948,0.006135221,0.001331989,0.593260335,0.984480137,2
53933,915.68,366.7775612,191.2792215,1.917498191,0.853243411,54931,262.0489045,0.825863257,0.981831753,0.808308201,0.714462749,0.006800615,0.001093066,0.510457019,0.978800411,4
45739,777.912,281.456879,207.090108,1.359103444,0.677221542,46085,241.3228202,0.780782165,0.992492134,0.949807484,0.857406012,0.006153542,0.002051403,0.73514507,0.999138196,5
45529,801.419,302.0138927,193.1802471,1.563378747,0.768674397,46094,240.768194,0.807882036,0.987742439,0.89079692,0.797209002,0.00663344,0.001652751,0.635542193,0.993593157,6
68901,1003.207,373.0537154,236.0557592,1.580362693,0.774342956,69802,296.1882474,0.709675758,0.98709206,0.860308634,0.793956031,0.005414344,0.001327124,0.63036618,0.996207193,0
35368,692.123,256.012242,176.3743858,1.451527334,0.724828355,35704,212.2072954,0.798735321,0.99058929,0.927798792,0.82889511,0.007238528,0.002107795,0.687067103,0.99729668,3
58849,959.596,366.160794,205.5118737,1.781701404,0.827638679,59683,273.7313902,0.720526477,0.986026172,0.803104563,0.747571544,0.006222039,0.001198736,0.558863214,0.995727373,4
41288,748.997,263.423134,199.9741738,1.317285772,0.650931211,41682,229.2804273,0.792871683,0.990547479,0.924854797,0.870388351,0.006380138,0.002258718,0.757575882,0.99794393,5
44554,771.972,257.6997529,220.5798625,1.168283224,0.517047302,45003,238.1762261,0.774852174,0.990022887,0.939492825,0.924239249,0.005783987,0.002603423,0.854218189,0.99796878,5
28771,636.7,241.943451,151.7782079,1.594059215,0.778754127,29121,191.3958593,0.685186949,0.987981182,0.891856786,0.791076834,0.008409282,0.002031484,0.625802557,0.997566334,3
54398,927.333,385.3302876,180.8988232,2.130087309,0.882951441,55076,263.1761478,0.608315441,0.987689738,0.794916235,0.682988481,0.007083538,0.000950788,0.466473265,0.993628782,4
38548,704.398,242.2028844,202.9686902,1.193301707,0.545653281,38857,221.5419553,0.783750813,0.992047765,0.976282458,0.914695776,0.00628315,0.002713088,0.836668363,0.998397785,5
44001,807.713,305.2356881,185.0656968,1.64933693,0.795232764,44708,236.6935006,0.793382618,0.984186275,0.847536216,0.775445041,0.006937017,0.001547236,0.601315011,0.991771054,6
50002,860.687,333.9125523,191.8964947,1.740065929,0.81837058,50710,252.3182984,0.713498858,0.986038257,0.848216572,0.755641849,0.006677984,0.001343041,0.570994604,0.993568256,6
30900,701.895,256.91668,153.6367611,1.672234419,0.801494398,31444,198.3509565,0.797213622,0.982699402,0.788177524,0.772043903,0.008314456,0.001822139,0.596051789,0.996738317,3
39536,737.879,276.0164232,183.078484,1.507639878,0.748363906,39952,224.3630955,0.70455315,0.989587505,0.912498777,0.812861398,0.006981395,0.00188013,0.660743652,0.996163478,3
37534,715.824,259.3168198,185.2391386,1.399902967,0.699803678,37979,218.6087214,0.784950959,0.988282998,0.920496631,0.843017902,0.006908851,0.002152449,0.710679183,0.994881898,6
29184,637.004,235.5254125,157.9421877,1.491212803,0.741823571,29603,192.7646826,0.735632184,0.985846029,0.903795889,0.818445367,0.008070361,0.002233734,0.669852819,0.9988931,3
48439,810.37,297.981992,207.3178381,1.4373196,0.718294206,48883,248.343412,0.79979856,0.990917088,0.926911612,0.833417518,0.006151696,0.001830733,0.694584759,0.998340287,0
31507,644.759,232.2807816,173.1442548,1.34154484,0.666607063,31766,200.289686,0.824920145,0.991846628,0.95240593,0.862274032,0.007372355,0.002514011,0.743516506,0.997460732,3
41322,770.141,268.4456957,196.928016,1.363166609,0.679596583,41861,229.3748122,0.771076693,0.987124053,0.875489029,0.854455169,0.006496435,0.002136053,0.730093635,0.995239265,6
63366,1006.058,413.047019,198.1368874,2.084654828,0.877434907,64350,284.0424211,0.736642641,0.984708625,0.78671987,0.687675756,0.006518433,0.000899203,0.472897946,0.985828986,4
50547,854.246,325.399109,198.7428884,1.637286806,0.79181073,51228,253.6896515,0.69770042,0.986706489,0.870441004,0.779626141,0.006437555,0.001467055,0.607816919,0.995170622,6
36253,681.763,237.3120276,194.7811246,1.218352282,0.571243464,36493,214.8458825,0.782157497,0.993423396,0.980137395,0.905330777,0.006545997,0.002712593,0.819623817,0.998590547,5
42175,742.742,252.7310852,213.0457404,1.186276171,0.537954265,42638,231.7301832,0.745879315,0.989141142,0.960702652,0.916904159,0.005992438,0.002612637,0.840713237,0.99731808,5
71003,1076.435,365.1088878,248.9703306,1.466475491,0.731438824,72459,300.6722924,0.716160332,0.979905878,0.770035846,0.823514032,0.005142161,0.001458846,0.678175361,0.994527545,0
65383,955.639,354.5772588,235.0870694,1.508280569,0.748613534,65965,288.5276783,0.716659542,0.991177139,0.899677744,0.813723021,0.00542308,0.001466669,0.662145155,0.998700672,2
49827,831.839,284.1727676,223.5363681,1.271259661,0.617435697,50442,251.876372,0.78125686,0.987807779,0.90489054,0.886349435,0.005703188,0.002171288,0.785615321,0.998721067,5
44518,793.623,293.129288,193.8612596,1.512057069,0.750076831,45019,238.0799825,0.760367562,0.988871365,0.88821278,0.812201279,0.006584512,0.001767494,0.659670917,0.997460073,6
27682,607.729,220.8147755,159.8167063,1.381675174,0.690052711,28009,187.7386936,0.734309512,0.988325181,0.941862285,0.850208928,0.007976836,0.002571065,0.722855222,0.998751114,3
35020,698.516,250.447503,178.3763964,1.40403948,0.701945477,35491,211.1607181,0.772761375,0.98672903,0.901930948,0.843133653,0.007151556,0.002229287,0.710874357,0.998095663,3
97770,1231.866,497.1008834,253.6601961,1.959711815,0.860008855,99373,352.823795,0.796789047,0.983868858,0.809633635,0.709762961,0.005084391,0.000795925,0.503763461,0.987231206,2
54358,958.816,390.4237882,183.0547591,2.132825118,0.883271595,56614,263.0793705,0.720546129,0.960151199,0.743023908,0.67383028,0.007182453,0.000913387,0.454047246,0.968403371,4
149264,1501.818,581.2359196,329.4838723,1.764080031,0.823808839,151608,435.9458996,0.807705628,0.984539074,0.831630348,0.75003262,0.003894013,0.000760147,0.562548931,0.992381336,1
42846,748.792,269.0570455,203.1373816,1.324507796,0.655727733,43131,233.5663108,0.786396006,0.993392224,0.960279717,0.868092156,0.00627963,0.00219977,0.753583992,0.998127872,5
61493,992.528,400.4085418,198.3503204,2.018693698,0.868682168,62537,279.8130078,0.606260475,0.983305883,0.784422442,0.698818778,0.006511449,0.00095789,0.488347684,0.985824392,4
39306,724.304,252.6462868,198.3559858,1.27370135,0.619352037,39704,223.7095294,0.753103924,0.989975821,0.941514356,0.885465337,0.006427677,0.002437362,0.784048862,0.998644094,5
45269,796.822,303.559451,190.4324241,1.594053389,0.77875228,45653,240.0797387,0.784272622,0.991588724,0.895958992,0.790882109,0.006705681,0.001618339,0.62549451,0.997071643,6
52091,855.466,320.1100236,208.5177596,1.535169111,0.758739621,52705,257.5350872,0.810477346,0.988350251,0.894472621,0.804520534,0.006145208,0.001588053,0.64725329,0.993643257,6
69962,1000.601,377.1407444,239.2072993,1.576627241,0.773115444,71574,298.4600225,0.778133689,0.977477855,0.878112612,0.791375705,0.005390651,0.001304223,0.626275507,0.987403024,2
56987,927.498,372.4808041,195.3521964,1.906714186,0.851433576,57644,269.3661113,0.7821009,0.988602456,0.832452947,0.723167767,0.006536242,0.001102717,0.522971619,0.997157405,4
35282,703.49,270.4880703,166.3696731,1.62582558,0.788470847,35664,211.9491392,0.693067751,0.989288919,0.895874557,0.783580359,0.007666461,0.001782826,0.613998179,0.998253946,3
47775,852.11,341.6923548,178.6041407,1.913126725,0.852513916,48428,246.6353974,0.794079516,0.986516065,0.82683573,0.721805431,0.007152116,0.001197553,0.52100308,0.996744916,4
53524,919.534,324.5638455,210.5158395,1.541754988,0.761119659,54727,261.0533918,0.789090373,0.978018163,0.795468235,0.804320615,0.006063894,0.001565482,0.646931652,0.997410101,0
76105,1095.088,420.100857,237.154747,1.771420822,0.825420349,79400,311.2874806,0.683653578,0.958501259,0.797489575,0.740982732,0.005520017,0.001026485,0.549055409,0.972608183,2
41869,741.243,256.394601,208.1834683,1.231580024,0.583705982,42231,230.8879956,0.769198266,0.991428098,0.957593616,0.900518165,0.006123734,0.002484082,0.810932965,0.998728841,5
62622,1022.788,396.5943804,202.2522362,1.960889965,0.860190692,63701,282.3699821,0.694765571,0.98306149,0.752255809,0.711986846,0.006333148,0.001003893,0.506925269,0.994024673,4
52156,870.899,342.1205085,195.1835561,1.752814199,0.821289874,52843,257.6957153,0.796031746,0.986999224,0.864128954,0.753230832,0.006559562,0.001302468,0.567356687,0.994470856,6
44380,799.872,303.6898924,186.5010273,1.628355065,0.789215248,44802,237.7106876,0.808378871,0.990580778,0.871678177,0.782741519,0.006842945,0.001584515,0.612684285,0.997667559,6
27770,610.656,224.8720126,157.3307031,1.429295161,0.7144901,28076,188.0368638,0.737935799,0.989101012,0.935820353,0.83619505,0.00809766,0.002442135,0.699222162,0.999394852,3
63650,995.206,406.5779769,201.2407792,2.020355808,0.868914438,64376,284.6782342,0.809734626,0.988722505,0.807573949,0.700181147,0.006387714,0.000947037,0.490253639,0.990486786,4
48388,866.233,349.800953,177.5410253,1.970254212,0.861623061,48990,248.2126409,0.621825846,0.987711778,0.81036017,0.709582518,0.007229085,0.001130511,0.503507349,0.992037476,4
161008,1496.088,505.5965214,407.8607156,1.239630349,0.590971969,163019,452.7711923,0.814059782,0.987664015,0.903947151,0.895518804,0.003140195,0.001245762,0.801953929,0.994126429,1
51332,889.637,330.8228042,198.618899,1.66561594,0.799715985,52283,255.651975,0.75168768,0.981810531,0.815027712,0.772776156,0.006444767,0.001417757,0.597182987,0.994677503,0
52502,895.985,349.7622227,192.6507381,1.815524956,0.834634044,53247,258.5490719,0.662076445,0.986008601,0.821834244,0.739213829,0.006661884,0.001227036,0.546437085,0.992070164,4
44980,798.015,308.1453437,186.6794936,1.650665201,0.795604503,45425,239.31217,0.754900644,0.990203632,0.887579383,0.776621081,0.006850719,0.001537279,0.603140304,0.995582711,6
206979,1795.101,712.4086751,379.0117206,1.879648138,0.846735265,214037,513.3554789,0.607021043,0.967024393,0.807157656,0.72059128,0.003441937,0.000572451,0.519251792,0.976010665,1
54600,915.833,377.5880225,184.7976491,2.043251223,0.872050401,55252,263.6643304,0.616197183,0.988199522,0.818031317,0.698285737,0.006915532,0.001014234,0.48760297,0.996295364,4
69172,1010.033,392.1770149,225.7555362,1.737175626,0.817698288,69782,296.7701565,0.824162993,0.991258491,0.852057827,0.756725012,0.005669592,0.00114679,0.572632744,0.994763646,2
85209,1122.182,430.6441622,256.0528764,1.681856374,0.804035649,87141,329.3804311,0.751640733,0.977829036,0.850293259,0.76485521,0.005053975,0.001066915,0.585003492,0.983891852,2
35338,680.836,227.4674838,198.0449215,1.148565094,0.491900241,35669,212.1172766,0.787686958,0.990720233,0.958002864,0.932516916,0.006436909,0.003002507,0.8695878,0.998778192,5
79671,1092.549,441.1951845,232.8469345,1.894786313,0.849391054,81249,318.4968882,0.704143319,0.980578223,0.838741795,0.721895658,0.005537714,0.000927701,0.521133341,0.987436322,2
53232,880.63,348.7819052,195.4604503,1.784411653,0.828216139,53796,260.34033,0.828268683,0.989515949,0.862572673,0.746427284,0.00655211,0.001254616,0.55715369,0.994191536,6
67792,1064.282,403.333845,214.9557913,1.876357192,0.846148268,68830,293.7949203,0.803099049,0.984919367,0.752098767,0.728416234,0.005949579,0.0010332,0.53059021,0.995576756,0
85998,1174.8,441.3015301,251.9228226,1.751733033,0.821045162,88241,330.9018803,0.745423341,0.974580977,0.783015465,0.749831709,0.005131532,0.00100065,0.562247591,0.984907678,2
81342,1096.012,421.5484704,249.0773745,1.692439834,0.806771944,82596,321.8195939,0.761971673,0.984817667,0.850930503,0.763422516,0.005182421,0.001085856,0.582813938,0.986377525,2
45626,811.443,298.4302641,195.6863029,1.525044214,0.755005294,46236,241.0245371,0.80828373,0.986806817,0.870775545,0.807641068,0.006540794,0.001716658,0.652284094,0.994762083,6
27729,621.646,234.0180239,151.0420751,1.549356521,0.763820069,28014,187.8980025,0.715679443,0.989826515,0.901691104,0.802921071,0.008439469,0.002163646,0.644682247,0.998842643,3
50186,891.424,339.7589455,189.5681591,1.792278551,0.829875249,51060,252.7821192,0.722912045,0.982882883,0.793640462,0.744004308,0.006769995,0.001279587,0.553542411,0.99210219,4
69890,1019.567,397.6524029,225.3539828,1.764567894,0.823916662,70522,298.3064059,0.681421538,0.991038258,0.844876759,0.75016875,0.00568969,0.001111487,0.562753153,0.993016146,2
50190,880.335,361.2338058,178.2027794,2.027094117,0.869849603,50882,252.7921928,0.771963824,0.986399906,0.813825179,0.699802147,0.007197326,0.001064761,0.489723045,0.992714703,4
31519,676.641,255.0735621,157.80274,1.616407689,0.785662138,32065,200.3278244,0.758032708,0.982972088,0.865098731,0.785372748,0.008092692,0.001899224,0.616810353,0.997016997,6
35738,684.449,237.8500276,191.8892822,1.239517001,0.59087126,36051,213.3144038,0.799168139,0.991317855,0.958645244,0.896844141,0.006655382,0.002655954,0.804329414,0.996979983,5
26639,601.862,216.5579368,157.1603046,1.377942969,0.687990766,27043,184.1679349,0.806875663,0.985060829,0.924131841,0.850432626,0.008129357,0.002622984,0.723235651,0.996577481,3
31488,658.189,242.2020375,165.9941975,1.459099421,0.72820982,31850,200.2292855,0.786217228,0.988634223,0.913384634,0.826703556,0.007691884,0.002216214,0.683438769,0.997205112,3
21830,543.295,201.3477434,138.5355551,1.45340121,0.725671568,22029,166.7177833,0.731029402,0.990966453,0.929377563,0.828009197,0.009223442,0.00267432,0.68559923,0.996450751,3
47394,880.106,365.5402721,165.7514278,2.205352177,0.891285625,48081,245.6499847,0.624920886,0.985711612,0.768888322,0.672018936,0.007712796,0.000970326,0.45160945,0.995957884,4
39722,744.336,286.9304966,176.5014251,1.62565541,0.788420618,40051,224.8902426,0.702484747,0.991785474,0.900954632,0.783779505,0.007223466,0.001681516,0.614310312,0.998656882,3
32940,674.619,253.6697594,165.6243528,1.531596985,0.757432676,33307,204.7938246,0.712663075,0.988981295,0.90952852,0.807324551,0.007700964,0.002017983,0.651772931,0.998253455,3
182090,1621.335,617.0719422,379.3651246,1.626591118,0.788696578,183882,481.5020132,0.770881842,0.99025462,0.870463257,0.780301259,0.003388829,0.000774959,0.608870054,0.990382622,1
57126,961.521,402.9992192,183.3261908,2.198263203,0.890540186,58284,269.6944238,0.745955263,0.980131769,0.776472594,0.669218229,0.007054567,0.000872813,0.447853038,0.984498854,4
61988,969.081,359.1672822,220.6176598,1.628007851,0.789113314,62965,280.9369554,0.701864831,0.984483443,0.829463597,0.782189719,0.005794142,0.00133788,0.611820756,0.996048994,0
59305,971.655,391.6593617,194.8650675,2.009900321,0.867442691,60395,274.7898674,0.703516098,0.981952148,0.789363416,0.701604236,0.006604154,0.000987111,0.492248504,0.989370427,4
67801,1015.657,355.0918227,243.8804044,1.456008011,0.726837559,68991,293.8144217,0.781567723,0.982751373,0.825946337,0.827432238,0.005237265,0.001514308,0.684644109,0.996847308,0
32976,685.483,251.3879327,167.7199145,1.498855598,0.744900406,33409,204.9057033,0.710490595,0.987039421,0.881890087,0.81509761,0.00762336,0.002075701,0.664384115,0.995815849,3
52213,900.059,368.2535374,181.332872,2.030815116,0.870361605,52846,257.8364915,0.620851615,0.988021799,0.809928261,0.700160257,0.007052909,0.001045533,0.490224386,0.995555093,4
70626,995.284,375.0609853,241.0058327,1.556231984,0.766220513,71282,299.8729999,0.739849151,0.990797116,0.8959431,0.799531307,0.005310523,0.001338625,0.639250312,0.994821781,2
38001,725.626,240.242188,201.8166779,1.19039809,0.542501069,38491,219.9644879,0.749260618,0.987269751,0.906941381,0.915594758,0.006321996,0.00274061,0.83831376,0.997927099,5
150738,1465.681,532.787063,361.850791,1.472394358,0.73398482,152131,438.0931208,0.729789397,0.990843418,0.881766706,0.822266814,0.003534524,0.000996694,0.676122713,0.995519268,1
29462,626.054,229.7488822,163.585807,1.404454863,0.702159149,29730,193.6806223,0.779603609,0.990985536,0.944601215,0.843010075,0.007798143,0.002429417,0.710665986,0.9980983,3
42490,771.623,296.8766722,183.8915802,1.614411448,0.785059167,43065,232.5939558,0.797350297,0.98664809,0.896780728,0.783469964,0.006986977,0.001623897,0.613825185,0.990966405,6
56679,911.133,355.9458366,204.8914494,1.73724105,0.817713549,57531,268.637198,0.810301939,0.985190593,0.857962864,0.754713696,0.00628003,0.001256812,0.569592763,0.98951993,2
44928,766.3,269.9416282,212.1921254,1.272156673,0.618141683,45295,239.1737993,0.794510858,0.99189756,0.961455745,0.886020437,0.006008316,0.00228406,0.785032214,0.99868397,5
43226,771.987,283.8558859,194.4979469,1.459428701,0.72835532,43684,234.599771,0.809839628,0.989515612,0.911454386,0.826474922,0.006566786,0.001889954,0.683060796,0.99687853,6
48439,835.37,325.6445417,190.4112149,1.710217236,0.811234433,49173,248.343412,0.802661232,0.985073109,0.872262664,0.762621141,0.006722776,0.001402697,0.581591005,0.994646961,6
34566,690.139,252.0327181,175.3030169,1.437697551,0.718471319,35009,209.787507,0.740932865,0.987346111,0.911981123,0.832382036,0.007291348,0.002159128,0.692859854,0.996122915,3
31422,652.173,236.3748951,169.5242381,1.394342766,0.696884095,31770,200.0193315,0.749052421,0.98904627,0.928363502,0.846195326,0.007522592,0.002379194,0.716046531,0.9984143,3
34501,689.51,255.8988439,172.1093863,1.486838396,0.740035282,34873,209.5901656,0.776909566,0.989332722,0.911927702,0.819035219,0.007417143,0.00205886,0.67081869,0.997398985,3
29410,625.321,226.6327495,165.4143252,1.37009143,0.683577115,29746,193.5096251,0.741946063,0.988704364,0.945145914,0.853846699,0.007705976,0.002526545,0.729054186,0.998870892,3
50728,841.03,318.5731578,203.0748504,1.56874747,0.770490709,51137,254.1434548,0.715466418,0.992001877,0.901227902,0.797755393,0.006280026,0.00156899,0.636413668,0.998372331,6
73347,1082.968,363.7976463,257.664828,1.411902622,0.705947522,74564,305.5949949,0.814830862,0.983678451,0.785888568,0.840013667,0.004959953,0.001523361,0.70562296,0.996270908,0
89342,1157.698,452.0659318,253.8619299,1.780755122,0.827436342,90617,337.2740242,0.822064777,0.985929792,0.83767387,0.746072642,0.005059949,0.000967053,0.556624387,0.991211729,2
50771,830.882,302.1716806,214.4716633,1.408911909,0.704435929,51286,254.2511454,0.742428895,0.989958273,0.924159389,0.841412884,0.005951659,0.001840155,0.707975642,0.997475314,5
45454,777.58,278.065298,208.3350827,1.334702223,0.66230901,45868,240.5698033,0.789954814,0.9909741,0.944695417,0.865155793,0.00611751,0.00211413,0.748494546,0.999017334,5
32618,674.388,258.3032768,161.3710513,1.600679147,0.780836989,32985,203.7904008,0.707303322,0.98887373,0.901254663,0.788957861,0.007919041,0.001892638,0.622454507,0.996349949,3
51097,875.59,331.1215109,198.1411118,1.671139865,0.801202016,52042,255.0661111,0.672045981,0.981841589,0.837536381,0.770309698,0.006480253,0.001407451,0.593377031,0.991616011,6
153075,1456.617,522.3663458,374.7944989,1.393740696,0.696565119,154335,441.476096,0.801406224,0.991835941,0.906616009,0.845146514,0.003412486,0.001073937,0.714272629,0.995510832,1
40970,762.238,293.3539402,178.6385746,1.642164582,0.793206796,41480,228.3957621,0.74049306,0.987704918,0.886124279,0.778567221,0.007160213,0.001622894,0.606166918,0.995425844,3
68971,1088.647,370.5714742,237.6788411,1.559126898,0.767219512,70444,296.3386654,0.727427095,0.979089773,0.731311203,0.799680186,0.005372859,0.001355347,0.6394884,0.997043565,0
30136,638.327,230.3926265,167.3832636,1.376437653,0.687152604,30491,195.8835034,0.778687889,0.98835722,0.92941364,0.850216026,0.007645096,0.002464222,0.722867292,0.994981758,3
29388,634.152,239.4808208,156.3951407,1.53125487,0.757306906,29673,193.4372346,0.726975881,0.990395309,0.918318138,0.807735809,0.008148932,0.002139724,0.652437138,0.999047544,3
75346,1071.696,420.3182543,232.3967982,1.808623258,0.83324314,77342,309.7313461,0.786361359,0.974192547,0.824378859,0.736897203,0.005578508,0.001014671,0.543017488,0.982114059,2
45598,774.842,260.7270609,223.1483769,1.168402229,0.5171916,45973,240.9505691,0.790479162,0.991843038,0.954397628,0.92414868,0.005717949,0.00257269,0.854050783,0.997874838,5
38396,732.799,269.9425883,181.7355993,1.485358891,0.739425885,38877,221.1047389,0.707264957,0.987627646,0.898516612,0.819080606,0.007030487,0.001951964,0.67089304,0.996516942,6
66564,1034.565,424.5587911,202.1947356,2.099751953,0.879311693,67400,291.1218251,0.596072391,0.987596439,0.781508511,0.685704386,0.006378204,0.000869813,0.470190505,0.987283431,4
59468,945.536,370.0789421,205.5291693,1.80061518,0.831606207,60107,275.1672387,0.746710196,0.989368959,0.835866769,0.743536601,0.006223161,0.001173276,0.552846677,0.995464119,2
65330,974.886,344.9799398,242.1259681,1.424795294,0.712319636,66249,288.4107131,0.76049124,0.986128092,0.863803292,0.836021692,0.005280575,0.001591223,0.69893227,0.995835409,0
48269,877.25,356.6748722,173.2257123,2.059018072,0.87414313,48781,247.9072399,0.599056779,0.98950411,0.788190892,0.695051037,0.007389316,0.001063777,0.483095944,0.99470328,4
45729,804.843,301.5856969,194.1467777,1.553390175,0.765233122,46214,241.2964383,0.785451735,0.989505345,0.887113577,0.800092447,0.006595064,0.001667092,0.640147924,0.994399496,6
32108,662.945,251.4665647,163.011202,1.542633645,0.761434332,32422,202.1909377,0.781844303,0.990315218,0.918053772,0.804047003,0.007831897,0.002019168,0.646491583,0.997299668,3
46173,792.175,286.6587399,205.4085909,1.395553801,0.697524011,46608,242.4650274,0.782659547,0.990666838,0.924603838,0.845831624,0.006208363,0.001960165,0.715431136,0.998422641,5
43188,790.801,294.9917288,187.3927038,1.574190045,0.772308778,43721,234.49663,0.738004101,0.987809062,0.867837749,0.794926118,0.00683041,0.001682417,0.631907534,0.994742549,6
35762,690.56,236.8214407,192.7075785,1.228916073,0.581249747,36157,213.3860178,0.791159683,0.989075421,0.942386,0.901041803,0.006622153,0.002692519,0.81187633,0.997727872,5
67036,1036.913,428.3003348,201.1097099,2.129685011,0.882904284,67879,292.1521626,0.623011152,0.987580842,0.783489747,0.682119856,0.006389109,0.000853224,0.465287498,0.99091581,4
39257,723.526,255.0806668,196.2999924,1.299443081,0.638573971,39588,223.5700445,0.760455611,0.99163888,0.942364002,0.87646801,0.006497712,0.00236529,0.768196173,0.998227202,5
36924,703.026,250.9068247,187.6110881,1.337377376,0.664000527,37327,216.8250376,0.749147866,0.989203526,0.938805948,0.864165564,0.006795223,0.002337606,0.746782122,0.998729515,3
84584,1126.361,394.41481,274.3782349,1.437485777,0.718372101,85824,328.1702205,0.803572107,0.985551827,0.837804857,0.832043352,0.004662995,0.001378569,0.692296139,0.995165854,0
42619,793.846,297.9997164,183.3030949,1.62572114,0.788440022,43149,232.9467668,0.693860606,0.987716981,0.84984671,0.781701304,0.00699218,0.001610481,0.611056928,0.993408166,6
55039,938.168,384.276326,183.7589375,2.091198019,0.878253803,55850,264.7221776,0.588023504,0.985478962,0.785812925,0.68888495,0.006981891,0.000969928,0.474562474,0.992404106,4
43150,788.215,294.72321,187.6463242,1.570631406,0.771122655,43975,234.3934435,0.690289554,0.981239341,0.872772941,0.795300253,0.006830202,0.001685535,0.632502493,0.993428279,6
43871,814.595,328.4832516,170.8977177,1.922104379,0.854006029,44373,236.343589,0.643505684,0.988686814,0.830814213,0.719499664,0.00748748,0.001237764,0.517679766,0.995034545,4
46597,808.28,306.109804,194.3879033,1.574736899,0.772490176,47143,243.575744,0.730681177,0.988418217,0.896280928,0.795713632,0.006569303,0.001624524,0.633160185,0.997060706,6
35363,693.308,247.6217738,182.109893,1.359738176,0.677594516,35741,212.1922949,0.734983581,0.989423911,0.924499205,0.856920988,0.007002284,0.00232907,0.734313579,0.998474206,3
48918,873.66,356.6948346,175.3600489,2.034071254,0.870807094,49448,249.5682914,0.615320755,0.98928167,0.80536667,0.699668925,0.007291689,0.001077899,0.489536604,0.995752334,4
47407,808.47,291.717734,207.1099133,1.408516519,0.704235123,47884,245.6836728,0.732063992,0.990038426,0.911432518,0.842196563,0.006153474,0.001909651,0.70929505,0.999053795,5
42412,762.522,279.0436429,194.1209661,1.437472976,0.718366103,42819,232.3803683,0.724310477,0.990494874,0.916629563,0.832774278,0.006579356,0.001951966,0.693512999,0.996906194,6
74727,1064.7,404.4919384,237.4490424,1.703489449,0.809564929,75848,308.4564336,0.774919114,0.985220441,0.828386291,0.762577457,0.005412929,0.00112914,0.581524377,0.990620641,2
43964,795.449,266.7102618,210.1685413,1.26903037,0.615671136,44557,236.593963,0.778840703,0.986691205,0.873136981,0.887082339,0.00606656,0.002317277,0.786915077,0.998619132,5
52183,853.722,324.3069361,206.0519971,1.57390824,0.772215209,52876,257.7624084,0.772166321,0.986893865,0.899717071,0.794810038,0.006214801,0.00152989,0.631722997,0.994274031,6
69452,1053.073,426.8231958,210.749841,2.025259871,0.869596064,70718,297.370195,0.824307163,0.98209791,0.787005314,0.696705797,0.006145585,0.000893184,0.485398968,0.983059052,4
49753,812.08,273.5577319,231.9879368,1.179189468,0.529931999,50186,251.6892669,0.82397072,0.991372096,0.948050578,0.92005905,0.005498316,0.002430369,0.846508655,0.998194091,5
42843,776.196,284.0933385,192.7875666,1.473608198,0.734502084,43422,233.5581337,0.803974554,0.986665745,0.893607772,0.8221176,0.006631033,0.001868516,0.675877349,0.995978401,6
31977,662.731,248.2332684,164.8049984,1.506224148,0.747810878,32380,201.7780487,0.758108108,0.987554046,0.914898698,0.812856592,0.007762869,0.002090537,0.66073584,0.995216277,3
50074,841.114,312.1499274,205.1383646,1.521655532,0.753734578,50768,252.499895,0.693161683,0.986329972,0.889431335,0.808905826,0.006233773,0.001646352,0.654328636,0.995662789,6
69448,993.332,374.9551683,236.5010886,1.585426818,0.77599019,70025,297.3616315,0.783227509,0.991760086,0.884465209,0.793059162,0.005399078,0.001317412,0.628942834,0.997142837,0
54282,879.376,327.5206119,211.5995489,1.547832278,0.763282539,54920,262.8953955,0.760315993,0.988383103,0.882097289,0.802683513,0.006033687,0.001545041,0.644300823,0.99726961,6
58176,950.621,385.1351952,192.948218,1.996054689,0.865454069,58970,272.1616868,0.793323515,0.986535527,0.808982102,0.706665322,0.006620173,0.001018367,0.499375877,0.996781562,4
41514,757.89,279.1582868,189.5482509,1.472755805,0.734139019,41958,229.9070822,0.752801654,0.989417989,0.908222154,0.823572479,0.006724437,0.001908284,0.678271628,0.998928477,6
45790,809.732,306.7080558,190.5887677,1.609266167,0.783492497,46349,241.4573228,0.76605213,0.98793933,0.877602602,0.787254584,0.006698145,0.001587066,0.61976978,0.997374538,6
41175,747.36,276.1451824,190.2841646,1.45122524,0.72469202,41595,228.9664566,0.805205726,0.989902633,0.926368485,0.829152458,0.006706623,0.001955335,0.687493798,0.997708352,6
46838,820.688,316.4250758,189.3233353,1.671347461,0.801257522,47299,244.2048194,0.677633102,0.990253494,0.873880482,0.771761905,0.006755734,0.001478379,0.595616438,0.995482022,6
52736,888.201,354.7989039,192.5952155,1.842199989,0.839843097,53954,259.1246044,0.766511628,0.977425214,0.840029493,0.730342179,0.006727831,0.001180757,0.533399698,0.982628918,6
37735,722.21,251.7711979,191.2624919,1.316364727,0.650311244,38145,219.1932805,0.791256029,0.98925154,0.909132584,0.870605067,0.006672087,0.002364429,0.757953182,0.997742833,5
59413,920.796,348.2599063,218.4122537,1.594507178,0.778896067,60023,275.0399627,0.713763981,0.989837229,0.880571242,0.789754886,0.005861679,0.001406601,0.62371278,0.994514505,2
45165,791.454,292.3904356,197.3641063,1.481477261,0.737815969,45658,239.8038032,0.809844002,0.98920233,0.906067435,0.820149273,0.006473828,0.00180681,0.67264483,0.996508021,6
45811,801.271,303.5523447,192.7018759,1.57524333,0.772657958,46256,241.5126845,0.811819954,0.990379626,0.896645527,0.795621212,0.006626189,0.001637831,0.633013114,0.997149685,6
26689,604.602,223.6594583,152.2521771,1.469006635,0.732532444,26962,184.3406906,0.736370158,0.989874638,0.917493522,0.824202526,0.008380211,0.002385451,0.679309804,0.99791061,3
56906,949.645,392.1080118,185.1701016,2.117555741,0.881468627,57496,269.1746079,0.813872998,0.989738417,0.792949175,0.686480765,0.006890451,0.000943932,0.471255841,0.997910511,4
65994,1024.72,343.7082805,245.3333569,1.400984705,0.700366245,67205,289.8726798,0.754544831,0.981980507,0.789775926,0.843368334,0.005208175,0.001625303,0.711270146,0.996478596,0
50501,909.986,359.9219079,179.6326235,2.003655577,0.866551438,51274,253.5741908,0.622362713,0.984924133,0.766373396,0.70452558,0.007127025,0.001083116,0.496356293,0.994527054,4
70374,1067.18,394.9477693,227.1444539,1.738751542,0.818065334,71394,299.3375348,0.792339391,0.985713085,0.77650945,0.757916763,0.005612126,0.001142334,0.574437819,0.998804644,0
63745,944.139,356.6672994,228.0424993,1.564038723,0.768898917,64278,284.8906014,0.788562168,0.991707894,0.898636624,0.798757278,0.00559522,0.001404935,0.63801319,0.997877335,2
26920,607.998,227.5359148,151.0809268,1.50605321,0.747743971,27204,185.1367293,0.799429827,0.989560359,0.915125418,0.813659371,0.0084523,0.002285205,0.662041572,0.997069835,3
27239,613.129,224.3137021,154.7945165,1.449106255,0.723732599,27562,186.230427,0.714746786,0.988280967,0.910536391,0.830223144,0.00823502,0.002413369,0.689270469,0.998826148,3
67044,981.016,376.8722117,228.2517453,1.651125213,0.795732996,67723,292.1695946,0.800401132,0.989973864,0.87542229,0.775248441,0.005621267,0.0012525,0.601010146,0.992343005,2
66795,1067.697,363.0668917,234.7617091,1.546533687,0.762823031,68388,291.6265341,0.781904806,0.97670644,0.73630504,0.803230867,0.00543554,0.001395674,0.645179825,0.997792334,0
43902,794.95,299.1453083,187.2184535,1.597840932,0.779947838,44383,236.4270765,0.681538748,0.989162517,0.8730006,0.790341917,0.006813933,0.001639977,0.624640346,0.998075913,6
58188,967.634,390.0822027,192.3134372,2.028366859,0.870025081,58986,272.1897548,0.610859158,0.986471366,0.780946089,0.697775374,0.006703826,0.000980314,0.486890472,0.987592498,4
34079,686.949,251.3405216,173.0145374,1.452713312,0.725362518,34519,208.3044177,0.727096224,0.987253397,0.90750226,0.828773715,0.007375232,0.002146344,0.68686587,0.997819193,3
43126,784.094,289.984833,189.7277689,1.528425885,0.756262858,43628,234.3282497,0.795051896,0.988493628,0.881480646,0.808070709,0.00672413,0.001768534,0.652978271,0.998028892,6
52655,915.993,310.9966465,216.5300928,1.436274481,0.717803496,53696,258.9255264,0.740951818,0.980613081,0.788615251,0.83256694,0.005906308,0.001750542,0.69316771,0.995579093,0
42883,752.306,258.7003767,211.2291737,1.22473791,0.577343706,43202,233.667138,0.786439994,0.992616083,0.952151318,0.903234626,0.006032702,0.002476817,0.81583279,0.999181346,5
59664,982.497,410.2849482,185.6243139,2.210297453,0.891801038,60327,275.6203262,0.623898108,0.989009896,0.776711551,0.671777815,0.006876591,0.000863884,0.451285433,0.997475043,4
32217,667.032,244.093633,168.4897961,1.448714632,0.723554681,32596,202.5338451,0.781283345,0.988372806,0.909916673,0.829738337,0.007576548,0.002215214,0.688465708,0.997390344,3
43027,775.195,244.1335887,224.7026617,1.086473951,0.390957741,43738,234.0591333,0.783477184,0.983744113,0.899764812,0.958733841,0.005673963,0.002957049,0.919170579,0.99865489,5
33663,683.694,262.2051247,164.0061974,1.598751321,0.780233669,33962,207.0291351,0.68472225,0.991196043,0.904980339,0.78956937,0.007789119,0.001867365,0.62341979,0.996693213,3
73591,1051.278,412.8532672,228.2203079,1.809011963,0.833321961,74305,306.102877,0.731375472,0.990390956,0.83675712,0.741432614,0.005610105,0.001045773,0.549722321,0.994454255,2
42791,773.403,290.7249166,188.2196012,1.544604891,0.76213787,43176,233.416352,0.769317896,0.991083009,0.89898117,0.802877011,0.006794067,0.001741429,0.644611494,0.995670066,6
37413,713.916,268.288886,178.0218441,1.507055987,0.748136058,37777,218.2560677,0.748994014,0.990364508,0.922440085,0.813511402,0.007171007,0.001937379,0.661800801,0.997370859,3
47270,808.68,296.3622417,203.7909855,1.45424608,0.72605036,47765,245.3284192,0.784173855,0.989636763,0.908326661,0.827799175,0.006269563,0.001816005,0.685251474,0.99652427,6
34741,688.336,254.1394924,174.7584545,1.45423289,0.726044453,35090,210.3178904,0.767316017,0.990054146,0.921406373,0.827568704,0.007315261,0.002116537,0.68486996,0.995960421,3
35377,687.757,237.8744339,189.4917581,1.255328656,0.604501323,35712,212.2342936,0.781984969,0.9906194,0.939854937,0.89221145,0.006723985,0.002628317,0.796041272,0.999293419,5
39128,739.882,269.6326514,185.0851589,1.456803198,0.727191621,39580,223.2024124,0.796255596,0.988580091,0.898199047,0.827801868,0.006891041,0.001996044,0.685255932,0.998283033,3
34469,666.834,230.1579705,190.9936711,1.205055483,0.558005411,34747,209.4929447,0.789667812,0.991999309,0.974098956,0.910213729,0.006677245,0.002827162,0.828489033,0.998375252,5
28209,615.103,223.5858671,160.9587055,1.389088378,0.694081325,28488,189.5173193,0.779986728,0.990206403,0.936918608,0.84762656,0.007926047,0.002523798,0.718470784,0.998019416,3
42710,816.687,335.8384996,163.6708304,2.051914191,0.873206825,43315,233.1953279,0.806229353,0.986032552,0.804689159,0.694367466,0.007863229,0.001127556,0.482146178,0.989322584,4
35350,693.587,254.677713,177.2426478,1.436887319,0.71809141,35773,212.1532887,0.741556535,0.98817544,0.923415995,0.833026519,0.007204461,0.002140014,0.693933181,0.997103788,3
38657,739.945,290.6699879,169.7466428,1.712375474,0.811765117,38988,221.8549551,0.682889344,0.991510208,0.887235952,0.763253739,0.007519207,0.001574083,0.58255627,0.997555069,3
188980,1696.319,650.0019914,374.7298894,1.734588059,0.817093087,192822,490.5270728,0.645608713,0.980074888,0.82529774,0.754654723,0.003439528,0.000688132,0.569503751,0.987854406,1
44551,787.717,288.0984807,198.2078912,1.453516704,0.725723399,45291,238.1682073,0.765375893,0.983661213,0.902249987,0.826690258,0.006466712,0.001863093,0.683416783,0.993357709,6
38089,732.64,259.0023968,187.6696203,1.380097623,0.689183949,38574,220.2190296,0.713851978,0.987426764,0.891719333,0.850258656,0.006799926,0.002192241,0.722939781,0.997727474,6
115608,1298.623,500.2983097,296.8988262,1.68508012,0.804875582,117222,383.6621916,0.779649587,0.986231254,0.861452967,0.766866856,0.004327541,0.000923211,0.588084774,0.990969962,2
46129,807.467,302.1367324,195.4160349,1.546120473,0.762676513,46628,242.3494728,0.796701209,0.989298276,0.88906669,0.802118534,0.006549822,0.00167249,0.643394142,0.994764856,6
42316,770.012,293.4460478,184.402955,1.591330507,0.777886363,42757,232.1172216,0.774649434,0.989685899,0.896849325,0.791004763,0.006934636,0.001674634,0.625688536,0.995677255,6
34958,672.491,231.2618911,192.6081255,1.200686059,0.553487963,35254,210.973714,0.797927461,0.99160379,0.971367322,0.912271853,0.006615421,0.002826405,0.832239935,0.999258887,5
31992,664.928,237.7309518,171.97862,1.382328523,0.690411323,32361,201.8253689,0.809903547,0.988597386,0.909289157,0.848965468,0.00743095,0.002381136,0.720742366,0.996302731,3
75197,1069.437,417.855791,230.9254685,1.809483352,0.833417471,76303,309.4249409,0.748675826,0.985505157,0.826228112,0.740506528,0.005556815,0.001030674,0.548349918,0.992230047,2
50129,825.083,303.2506787,210.7995845,1.438573417,0.718881056,50553,252.6385266,0.786682778,0.991612763,0.925344882,0.833101274,0.006049406,0.001797561,0.694057732,0.998453004,5
71682,1058.192,388.2167355,236.420938,1.642057335,0.793176261,72768,302.1065326,0.765391761,0.985075858,0.804435134,0.778190389,0.005415819,0.001225145,0.605580282,0.994397545,0
51659,908.268,363.0639091,182.5478043,1.988870315,0.864403945,52433,256.4649716,0.618389236,0.985238304,0.786915015,0.706390707,0.007028086,0.001079436,0.498987832,0.992422086,4
53552,937.555,336.4962468,203.6038358,1.65270092,0.79617216,54684,261.1216653,0.689214929,0.979299247,0.765582593,0.776001717,0.006283542,0.001405513,0.602178665,0.995221234,0
38344,719.605,249.9302987,195.6478006,1.277450081,0.622261488,38741,220.9549662,0.778558376,0.989752459,0.930505481,0.884066347,0.006518107,0.00245607,0.781573306,0.998420884,5
43289,752.142,263.4774873,209.4907505,1.257704632,0.606479344,43618,234.7706682,0.782307762,0.992457242,0.961585125,0.891046406,0.006086477,0.002366721,0.793963698,0.998571821,5
41857,799.297,317.5037187,169.3315803,1.875041372,0.845912589,42538,230.854906,0.7046633,0.983990785,0.823306599,0.72709355,0.007585439,0.001307741,0.528665031,0.991268804,4
30437,643.788,231.3406487,168.2115764,1.375295647,0.686514211,30827,196.8593204,0.704560185,0.987348753,0.922839029,0.85094998,0.007600639,0.002458363,0.724115869,0.995873402,3
42740,784.924,284.3488827,192.4117511,1.477814536,0.736281932,43400,233.2772131,0.693133534,0.984792627,0.871744398,0.82039082,0.006652992,0.001859002,0.673041098,0.994629918,6
30727,664.146,235.9200434,167.0459882,1.412305952,0.706150396,31212,197.7949228,0.703440855,0.984461105,0.875392662,0.838398128,0.007677939,0.002340053,0.702911422,0.992725984,3
54366,933.319,389.9463531,178.055523,2.19002672,0.889664176,54925,263.0987288,0.61286468,0.989822485,0.784290638,0.674704935,0.007172614,0.000916881,0.455226749,0.996958745,4
37098,705.621,257.2452183,183.9486381,1.398462206,0.699051663,37453,217.3353184,0.779107863,0.990521454,0.936305051,0.844856592,0.006934207,0.002179258,0.713782661,0.998198075,3
182976,1623.533,617.4970769,380.3828735,1.623356676,0.787740233,184527,482.67202,0.793546708,0.991594726,0.872331896,0.781658793,0.003374744,0.000777122,0.610990469,0.991855457,1
32094,663.532,251.6524786,162.7261894,1.546478041,0.762803308,32408,202.1468524,0.800748503,0.990311034,0.916030571,0.803277812,0.007841107,0.002013818,0.645255244,0.997873065,3
55502,932.457,373.924271,189.6561829,1.971590197,0.861825561,56271,265.8332959,0.646424412,0.986333991,0.802159756,0.710928165,0.006737131,0.001061592,0.505418856,0.996478862,4
35454,677.189,235.5324639,191.8532649,1.227669824,0.580091585,35744,212.4651379,0.781699923,0.99188675,0.971527984,0.902063072,0.006643326,0.002713394,0.813717786,0.99897677,5
76415,1079.065,421.8737338,232.9591082,1.810934704,0.833710998,77948,311.920823,0.761416515,0.980333043,0.824694824,0.739370096,0.005520824,0.001017727,0.546668139,0.989980304,2
54717,922.315,378.6974903,185.5740586,2.040681188,0.871704192,55375,263.9466768,0.734446517,0.988117381,0.808301898,0.696985545,0.006921021,0.0010075,0.48578885,0.991340168,4
175738,1572.654,575.7955136,393.0693545,1.464870021,0.730741362,178091,473.029144,0.744810341,0.986787654,0.892913061,0.821522803,0.003276443,0.000920579,0.674899715,0.98864036,1
39415,739.942,271.5517826,185.1140476,1.466943142,0.731641429,39827,224.0195006,0.728652506,0.989655259,0.904640521,0.824960523,0.006889554,0.001968356,0.680559865,0.998342626,6
54137,905.416,356.3926718,195.4373656,1.823564653,0.836231556,54769,262.5440329,0.763245453,0.988460626,0.829865519,0.736670683,0.006583163,0.001195936,0.542683695,0.989618804,2
43805,773.977,293.6060564,190.2945711,1.542902957,0.761530647,44195,236.1657432,0.745211119,0.991175472,0.918919438,0.804362642,0.006702569,0.001730727,0.64699926,0.998257071,5
33602,683.361,255.9780954,167.6210262,1.52712402,0.755779961,34000,206.8414736,0.719744677,0.988294118,0.904221048,0.808043646,0.007617942,0.002003349,0.652934534,0.997112011,3
23009,553.724,197.5997215,148.4510652,1.331076481,0.659993133,23288,171.1606517,0.731280193,0.988019581,0.943020021,0.866198851,0.008587932,0.002982214,0.750300449,0.998707282,3
25276,600.507,224.4821311,145.969269,1.537872544,0.759721205,25798,179.3945449,0.727995392,0.979765873,0.880809646,0.79914844,0.008881236,0.002234411,0.638638229,0.982144198,3
59167,962.152,361.6777858,210.6934538,1.71660666,0.812798713,60797,274.4699695,0.702862913,0.973189467,0.803159942,0.75887981,0.00611283,0.001250587,0.575898566,0.988591314,0
43812,791.855,287.394355,197.3058148,1.456593437,0.727098297,44709,236.184612,0.705973348,0.979936925,0.878034572,0.821813678,0.006559718,0.001845688,0.675377722,0.983750758,6
41443,754.945,290.022778,182.1905646,1.591864972,0.778056757,41801,229.7103969,0.747879597,0.991435612,0.913756383,0.792042606,0.006998113,0.001698849,0.62733149,0.998627024,3
25232,589.499,215.3682905,149.3171927,1.44235427,0.720638561,25550,179.2383335,0.725557856,0.987553816,0.912421257,0.832241056,0.008535522,0.002525843,0.692625175,0.999010879,3
62324,976.551,388.7051318,206.3380524,1.883826697,0.847475574,63156,281.6973223,0.714028756,0.986826271,0.821249891,0.72470698,0.006236845,0.001061193,0.525200207,0.989386172,4
68226,1011.284,385.8758434,227.5336849,1.695906448,0.807655115,69707,294.733848,0.788922294,0.978753927,0.838327093,0.763804869,0.005655847,0.001187428,0.583397878,0.989388223,2
32481,658.17,239.3627374,173.2571047,1.381546447,0.689981974,32765,203.3619769,0.746723987,0.991332214,0.942243369,0.849597473,0.007369316,0.002368426,0.721815866,0.997222146,3
87415,1134.346,442.0689702,253.332608,1.745014089,0.819512522,88262,333.6168983,0.790649506,0.990403571,0.853698932,0.754671603,0.005057129,0.001011849,0.569529228,0.993836527,2
69398,1009.124,392.7793368,225.9440829,1.738391782,0.817981645,70022,297.2545675,0.813518393,0.991088515,0.85638243,0.756797875,0.005659808,0.001145252,0.572743024,0.995651766,2
36296,706.169,262.2950517,176.4635149,1.486398204,0.739854213,36656,214.97326,0.716236483,0.990178961,0.914642406,0.819585648,0.007226555,0.002011354,0.671720635,0.998444346,3
39336,722.8,260.6452398,192.3676739,1.354932638,0.67475251,39664,223.7948854,0.775857988,0.991730537,0.94615823,0.858618732,0.006626125,0.002221472,0.737226128,0.998891742,5
74724,1061.193,404.2396466,238.7556691,1.693110149,0.806943215,76531,308.4502419,0.801587642,0.976388653,0.833837116,0.763038075,0.00540977,0.00113121,0.582227105,0.98577462,2
35867,709.926,263.9178839,173.2989923,1.522904897,0.754204312,36262,213.6990471,0.788476335,0.989107054,0.89429078,0.809717947,0.007358237,0.001951141,0.655643154,0.998482169,6
44983,797.634,301.9191017,190.7347747,1.582926355,0.775179265,45396,239.3201505,0.73501634,0.990902282,0.888486767,0.792663164,0.006711849,0.001634469,0.628314892,0.994576202,6
51088,926.529,376.8679851,173.5416044,2.171629025,0.887668105,51759,255.043647,0.588022698,0.987036071,0.747843513,0.676745325,0.00737684,0.000954446,0.457984235,0.994571857,4
38216,720.979,269.4453393,181.1652866,1.487290111,0.740220878,38640,220.5858618,0.786434539,0.989026915,0.923867866,0.818666459,0.00705059,0.001953589,0.670214771,0.996803801,6
38792,718.64,242.7816822,203.6017906,1.192433925,0.544715524,39186,222.2420042,0.760985562,0.989945389,0.943907119,0.915398568,0.00625855,0.002710781,0.837954538,0.999205418,5
29261,635.084,234.9974761,159.5097626,1.473248234,0.734348861,29599,193.0188134,0.742438851,0.988580695,0.911667946,0.821365474,0.008031082,0.002254756,0.674641242,0.993914018,3
27043,611.748,228.0243963,151.4780377,1.505329748,0.747460481,27374,185.5592008,0.718846358,0.987908234,0.908070602,0.81376907,0.008431919,0.002280925,0.662220099,0.996859614,3
38988,713.031,239.8312735,207.2576712,1.157164761,0.503180783,39351,222.8027454,0.782577278,0.99077533,0.963660367,0.928997883,0.006151413,0.002826269,0.863037067,0.998676081,5
39334,738.808,277.5020114,181.1978342,1.53148636,0.757392019,39741,223.789196,0.788319705,0.989758688,0.905554929,0.806441708,0.007055016,0.001840644,0.650348228,0.99599944,3
41292,766.244,288.0197016,182.8352024,1.575296758,0.772675647,41722,229.2915334,0.694286579,0.989693687,0.88377479,0.796096698,0.006975194,0.001728221,0.633769952,0.998375751,6
51426,879.177,300.8312456,217.9846705,1.380056886,0.689161461,52169,255.885945,0.740731138,0.985757826,0.836064866,0.850596302,0.005849789,0.001888922,0.723514069,0.998490572,5
31184,683.436,253.6148426,157.8487236,1.606695555,0.782702949,31826,199.2603873,0.79263891,0.979827814,0.838969133,0.785681095,0.008132852,0.001911648,0.617294784,0.991804785,3
37394,704.489,240.0719714,198.6176511,1.208714181,0.56172289,37814,218.2006405,0.758745232,0.988893003,0.946811131,0.908896775,0.006420067,0.002702574,0.826093347,0.998510744,5
26403,588.912,213.7594715,157.5659892,1.356634592,0.675763873,26646,183.3503305,0.779815701,0.990880432,0.95667039,0.857741316,0.00809603,0.002703194,0.735720166,0.998103427,3
56437,927.722,377.4111213,191.2691376,1.973194035,0.862068054,57192,268.0630899,0.763136544,0.986798853,0.824020608,0.710268126,0.006687299,0.001049832,0.504480811,0.995438527,4
53566,921.082,358.423533,192.9712758,1.857393187,0.842696458,54665,261.1557954,0.691584683,0.979895729,0.793418806,0.728623462,0.006691251,0.001163321,0.530892149,0.986075461,4
54165,947.34,391.3020017,178.3235572,2.194337124,0.890123957,55104,262.6119189,0.576591441,0.982959495,0.758432371,0.671123372,0.007224259,0.000904029,0.450406581,0.988343881,4
32240,664.568,253.9243151,161.8962686,1.568438342,0.770386748,32548,202.6061276,0.761023511,0.990537053,0.917330949,0.797899671,0.007876064,0.001969165,0.636643885,0.99853668,3
30654,665.333,222.27489,176.9758888,1.255961428,0.605029841,31200,197.5598264,0.825630252,0.9825,0.870199617,0.888808567,0.007251089,0.002791361,0.789980668,0.992185248,3
26578,591.719,207.1700535,163.6688163,1.265788182,0.613079014,26872,183.9569532,0.742174192,0.989059244,0.953896229,0.887951468,0.007794795,0.002989106,0.78845781,0.998020578,3
45666,870.017,350.5392581,166.3937946,2.106684681,0.880158728,46356,241.1301662,0.613015813,0.985115195,0.758136418,0.687883484,0.007676154,0.001060188,0.473183688,0.996848826,4
40176,759.93,281.0137131,182.8070817,1.53721459,0.759482903,40677,226.1717753,0.725879887,0.987683457,0.874237397,0.804842486,0.006994567,0.00181044,0.647771427,0.995763688,6
53505,921.825,375.3165391,183.0186713,2.05070082,0.873045825,54350,261.0070532,0.753061224,0.984452622,0.79123824,0.695431792,0.007014607,0.001012048,0.483625377,0.991770957,4
42601,793.4,297.6150349,182.7050554,1.628937055,0.789385932,43137,232.8975694,0.696094771,0.987574472,0.850443107,0.782546384,0.006986104,0.001616051,0.612378843,0.99752659,6
32539,665.734,246.7348621,168.2334833,1.46662161,0.731502155,32911,203.5434635,0.779507941,0.988696788,0.922598174,0.824948132,0.007582743,0.00216627,0.68053942,0.99809382,3
35127,740.865,271.4339565,165.6570679,1.638529282,0.792167756,35752,211.4830619,0.787795196,0.982518461,0.804216109,0.779132665,0.007727217,0.001756502,0.60704771,0.994665448,3
34874,717.294,277.5076202,162.0154755,1.712846377,0.811880594,35671,210.7200889,0.673100307,0.97765692,0.85175998,0.75933082,0.007957436,0.001631838,0.576583295,0.987598608,3
36272,724.509,242.8715934,190.5793454,1.274385705,0.619886114,36736,214.9021749,0.780647383,0.987369338,0.868347978,0.884838658,0.006695842,0.00253187,0.782939452,0.997766845,5
171035,1631.451,614.2500673,361.1593732,1.70077288,0.808884201,175736,466.6567534,0.787744105,0.973249647,0.807507914,0.759717871,0.003591371,0.000737988,0.577171244,0.981637198,1
42876,776.816,294.5524699,185.801991,1.585303087,0.775950173,43305,233.6480659,0.760779304,0.990093523,0.892869118,0.793230714,0.006869868,0.001677746,0.629214965,0.997496427,6
45638,806.878,304.8508151,191.8747638,1.588800992,0.777077076,46250,241.0562307,0.814237288,0.986767568,0.880888052,0.79073507,0.006679758,0.001610885,0.625261951,0.993416808,6
56407,935.855,370.8555652,198.2976202,1.870196752,0.845039996,57827,267.9918338,0.735002085,0.975443997,0.809330182,0.722631286,0.006574637,0.001105907,0.522195975,0.976609216,4
35873,690.446,256.1448565,178.5336466,1.434714752,0.71706854,36167,213.7169207,0.794793398,0.991871043,0.945623215,0.834359603,0.007140324,0.002134572,0.696155946,0.998785206,3
86458,1138.801,449.8295743,246.5628943,1.824400932,0.836396342,87340,331.7856907,0.649084084,0.989901534,0.837759515,0.737580874,0.005202868,0.000949863,0.544025546,0.992520714,2
58533,953.599,376.4633587,200.4914571,1.877702741,0.846388692,59381,272.9954767,0.796064084,0.985719338,0.808870643,0.72515816,0.006431643,0.001097066,0.525854358,0.987398169,4
47446,828.575,313.9171605,192.8665758,1.627639,0.789004941,47949,245.7847095,0.704783125,0.989509687,0.868451996,0.782960413,0.006616304,0.001533749,0.613027008,0.997786665,6
43665,764.364,274.0552333,203.1189378,1.349235262,0.671327776,44090,235.7880504,0.781182911,0.990360626,0.93916712,0.860366896,0.006276314,0.002121383,0.740231196,0.998746032,5
58891,966.204,397.7939189,189.5287619,2.098857793,0.879201774,59522,273.8290526,0.601419526,0.989398878,0.792722401,0.688369127,0.006754749,0.000935566,0.473852055,0.994548078,4
65271,976.35,363.5962751,231.9263575,1.567722957,0.770145872,66871,288.2804508,0.796959707,0.976073335,0.860436984,0.792858647,0.005570564,0.001357882,0.628624835,0.985509585,2
39453,744.392,275.5972103,182.7439808,1.508105543,0.74854538,39919,224.1274632,0.727056612,0.988326361,0.894718675,0.813242859,0.006985456,0.001884758,0.661363947,0.997406635,3
79077,1100.848,434.8319301,235.2069191,1.848720828,0.841077551,80926,317.3073644,0.817003998,0.977151966,0.819983915,0.729724159,0.005498842,0.000961803,0.532497348,0.984438937,2
66370,1004.139,339.2870724,249.8830846,1.357783273,0.676443462,67637,290.69728,0.720535869,0.981267649,0.827168546,0.856788553,0.005112055,0.001699299,0.734086625,0.996730541,0
28736,646.635,246.1159663,148.9879431,1.65191868,0.79595433,29138,191.279407,0.800245064,0.986203583,0.863610201,0.777192191,0.008564726,0.001927556,0.604027701,0.997804643,3
46516,816.113,305.7320331,194.0778224,1.575306386,0.772678835,47041,243.3639469,0.688575066,0.988839523,0.877630351,0.796004084,0.006572621,0.001627719,0.633622502,0.998149574,6
45738,786.456,290.0632965,201.2120227,1.441580342,0.720280279,46160,241.3201821,0.745598592,0.990857886,0.929261991,0.831956973,0.006341845,0.001874126,0.692152405,0.997793301,5
34129,680.157,244.0174548,178.7571063,1.365078345,0.680703878,34572,208.4571717,0.767426695,0.987186162,0.927075456,0.85427156,0.007149857,0.00234888,0.729779898,0.996206735,3
38751,739.551,271.1629633,182.2863325,1.48756607,0.740334155,39175,222.1245272,0.792940454,0.989176771,0.890341303,0.819155111,0.006997573,0.001943532,0.671015095,0.998179289,6
35942,698.658,252.9340109,181.2665967,1.39537022,0.69742715,36276,213.9223591,0.775681975,0.990792811,0.925300573,0.845763519,0.007037283,0.002221164,0.71531593,0.998130546,3
163479,1560.254,607.2519204,344.1510194,1.764492581,0.823900024,165102,456.2323175,0.810972101,0.990169713,0.843881036,0.751306504,0.003714556,0.000730054,0.564461463,0.995988064,1
44199,795.882,295.5580608,191.0130729,1.547318497,0.763100908,44673,237.2254511,0.71931452,0.989389564,0.876849265,0.8026357,0.006686985,0.001711922,0.644224067,0.996819815,6
26545,599.623,221.6838872,152.7359827,1.451418869,0.724779417,26844,183.8427146,0.745646067,0.988861571,0.92776082,0.829301204,0.008351248,0.002436578,0.687740487,0.99819952,3
25361,577.625,204.5411052,158.0927072,1.293804811,0.634510655,25628,179.6959323,0.749637906,0.989581708,0.955177921,0.878532128,0.008065183,0.002963634,0.771818699,0.998582747,3
173967,1605.55,604.93982,370.0099489,1.634928525,0.79113039,176528,470.6396327,0.72534304,0.985492386,0.84806486,0.777994136,0.003477325,0.000785833,0.605274876,0.98958116,1
41126,746.459,269.4241243,194.6013744,1.384492402,0.691594094,41581,228.8301761,0.770337348,0.989057502,0.927501067,0.849330685,0.006551187,0.002102844,0.721362613,0.998721057,5
42669,770.878,287.2991309,189.3883161,1.516984452,0.751965435,43062,233.0833716,0.801988572,0.990873624,0.902300142,0.8112916,0.006733205,0.001799325,0.65819406,0.998470156,6
28526,613.94,217.0002091,167.9380806,1.292144154,0.6332987,28824,190.5791994,0.746910348,0.989661393,0.951040216,0.878244312,0.007607103,0.002791646,0.771313072,0.996647677,3
73973,1054.15,401.1511692,236.8815779,1.693467144,0.807034333,74875,306.8963161,0.715897763,0.987953255,0.836523739,0.765039067,0.00542294,0.001145906,0.585284774,0.991160534,2
170146,1599.868,611.0735401,357.5056244,1.709269724,0.811000707,173278,465.442387,0.811022346,0.981924999,0.83534005,0.761679825,0.003591466,0.000745661,0.580156156,0.991643352,1
27057,606.138,227.4609041,151.8603199,1.497829744,0.744490887,27358,185.607226,0.801831437,0.988997734,0.925436197,0.815996168,0.00840673,0.002299108,0.665849746,0.997329554,3
76336,1059.384,420.8877069,232.0017216,1.814157688,0.834359942,77031,311.759545,0.803621434,0.990977658,0.854736882,0.740719056,0.00551362,0.001023837,0.54866472,0.99536432,2
71896,1080.446,360.632979,254.7127983,1.415841612,0.707918936,73431,302.5571521,0.718241758,0.979096022,0.773942081,0.838961409,0.005016037,0.001532881,0.703856246,0.996548961,0
52995,917.029,386.7899328,175.0464077,2.20964222,0.891732963,53658,259.7601387,0.745988176,0.987643967,0.791915094,0.671579368,0.007298612,0.000915818,0.451018848,0.996590288,4
48797,879.911,368.4560319,169.1747737,2.177960837,0.888361299,49261,249.2594433,0.800160698,0.990580784,0.792000568,0.676497117,0.007550793,0.00097552,0.457648349,0.996740182,4
32996,662.061,235.1356687,179.2508609,1.311768699,0.647189081,33385,204.9678317,0.808091693,0.988348061,0.945965173,0.871700295,0.007126187,0.002538083,0.759861404,0.996762405,3
54609,922.437,360.9467553,193.2920089,1.86736512,0.844526406,55383,263.6860601,0.719258732,0.986024592,0.806493104,0.730540048,0.006609657,0.001161274,0.533688762,0.99659178,4
38207,724.552,272.4285901,179.1575742,1.520608834,0.753339925,38584,220.5598859,0.737700803,0.990229111,0.914563118,0.809606238,0.007130332,0.001889665,0.655462261,0.996701704,3
33762,680.821,252.2588286,170.7038663,1.477756972,0.736257706,34122,207.3333391,0.717226436,0.989449622,0.915318296,0.821907167,0.007471679,0.002103241,0.675531391,0.998271223,3
50798,900.901,308.3940575,210.467044,1.465284311,0.730921624,52164,254.3187417,0.738622154,0.973813358,0.786506543,0.824655131,0.006070988,0.001731923,0.680056084,0.996475511,0
54722,932.823,389.4885736,179.4412012,2.17056379,0.887550835,55383,263.9587361,0.804073116,0.98806493,0.790266067,0.677705982,0.007117587,0.000926142,0.459285397,0.996908253,4
34594,670.069,233.4408877,188.8659908,1.236013359,0.587736043,34848,209.8724584,0.781432121,0.992711203,0.968214523,0.899038984,0.006748017,0.002719381,0.808271095,0.99903387,5
85465,1121.047,444.0432205,247.7210094,1.792513366,0.829924385,86667,329.8748516,0.785885057,0.986130823,0.854575661,0.742889062,0.005195615,0.000976141,0.551884159,0.989259731,2
49556,837.728,312.0204603,203.3490857,1.534407982,0.758462098,50121,251.1904833,0.712216154,0.98872728,0.887360404,0.80504491,0.006296321,0.00163135,0.648097307,0.99444568,6
45670,788.865,294.6471356,197.8137453,1.489518007,0.741133107,46048,241.1407266,0.704468679,0.991791174,0.922222046,0.818405128,0.006451656,0.001785354,0.669786953,0.997659727,5
72836,1041.011,405.7205268,232.1264133,1.747843001,0.820160321,74256,304.5286119,0.677342558,0.980876966,0.844588792,0.750587145,0.00557033,0.001090599,0.563381062,0.984701647,2
25507,598.818,225.4114379,144.6482345,1.55834213,0.766949377,25871,180.2124332,0.759136905,0.985930192,0.893880685,0.799482204,0.008837238,0.002227058,0.639171794,0.996048335,3
93044,1161.429,437.2139217,272.0677744,1.607003706,0.782797837,94175,344.1907904,0.755699585,0.987990443,0.866788029,0.787236575,0.004699002,0.001113285,0.619741426,0.995926768,2
45915,804.283,312.535535,187.3082547,1.668562528,0.800510847,46329,241.7866698,0.792047611,0.991063912,0.891962661,0.773629373,0.006806829,0.00150403,0.598502406,0.998638688,6
157128,1534.971,588.0577425,343.0525178,1.714191595,0.812209859,158837,447.2824423,0.811301465,0.989240542,0.838036814,0.760609733,0.003742539,0.000772669,0.578527165,0.991706404,1
34673,682.498,246.2691669,179.9276172,1.368712434,0.682791096,35091,210.1119576,0.779711709,0.988088114,0.935402481,0.853180121,0.007102621,0.00232146,0.727916319,0.996308117,3
36849,711.732,256.8210887,182.995408,1.403429143,0.701631058,37314,216.6047183,0.76706426,0.987538189,0.914118684,0.843407056,0.006969554,0.002175373,0.711335462,0.998308917,6
43846,777.155,289.9316774,193.494978,1.498393811,0.744716193,44339,236.2762389,0.792559922,0.98888112,0.912272435,0.814937647,0.0066125,0.001799049,0.664123368,0.995118344,6
31306,672.247,254.1840725,158.6839815,1.601825655,0.78119454,31883,199.6497863,0.654704394,0.981902581,0.870521896,0.785453567,0.00811934,0.001906262,0.616937305,0.988226003,3
48077,833.135,317.3621504,193.824296,1.637370324,0.791834759,48506,247.4136973,0.670791941,0.991155733,0.870395155,0.779594217,0.006601122,0.001504084,0.607767144,0.995139885,6
28584,625.161,232.7674861,156.5727079,1.486641505,0.739954318,28869,190.772847,0.752626451,0.990127819,0.919071106,0.819585459,0.008143279,0.002266502,0.671720325,0.998607315,3
45149,855.291,358.1055864,165.2741151,2.166737279,0.887128025,47022,239.7613234,0.799946846,0.960167581,0.775586419,0.669526901,0.007931639,0.000983139,0.448266271,0.97127524,4
40504,749.99,271.2358208,190.9960258,1.42011238,0.710031789,40964,227.0931406,0.748300325,0.988770628,0.904892175,0.837253501,0.006696519,0.002029817,0.700993425,0.995489442,6
60867,964.835,380.5760323,205.4154651,1.852713631,0.841826116,61668,278.3851134,0.68117418,0.987011092,0.821647734,0.731483567,0.006252584,0.001104225,0.535068208,0.991328163,4
33125,678.046,251.3819485,168.7421694,1.489739935,0.741223692,33533,205.3681083,0.806314201,0.987832881,0.905414477,0.816956466,0.007588889,0.002085228,0.667417868,0.994279051,3
69965,1014.949,388.2999017,232.6341399,1.669144099,0.80066714,71261,298.4664215,0.78669815,0.981813334,0.853497518,0.768649233,0.005549916,0.001195031,0.590821643,0.986166458,2
71608,1065.545,393.2833861,232.9271862,1.688439175,0.805744733,72706,301.9505544,0.702039216,0.984898083,0.792552093,0.767768396,0.005492171,0.001177185,0.589468309,0.995281386,0
79609,1075.371,413.3334934,247.9590321,1.666942679,0.800074501,80885,318.3729368,0.724877987,0.984224516,0.865078247,0.770256807,0.005192045,0.001127354,0.593295549,0.988989672,2
35135,692.108,253.0996749,176.9096429,1.430672013,0.715148816,35530,211.5071427,0.775829708,0.988882634,0.92172652,0.835667382,0.007203634,0.002167031,0.698339973,0.999095455,6
66073,1020.543,363.3158432,231.993382,1.566061239,0.769584791,67291,290.0461281,0.755992631,0.981899511,0.797207313,0.798330526,0.005498704,0.001377752,0.637331628,0.99810036,0
25730,602.505,220.8064387,149.0596422,1.481329456,0.737754346,26113,180.9984903,0.797013908,0.985332976,0.890693616,0.819715636,0.008581673,0.002390037,0.671933724,0.995355217,3
37679,725.576,271.5210907,177.126914,1.532918316,0.757917443,38108,219.030575,0.743527508,0.988742521,0.89938039,0.806679785,0.007206165,0.001882299,0.650732275,0.997519424,6
25188,588.157,216.6714012,148.5799603,1.458281458,0.727847831,25479,179.0819858,0.795301696,0.98857883,0.914991392,0.826514182,0.008602168,0.002476218,0.683125693,0.996189531,3
73106,1041.578,407.7764946,230.1807487,1.771549084,0.8254483,74302,305.0925272,0.791738867,0.983903529,0.846796959,0.748185664,0.00557788,0.001078168,0.559781787,0.991680912,2
38090,733.169,276.5891229,176.1024588,1.57061477,0.771117087,38613,220.2219205,0.730855575,0.986455339,0.890456378,0.796206005,0.007261463,0.001800138,0.633944002,0.995681813,6
68269,1055.883,344.2534021,254.0770123,1.354917546,0.674743518,69922,294.8267126,0.748826343,0.976359372,0.769487927,0.856423526,0.005042602,0.001673358,0.733461257,0.993779526,0
33518,676.825,249.6162305,171.2239019,1.457835195,0.727650004,33885,206.5827753,0.746370357,0.989169249,0.919464946,0.827601534,0.007447229,0.002155061,0.6849243,0.99850675,3
31913,654.952,244.1220484,166.7432158,1.464059855,0.730388277,32221,201.5760243,0.741972984,0.990441017,0.934885773,0.825718225,0.007649611,0.002193545,0.681810586,0.998211508,3
77038,1054.205,397.2609845,248.0322879,1.601650285,0.781139909,77933,313.1897636,0.796851404,0.988515776,0.871093394,0.788372822,0.005156689,0.001228789,0.621531707,0.995476436,2
73623,1101.269,428.5121811,219.7080646,1.950370743,0.858554071,74981,306.1694221,0.754504089,0.981888745,0.762845424,0.714494093,0.005820358,0.000935673,0.510501809,0.995667792,0
43357,761.958,264.0043726,209.3619218,1.260995172,0.609189811,43842,234.9549892,0.787736192,0.988937548,0.938441105,0.889966279,0.006089083,0.002356274,0.792039978,0.998758589,5
46003,817.836,316.1360287,186.8850728,1.691606632,0.806558719,46610,242.0182612,0.746656495,0.986977044,0.864298125,0.765551026,0.006872074,0.001456009,0.586068374,0.991397148,6
45147,819.219,318.0026771,181.4369533,1.752689688,0.821261719,45652,239.7560129,0.692608616,0.988938053,0.845354227,0.753943379,0.007043717,0.001403901,0.568430619,0.996282484,6
67960,1003.526,352.4252564,246.5565136,1.429389357,0.714535246,68906,294.1587317,0.71730893,0.986271152,0.848019768,0.834669838,0.005185775,0.001552574,0.696673739,0.995818028,0
46028,779.483,262.7993586,223.4295487,1.176206819,0.526474991,46414,242.0840139,0.771453473,0.991683544,0.951959939,0.921174295,0.005709554,0.002536,0.848562082,0.998084506,5
52271,895.603,365.2392709,182.7609245,1.998453837,0.865801947,52915,257.9796586,0.723053727,0.987829538,0.818916447,0.70633056,0.006987417,0.001072824,0.498902859,0.997034334,4
30349,647.812,243.0052001,159.3263012,1.525204554,0.755065157,30739,196.5745328,0.744431907,0.987312535,0.908774793,0.808931384,0.008007025,0.002114938,0.654369984,0.998048079,3
35581,689.104,244.2151449,186.3530105,1.310497449,0.646317008,35915,212.8453341,0.791832647,0.990700265,0.941582703,0.871548463,0.006863639,0.00244287,0.759596723,0.995449567,3
51426,902.873,373.5488404,175.884179,2.123834233,0.88221513,52047,255.885945,0.721120678,0.988068477,0.792755526,0.685013356,0.007263813,0.000986599,0.469243298,0.996594981,4
83589,1101.208,416.8628541,256.9779746,1.622173475,0.787388668,85079,326.2343028,0.727772167,0.982486865,0.866204186,0.782593842,0.004987054,0.001153904,0.612453122,0.99350521,2
31945,656.148,234.9751152,173.2464067,1.356305851,0.675568938,32280,201.6770618,0.771283017,0.989622057,0.932414756,0.85829115,0.007355615,0.002462279,0.736663698,0.999141284,3
152869,1475.473,537.207402,365.4009172,1.470186244,0.733039629,154271,441.1789387,0.761098913,0.990912096,0.882402552,0.821245085,0.003514168,0.000986038,0.67444349,0.991557542,1
49066,821.717,310.2911232,201.8246541,1.537429233,0.759560686,49495,249.9455371,0.759512089,0.991332458,0.913158098,0.805519457,0.006323954,0.001642376,0.648861596,0.997578785,6
36097,704.802,250.0630138,184.0016463,1.359025959,0.677175962,36535,214.3831333,0.749397941,0.988011496,0.91315966,0.857316442,0.006927529,0.002308462,0.734991482,0.998872504,3
25306,589.45,220.5987438,146.1876275,1.50901104,0.748897654,25639,179.5009747,0.773694509,0.987011974,0.915249338,0.813698988,0.008717251,0.002357298,0.662106044,0.99912533,3
32376,643.009,219.1300137,188.3004274,1.163725525,0.511456521,32608,203.0330109,0.784302326,0.992885182,0.984008731,0.926541314,0.006768286,0.00307693,0.858478807,0.9990337,5
141953,1402.05,524.2311633,346.3974998,1.513380332,0.750586301,143704,425.1354762,0.714710799,0.987815231,0.907459885,0.810969484,0.003692991,0.000985317,0.657671504,0.99530712,1
39536,735.628,276.6419013,182.1474792,1.518779741,0.752647814,39881,224.3630955,0.731700998,0.991349264,0.91809176,0.811023545,0.006997215,0.001867406,0.657759191,0.998991334,3
79337,1098.328,428.7182309,237.5457633,1.804781634,0.832460994,80444,317.8285792,0.682292742,0.986238874,0.826459408,0.741346078,0.005403762,0.001006839,0.549594008,0.991897172,2
37935,731.16,269.6356552,179.6789935,1.500652079,0.745614995,38454,219.7733881,0.722296268,0.986503355,0.891713012,0.815075395,0.007107833,0.001935121,0.664347899,0.996955056,3
40042,741.078,279.0221731,183.343687,1.52185318,0.753808986,40391,225.7942821,0.736445229,0.991359461,0.916215815,0.80923419,0.006968238,0.001843315,0.654859974,0.996600734,6
49105,813.679,289.7182954,216.0480583,1.340990045,0.666262054,49553,250.0448517,0.76312804,0.990959175,0.932028868,0.863062001,0.005899975,0.002019287,0.744876017,0.998871324,5
35693,680.082,229.6226847,198.0893949,1.159187168,0.505761316,35997,213.1800626,0.779544412,0.991554852,0.969773596,0.928392867,0.006433269,0.002948076,0.861913315,0.999118855,5
25130,596.95,225.7986789,142.143117,1.588530516,0.776990262,25492,178.8756824,0.713029168,0.985799466,0.886189173,0.792191005,0.008985224,0.002182872,0.627566588,0.996908676,3
75761,1040.267,407.3840149,237.768531,1.713363889,0.812007371,76319,310.583163,0.755479548,0.992688583,0.879763458,0.762384266,0.005377226,0.001120556,0.581229768,0.995858096,2
53855,923.149,387.4442295,177.6853692,2.180507214,0.888638218,54371,261.8593433,0.805248206,0.990509647,0.794131251,0.67586332,0.007194211,0.000925973,0.456791228,0.996036567,4
37560,722.862,280.5802493,171.0444468,1.640393795,0.792701704,37925,218.684424,0.791820386,0.990375742,0.903284707,0.779400633,0.007470188,0.001700413,0.607465347,0.996482387,3
47532,816.906,307.3333029,197.3339282,1.557427583,0.766633932,47942,246.0073618,0.711993888,0.991448,0.895059241,0.800457872,0.006465819,0.001637409,0.640732806,0.997894945,6
74154,1054.801,413.1876243,230.6605578,1.791323268,0.829675124,75125,307.2715496,0.763136771,0.987074875,0.837535802,0.743661067,0.005572021,0.001051218,0.553031783,0.990658701,2
34239,666.439,232.6862934,187.7243461,1.239510475,0.59086546,34510,208.792837,0.769554077,0.992147204,0.968746459,0.897314723,0.006795943,0.002717745,0.805173713,0.998021251,5
61453,964.166,369.2961794,213.1988044,1.732168153,0.816524236,62238,279.7219865,0.802331806,0.987387127,0.830709788,0.757446197,0.006009408,0.001220165,0.573724741,0.993787725,2
42556,775.043,294.5917187,184.7468112,1.594569979,0.778915954,43167,232.7745305,0.697948272,0.985845669,0.890264525,0.79015979,0.006922449,0.001664559,0.624352493,0.995573742,6
33950,686.105,258.5818308,167.7839639,1.541159387,0.760905976,34240,207.9097942,0.720500849,0.991530374,0.906292684,0.804038681,0.007616549,0.001963567,0.646478201,0.996325947,3
28912,630.948,233.888155,157.7573468,1.482581697,0.738275682,29305,191.8642794,0.795597138,0.986589319,0.912642866,0.820324909,0.008089657,0.002259714,0.672932956,0.997678084,3
81592,1092.977,432.9595097,242.3349194,1.78661627,0.828683634,82729,322.3137616,0.80854606,0.986256331,0.858292657,0.744443197,0.005306397,0.001005323,0.554195674,0.990135007,2
45066,768.715,268.4169536,214.1847085,1.25320316,0.602716742,45424,239.5408385,0.776036644,0.992118704,0.958358867,0.892420673,0.005956086,0.002330339,0.796414658,0.998069367,5
29760,656.499,248.0332937,153.1977689,1.619039856,0.786453083,30254,194.6576709,0.683949255,0.983671581,0.867710101,0.784804604,0.008334452,0.001950307,0.615918267,0.997196222,3
61974,991.559,362.9654923,218.7750977,1.659080472,0.797934992,63233,280.9052288,0.794905341,0.98008951,0.792104116,0.773917176,0.005856738,0.001296025,0.598947795,0.993702591,0
90343,1173.139,472.0359631,246.2945413,1.916550649,0.853085765,91713,339.1581935,0.767179008,0.985062096,0.824907831,0.71850075,0.005224931,0.000858953,0.516243328,0.989406485,2
50547,893.526,369.2940605,176.1669855,2.096272803,0.878883132,51305,253.6896515,0.804901352,0.985225612,0.79559283,0.686958385,0.007305954,0.001003641,0.471911823,0.98925592,4
79569,1096.596,371.6703988,273.0741723,1.361060241,0.678369042,80807,318.2929426,0.794173129,0.984679545,0.831496545,0.856384968,0.004671045,0.00154978,0.733395214,0.998195066,0
35247,682.573,234.9905396,191.2353297,1.228802962,0.581144872,35605,211.8439856,0.759012016,0.989945232,0.950678806,0.90150006,0.006666966,0.002716258,0.812702358,0.998651065,5
31033,649.385,236.3047107,167.76499,1.40854603,0.704250118,31416,198.7773699,0.751477141,0.98780876,0.924760178,0.84119089,0.007614627,0.002351834,0.707602114,0.996690148,3
40995,768.551,284.8235322,184.0812791,1.547270497,0.763083928,41509,228.4654353,0.681070574,0.987617143,0.872158406,0.802129773,0.006947763,0.001774203,0.643412173,0.995532673,6
46777,845.203,349.1877688,171.1671257,2.040039916,0.871617581,47247,244.0457461,0.821412893,0.990052278,0.822849045,0.698895459,0.007464946,0.00109864,0.488454863,0.996467418,4
63529,967.428,368.4339133,221.9855911,1.659719946,0.798110362,65036,284.4075158,0.775689866,0.976828218,0.852991252,0.771936311,0.00579946,0.001270262,0.595885668,0.989003329,2
42184,769.735,289.7952036,186.084112,1.557334479,0.766601781,42680,231.7549071,0.686152995,0.988378632,0.894695295,0.799719609,0.00686979,0.001733302,0.639551454,0.99599553,6
59423,950.19,361.9590866,210.8999607,1.716259621,0.812714275,60550,275.0631082,0.785146134,0.981387283,0.827072397,0.759928728,0.006091229,0.001253072,0.577491671,0.991125637,2
22461,544.584,192.8013032,148.5411365,1.29796572,0.637516899,22699,169.1101222,0.77473096,0.989514957,0.951720002,0.877121261,0.008583825,0.003134001,0.769341707,0.998579162,3
50330,841.897,324.437513,198.0423502,1.638222899,0.792079807,50882,253.1445166,0.734315728,0.98915137,0.892316391,0.780256618,0.006446205,0.001473784,0.60880039,0.997350739,6
62787,942.187,359.461842,223.1302895,1.610995275,0.784021012,63429,282.7417396,0.81130637,0.989878447,0.888802733,0.786569551,0.0057251,0.001351797,0.618691658,0.996709338,0
42713,830.978,271.7567634,200.6023582,1.354703733,0.674616079,43271,233.2035177,0.769936549,0.987104527,0.777303973,0.858133261,0.00636239,0.002128232,0.736392694,0.997593932,5
69624,1048.166,417.3255655,216.0689569,1.931446199,0.855533926,70971,297.7381905,0.788324143,0.981020417,0.796358644,0.713443448,0.00599399,0.00095793,0.509001554,0.983109116,2
52637,881.769,326.9017115,206.784638,1.580880063,0.774512131,53501,258.8812661,0.671810187,0.983850769,0.850729201,0.791923863,0.006210493,0.001506744,0.627143404,0.991438504,6
38811,742.218,264.634744,187.3745512,1.412330235,0.706162603,39314,222.2964237,0.714909372,0.987205576,0.885322969,0.840012238,0.00681855,0.002094181,0.705620561,0.996569252,3
34955,696.192,255.6482989,174.6651336,1.463648146,0.730208557,35452,210.9646612,0.801793743,0.985981045,0.906277324,0.825214414,0.00731364,0.002092091,0.68097883,0.996713401,3
53726,909.042,371.2326566,185.6881088,1.99922687,0.86591374,54515,261.5455367,0.742482034,0.985526919,0.817008309,0.704532675,0.006909739,0.001050137,0.496366291,0.992348825,4
221203,1792.381,689.2430553,412.2568809,1.671877626,0.801399164,224322,530.7018061,0.739191312,0.98609588,0.865247222,0.769977734,0.003115885,0.000675575,0.592865711,0.991198918,1
46382,776.201,268.4691512,220.3100487,1.21859694,0.571480164,46718,243.0131613,0.77380714,0.992807911,0.967410818,0.90518095,0.005788219,0.00239699,0.819352552,0.998460512,5
73720,1050.731,397.3946579,237.5145773,1.673137971,0.801735246,74893,306.3710483,0.777071541,0.984337655,0.839096867,0.770949086,0.005390595,0.001174679,0.594362493,0.994450456,2
32885,667.373,242.9053379,172.7362749,1.406220772,0.703064696,33249,204.6227808,0.724977954,0.989052302,0.927834347,0.842397218,0.007386509,0.002294493,0.709633073,0.997900767,3
36741,692.928,238.615411,196.4650044,1.214544095,0.567527829,37052,216.2870641,0.752642576,0.991606391,0.961578214,0.906425378,0.006494527,0.002704304,0.821606966,0.997877889,5
33702,678.75,245.952983,175.275076,1.403239917,0.701533464,34090,207.1490264,0.757416397,0.988618363,0.919275854,0.842230185,0.007297875,0.002265163,0.709351685,0.995390599,3
37164,710.014,251.9249487,188.1740507,1.338786872,0.664885964,37548,217.5285601,0.744859101,0.98977309,0.926399882,0.863465731,0.006778736,0.00232439,0.745573069,0.998163437,5
89085,1157.147,458.8383236,247.4841838,1.854010695,0.842068105,89699,336.7885759,0.701694274,0.993154885,0.836059875,0.734002716,0.005150568,0.000922201,0.538759988,0.998866779,2
48101,825.797,310.7655768,197.6018619,1.572685468,0.771808495,48685,247.4754439,0.740414069,0.988004519,0.886374733,0.796341237,0.006460688,0.001602712,0.634159366,0.99733322,6
33272,671.659,247.3729375,171.9769022,1.438407916,0.718803708,33626,205.8232886,0.700477905,0.989472432,0.926810818,0.832036401,0.007434868,0.002197973,0.692284573,0.995787609,3
49148,828.621,307.7461416,204.7328482,1.503159577,0.746606991,49784,250.1543067,0.781541202,0.987224811,0.89950554,0.812859279,0.006261621,0.001686273,0.660740207,0.99319797,6
46343,784.808,280.3904973,210.8225172,1.329983633,0.659289772,46736,242.9109718,0.776733038,0.991591065,0.945512262,0.866330971,0.006050331,0.002102298,0.750529351,0.998191753,5
66040,1020.017,369.2521146,229.0483291,1.612114422,0.784361993,67289,289.9736877,0.722617354,0.981438274,0.797631155,0.785300006,0.00559134,0.001311711,0.616696099,0.994184674,0
33484,681.496,248.1528913,171.9687392,1.443011634,0.720942288,33909,206.477972,0.758174078,0.987466454,0.905984098,0.832059506,0.007411089,0.002191186,0.692323021,0.999030173,3
39417,714.124,245.986065,204.3138552,1.203961742,0.55688266,39724,224.0251842,0.774674738,0.992271675,0.971283863,0.910723069,0.006240608,0.002648208,0.829416509,0.998585745,5
40009,742.191,265.1094339,192.6296891,1.376264662,0.68705604,40475,225.7012205,0.777628766,0.98848672,0.912717113,0.851351147,0.006626245,0.002147248,0.724798775,0.997514941,5
56248,946.999,378.6123592,190.3582327,1.988946598,0.864415161,56917,267.6138597,0.604232463,0.988246042,0.788166384,0.706828114,0.006731126,0.001036389,0.499605982,0.993689619,4
45880,820.718,300.3378642,196.4296153,1.528984638,0.756469642,46723,241.6944979,0.687176108,0.981957494,0.855944009,0.804742014,0.006546161,0.001693531,0.64760971,0.990185298,6
38147,727.24,265.5571724,183.4325973,1.44770982,0.723097325,38558,220.3866351,0.718751178,0.989340733,0.906389231,0.829902778,0.006961417,0.002036978,0.688738621,0.997093665,6
35130,678.016,239.1831502,187.1601061,1.277960112,0.622654309,35473,211.4920925,0.780146569,0.990330674,0.960302653,0.884226554,0.006808516,0.002567358,0.781856598,0.999181546,5
46119,803.509,308.643198,190.7433643,1.618107131,0.786173339,46546,242.3232027,0.722415414,0.990826279,0.897652521,0.785124066,0.006692322,0.001568591,0.6164198,0.997433274,6
52266,886.528,359.5803838,186.1317189,1.931859793,0.855600997,52802,257.9673197,0.818600426,0.989848869,0.835688093,0.717412104,0.006879814,0.001124168,0.514680127,0.994289843,4
72490,1057.572,414.9734282,226.718808,1.830344081,0.837559995,74676,303.8044348,0.787934783,0.970726873,0.814456841,0.732105755,0.005724561,0.001014419,0.535978836,0.98102569,2
34460,677.801,245.457549,179.0722248,1.370718152,0.68393326,34864,209.4655931,0.757828994,0.988412116,0.942585439,0.8533679,0.00712297,0.002330162,0.728236773,0.998207363,3
68571,1049.847,433.8348694,204.4175518,2.12229755,0.882033091,69605,295.4781021,0.796300167,0.985144745,0.781804785,0.681084263,0.006326798,0.000839783,0.463875773,0.984482416,4
39561,723.419,263.8513541,191.2792687,1.379403821,0.688800578,39905,224.4340207,0.80082996,0.991379526,0.949942467,0.850607803,0.006669481,0.00215372,0.723533634,0.99804506,3
45458,798.685,308.9294395,187.585204,1.646875302,0.794540994,45853,240.5803883,0.781871345,0.991385515,0.895507303,0.778755138,0.006795931,0.001541816,0.606459565,0.998763279,6
68478,1070.054,361.963668,243.2780493,1.487859957,0.740454703,69587,295.2776618,0.686806078,0.984063115,0.751535573,0.815766023,0.005285839,0.001443963,0.665474204,0.99013242,0
37170,693.745,232.9753925,203.2589797,1.146199754,0.48870646,37485,217.546119,0.79265562,0.991596639,0.970515985,0.933772948,0.006267834,0.002939425,0.871931918,0.999408149,5
40221,746.896,278.57799,184.3187811,1.511392319,0.749820259,40658,226.2984042,0.803616384,0.989251808,0.906029756,0.812334112,0.006926183,0.001860426,0.65988671,0.997347705,3
50299,895.206,366.7064776,176.3450537,2.079482639,0.87678157,50964,253.0665443,0.667990279,0.986951574,0.788720713,0.690106556,0.007290532,0.001020008,0.476247059,0.99034749,4
67437,1041.175,380.6478801,226.5663953,1.680072103,0.803568305,68653,293.0246665,0.799983392,0.982287737,0.781736955,0.769805066,0.005644496,0.001222723,0.59259984,0.995610459,0
26188,600.051,219.927009,152.614971,1.441057896,0.720037991,26495,182.6022924,0.772872152,0.988412908,0.913978266,0.83028589,0.008398007,0.002461879,0.689374659,0.993428796,3
38091,755.186,271.0776828,179.7569844,1.508023089,0.748513262,38716,220.2248113,0.706317566,0.983856803,0.839313827,0.812404802,0.007116581,0.001912234,0.660001563,0.995297595,3
60254,1003.745,389.9516727,198.5205475,1.964288723,0.860713216,61057,276.9797385,0.615282501,0.986848355,0.751534561,0.710292474,0.006471797,0.00101614,0.504515399,0.991013909,4
51576,861.13,310.8525301,211.4262215,1.470264795,0.733073347,52274,256.2588589,0.783948928,0.986647282,0.874017407,0.824374371,0.006027077,0.001717056,0.679593103,0.999181814,0
48046,836.659,333.3711135,183.7137712,1.81462234,0.834453172,48444,247.3339183,0.79367649,0.991784328,0.862521892,0.741917666,0.006938582,0.001296801,0.550441823,0.998844029,6
80056,1086.236,430.5035118,238.2034467,1.807293378,0.832973027,80817,319.2655086,0.80519794,0.990583664,0.852619707,0.741609534,0.00537753,0.001003376,0.5499847,0.993983707,2
36877,712.904,263.1935501,178.6550154,1.473194299,0.734325891,37239,216.6869971,0.792372153,0.990279009,0.911807887,0.82329904,0.007137065,0.002022692,0.677821309,0.998562488,6
45352,793.284,301.9931577,192.1048512,1.572022548,0.77158751,45832,240.2997292,0.787115138,0.989526968,0.905626075,0.795712496,0.006658872,0.001646665,0.633158376,0.995339243,6
45610,804.498,309.4170817,188.0474435,1.645420304,0.794130362,45991,240.9822725,0.770829812,0.99171577,0.885564093,0.778826661,0.006783975,0.001539668,0.606570967,0.998064185,6
72993,1029.35,402.336103,233.3901899,1.723877525,0.814554087,74168,304.8566451,0.726515378,0.984157588,0.865695061,0.757716354,0.005511982,0.001120764,0.574134074,0.989736826,2
42616,791.872,302.5382775,180.7428445,1.673860331,0.801927465,43110,232.9385679,0.677670706,0.988540942,0.854028913,0.769947426,0.007099171,0.001538975,0.592819038,0.992296272,6
62583,987.82,399.2316893,200.6221227,1.989968424,0.864565272,63322,282.2820406,0.810534632,0.988329491,0.805954662,0.707063212,0.006379235,0.000983516,0.499938386,0.994861601,4
35252,695.347,238.7839017,188.9907436,1.263468767,0.611205582,35668,211.8590107,0.795935877,0.988336885,0.916200353,0.887241599,0.006773627,0.002589218,0.787197655,0.99459965,3
37386,710.826,260.5512655,183.116227,1.422873711,0.711384465,37751,218.1772986,0.715220386,0.990331382,0.929805811,0.837368025,0.00696922,0.002113632,0.701185209,0.997698001,3
43605,784.384,294.3814374,189.4330394,1.554013167,0.765450154,44114,235.6259968,0.777744087,0.988461713,0.890612328,0.800410511,0.006751094,0.001709248,0.640656986,0.995589392,6
22931,559.526,207.806204,140.8498712,1.47537376,0.735251534,23207,170.87029,0.806861365,0.988107037,0.920433282,0.822257886,0.009062239,0.002555333,0.676108031,0.997512047,3
52545,911.562,315.9159221,212.1152663,1.489359666,0.741068445,53754,258.6549282,0.748248462,0.977508651,0.794637096,0.818746097,0.006012293,0.001666544,0.670345171,0.99838506,0
33735,693.2,264.6569462,162.6491064,1.62716508,0.788865568,34169,207.2504187,0.726045971,0.987298428,0.882213035,0.783090796,0.007845174,0.00181983,0.613231195,0.997828386,3
27832,612.332,223.6086795,159.0774533,1.405659161,0.702777202,28086,188.2466547,0.777951699,0.990956348,0.932782453,0.841857548,0.00803423,0.002489307,0.708724132,0.996224568,3
32247,661.466,249.4888135,165.0153761,1.511912522,0.750021077,32569,202.6281214,0.765598291,0.990113298,0.926155968,0.812173174,0.007736807,0.00207652,0.659625264,0.997295697,3
31344,664.552,247.4443435,162.1403108,1.526112429,0.755403668,31725,199.7709195,0.727373991,0.987990544,0.891879833,0.80733678,0.007894472,0.002068816,0.651792676,0.994708904,3
25918,598.787,221.1815288,149.8769869,1.475753772,0.735412391,26281,181.6585327,0.738404558,0.98618774,0.908378034,0.82130969,0.008533896,0.002395272,0.674549606,0.995469126,3
84700,1159.78,417.0012702,259.1163751,1.609320407,0.783509107,86013,328.3951727,0.805010645,0.984734866,0.7913016,0.787516001,0.004923274,0.001168076,0.620181452,0.998070666,0
75650,1074.366,419.9836614,231.8239431,1.811649202,0.833855203,76498,310.3555567,0.788513654,0.988914743,0.823596106,0.738970549,0.005551668,0.001021202,0.546077472,0.989300815,2
29909,646.672,239.7630481,159.3046756,1.505059705,0.747354532,30387,195.1443608,0.710849673,0.984269589,0.898759808,0.813905072,0.008016418,0.002169977,0.662441465,0.997013956,3
40297,752.095,279.9816048,183.9133241,1.522356285,0.753998225,40720,226.5121055,0.829258756,0.989611984,0.895235254,0.809024956,0.006947952,0.001836049,0.654521379,0.996414735,6
46202,780.633,260.0997339,226.3979187,1.148860977,0.492296914,46732,242.5411583,0.776869787,0.988658735,0.952745326,0.932492912,0.005629621,0.002625676,0.869543031,0.998984055,5
65181,977.089,368.0482822,226.7141993,1.62340199,0.787753679,65980,288.0816321,0.696088168,0.98789027,0.857951297,0.782727827,0.005646558,0.001307394,0.612662851,0.994598091,2
57585,955.589,384.1119226,192.6375372,1.993961967,0.865149483,58253,270.775736,0.825591398,0.988532779,0.792459273,0.70493968,0.006670347,0.001016099,0.496939953,0.990879366,4
175144,1584.943,601.6749504,372.9726482,1.613187866,0.784688244,176889,472.2290406,0.821994443,0.990135056,0.876148722,0.784857406,0.003435316,0.000804099,0.616001147,0.993725576,1
70413,1068.42,371.2253173,243.1744321,1.526580381,0.755577854,71731,299.420467,0.716627992,0.981625796,0.775137404,0.806573402,0.005272113,0.001376385,0.650560652,0.993133129,0
37630,718.887,271.0113952,177.0788589,1.530455962,0.757012798,38038,218.8881086,0.764417901,0.989273884,0.915003641,0.807671236,0.007202004,0.001890478,0.652332826,0.998366662,3
38148,717.9,260.3562771,187.0793114,1.391689306,0.695474079,38554,220.3895237,0.815041128,0.989469316,0.930151587,0.846492069,0.0068249,0.002161562,0.716548823,0.997213334,3
70780,1041.775,406.8583193,225.0964452,1.807484428,0.833011873,72535,300.1997585,0.746506354,0.975804784,0.819544537,0.737848396,0.00574821,0.001050947,0.544420256,0.984031135,2
33401,700.283,266.7721558,159.843751,1.668955803,0.800616558,33844,206.2219048,0.789062131,0.986910531,0.855898305,0.773026346,0.007986951,0.001759292,0.597569732,0.997317471,3
41609,753.219,283.886934,187.1609879,1.516806131,0.75189749,41978,230.1699898,0.737356016,0.991209681,0.921625769,0.810780498,0.006822729,0.001818658,0.657365017,0.997095288,3
55412,950.15,407.4697047,173.7553106,2.345077704,0.904522875,55983,265.6176757,0.81623875,0.989800475,0.771310679,0.65187098,0.007353456,0.000819064,0.424935775,0.99650741,4
196212,1747.118,682.7367865,370.0172739,1.845148415,0.840403107,199571,499.8248469,0.838269221,0.983168897,0.807776013,0.732090107,0.003479587,0.000616546,0.535955924,0.988918224,1
48618,888.662,373.8354779,166.3130427,2.247782086,0.895588707,49190,248.8018492,0.783239089,0.98837162,0.773630768,0.665538356,0.00768924,0.000930584,0.442941303,0.995635525,4
44780,806.367,311.242022,183.8860709,1.692580741,0.806807967,45261,238.779536,0.725711044,0.989372749,0.865423055,0.767182832,0.006950469,0.001485215,0.588569498,0.996201397,6
27755,612.78,222.3813023,159.5703025,1.393625874,0.696504222,28095,187.9860728,0.741517499,0.987898203,0.928842184,0.845332188,0.008012297,0.002523751,0.714586508,0.995866246,3
49387,893.018,364.8307482,174.0505504,2.096119475,0.878864191,50004,250.7618021,0.715173193,0.987660987,0.778219456,0.687337357,0.007387182,0.001017041,0.472432642,0.990275261,4
25953,596.042,224.5859701,147.5849989,1.521739823,0.753766315,26279,181.7811484,0.733197729,0.987594657,0.918002162,0.809405629,0.008653565,0.002291077,0.655137472,0.996948781,3
33020,664.025,248.3135489,169.6085604,1.464039011,0.730379183,33285,205.0423609,0.717857298,0.992038456,0.941061642,0.825739722,0.007520095,0.002156631,0.681846089,0.998249273,3
88907,1210.626,405.2430606,280.9582347,1.442360503,0.720641443,91061,336.4519404,0.780680341,0.976345527,0.762299836,0.830247259,0.004558056,0.001335947,0.689310511,0.994234256,0
83581,1101.693,427.2737028,251.6375717,1.697972604,0.808178471,84407,326.218691,0.79728518,0.990214082,0.865358865,0.76348881,0.005112091,0.001071492,0.582915164,0.989773978,2
73871,1055.692,373.4753637,252.6569329,1.478191631,0.736440543,74889,306.6846563,0.768536918,0.986406548,0.832931681,0.821164355,0.005055778,0.001418039,0.674310899,0.996760727,0
75259,1048.898,417.1055215,230.9409326,1.806113437,0.832732794,75848,309.5524752,0.785051896,0.992234469,0.85961066,0.742144276,0.005542268,0.0010371,0.550778126,0.994767774,2
36934,715.983,271.2667818,174.0412028,1.558635411,0.76705039,37374,216.8543966,0.77454126,0.98822711,0.905379772,0.799413755,0.007344636,0.001850276,0.639062352,0.996065212,3
161534,1532.14,578.5565899,357.2269049,1.619577311,0.786614013,163293,453.5101726,0.792175056,0.989227952,0.864722799,0.783864846,0.00358164,0.000834116,0.614444098,0.995139719,1
43948,777.578,292.4937012,192.1021159,1.522594896,0.754087894,44489,236.5509068,0.79108615,0.987839691,0.913400091,0.808738465,0.00665545,0.001756263,0.654057904,0.995865226,6
51492,867.948,347.5726681,189.2910008,1.836181681,0.83869045,51991,256.050094,0.704019688,0.990402185,0.85893878,0.736680751,0.006750032,0.001226317,0.542698528,0.996493096,4
38923,740.031,265.9525235,186.7242825,1.424306041,0.712082009,39422,222.6169419,0.788425701,0.987342093,0.893133429,0.837055197,0.006832786,0.002069159,0.700661402,0.997956268,6
72568,1033.053,402.0006704,232.2303312,1.731042919,0.816258777,73798,303.9678392,0.768029126,0.983332882,0.854495562,0.756137642,0.005539641,0.00111703,0.571744134,0.989713635,2
43525,762.479,282.820459,196.1182941,1.442091164,0.720516844,43861,235.4097517,0.785649819,0.992339436,0.940790384,0.832364647,0.006497885,0.001924006,0.692830906,0.999125328,5
59795,962.167,394.7710452,193.9973087,2.034930525,0.870924261,60463,275.9227402,0.800575713,0.988951921,0.811659393,0.698943713,0.006602075,0.000971917,0.488522314,0.994108969,4
29709,649.795,240.337716,157.6330868,1.524665417,0.754863776,30099,194.490806,0.798435862,0.987042759,0.884189121,0.809239637,0.008089728,0.002140042,0.65486879,0.998455797,3
57531,960.364,406.3091754,180.6903526,2.24864897,0.895673883,58025,270.648747,0.79423215,0.991486428,0.78386278,0.666115272,0.007062439,0.000857693,0.443709556,0.997747036,4
41362,771.599,296.7528555,178.323101,1.664130187,0.799313289,41880,229.4858036,0.761562822,0.987631328,0.873027818,0.773322984,0.007174529,0.001582766,0.598028437,0.995197175,6
50712,877.164,316.2129384,204.4654138,1.546535096,0.76282353,51454,254.1033723,0.717538026,0.985579352,0.828245346,0.803583097,0.006235466,0.00160388,0.645745793,0.998668533,0
29080,623.192,228.7066227,162.0935662,1.410954352,0.70546963,29360,192.4209083,0.797805213,0.990463215,0.940936958,0.841343841,0.007864739,0.00243085,0.707859458,0.998757383,3
55607,898.497,311.4197591,228.7198652,1.361577224,0.678671061,56424,266.084632,0.75650636,0.985520346,0.865577715,0.854424371,0.00560037,0.001841158,0.730041006,0.994007207,0
30846,646.738,241.1467794,163.4544718,1.475314666,0.735226505,31232,198.1775643,0.759192715,0.987640881,0.926727306,0.821813025,0.007817765,0.002199654,0.675376649,0.996393075,3
50879,843.716,314.0192157,207.0960918,1.51629716,0.751703392,51313,254.5214231,0.755778372,0.991542104,0.898164449,0.810528179,0.006171883,0.001643122,0.656955929,0.996140409,6
83546,1120.191,438.0143099,244.91133,1.788460787,0.82907324,84546,326.150381,0.789473187,0.988172119,0.836664549,0.744611246,0.005242792,0.00099417,0.554445907,0.991604764,2
27769,614.255,228.9263098,154.7434945,1.479392142,0.73694446,28072,188.0334782,0.71754522,0.989206327,0.924852988,0.821371202,0.008243952,0.002314585,0.674650651,0.998072872,3
89559,1158.625,446.6269238,258.2008138,1.729765748,0.815956741,91501,337.683373,0.734517629,0.978776188,0.838365329,0.756074824,0.004986957,0.001005251,0.57164914,0.988819102,2
31659,654.589,244.3398213,165.2940124,1.478213384,0.736449688,31959,200.772236,0.726890756,0.990612973,0.928473795,0.821692653,0.007717863,0.002170273,0.675178816,0.998058362,3
24188,567.651,205.585,150.9878676,1.361599467,0.678684044,24574,175.491077,0.734706275,0.984292341,0.943293864,0.853618099,0.008499463,0.002783721,0.72866386,0.992148323,3
33864,662.898,221.2164258,195.0635178,1.134073805,0.471666862,34167,207.6462953,0.771600437,0.991131794,0.968399824,0.938656768,0.006532495,0.00312814,0.881076528,0.99920581,5
35128,669.663,228.4024536,195.966868,1.16551566,0.51366751,35376,211.4860722,0.785527404,0.992989597,0.984352571,0.925936078,0.006502006,0.002948161,0.857357621,0.999263734,5
39441,762.355,298.8360953,169.1584032,1.766605085,0.824365783,39892,224.0933754,0.693797495,0.988694475,0.85279231,0.749887242,0.007576788,0.001477913,0.562330876,0.993416585,4
40079,808.532,309.3693472,168.7779429,1.832996314,0.83807513,41384,225.8985784,0.733402869,0.968466074,0.770428456,0.730190565,0.007718989,0.001353583,0.533178261,0.977313787,4
44818,790.151,306.1559554,186.9013658,1.638061627,0.792033489,45243,238.8808279,0.797870825,0.990606282,0.902073964,0.780258635,0.006831094,0.001561796,0.608803537,0.997257713,6
38424,724.092,268.0183559,183.1264127,1.463570175,0.730174499,38899,221.1853437,0.70840708,0.987788889,0.920926434,0.825261923,0.006975285,0.001995763,0.681057241,0.996775066,3
31992,640.338,212.8873637,191.4872537,1.111757361,0.436968432,32258,201.8253689,0.774212284,0.991753984,0.980466376,0.948038274,0.006654394,0.003315826,0.898776569,0.999221466,5
44830,814.955,320.7319468,178.4058376,1.797765988,0.831017734,45297,238.9128058,0.658877131,0.989690266,0.848225541,0.744898686,0.007154404,0.001358758,0.554874053,0.9975337,6
57428,950.056,387.7882355,191.0338698,2.02994493,0.870242148,58271,270.4063619,0.661917935,0.985533113,0.799530703,0.697304191,0.006752599,0.000984781,0.486233135,0.987026487,4
71536,1020.47,341.8985225,267.1090837,1.279995865,0.624215102,72443,301.7987145,0.790260931,0.987479812,0.863244923,0.882714299,0.004779391,0.001789917,0.779184533,0.99735298,0
40756,732.781,248.046899,209.8969438,1.181755649,0.532867614,41203,227.7984875,0.775728506,0.989151275,0.953790555,0.918368616,0.006086144,0.002670485,0.843400916,0.996693796,5
48761,878.828,363.7837935,171.3952953,2.122484126,0.882055217,49402,249.1674807,0.605892294,0.987024817,0.793368032,0.684932878,0.007460548,0.001012844,0.469133048,0.995727447,4
44051,791.48,308.2090135,182.9865831,1.684325748,0.804679544,44619,236.8279443,0.786821705,0.987269997,0.883661117,0.768400449,0.006996641,0.001504596,0.59043925,0.994492031,6
74071,1049.938,415.0111378,229.294414,1.809948749,0.833511683,74997,307.0995381,0.776116432,0.987652839,0.844366051,0.739979027,0.005602883,0.001036261,0.547568961,0.991071756,2
37957,713.931,255.1594978,189.9623637,1.343210796,0.667639428,38297,219.8371065,0.786429089,0.99112202,0.935813409,0.861567406,0.00672233,0.002284845,0.742298394,0.997063217,5
71243,1053.652,348.7025741,260.9807271,1.336123851,0.663209717,72741,301.1800207,0.761403471,0.979406387,0.80641328,0.863716081,0.004894552,0.001680261,0.746005468,0.996755699,0
34322,682.456,250.1151062,175.1992977,1.427603361,0.713677259,34696,209.0457549,0.794031232,0.989220659,0.926047233,0.835798198,0.007287312,0.002193577,0.698558627,0.997264644,3
35932,688.727,242.4962302,188.7911616,1.28446813,0.627604469,36273,213.8925976,0.742780362,0.990599068,0.951912517,0.882045042,0.006748754,0.002519802,0.778003456,0.999320645,5
31966,660.177,230.4733691,177.2507479,1.3002674,0.63916146,32322,201.7433401,0.742635443,0.98898583,0.921674091,0.875343389,0.007209953,0.002611115,0.766226049,0.996298753,3
46028,806.905,303.8268691,193.726451,1.568329299,0.770350059,46560,242.0840139,0.732556659,0.988573883,0.888356236,0.796782768,0.006600914,0.001641132,0.63486278,0.995673899,6
34894,707.258,264.3841713,168.9600431,1.564773342,0.769148419,35522,210.7805035,0.715686275,0.982320815,0.876606898,0.797250843,0.00757678,0.001888184,0.635608907,0.994583874,6
29983,637.582,231.8095088,164.8285853,1.406367157,0.703139556,30312,195.385622,0.762344266,0.989146213,0.926857254,0.842871472,0.007731365,0.002407029,0.710432318,0.99912868,3
33468,659.987,224.4599389,189.9543464,1.181652029,0.53274976,33748,206.4286344,0.792329545,0.991703212,0.965536869,0.91966805,0.006706703,0.002959465,0.845789323,0.999428669,5
38095,734.307,270.1436725,179.8868838,1.50174191,0.746046918,38513,220.2363741,0.789697347,0.989146522,0.887815055,0.81525646,0.007091316,0.00193234,0.664643095,0.998122391,6
75065,1060.516,412.116475,234.3914297,1.758240374,0.822510139,75760,309.153241,0.774400875,0.990826294,0.838712089,0.750159869,0.005490128,0.001072451,0.56273983,0.989431888,2
37401,718.286,272.9152915,174.9021975,1.560388008,0.767652564,37686,218.2210627,0.699031848,0.99243751,0.910957833,0.799592656,0.007297005,0.001839923,0.639348415,0.9976316,3
39455,726.205,248.3634207,202.617037,1.225777577,0.578321866,39861,224.133144,0.781581189,0.989814606,0.940141973,0.902440236,0.006294853,0.002575367,0.814398379,0.998271272,5
35442,694.127,244.3351148,185.2365835,1.319043518,0.652109141,35957,212.4291787,0.728180473,0.985677337,0.924379296,0.869417312,0.006893943,0.002429744,0.755886462,0.997047138,3
48161,826.049,314.0014615,196.1708863,1.600652714,0.780828735,48722,247.6297432,0.796708023,0.988485694,0.886938976,0.788626085,0.006519829,0.001555609,0.621931102,0.995495705,6
58239,946.545,391.5948199,190.5049957,2.055561948,0.873688944,58969,272.3090117,0.792087153,0.987620614,0.816847985,0.695384611,0.006723928,0.000969847,0.483559758,0.993987038,4
65219,1011.11,353.6505457,235.3089993,1.502919764,0.746512389,66672,288.1655945,0.71943565,0.978206743,0.801654414,0.814831471,0.005422508,0.001474522,0.663950327,0.997864068,0
41191,758.127,282.5506901,186.7670382,1.512850944,0.750382683,41695,229.0109388,0.799483716,0.98791222,0.900592388,0.810512757,0.006859525,0.001826052,0.656930929,0.993838576,6
38554,709.931,252.7970964,194.4687204,1.299937059,0.638926226,38842,221.5591962,0.773865917,0.992585346,0.961273624,0.876430937,0.006556962,0.002386455,0.768131188,0.998522197,5
33168,680.621,234.315548,180.5827539,1.297552191,0.637220052,33542,205.5013606,0.761240274,0.9888498,0.899742964,0.877028274,0.007064506,0.002578196,0.769178593,0.998049369,5
70122,1023.764,396.4554433,227.3557115,1.743767248,0.81922584,71191,298.80111,0.727799228,0.984984057,0.840745305,0.753681442,0.005653795,0.001125307,0.568035715,0.990522076,2
34097,680.595,227.819142,190.8101712,1.193957013,0.54635901,34502,208.359422,0.762250738,0.98826155,0.925014467,0.914582595,0.006681501,0.00288367,0.836461323,0.998698862,5
40669,803.675,324.5929153,160.2976462,2.02493875,0.869551599,41155,227.555222,0.619123736,0.988190985,0.791247662,0.701048024,0.007981335,0.001189177,0.491468332,0.995193271,4
38554,702.846,244.6156834,200.9127896,1.217521711,0.570438109,38816,221.5591962,0.764960317,0.993250206,0.980751434,0.905744035,0.006344755,0.002634005,0.820372257,0.998821034,5
37131,712.145,264.3183472,179.6517455,1.471281821,0.733509279,37483,217.4319607,0.800685729,0.990609076,0.920046232,0.822613954,0.007118536,0.002010734,0.676693717,0.995607164,3
49575,850.029,323.8390008,197.1317702,1.642753984,0.793374482,50068,251.2386324,0.815445349,0.990153391,0.862194209,0.775813388,0.006532305,0.001459739,0.601886413,0.988751303,6
37579,721.462,272.6699312,175.9862743,1.549381804,0.763828969,37908,218.7397286,0.692292104,0.991321093,0.907252472,0.802214339,0.007255912,0.001853674,0.643547845,0.997101322,3
54681,892.021,349.0296893,199.8891153,1.746116535,0.819765409,55264,263.8598331,0.760556916,0.989450637,0.863567233,0.755981056,0.006383016,0.001286025,0.571507357,0.997918446,6
44148,783.07,295.578713,190.8405069,1.548825864,0.763633153,44559,237.0885476,0.776679216,0.990776274,0.90473153,0.802116449,0.006695178,0.001709588,0.643390798,0.996500308,6
35105,687.922,232.3755601,192.4946821,1.207179116,0.560170279,35508,211.4168258,0.782720178,0.988650445,0.932181424,0.909806632,0.006619443,0.002797677,0.827748108,0.999240229,5
51460,859.757,325.8442154,202.0423123,1.612752357,0.784555975,52109,255.9705197,0.781651097,0.987545338,0.87483914,0.785561037,0.00633199,0.001487441,0.617106143,0.995239386,6
29734,640.924,237.4579657,159.7690593,1.486257519,0.7397963,30046,194.5726204,0.758597816,0.989615922,0.909599331,0.819398161,0.007986075,0.002220716,0.671413346,0.997893135,3
61349,997.884,408.1775015,192.8648759,2.116391072,0.881329348,62060,279.4851925,0.832912458,0.988543345,0.774207249,0.68471484,0.006653368,0.000902112,0.468834412,0.992236963,4
57397,950.739,392.1081579,187.2577266,2.093949152,0.878595597,58221,270.3333685,0.723321403,0.985847031,0.797951396,0.689435716,0.00683151,0.000952076,0.475321606,0.995299274,4
41325,756.119,277.4222721,190.0100294,1.460040151,0.728625166,41826,229.3831384,0.728078366,0.988021805,0.908327418,0.826837502,0.006713183,0.001935481,0.683660254,0.998171421,6
41158,728.657,253.2860349,207.1147218,1.222926273,0.575629287,41456,228.9191848,0.770402815,0.992811656,0.974132076,0.903797104,0.006153993,0.002532914,0.816849205,0.998946354,5
69810,1022.531,400.0841038,223.7557422,1.788039493,0.828984375,70894,298.1356279,0.78054071,0.984709566,0.839024293,0.745182388,0.005731043,0.001090093,0.555296791,0.992892593,2
52204,897.475,365.3963581,183.2433689,1.994049554,0.865162252,52929,257.8142688,0.643961168,0.986302405,0.814458435,0.705574271,0.006999394,0.001070067,0.497835051,0.992707762,4
36513,714.307,267.2878039,174.2589988,1.533853665,0.758259658,36925,215.6149241,0.710577017,0.988842248,0.899264748,0.806677001,0.007320346,0.001912098,0.650727784,0.998121196,3
73257,1057.406,401.8392094,236.7020073,1.697658647,0.808099091,75593,305.4074481,0.744330421,0.969097668,0.823332868,0.760024012,0.005485335,0.001128995,0.577636499,0.980629597,2
48100,854.778,349.8659196,175.74183,1.99079479,0.864686482,48563,247.4728714,0.827370304,0.990465993,0.827271892,0.707336318,0.00727372,0.001123156,0.500324667,0.996043741,4
50031,854.392,333.5188388,192.7151579,1.730631064,0.816161464,50710,252.3914572,0.731832543,0.986610136,0.86126084,0.756753226,0.006666244,0.001348584,0.572675445,0.991089915,6
26826,612.154,232.045546,147.5599979,1.572550483,0.771763525,27092,184.8132139,0.684424034,0.990181603,0.899589548,0.796452322,0.008650024,0.002147021,0.634336301,0.997525857,3
34516,685.714,254.8207466,172.8476422,1.474250637,0.734775188,34861,209.6357224,0.796657896,0.990103554,0.922453093,0.822679178,0.007382685,0.002086009,0.67680103,0.99777435,3
32441,667.506,248.2911899,167.229045,1.484737236,0.739169136,32793,203.2367193,0.721199591,0.989266002,0.91494239,0.818541807,0.007653623,0.002119387,0.67001069,0.99478982,3
44351,769.972,268.1440908,210.7816343,1.272141625,0.618129859,44773,237.6330092,0.741903647,0.990574677,0.940076975,0.886213858,0.006045954,0.002300375,0.785375002,0.999108231,5
76385,1057.34,384.8384545,254.3609427,1.512962055,0.750425442,77525,311.859588,0.823557951,0.985295066,0.858595529,0.810364932,0.005038142,0.00134021,0.656691323,0.993549053,0
59088,977.984,406.9518663,188.5342666,2.158503458,0.886209899,60601,274.2866716,0.651825703,0.975033415,0.776328723,0.674002737,0.006887217,0.000876739,0.454279689,0.98056428,4
34207,661.138,226.8735177,192.1947081,1.180435819,0.531362195,34421,208.6952446,0.774299425,0.993782865,0.983423569,0.919874857,0.006632371,0.002929298,0.846169752,0.998849085,5
36109,702.169,264.8629265,173.9255187,1.522852589,0.754184675,36457,214.4187649,0.69947504,0.990454508,0.920326699,0.809546159,0.007335094,0.001943354,0.655364984,0.998024262,3
56301,960.988,402.7083316,179.6841418,2.241201297,0.894938615,57012,267.7399104,0.84,0.987528941,0.766108081,0.664848202,0.007152774,0.000862073,0.442023132,0.990662817,4
176818,1633.063,643.6465922,353.8156187,1.819158223,0.835358987,178964,474.4804209,0.730701203,0.988008762,0.833163929,0.73717538,0.003640164,0.000663108,0.54342754,0.988580678,1
94287,1217.589,440.1625026,274.6010294,1.602916433,0.781533848,96147,346.4822318,0.81100818,0.980654623,0.799208786,0.787168897,0.004668327,0.001105637,0.619634873,0.993222921,0
43711,790.285,298.3101981,187.1629928,1.593852468,0.778688568,44153,235.9122162,0.703484349,0.989989355,0.879494501,0.790828532,0.006824602,0.001646594,0.625409768,0.996810902,6
65930,1024.555,366.8341091,229.4159981,1.598990969,0.780308812,67081,289.7320886,0.752634162,0.982841639,0.789264166,0.789817744,0.005563994,0.001335592,0.623812069,0.997469865,0
55573,916.723,372.3930492,194.7710839,1.91195244,0.852316996,57240,266.0032729,0.790624555,0.970877009,0.830993163,0.714307836,0.006700971,0.001076116,0.510235684,0.975546361,4
44555,793.957,300.195125,190.0168188,1.579834495,0.77417003,45145,238.178899,0.696248027,0.986931,0.888203229,0.793413614,0.00673763,0.001646969,0.629505162,0.994513971,6
233751,1849.371,706.9930758,423.527988,1.669294818,0.800707613,237344,545.5465304,0.819204525,0.984861635,0.858845917,0.771643385,0.003024556,0.000661467,0.595433514,0.99395408,1
33092,665.894,242.4997355,174.19325,1.392130496,0.695709279,33403,205.2657863,0.725701754,0.990689459,0.93782688,0.846457774,0.007328047,0.002320541,0.716490763,0.997448641,3
28111,615.128,226.218922,158.5212718,1.427057198,0.713414034,28391,189.1878348,0.787422969,0.99013772,0.933587798,0.836304201,0.008047345,0.002428228,0.699404717,0.998090535,3
32346,658.68,233.794202,176.5200436,1.324462634,0.655698091,32722,202.9389226,0.776987749,0.98850926,0.93687466,0.868023762,0.007227917,0.002531159,0.753465251,0.99793657,3
52710,872.7,326.0393835,207.3994495,1.572035916,0.77159197,53280,259.0607195,0.677419355,0.989301802,0.869706925,0.794568793,0.006185532,0.001520838,0.631339567,0.992488475,6
49332,836.361,327.782973,192.3932829,1.703713186,0.809620823,49726,250.6221323,0.796011231,0.99207658,0.886239373,0.764597777,0.006644429,0.001400779,0.58460976,0.996007357,6
175822,1591.722,606.095091,374.2659261,1.619423647,0.786568021,178759,473.1421808,0.732494001,0.983570058,0.872064569,0.78064018,0.003447208,0.00078968,0.60939909,0.986875297,1
76997,1099.457,413.3606939,237.6076807,1.739677323,0.818280416,78041,313.106412,0.79293335,0.986622416,0.800437028,0.757465373,0.00536853,0.00109015,0.573753791,0.998146458,0
35735,684.121,235.4891195,193.432329,1.217423792,0.570342979,36043,213.3054503,0.750230937,0.991454651,0.959484154,0.905797477,0.006589873,0.002736411,0.820469069,0.998858565,5
42146,761.926,284.2125341,189.5463045,1.499435903,0.74513159,42744,231.6504994,0.726655172,0.986009732,0.912306228,0.815060814,0.006743523,0.001835806,0.66432413,0.996111452,6
33276,704.493,234.7881384,180.705496,1.299286096,0.6384619,33857,205.8356604,0.759656652,0.98283959,0.842534348,0.876686794,0.00705578,0.002571003,0.768579735,0.998604963,5
56137,932.009,376.5197841,191.0161715,1.971140878,0.861757507,56876,267.3496743,0.697319388,0.987006822,0.812117467,0.710054785,0.006707159,0.001051685,0.504177797,0.993805467,4
68883,1065.713,440.0641162,201.5701866,2.183180577,0.888927814,69970,296.1495561,0.655653912,0.984464771,0.762151643,0.672969109,0.006388574,0.000808284,0.452887421,0.988735022,4
40120,762.206,281.6828655,182.1285948,1.546615268,0.76285194,40818,226.0140937,0.717761557,0.982899701,0.867812821,0.802370756,0.007021009,0.001795063,0.64379883,0.9957091,6
51380,899.321,368.2354517,179.5944701,2.050371882,0.873002125,52117,255.7714758,0.783088459,0.985858741,0.798315377,0.694586777,0.007166903,0.001029005,0.482450791,0.989203537,4
29821,638.896,239.9517784,158.6249029,1.512699293,0.750324304,30101,194.8570668,0.803194355,0.990697983,0.918061402,0.812067608,0.008046403,0.002158491,0.6594538,0.997555297,3
38518,716.158,244.1767609,201.1612732,1.213835829,0.566830213,38895,221.455731,0.750896756,0.990307237,0.943747681,0.906948434,0.00633929,0.002645762,0.822555463,0.998447292,5
68325,1008.586,388.1095479,227.1814888,1.708367834,0.81077781,69595,294.9476087,0.799899317,0.981751563,0.844041175,0.759959682,0.005680345,0.001168737,0.577538719,0.98664857,2
50702,892.127,363.6502616,178.5447762,2.036745456,0.871171199,51307,254.0783174,0.615577005,0.988208237,0.80053733,0.69868867,0.007172306,0.001054322,0.488165857,0.994269591,4
53811,903.458,368.7020375,186.5242768,1.976697317,0.862595449,54433,261.7523508,0.638713813,0.988573108,0.828447499,0.709929222,0.006851797,0.001073605,0.503999501,0.996254461,4
38093,737.757,233.4684923,207.9979309,1.12245584,0.454192353,38859,220.2305927,0.77011564,0.980287707,0.879484851,0.943298989,0.006128908,0.00299337,0.889812983,0.998775779,5
42530,775.403,281.212824,193.2368778,1.455275138,0.726510576,43028,232.7034117,0.72981553,0.988426141,0.888894651,0.827499288,0.006612105,0.00191245,0.684755072,0.996507033,6
56821,965.022,386.5769079,187.601567,2.060627287,0.874353745,57528,268.9735009,0.698261137,0.987710332,0.766733269,0.695782638,0.006803416,0.000983561,0.48411348,0.997577446,4
77593,1059.919,405.2489271,245.8931317,1.648069323,0.794877002,78724,314.3158857,0.688833848,0.985633352,0.867934702,0.775611889,0.005222751,0.001165888,0.601573802,0.991435328,2
37194,719.414,274.6529472,172.8749915,1.5887373,0.777056638,37588,217.6163404,0.79501539,0.989517931,0.903077414,0.792332078,0.007384335,0.00179523,0.627790122,0.997393584,3
73494,1035.962,398.3829604,237.2574441,1.6791168,0.803317363,74785,305.901074,0.793097867,0.98273718,0.860546016,0.767856822,0.005420619,0.001162384,0.5896041,0.990014149,2
29270,643.25,245.0946384,152.4239541,1.607979795,0.783097968,29649,193.0484951,0.690818976,0.987217107,0.888941122,0.787648789,0.008373578,0.001988022,0.620390615,0.997575574,3
63530,977.519,346.3706052,234.5515131,1.476735753,0.73582732,64529,284.4097542,0.691505573,0.984518589,0.835484321,0.821114003,0.005452079,0.001528818,0.674228206,0.995656897,0
78136,1200.683,413.4783417,241.6903031,1.710777538,0.811372431,79916,315.413768,0.739980302,0.977726613,0.681089704,0.762830205,0.005291778,0.001105332,0.581909921,0.995518422,0
33848,689.11,262.173124,165.6426459,1.58276344,0.775126267,34122,207.5972353,0.672147424,0.99196999,0.895706595,0.791832634,0.007745602,0.001878315,0.62699892,0.992390968,3
83008,1139.263,414.1048469,255.784557,1.618959533,0.786429016,84045,325.0985514,0.80023137,0.987661372,0.803677534,0.785063382,0.004988734,0.001168931,0.616324513,0.997804446,0
55175,962.44,408.2768518,173.1254469,2.358271756,0.90564377,55785,265.0490367,0.737042479,0.989065161,0.74852253,0.649189479,0.007399671,0.000810733,0.42144698,0.993886509,4
35739,699.446,259.8671258,175.4907282,1.480802596,0.737534497,36060,213.3173882,0.719123506,0.99109817,0.918002531,0.820871003,0.007271248,0.002036519,0.673829203,0.997808033,3
40535,750.716,281.5223744,184.1581483,1.528698985,0.756363962,40902,227.1800276,0.784831939,0.991027334,0.903834048,0.806969706,0.006945168,0.001816734,0.651200106,0.995488941,3
170723,1599.105,621.0104081,353.1574058,1.758452175,0.822557504,172911,466.2309243,0.796297506,0.987346091,0.838972905,0.750761852,0.003637532,0.000712845,0.563643359,0.99113989,1
37883,716.14,264.4647442,182.88286,1.446088191,0.72235659,38214,219.6227076,0.778540455,0.991338253,0.928235907,0.830442289,0.006981093,0.002048052,0.689634396,0.997272156,6
32836,669.19,218.4060038,191.7587728,1.138962252,0.478674896,33225,204.4702758,0.80291471,0.988291949,0.92142762,0.936193476,0.006651419,0.003151785,0.876458224,0.998252833,5
32780,663.22,240.4066233,173.8647827,1.382721788,0.690626845,33109,204.295845,0.750440695,0.990063125,0.93649095,0.849792914,0.007333942,0.002359227,0.722147997,0.998529769,3
54417,915.508,371.6190058,187.5068338,1.981895797,0.863372309,55168,263.2221045,0.803748671,0.986387036,0.815868512,0.70831174,0.006829098,0.001060329,0.501705521,0.994328063,4
34970,698.053,259.9372371,171.5361346,1.515349741,0.751341438,35414,211.0099213,0.77365545,0.987462585,0.901838352,0.811772579,0.007433149,0.001991087,0.65897472,0.998577171,3
34291,671.507,230.658067,189.6239312,1.216397453,0.569343533,34619,208.9513274,0.78204251,0.990525434,0.955628131,0.905892129,0.00672649,0.002794308,0.820640549,0.998225074,5
31720,660.858,247.9994942,163.2366092,1.519263941,0.752831336,32056,200.9655651,0.697909791,0.989518343,0.912697244,0.810346673,0.007818395,0.002079605,0.656661731,0.997642489,3
39581,717.629,237.0136344,212.803796,1.113766008,0.44029196,39918,224.4907446,0.775322716,0.991557693,0.965821047,0.947163842,0.005988066,0.002972807,0.897119344,0.999181031,5
31915,640.718,216.3203615,188.0653069,1.150240653,0.494138341,32184,201.5823407,0.777655945,0.99164181,0.976946683,0.93186947,0.006778015,0.003152845,0.868380709,0.998846794,5
33529,668.926,247.5205101,172.7727385,1.432636376,0.716084281,33773,206.6166709,0.791450288,0.992775294,0.941617046,0.834745657,0.007382281,0.002210991,0.696800313,0.998261475,3
80856,1106.265,432.7253831,239.6112184,1.805947927,0.832699054,81929,320.8567541,0.736541019,0.986903294,0.830240227,0.74147893,0.005351803,0.000997873,0.549791004,0.992893923,2
45753,906.221,275.3211301,212.1319136,1.297876992,0.637453243,46399,241.3597499,0.77911927,0.986077286,0.700101803,0.876648116,0.006017554,0.002192305,0.768511919,0.997433938,5
29537,630.915,234.1916556,160.9691046,1.454885745,0.72633658,29812,193.9269874,0.807683894,0.990775527,0.932469298,0.828069586,0.007928756,0.002299599,0.68569924,0.997614049,3
29124,644.032,252.6723403,147.0692248,1.718050398,0.813149346,29437,192.5664262,0.784992318,0.989367123,0.882360368,0.762119138,0.008675743,0.001805419,0.580825581,0.99788762,3
55428,928.665,385.0306528,184.5813416,2.085967354,0.877599852,56026,265.656021,0.818802257,0.989326384,0.807645758,0.689960706,0.006946501,0.000971054,0.476045776,0.993015947,4
40422,726.959,259.1305337,198.9789429,1.302301288,0.640603943,40712,226.8631501,0.782507695,0.992876793,0.961186863,0.875478265,0.006410631,0.002323069,0.766462193,0.998164702,5
80344,1085.561,426.0155944,242.4125082,1.757399391,0.822321872,81307,319.839269,0.72487775,0.988156001,0.856751451,0.750768923,0.005302395,0.001039147,0.563653976,0.990565154,2
63278,1028.037,358.9810719,226.0999955,1.587709328,0.776726355,64508,283.8451196,0.767731916,0.980932598,0.752393642,0.790696618,0.005673079,0.001367849,0.625201142,0.992637686,0
37311,694.501,240.8765914,197.6153409,1.218916458,0.571788927,37590,217.9583461,0.748015237,0.992577813,0.972077749,0.904854826,0.006455914,0.002669642,0.818762256,0.998002789,5
67381,998.588,380.6815848,227.7026014,1.671836784,0.801388258,68676,292.9029767,0.768400046,0.98114334,0.849130871,0.769417246,0.005649687,0.001221383,0.592002899,0.989732223,2
35473,687.235,241.0501435,187.6446637,1.284609638,0.627710839,35874,212.5220609,0.791348771,0.988821988,0.943837534,0.881650837,0.006795313,0.002532653,0.777308199,0.998537604,5
47512,839.433,312.732286,200.959732,1.556193786,0.766207285,49837,245.9556002,0.787927032,0.953347914,0.847307596,0.786473323,0.006582175,0.001553407,0.618540288,0.962568552,4
56675,898.464,344.9441908,210.2250507,1.640832953,0.79282715,57180,268.6277186,0.753977756,0.991168241,0.882266994,0.778757045,0.006086355,0.001380845,0.606462534,0.995103711,2
38579,729.013,278.6262283,177.2951966,1.571538505,0.771425937,38848,221.6310186,0.695994949,0.993075577,0.912200455,0.795442051,0.007222225,0.001783549,0.632728057,0.994356505,6
48340,834.914,318.2489783,195.1589178,1.630717068,0.789906607,49038,248.0894992,0.779476264,0.985766141,0.871431036,0.779545312,0.006583554,0.001499704,0.607690894,0.990971913,6
58932,928.906,341.4329234,220.0762982,1.551429782,0.764548068,59770,273.9243561,0.719086317,0.985979588,0.858257304,0.802278683,0.005793676,0.001480591,0.643651085,0.998579463,0
45381,767.7,267.1976343,216.3952376,1.234766704,0.586609967,45728,240.3765458,0.770318441,0.992411652,0.967611106,0.899620786,0.005887875,0.0023789,0.809317559,0.999318375,5
56248,925.453,330.3764438,218.0510188,1.515133686,0.751258776,57157,267.6138597,0.825295283,0.984096436,0.825293099,0.810027061,0.005873568,0.001559839,0.656143839,0.994145633,0
52150,912.208,378.8536482,175.5253317,2.158398702,0.886198144,52747,257.6808923,0.609364228,0.988681821,0.787546895,0.680159459,0.007264691,0.000959047,0.462616889,0.998511693,4
27888,618.792,228.801308,155.4945646,1.471442481,0.733578037,28201,188.4359425,0.758176331,0.988901103,0.915246029,0.823578957,0.008204292,0.002328316,0.678282298,0.998053387,3
41780,744.211,257.1975541,207.0124766,1.242425376,0.593441243,42194,230.6424683,0.763077148,0.990188178,0.947951526,0.896752184,0.006155997,0.002455658,0.804164479,0.999114355,5
51641,893.914,360.5070254,184.1942735,1.957210821,0.85962163,52251,256.4202865,0.626543884,0.988325582,0.81210658,0.711276809,0.006981023,0.001102182,0.505914698,0.990181722,4
49033,831.992,309.4932064,203.178182,1.523260044,0.754337575,49562,249.8614708,0.691687004,0.9893265,0.890143508,0.807324573,0.006311937,0.001653998,0.651772967,0.992819718,6
42440,775.99,296.2352492,183.021438,1.618582241,0.786315908,42863,232.4570633,0.777232437,0.990131349,0.885672153,0.784704264,0.006980095,0.001632545,0.615760782,0.996659467,6
61543,991.2,354.6838492,221.9501539,1.598033806,0.780008443,62634,279.9267427,0.828259582,0.982581346,0.787165298,0.789228896,0.005763188,0.001379286,0.62288225,0.995386893,0
58138,947.842,385.5418098,192.5845861,2.001934929,0.866304237,58857,272.0727856,0.807393726,0.987783951,0.81320128,0.705689444,0.006631494,0.001014485,0.497997592,0.996958774,4
37062,713.386,265.6909924,178.0076117,1.492582199,0.742379282,37449,217.2298414,0.785711257,0.989665946,0.915144242,0.817603335,0.007168825,0.001976052,0.668475213,0.997754204,3
26080,590.353,215.0643353,154.4771061,1.392208469,0.695750816,26337,182.2253751,0.746336996,0.990241865,0.940359469,0.847306341,0.008246332,0.002621817,0.717928036,0.999505492,3
33930,666.214,224.1509688,192.8605622,1.162243676,0.50961126,34251,207.8485452,0.76272901,0.990628011,0.960652272,0.927270341,0.006606277,0.003012742,0.859830285,0.999332311,5
32418,667.503,248.8889187,166.5412733,1.494457883,0.7431373,32777,203.1646612,0.7797662,0.989047198,0.914301933,0.816286487,0.007677491,0.002102662,0.66632363,0.995792601,3
32588,667.255,245.95499,168.9845042,1.455488426,0.726605804,32925,203.6966624,0.75962704,0.989764617,0.919779865,0.828186744,0.00754741,0.002190235,0.685893283,0.998309735,3
23310,567.128,216.4826359,137.5590662,1.573743134,0.77216036,23537,172.2765619,0.806853583,0.99035561,0.910730662,0.795798523,0.009287114,0.002297593,0.633295289,0.996644113,3
71968,1016.094,387.0887561,238.2321232,1.624838628,0.788179263,72580,302.7086116,0.834798747,0.991567925,0.875954452,0.782013445,0.005378623,0.001240817,0.611545028,0.993661984,2
46415,844.864,349.7669781,169.7788506,2.060132795,0.874289083,46946,243.0995958,0.777080194,0.988689132,0.817136497,0.695033011,0.007535645,0.001084731,0.483070886,0.995190174,4
44385,768.664,255.6372875,221.4859426,1.15419193,0.499338424,44875,237.7240779,0.783190994,0.98908078,0.944002197,0.929927243,0.005759542,0.002656829,0.864764676,0.998104411,5
30419,658.305,249.3340284,156.3215033,1.595007873,0.779054544,30880,196.8011019,0.777522174,0.985071244,0.882064796,0.789307032,0.008196654,0.001962458,0.623005591,0.993698822,3
57106,945.662,381.1508755,193.3643213,1.971154104,0.861759511,58022,269.6472092,0.678952312,0.984212885,0.802453229,0.707455306,0.006674445,0.001031314,0.50049301,0.98654885,4
44628,805.011,314.488383,181.3863708,1.733803822,0.81690904,45099,238.3739382,0.739265836,0.989556309,0.86539356,0.757973747,0.007046885,0.001434807,0.574524202,0.996112257,6
75186,1059.922,409.8002883,236.9893346,1.729192958,0.815821029,76389,309.4023083,0.802703222,0.984251659,0.841005878,0.755007542,0.005450487,0.001092497,0.570036388,0.985702908,2
33603,676.916,253.3384876,169.5361312,1.494303815,0.743075173,33953,206.8445513,0.792168604,0.989691633,0.921548841,0.816475038,0.007539163,0.002066686,0.666631488,0.996149976,3
75051,1077.341,370.1735995,258.9362535,1.429593556,0.714633072,76431,309.1244103,0.79215351,0.981944499,0.812568479,0.83507957,0.004932294,0.001479586,0.697357888,0.996938344,0
187129,1600.835,576.3698506,416.2622526,1.384631556,0.691669896,189047,488.1188818,0.773110181,0.989854375,0.917609326,0.846884828,0.003080067,0.000977321,0.717213912,0.993077015,1
44213,783.036,295.9261088,190.6661281,1.552064395,0.764770183,44657,237.2630186,0.80655636,0.99005755,0.90614227,0.801764398,0.006693192,0.001706083,0.642826151,0.99770758,6
37500,728.191,275.840463,173.8182658,1.586947504,0.776481079,37944,218.5096861,0.703406363,0.988298545,0.888690459,0.792159655,0.007355746,0.001786723,0.62751692,0.995836409,3
42686,794.621,307.0341194,178.553068,1.719567873,0.813516772,43365,233.1297991,0.830774022,0.984342211,0.849523207,0.759296066,0.007192853,0.001474774,0.576530516,0.991383354,6
44716,766.11,260.5966617,218.6403051,1.191896716,0.544133158,45132,238.608842,0.788349994,0.990782593,0.957393664,0.915625091,0.005827817,0.002526716,0.838369307,0.999249624,5
69816,1028.089,367.5514925,243.5373954,1.509219937,0.748978809,70868,298.1484396,0.765643849,0.9851555,0.830048372,0.811174613,0.005264574,0.001406049,0.658004253,0.993073137,0
85695,1156.716,406.8040568,268.7567432,1.513651535,0.750690509,87339,330.3184263,0.713275014,0.981176794,0.804844279,0.811984101,0.004747115,0.001272916,0.65931818,0.997977976,0
39814,740.266,278.4356845,182.3816646,1.526664893,0.755609291,40185,225.1505257,0.737296296,0.990767699,0.912998513,0.808626689,0.006993411,0.001844426,0.653877123,0.998251248,3
35436,705.427,268.7066041,168.303632,1.596558559,0.779544208,35850,212.4111968,0.69065253,0.988451883,0.894850326,0.790494888,0.007582871,0.001826458,0.624882167,0.997660972,3
46150,804.515,303.9296996,194.8274072,1.559994582,0.767517604,46644,242.4046307,0.74050897,0.989409142,0.896010869,0.797568092,0.006585692,0.001643813,0.636114862,0.992335738,6
51662,866.739,340.4138263,193.8320429,1.756230916,0.822059771,52217,256.4724183,0.774171312,0.989371278,0.86418038,0.753413635,0.00658925,0.001309633,0.567632106,0.996893053,6
30440,658.449,257.7675096,151.2674167,1.704051773,0.80970536,30730,196.8690218,0.71475533,0.990562968,0.882287705,0.763746456,0.008468052,0.001777297,0.583308648,0.993988137,3
32980,666.811,249.8842793,168.2513275,1.485184593,0.73935394,33293,204.9181304,0.727328864,0.990598624,0.932083895,0.82005211,0.007576843,0.002113654,0.672485463,0.998765048,3
41981,844.489,334.4773407,161.0888914,2.076352614,0.876383581,42857,231.1966032,0.609197237,0.979559932,0.739732414,0.691217536,0.00796735,0.001121896,0.477781682,0.992043244,4
33171,654.338,222.253649,190.3614532,1.167534946,0.516138043,33429,205.5106541,0.790237278,0.99228215,0.973563187,0.924667176,0.00670024,0.003021425,0.855009387,0.998253339,5
85716,1121.69,433.0923442,252.959551,1.712101173,0.8116978,86374,330.358897,0.807042651,0.992381967,0.856103089,0.762790895,0.005052643,0.001055165,0.58184995,0.996185982,2
60409,946.447,359.7523847,215.0499722,1.67287808,0.801666018,61368,277.335767,0.731414665,0.984372963,0.847459422,0.770907376,0.005955278,0.00129745,0.594298183,0.994188403,0
46669,805.211,306.5174825,194.7067816,1.574251703,0.772329242,47160,243.7638536,0.729681979,0.989588634,0.904521639,0.795269006,0.006567903,0.001620551,0.632452792,0.995639884,6
46481,849.522,343.2637046,173.9756328,1.973056221,0.862047243,47264,243.2723726,0.733000063,0.98343348,0.809349432,0.708704035,0.007385033,0.00114919,0.50226141,0.990989999,4
27117,608.494,229.2682079,150.8614367,1.519727062,0.753006662,27421,185.8129079,0.801969657,0.988913606,0.920320094,0.810460855,0.008454778,0.002250143,0.656846798,0.998227854,3
61153,988.076,330.529591,236.1084807,1.399905628,0.699805064,62432,279.0383807,0.746496582,0.979513711,0.787130843,0.844216035,0.005404961,0.001693506,0.712700713,0.997713739,0
51268,828.387,294.8418623,222.2647237,1.326534672,0.657053616,51717,255.4925537,0.730126178,0.991318135,0.938835904,0.866540971,0.005750992,0.002000225,0.750893254,0.996085937,5
34468,694.399,257.6113301,170.6910637,1.509225641,0.748981025,34876,209.4899058,0.720831503,0.988301411,0.898271819,0.813201445,0.007473927,0.002016142,0.66129659,0.998045769,3
41627,773.762,299.4652441,177.371783,1.688347712,0.805721148,42043,230.2197701,0.679890896,0.990105368,0.873715786,0.76876958,0.007194015,0.001550015,0.591006668,0.997824756,3
35565,682.802,227.2957017,199.3839165,1.139990154,0.48012413,35922,212.7974727,0.801428668,0.990061801,0.958612545,0.93621424,0.006390994,0.00302865,0.876497104,0.999198069,5
41657,745.22,259.4401353,205.0985657,1.264953435,0.612406621,42101,230.3027132,0.748082967,0.989453932,0.942603072,0.887691155,0.006228008,0.002385484,0.787995586,0.996777723,3
63139,971.167,378.9365767,214.3428288,1.767899485,0.824650215,64207,283.5331931,0.714630116,0.9833663,0.841239642,0.748233901,0.006001625,0.001160374,0.559853971,0.989765547,2
40740,757.11,263.4535233,199.1303713,1.323020298,0.654749088,41567,227.7537685,0.72434393,0.98010441,0.893126394,0.864493158,0.006466704,0.002227968,0.747348421,0.988757131,6
169030,1570.87,586.9240816,368.221092,1.593944764,0.778717839,170989,463.9134405,0.782437624,0.988543123,0.860781975,0.790414732,0.003472307,0.000836023,0.624755448,0.995825675,1
36549,694.092,239.78448,194.256328,1.234371526,0.586251845,36884,215.7211907,0.775592055,0.990917471,0.953347617,0.899646177,0.00656063,0.002651016,0.809363244,0.999054942,5
60956,951.012,368.4262449,211.2337842,1.744163446,0.819317014,61512,278.588567,0.747137989,0.990961113,0.846943288,0.756158311,0.006044134,0.001218891,0.571775391,0.997269737,2
48186,863.853,353.6268329,175.213263,2.018265209,0.868622186,48932,247.6940062,0.69837819,0.984754353,0.811429978,0.700438946,0.007338788,0.001089646,0.490614717,0.990190615,4
24702,580.296,215.3230921,146.2245614,1.472550781,0.73405157,25013,177.3458859,0.718499127,0.987566465,0.921812998,0.823626877,0.008716828,0.002474345,0.678361232,0.998921362,3
46032,811.712,301.1527792,195.4840461,1.540549141,0.76068672,46650,242.0945326,0.707912341,0.986752412,0.877941899,0.803892739,0.006542248,0.001685385,0.646243536,0.995569924,6
33407,706.222,281.5352959,152.7419055,1.843209268,0.840035139,33989,206.2404264,0.809866667,0.982876813,0.841714592,0.732556199,0.008427434,0.001497059,0.536638585,0.989137214,4
70776,1060.894,386.6199438,234.1002082,1.651514737,0.7958417,71978,300.1912757,0.775763422,0.983300453,0.79022705,0.77645057,0.005462585,0.00122471,0.602875487,0.995657752,0
43518,905.774,348.7185105,159.6008471,2.184941477,0.889117933,44595,235.3908208,0.574040364,0.97584931,0.666559759,0.675016707,0.008013202,0.001026228,0.455647555,0.995563242,4
40443,753.761,278.6161752,185.1616059,1.504718939,0.747220732,40926,226.9220723,0.737150044,0.988198211,0.894511444,0.814461229,0.006889108,0.001869926,0.663347093,0.998150934,3
40695,730.309,256.9121046,201.8861475,1.27255935,0.61845786,41014,227.6279492,0.759518477,0.992222168,0.958821163,0.886014887,0.006313112,0.002399868,0.785022379,0.998987568,5
55308,964.005,384.1890074,184.3287565,2.084259747,0.87738519,56329,265.3682964,0.650001763,0.981874345,0.747892616,0.690723293,0.006946355,0.000975334,0.477098668,0.994397548,4
75667,1043.897,408.8401001,238.4287677,1.71472639,0.812340507,77183,310.3904261,0.77870742,0.980358369,0.872571614,0.759197608,0.005403149,0.001107251,0.576381008,0.988335726,2
57853,930.73,358.6434909,207.2421815,1.730552575,0.816142909,58737,271.4050983,0.807957656,0.984949861,0.839244151,0.756754563,0.00619922,0.001254114,0.572677469,0.991048468,2
30900,659.508,238.215735,165.627458,1.438262339,0.718735643,31405,198.3509565,0.698241967,0.983919758,0.892746605,0.832652622,0.007709247,0.002285847,0.69331039,0.997162222,3
64605,996.636,385.5914274,216.2022804,1.783475302,0.828016978,66097,286.8059288,0.787097953,0.977427115,0.817340189,0.743807845,0.005968446,0.001126896,0.553250111,0.986707908,2
38670,711.562,245.5214698,200.8051418,1.222685174,0.575400165,39010,221.8922558,0.763625592,0.991284286,0.95975093,0.903759073,0.006349146,0.002612797,0.816780461,0.998665361,5
143603,1405.207,516.0199144,356.2938031,1.448298876,0.723365593,145400,427.5991328,0.77369388,0.98764099,0.913887564,0.828648509,0.003593378,0.001045115,0.686658352,0.994486519,1
68552,1014.755,390.4415269,226.0322675,1.727370748,0.815388241,69827,295.437163,0.761485826,0.981740587,0.836580224,0.75667454,0.005695553,0.001151734,0.57255636,0.989017108,2
40504,740.479,245.5417356,210.4261872,1.166878224,0.51533727,40946,227.0931406,0.763189629,0.989205295,0.928287036,0.924865747,0.00606216,0.002736037,0.855376649,0.998120386,5
40494,760.31,286.9312509,180.2077172,1.592225101,0.778171454,40982,227.0651055,0.786596737,0.988092333,0.880276559,0.79135718,0.007085772,0.001714183,0.626246186,0.997124897,6
28278,612.547,221.3212684,163.2194988,1.355973214,0.67537149,28550,189.7489601,0.79539829,0.990472855,0.947064853,0.857346252,0.007826624,0.00260843,0.735042597,0.996698072,3
64783,1059.216,355.2919274,232.7027318,1.526806001,0.755661765,66071,287.2007615,0.730855144,0.980505819,0.725607654,0.808351498,0.005484339,0.001444458,0.653432144,0.997664118,0
33972,672.812,232.9882693,185.9156247,1.25319359,0.602708675,34349,207.9771473,0.785661425,0.989024426,0.943069114,0.892650724,0.006858244,0.00268608,0.796825316,0.998576378,5
42044,777.85,294.5178513,182.9759506,1.609598695,0.783594297,42486,231.3700141,0.789514206,0.989596573,0.873216995,0.785589101,0.007004991,0.00164577,0.617150236,0.993364214,6
145163,1449.277,535.8624458,346.3839439,1.547018721,0.762994828,146814,429.9154243,0.704613189,0.988754478,0.868486354,0.802286907,0.003691453,0.0009434,0.643664281,0.995760693,1
55736,935.811,384.3437562,185.117194,2.076218572,0.876366493,56347,266.3930916,0.605220866,0.989156477,0.799777846,0.693111537,0.00689579,0.000981694,0.480403603,0.997422882,4
65159,974.379,332.8213221,250.3496317,1.32942605,0.658929952,65995,288.0330111,0.840576906,0.987332374,0.862439112,0.86542836,0.005107833,0.001767425,0.748966247,0.99569524,0
42116,766.156,291.4779223,184.2718623,1.58178204,0.774806584,42500,231.568039,0.800319246,0.990964706,0.901617987,0.794461677,0.006920836,0.001700709,0.631169356,0.998372352,6
101496,1239.9,480.4816111,270.0436282,1.779274017,0.8271189,102579,359.4839646,0.668326024,0.989442284,0.829631954,0.748174241,0.004733996,0.000914995,0.559764695,0.995974777,2
40731,739.522,256.7799444,202.1768771,1.270075728,0.616500359,41145,227.7286102,0.759396674,0.989938024,0.935907096,0.886862916,0.006304288,0.002405702,0.786525831,0.998947368,5
36474,713.319,259.3227454,179.5186179,1.444545131,0.721648717,36885,215.4997428,0.811290538,0.988857259,0.900794392,0.8310098,0.007109797,0.002091518,0.690577288,0.997570059,6
39145,716.674,252.7945232,197.7307919,1.278478283,0.623052664,39458,223.2508947,0.765208382,0.992067515,0.957729497,0.883131849,0.006457901,0.002423111,0.779921862,0.997113163,5
29833,626.445,229.6467641,165.5129616,1.387485076,0.693217476,30095,194.8962681,0.746571572,0.991294235,0.955302463,0.848678486,0.007697743,0.002463292,0.720255173,0.999343303,3
33037,678.063,263.7833569,160.0818022,1.647803519,0.794802277,33357,205.0951361,0.820835818,0.990406811,0.902963871,0.777513557,0.007984483,0.001799942,0.604527331,0.996142263,3
37220,697.179,246.030186,192.8818788,1.275548473,0.620790529,37513,217.6923881,0.762454933,0.992189374,0.962271534,0.884819833,0.006610161,0.002499259,0.782906137,0.998634728,5
50914,843.481,313.330817,207.4562818,1.510346249,0.749415646,51386,254.6089515,0.816976893,0.990814619,0.899283187,0.812588286,0.006154119,0.001655114,0.660299723,0.997281209,6
60147,957.495,384.5000616,200.8289821,1.914564609,0.852754486,60778,276.7336967,0.770384507,0.989617954,0.82442434,0.719723413,0.006392672,0.001058095,0.518001791,0.991747897,4
66554,1025.341,429.9036152,197.9089856,2.172228886,0.887734059,67248,291.0999565,0.823005676,0.98967999,0.795513179,0.677128422,0.006459471,0.000837647,0.4585029,0.995973243,4
33507,676.021,250.494547,170.667151,1.467737321,0.731984929,33882,206.5488742,0.797975709,0.988932176,0.921350839,0.824564354,0.007475887,0.002131772,0.679906373,0.997923959,3
26917,606.429,218.7678977,157.4198455,1.389709773,0.694415037,27369,185.1264131,0.744262567,0.983484965,0.919764399,0.846222938,0.008127499,0.002570845,0.71609326,0.995161802,3
46562,840.976,337.6311552,176.1020662,1.917246983,0.853201642,47115,243.4842494,0.811523982,0.988262761,0.827321454,0.721154566,0.007251217,0.001209774,0.520063909,0.99709096,4
33078,659.456,235.5600775,178.9312328,1.316483846,0.650391531,33333,205.2223615,0.787721471,0.992349923,0.955822961,0.871210282,0.007121352,0.002530662,0.759007355,0.999220922,5
42428,774.635,284.8893188,190.1533835,1.498207991,0.744642007,42844,232.4241971,0.724484743,0.990290356,0.888522015,0.815840334,0.006714654,0.001834949,0.665595451,0.997200424,6
72546,1026.063,378.8428222,246.1145886,1.539294458,0.760234904,73752,303.9217597,0.777989876,0.983647901,0.865915037,0.802237081,0.005222105,0.001334247,0.643584333,0.990665798,2
132254,1358.189,497.7676684,339.6363418,1.465590124,0.731054561,133553,410.3547523,0.727117787,0.990273524,0.900944965,0.824390129,0.003763725,0.001072331,0.679619085,0.996043019,1
76135,1047.656,409.3399353,237.5633729,1.723076795,0.814362043,76684,311.3488281,0.812297286,0.992840749,0.871679449,0.760611905,0.005376501,0.001110023,0.57853047,0.996852429,2
67284,1042.588,416.6992868,206.1230776,2.021604236,0.869088481,68146,292.6920729,0.654386306,0.987350688,0.777850656,0.702405985,0.006193141,0.000929916,0.493374167,0.997407307,4
23923,577.153,211.0184768,144.8463817,1.456843273,0.727209445,24305,174.5271028,0.711655164,0.984283069,0.902492475,0.827070243,0.008820736,0.002545975,0.684045186,0.996546628,3
30681,649.881,245.5032812,159.9887395,1.534503503,0.758496955,31092,197.6468125,0.759167615,0.986781166,0.912875801,0.805067906,0.008001802,0.002073469,0.648134333,0.994564404,3
89042,1128.166,436.5462293,261.1475299,1.671646021,0.801337307,89791,336.7072847,0.8158512,0.991658407,0.879141449,0.771298117,0.0049027,0.001070297,0.594900785,0.994463531,2
68056,1054.621,359.7313547,242.2025444,1.485250106,0.739380986,69299,294.3664221,0.716801483,0.982063233,0.768924066,0.818295148,0.005285814,0.001461947,0.669606949,0.994533792,0
87301,1149.522,453.1338178,248.9393821,1.820257663,0.835577379,89077,333.3992884,0.700886334,0.980062193,0.830222516,0.735763422,0.005190477,0.000938296,0.541347813,0.985392505,2
36289,704.438,262.904149,176.0537875,1.4933172,0.74267675,36635,214.9525293,0.775837003,0.99055548,0.918965726,0.817607976,0.007244734,0.001997021,0.668482803,0.998256868,3
46137,804.134,301.8584982,195.156389,1.546751811,0.762900314,46601,242.3704868,0.774110738,0.990043132,0.896607496,0.802927492,0.006542656,0.00167741,0.644692557,0.99717938,6
35322,697.666,259.1475488,173.8459387,1.490673585,0.741604218,35710,212.069251,0.710346908,0.989134696,0.911926913,0.818334003,0.007336718,0.00202957,0.66967054,0.998260185,3
63336,990.209,386.0225949,212.8307846,1.813753568,0.83427879,64839,283.9751746,0.63284107,0.976819507,0.811720954,0.735643919,0.006094837,0.001101064,0.541171976,0.981552602,4
44593,778.735,294.6919305,193.1196497,1.525955183,0.755345092,44946,238.2804462,0.696199963,0.992146131,0.924053605,0.808574723,0.00660848,0.001742457,0.653793083,0.997658944,5
46371,810.787,281.3781027,210.3387961,1.337737535,0.664227155,46994,242.984343,0.738626951,0.986742988,0.886426584,0.863551004,0.006067976,0.002081496,0.745720336,0.997578084,5
64734,1032.092,372.8922116,224.1463197,1.663610681,0.799172181,66426,287.0921258,0.691802122,0.974528046,0.763669567,0.769906469,0.005760376,0.001248483,0.59275597,0.986115164,0
37445,703.374,241.2379712,197.8564002,1.219257861,0.572118387,37798,218.3493869,0.750460959,0.990660882,0.951110722,0.905120308,0.006442462,0.002667208,0.819242772,0.99886819,5
37008,691.802,242.2470916,194.6144489,1.244753887,0.595477935,37288,217.0715299,0.79334591,0.992490882,0.971721592,0.896074865,0.006545803,0.002603274,0.802950163,0.999475336,5
67546,985.555,356.6686962,241.4833998,1.476990536,0.735934804,68376,293.2613822,0.801713906,0.987861238,0.873871888,0.822223496,0.005280382,0.001488691,0.676051477,0.998521633,0
30455,659.854,250.9167134,155.1456934,1.617297316,0.785929985,30828,196.9175217,0.736535345,0.98790061,0.878967385,0.784792368,0.008238933,0.001927835,0.615899061,0.996091898,3
48947,834.814,315.1635105,198.6220033,1.586750235,0.776417496,49509,249.642256,0.785893195,0.988648529,0.882584905,0.792103933,0.006438873,0.001563573,0.62742864,0.995572542,6
29047,694.716,230.9578509,160.5771097,1.438298717,0.718752655,29737,192.3116977,0.77894878,0.976796583,0.756304259,0.832670104,0.007951177,0.002357779,0.693339502,0.997229316,3
37574,712.47,253.4993159,188.9044447,1.341944686,0.666855337,38001,218.7251761,0.748113489,0.988763454,0.93017386,0.862823536,0.006746668,0.002306519,0.744464454,0.999030119,5
26439,604.923,228.2848809,147.9001309,1.543506956,0.761746429,26738,183.4752853,0.769649511,0.988817413,0.907934867,0.803711944,0.008634399,0.002222356,0.645952888,0.997032777,3
36373,706.208,260.7169424,178.2056931,1.463011298,0.729930173,36774,215.2011663,0.759226017,0.989095557,0.916481538,0.82542072,0.00716787,0.002052444,0.681319365,0.996777928,3
69673,1063.011,390.0669854,228.7240767,1.705404131,0.810042421,70866,297.8429432,0.744488967,0.983165411,0.774816495,0.763568706,0.005598539,0.001173943,0.583037168,0.994313996,0
29847,661.797,238.7327093,159.5771914,1.496032781,0.743770967,30349,194.9419931,0.752799637,0.983459093,0.856369047,0.816570103,0.00799855,0.002193638,0.666786734,0.997534811,3
64222,977.412,337.0460686,243.183425,1.385974676,0.692399946,65307,285.9545244,0.716299717,0.983386161,0.844769756,0.848413766,0.00524814,0.00167732,0.719805919,0.997632774,0
51604,920.072,352.4904552,189.0325785,1.864707439,0.84404195,52966,256.3284094,0.676082172,0.974285391,0.766036745,0.727192483,0.006830681,0.00117826,0.528808907,0.986073903,4
67848,1001.425,388.5368326,222.9781567,1.742488315,0.818931036,68623,293.9162408,0.800566372,0.98870641,0.850178379,0.756469442,0.005726578,0.001156753,0.572246016,0.997131997,0
73674,1092.816,378.1779296,249.5971542,1.515153211,0.751266248,75048,306.2754483,0.813897481,0.981691717,0.775229024,0.809871291,0.005133126,0.001362152,0.655891509,0.993776125,0
46338,798.429,301.6286942,197.0381277,1.530813847,0.75714462,46746,242.8978675,0.782842276,0.99127198,0.91342847,0.805287667,0.006509316,0.001688571,0.648488227,0.992714757,6
77043,1083.127,409.9881519,242.6333065,1.689743909,0.806080683,78995,313.199927,0.76544694,0.975289575,0.82524763,0.763924337,0.00532155,0.001117942,0.583580392,0.986101413,2
52266,903.64,366.5211214,182.9456302,2.003442886,0.86652092,53045,257.9673197,0.733990563,0.985314356,0.804337347,0.703826614,0.007012611,0.001061505,0.495371902,0.992449313,4
34700,690.412,233.6301362,189.501815,1.2328649,0.58488132,35154,210.1937492,0.747877064,0.987085396,0.914792671,0.899685942,0.006732857,0.00272109,0.809434794,0.997923747,5
47979,835.28,322.8308784,190.4265884,1.695303587,0.807501985,48790,247.161405,0.799996665,0.983377741,0.864165433,0.765606457,0.006728587,0.001426021,0.586153247,0.993707702,6
31479,670.537,255.180817,157.8175133,1.616935989,0.785821262,31964,200.2006684,0.779453276,0.98482668,0.879802714,0.784544351,0.008106383,0.001894423,0.615509838,0.995240009,3
39984,729.801,254.4318151,200.5811621,1.268473133,0.615227815,40353,225.6306937,0.820891845,0.990855698,0.943381151,0.886802201,0.006363341,0.002427571,0.786418144,0.997550287,5
45147,807.574,309.4261227,186.5771932,1.658434868,0.797757696,45655,239.7560129,0.788979763,0.98887307,0.869909561,0.774840892,0.006853747,0.001523905,0.600378408,0.995688486,6
181118,1654.091,632.3590715,370.3584898,1.707424263,0.810544168,185974,480.21516,0.770472277,0.973888823,0.831864671,0.759402658,0.00349142,0.000716259,0.576692398,0.984658592,1
63988,1012.38,342.8844413,238.8867326,1.435343175,0.717365036,65339,285.4330955,0.81523761,0.979323222,0.784551192,0.832446915,0.005358574,0.001587286,0.692967867,0.994646698,0
150169,1496.077,562.8234368,342.7948749,1.641866545,0.793121922,151971,437.2654905,0.779026276,0.988142475,0.843106155,0.776914147,0.003747934,0.000842294,0.603595592,0.99102341,1
31870,659.448,245.5347346,165.481144,1.483762613,0.738765779,32159,201.4401755,0.783624293,0.991013402,0.920938898,0.82041417,0.007704259,0.002152996,0.67307941,0.998690064,3
93615,1163.399,438.859731,272.5946707,1.609935109,0.783697208,94533,345.2453041,0.743802638,0.990289105,0.869156402,0.786687134,0.004687921,0.001107563,0.618876647,0.996351243,2
98399,1207.523,475.4600796,267.2661418,1.778976104,0.827054939,99895,353.9569154,0.715785262,0.985024275,0.848027089,0.744451386,0.00483196,0.000915479,0.554207867,0.985922551,2
24257,574.672,204.5871172,151.7031407,1.348601725,0.67094318,24688,175.7412064,0.721934524,0.982542126,0.923011002,0.859004266,0.008434148,0.002832711,0.737888329,0.995117473,3
44517,757.197,261.8157548,216.6867686,1.208268306,0.561272971,44812,238.0773085,0.771257796,0.993416942,0.975703773,0.909331483,0.005881253,0.002480496,0.826883745,0.999097422,5
34856,697.267,265.273145,167.9044084,1.579905778,0.77419338,35226,210.665701,0.793606703,0.989496395,0.90092614,0.794146354,0.007610545,0.001867229,0.630668432,0.9963967,3
53749,877.19,340.096155,202.3696457,1.68056901,0.803698634,54241,261.6015143,0.82179989,0.990929371,0.877794607,0.769198682,0.006327488,0.00136636,0.591666613,0.994336574,6
35674,712.727,258.2219167,176.3050191,1.464631682,0.730637568,36178,213.1233153,0.719233871,0.986068882,0.882501088,0.825349444,0.007238379,0.002071918,0.681201704,0.997709598,3
45226,814.984,314.1255195,183.97133,1.707469961,0.810555494,45806,239.9656885,0.744215896,0.987337903,0.855657334,0.763916567,0.006945684,0.001459078,0.583568521,0.99642572,6
24370,570.256,209.9727832,148.080925,1.417959694,0.708969976,24649,176.1500715,0.737948159,0.988681082,0.941728397,0.838918592,0.008616035,0.002632489,0.703784403,0.997937917,3
40841,727.572,248.9160626,209.2592311,1.189510548,0.541529247,41171,228.03591,0.788618985,0.991984649,0.969514429,0.916115688,0.006094759,0.00264812,0.839267954,0.998318084,5
36241,709.994,263.2216995,176.0769763,1.494924009,0.743325113,36678,214.8103218,0.811959493,0.988085501,0.903442838,0.816081357,0.007263092,0.00198717,0.665988782,0.99560262,3
65301,1011.629,357.962786,232.5992193,1.538968132,0.760117168,66437,288.3466933,0.773177201,0.982901094,0.801838961,0.805521424,0.005481735,0.00142366,0.648864765,0.998582195,0
44487,782.475,299.631194,189.5121477,1.581065898,0.774572848,44833,237.9970748,0.80643524,0.992282471,0.913065729,0.794300058,0.006735253,0.001653758,0.630912583,0.997514369,6
44935,785.847,289.9400126,198.5056873,1.460613127,0.728877635,45472,239.1924308,0.821721162,0.988190535,0.914362931,0.824972133,0.006452432,0.001843573,0.680579021,0.994062652,6
41229,758.932,278.9910223,188.7135974,1.478383254,0.736521083,41675,229.1165494,0.71488764,0.98929814,0.899511946,0.821232696,0.006766864,0.001898594,0.674423141,0.997055877,6
179166,1593.298,584.1270946,392.7594104,1.487238954,0.74019987,181118,477.6203893,0.765614317,0.989222496,0.886893435,0.817665186,0.003260256,0.000898946,0.668576356,0.9943328,1
26322,598.134,218.2334017,153.7430217,1.419468665,0.709714949,26631,183.0688704,0.771272855,0.988396981,0.924552908,0.838867327,0.008290913,0.002532534,0.703698392,0.998877817,3
31497,664.096,237.1334746,169.4922012,1.399081921,0.699375512,31860,200.2578986,0.728085992,0.988606403,0.897464597,0.84449443,0.007528764,0.002362058,0.713170843,0.997784434,3
37521,703.561,250.2426206,191.5465257,1.306432574,0.6435034,37927,218.5708603,0.792786511,0.989295225,0.952534586,0.873435787,0.006669402,0.002394366,0.762890074,0.996664443,3
52829,846.266,298.2441132,226.0495163,1.319375144,0.65233061,53408,259.3529871,0.746805202,0.989158928,0.926975954,0.869599686,0.005645462,0.001991392,0.756203613,0.997716251,5
47634,870.581,355.0814366,174.0811234,2.039746928,0.87157798,48581,246.2711767,0.618109623,0.980506782,0.789784392,0.693562522,0.007454369,0.001063979,0.481028972,0.981177368,4
59157,950.086,383.9193001,197.2966269,1.945898955,0.85784932,59796,274.446774,0.715147485,0.989313666,0.823550374,0.714855372,0.006489837,0.001045409,0.511018202,0.994389786,4
35869,705.532,264.8164878,172.8495435,1.532063565,0.757604032,36265,213.7050052,0.70792216,0.989080381,0.905515107,0.806992823,0.007382879,0.001931453,0.651237417,0.997737119,4
64033,1005.371,354.1202439,230.9060098,1.533612071,0.758171341,65141,285.5334442,0.768703481,0.982990743,0.796087868,0.806317767,0.005530277,0.001441955,0.650148341,0.997075343,0
24796,583.933,218.4702547,144.8632265,1.508113963,0.748548659,25139,177.6829979,0.758681884,0.986355861,0.913830088,0.813305217,0.008810706,0.002377961,0.661465376,0.99756517,3
39578,756.026,276.6045894,182.5620716,1.515126264,0.751255935,40028,224.4822369,0.710926694,0.988757869,0.870142228,0.811563674,0.006988847,0.001870147,0.658635598,0.997916092,6
33705,670.292,239.8365502,179.2830338,1.337753747,0.66423735,34020,207.1582459,0.739923604,0.990740741,0.942705679,0.863747605,0.007115756,0.002443139,0.746059926,0.998044461,3
37108,707.857,265.8743068,177.9248265,1.494306961,0.743076442,37379,217.3646085,0.736664483,0.99274994,0.930649931,0.817546498,0.007164878,0.001974415,0.668382277,0.998768289,3
80728,1107.051,425.1260411,244.0028531,1.742299468,0.818887441,81858,320.6026855,0.788829283,0.986195607,0.827749258,0.754135608,0.005266154,0.001050681,0.568720515,0.990881451,2
47369,800.778,272.1428992,222.1526616,1.225026508,0.577615646,47880,245.5851868,0.746344615,0.989327485,0.928281754,0.902412621,0.005745169,0.002350191,0.814348538,0.997598545,5
40690,760.969,290.702356,180.4945831,1.610587703,0.78389662,41649,227.613965,0.672395274,0.976974237,0.883005937,0.78297943,0.007144319,0.001656312,0.613056788,0.987381724,3
49163,834.536,314.3580357,200.2984146,1.569448447,0.770726171,49827,250.1924774,0.740384326,0.986673892,0.887070401,0.79588383,0.0063942,0.001582576,0.63343107,0.99413741,6
45407,835.028,341.11958,170.1408075,2.004925126,0.866733378,46053,240.4453951,0.639085151,0.985972684,0.818334002,0.70487128,0.007512489,0.001143939,0.496843522,0.99613406,4
38713,734.278,269.888704,183.1876498,1.473290936,0.734367045,39159,222.0155907,0.726322702,0.988610537,0.902288992,0.822619055,0.006971526,0.001969258,0.67670211,0.996979084,6
58706,952.554,376.1521502,200.3910905,1.877090191,0.846279313,59417,273.3986114,0.611852253,0.988033728,0.813042306,0.726829851,0.006407389,0.001103041,0.528281633,0.991632271,4
30996,652.345,245.1105175,161.6665388,1.51614873,0.751646742,31424,198.6588355,0.751673295,0.986379837,0.915294474,0.810486786,0.007907811,0.002104844,0.65688883,0.995941166,3
139686,1402.293,508.6819485,350.946932,1.449455465,0.723891089,141092,421.7270907,0.76540274,0.990034871,0.892658229,0.829058495,0.00364161,0.001061241,0.687337988,0.996265803,1
48130,840.554,331.5392572,185.5027974,1.787246671,0.828816947,48617,247.5500339,0.64725659,0.989982928,0.856040846,0.746668844,0.006888412,0.001320721,0.557514363,0.996415689,6
75312,1054.801,405.325841,239.7280027,1.690773863,0.806345233,77102,309.6614548,0.774416452,0.976784,0.850614887,0.763981527,0.005381956,0.001130971,0.583667773,0.986850215,2
26817,600.994,221.4533403,154.5299008,1.433077606,0.716293705,27147,184.7822093,0.790013257,0.987843961,0.932996004,0.834406964,0.008257946,0.002469241,0.696234981,0.99775876,3
48945,826.904,304.1505097,206.8839091,1.470150632,0.733024341,49527,249.6371557,0.742581017,0.988248834,0.899514175,0.820768494,0.006214128,0.001739573,0.67366092,0.990383028,6
83127,1093.874,410.1196953,259.0515289,1.583158752,0.775254831,83960,325.3314981,0.695140614,0.990078609,0.873006288,0.793259875,0.004933652,0.001205064,0.629261229,0.996220422,0
58778,968.674,329.3700469,227.6504993,1.446823301,0.72269278,59726,273.5662149,0.719304901,0.984127516,0.787171537,0.830574054,0.005603628,0.001644987,0.689853258,0.998095769,0
47114,818.382,315.0707499,190.7427445,1.65180988,0.795924003,47544,244.9232694,0.777612729,0.990955746,0.883990717,0.777359591,0.006687412,0.001506349,0.604287934,0.99816878,6
58121,933.902,376.1395319,198.0311247,1.899396029,0.850185565,58785,272.0330046,0.770018548,0.988704602,0.837414219,0.723223648,0.006471663,0.00109216,0.523052446,0.993483738,4
43634,772.146,257.3974491,216.4794615,1.189015564,0.540985555,44106,235.7043366,0.778816978,0.989298508,0.919678512,0.915721338,0.005899011,0.002558658,0.83854557,0.997043734,5
33631,669.076,224.8894003,190.753366,1.178953771,0.52966059,34009,206.9307109,0.762884493,0.988885295,0.94405814,0.92014435,0.006686967,0.002956874,0.846665624,0.998179631,5
39106,752.94,281.2942918,178.0082033,1.580232183,0.774300248,39692,223.139655,0.778507724,0.98523632,0.86682718,0.793260516,0.007193124,0.001756955,0.629262246,0.994380453,6
43028,782.027,301.8236234,182.6130415,1.652804317,0.796200926,43603,234.0618532,0.794695626,0.986812834,0.884132853,0.775492159,0.007014586,0.001564918,0.601388088,0.993976828,6
35872,684.086,232.5520303,196.5917462,1.182918585,0.534186405,36214,213.7139419,0.769785408,0.990556139,0.963261161,0.918994092,0.006482829,0.0028523,0.84455014,0.999034057,5
37848,697.327,240.9621294,200.1462736,1.203930131,0.556850132,38105,219.5212297,0.795778053,0.993255478,0.978092293,0.911019629,0.006366575,0.002705182,0.829956764,0.999209956,5
39102,715.945,254.5845493,195.9298469,1.299365836,0.638518834,39444,223.1282427,0.751932618,0.99132948,0.958626686,0.87644063,0.006510781,0.002369752,0.768148177,0.998105498,5
35923,684.665,229.9818299,199.1153587,1.155018033,0.500412098,36239,213.8658088,0.771012191,0.991280113,0.962999824,0.929924807,0.006402077,0.002953194,0.864760147,0.998813564,5
47465,817.221,307.6463843,196.9547854,1.56201528,0.768209443,47955,245.8339175,0.70487689,0.989782087,0.893108686,0.799079495,0.006481542,0.001630114,0.63852804,0.997390555,6
35249,706.381,272.6598718,165.2835727,1.649648948,0.795320184,35703,211.8499958,0.751609877,0.987283982,0.8877254,0.776975337,0.007735251,0.001738934,0.603690674,0.995877686,6
59802,1015.517,375.2640085,206.2712911,1.819274057,0.835382017,61962,275.9388904,0.665361208,0.965139924,0.728704039,0.73531936,0.006275108,0.001131631,0.540694561,0.983671587,0
28024,616.129,229.6359093,155.5564939,1.47622194,0.735610345,28292,188.8948517,0.784458627,0.990527358,0.927676782,0.822584117,0.008194259,0.002314252,0.67664463,0.998877648,3
46602,810.528,306.2855741,194.3222826,1.576173201,0.772965512,47100,243.5888119,0.761470588,0.989426752,0.891411792,0.795299656,0.00657237,0.001621903,0.632501543,0.996931982,6
36362,701.998,258.6351721,179.4211654,1.44149756,0.720241911,36721,215.168623,0.786035452,0.990223578,0.927226589,0.831938755,0.007112787,0.002101769,0.692122091,0.997692306,3
70249,1056.843,378.126483,237.3059218,1.593413599,0.778549302,71505,299.0715713,0.706233035,0.982434795,0.790367475,0.790929979,0.00538266,0.001299358,0.625570232,0.996792115,0
48761,883.692,368.3732966,169.4301711,2.174189486,0.887949213,49263,249.1674807,0.718870706,0.989809796,0.784658387,0.676399411,0.007554671,0.000975457,0.457516163,0.99472683,4
37832,720.476,263.0344964,183.3849805,1.434329549,0.716886544,38289,219.4748242,0.725167721,0.988064457,0.915862186,0.834395591,0.006952699,0.002078841,0.696216003,0.998603186,3
44392,802.513,289.8278573,195.488756,1.482580703,0.738275269,45107,237.742823,0.773110414,0.984148802,0.86618453,0.820289758,0.006528831,0.00182341,0.672875287,0.997591916,6
68843,1007.263,391.8923946,225.7392283,1.736040286,0.817433134,69852,296.0635573,0.807561468,0.985555174,0.852675705,0.755471557,0.005692553,0.001143824,0.570737273,0.990822898,2
42515,763.56,237.0209156,228.6913629,1.036422681,0.262774375,43038,232.6623718,0.769864552,0.987847948,0.916359125,0.981611143,0.005574995,0.003192877,0.963560435,0.99865589,5
43897,790.024,303.3674891,184.6128481,1.643263144,0.793519165,44412,236.4136128,0.780307878,0.988404035,0.883820631,0.779297786,0.006910893,0.001572272,0.60730504,0.997961989,6
68164,1012.348,352.5717043,250.020105,1.410173411,0.705075097,69862,294.5998987,0.792088872,0.975694941,0.835805594,0.835574424,0.005172403,0.001555295,0.698184618,0.984561384,0
30287,646.141,242.6682283,159.0700861,1.525542824,0.755191373,30639,196.373639,0.779227128,0.988511374,0.911615126,0.809226821,0.00801229,0.002119422,0.654848048,0.99899874,3
69354,1088.995,373.5001394,237.3093375,1.573895673,0.772211035,70740,297.1603193,0.758464567,0.980407125,0.7349023,0.795609661,0.005385416,0.001331065,0.632994733,0.996267671,0
28752,638.213,243.6536926,150.4666239,1.619320526,0.786537148,29057,191.3326511,0.684424766,0.98950339,0.887047,0.78526473,0.008474322,0.001987692,0.616640696,0.998538936,3
70380,1081.527,369.9593546,244.26955,1.514553716,0.751036661,71769,299.3502951,0.80008185,0.98064624,0.756108978,0.809143738,0.005256598,0.001389912,0.654713589,0.991598899,0
33844,669.837,239.1680949,180.3396663,1.326209036,0.656841191,34202,207.5849685,0.763800497,0.989532776,0.947879835,0.867945905,0.00706678,0.002473842,0.753330093,0.999073177,3
37115,710.104,264.5461903,178.785431,1.47968539,0.737067312,37525,217.3851092,0.791398354,0.989073951,0.924943939,0.821728368,0.007127743,0.002004679,0.675237511,0.99913908,3
47500,827.373,308.7520765,196.3719694,1.572281815,0.771673978,48005,245.924538,0.712250712,0.989480262,0.871968478,0.796511365,0.006500044,0.001613853,0.634430355,0.99750331,6
31652,681.395,237.6383411,170.2652748,1.395694697,0.697598314,32135,200.7500388,0.790430526,0.984969659,0.856669167,0.844771251,0.007507846,0.002358585,0.713638467,0.996021424,3
40484,733.501,254.4467838,202.7484452,1.254987596,0.604215932,40856,227.0370669,0.758681434,0.99089485,0.945566026,0.892277212,0.00628512,0.002457494,0.796158623,0.999169196,5
65781,1039.257,409.7138586,204.9928316,1.998674077,0.865833812,66762,289.4045101,0.642549451,0.985306012,0.765357634,0.70635763,0.006228453,0.000956442,0.498941101,0.997220646,4
45816,814.284,311.1600595,188.0015362,1.655093175,0.796836048,46428,241.525864,0.699747995,0.986818299,0.868310857,0.77621101,0.006791515,0.001520777,0.602503532,0.997199484,6
28047,627.089,236.2464809,151.5729929,1.558631762,0.767049133,28352,188.9723512,0.702298678,0.989242381,0.896268046,0.799894883,0.008423235,0.002127112,0.639831824,0.997262203,3
54349,908.396,368.6042693,188.93584,1.95094943,0.858644876,54969,263.0575907,0.756170521,0.988720915,0.827658149,0.713658556,0.006782172,0.001085202,0.509308535,0.993635196,4
46696,862.883,354.9810266,168.0544527,2.112297656,0.880837827,47259,243.8343573,0.778227755,0.988086925,0.788107968,0.686894056,0.007601958,0.001043913,0.471823445,0.996631556,4
35481,679.09,237.9018822,190.0844881,1.251558634,0.601326085,35754,212.5460239,0.789010207,0.992364491,0.966832064,0.893418841,0.00670505,0.002635131,0.798197226,0.99899063,5
37096,715.828,265.4873786,178.4071265,1.488098507,0.740552486,37521,217.3294599,0.779098584,0.98867301,0.909744802,0.818605619,0.007156766,0.001982419,0.67011516,0.997197369,3
191584,1634.627,580.6355825,421.0280125,1.379090144,0.688626991,193466,493.8950546,0.771318719,0.990272193,0.901014467,0.850611071,0.00303071,0.000978697,0.723539194,0.997825771,1
48382,870.465,354.044197,175.2687838,2.020007154,0.868865768,49171,248.1972515,0.781653392,0.983953957,0.802400248,0.701034655,0.007317684,0.001090213,0.491449588,0.992731682,4
78657,1149.889,399.2833715,251.5902539,1.587038311,0.776510337,80316,316.4635885,0.785094023,0.979344091,0.747541665,0.792578933,0.00507626,0.001235645,0.628181365,0.996947892,0
45576,804.721,310.5935738,187.3781201,1.657576528,0.797521597,46053,240.8924355,0.7922403,0.989642369,0.884413577,0.775587314,0.006814849,0.001521104,0.601535681,0.997091426,6
36473,690.992,232.6367254,199.7496676,1.164641364,0.512590135,36858,215.4967886,0.785531218,0.989554506,0.9599206,0.926323169,0.006378327,0.002896921,0.858074613,0.999349188,5
44522,784.973,296.3863498,191.9265767,1.544269454,0.762018388,44897,238.0906781,0.790167717,0.991647549,0.90797751,0.803311888,0.006657076,0.001710016,0.645309989,0.996532504,6
78474,1172.352,423.8044852,236.3142944,1.793393354,0.830108328,80373,316.0952389,0.714634368,0.976372662,0.717496186,0.745851566,0.005400572,0.00103093,0.556294558,0.997654964,0
53609,893.456,354.7254337,193.354325,1.83458753,0.838382964,54085,261.2605955,0.795385757,0.991199039,0.843919906,0.736514979,0.006616901,0.001201049,0.542454315,0.995179922,2
30612,652.526,241.3117547,161.9323696,1.49020085,0.74141166,31020,197.4244386,0.768759417,0.986847195,0.903453754,0.818130218,0.007882914,0.002178494,0.669337054,0.997446647,3
62555,975.486,392.8875999,203.5628662,1.930055355,0.855308024,63275,282.2188862,0.687629161,0.988621098,0.826094652,0.718319658,0.006280675,0.001031471,0.51598313,0.995876004,4
33890,686.205,261.3653216,165.6031664,1.578262828,0.773654228,34228,207.725993,0.707811195,0.990125044,0.904427328,0.794772588,0.007712166,0.001898138,0.631663466,0.996930968,3
207673,1755.004,659.2733366,405.1692712,1.627155324,0.788862697,210788,514.2153984,0.733686858,0.985222119,0.847293119,0.779972994,0.003174574,0.000724742,0.608357872,0.98989275,1
45606,791.464,283.6137233,205.3790132,1.380928454,0.689641998,46088,240.9717051,0.789440886,0.989541746,0.914891338,0.84964755,0.006218781,0.001999126,0.721900959,0.996893576,5
35478,704.863,266.3310211,170.1117344,1.565624042,0.769436806,35885,212.5370381,0.697973638,0.988658214,0.897345244,0.798018335,0.007506934,0.001877993,0.636833263,0.997041468,3
30057,633.911,234.2013462,163.7145135,1.430547244,0.715089227,30379,195.6265856,0.777108434,0.989400573,0.939937376,0.835292319,0.007791907,0.002339793,0.697713259,0.998111779,3
69839,1005.156,392.7669525,228.6643822,1.717656894,0.81305388,70663,298.1975462,0.801199982,0.988339018,0.868642226,0.759222598,0.005623891,0.001152639,0.576418954,0.99008999,2
43002,787.286,299.6776008,183.3594577,1.634372203,0.790969382,43584,233.9911257,0.802635508,0.986646476,0.871833317,0.780809527,0.006968922,0.001597812,0.609663517,0.996417106,6
46411,807.342,307.584525,192.4194619,1.598510473,0.780158109,46925,243.0891205,0.793350427,0.989046351,0.894778825,0.790316484,0.006627406,0.001594878,0.624600146,0.998429874,6
33231,668.878,246.1755997,172.2440199,1.429225815,0.714456857,33609,205.6964349,0.729517914,0.988753013,0.933382063,0.835567924,0.007408011,0.002227452,0.698173756,0.997847956,3
60061,976.479,391.6625718,195.9880485,1.998400284,0.865794196,60896,276.5357848,0.806296147,0.986288098,0.791546818,0.706056194,0.00652108,0.000999669,0.498515349,0.996233216,4
92169,1153.456,398.911407,295.7132143,1.34898066,0.671173309,93378,342.5685561,0.78178888,0.987052625,0.870547905,0.858758486,0.004328043,0.001451963,0.737466138,0.994827557,0
70938,1026.906,403.3067677,226.2540259,1.78253963,0.8278176,72261,300.534635,0.792638777,0.981691369,0.845332218,0.745176275,0.005685342,0.001081365,0.555287681,0.989822298,2
52464,862.895,330.908772,202.9529485,1.630470385,0.789834571,52899,258.4554884,0.748523327,0.991776782,0.885432295,0.781047558,0.006307349,0.001447893,0.610035288,0.994644471,6
41869,754.125,267.6579501,199.4233859,1.34215929,0.666988461,42316,230.8879956,0.78113806,0.98943662,0.925157717,0.862623342,0.006392748,0.002183495,0.744119031,0.99872627,5
71342,1075.003,391.5659601,232.5245225,1.683977053,0.804588824,72680,301.3892095,0.723872722,0.981590534,0.775775021,0.769702273,0.005488576,0.001188312,0.592441589,0.997658041,0
43114,823.478,336.2022065,165.314818,2.033708839,0.870757627,43778,234.295646,0.600481901,0.984832564,0.798958422,0.696889079,0.007797982,0.001134532,0.485654388,0.987679622,4
35772,693.316,245.5102084,185.6779934,1.322236437,0.654231454,36140,213.4158499,0.746416275,0.989817377,0.93517016,0.869274851,0.006863195,0.002417322,0.755638767,0.999133111,5
42974,755.268,253.4677285,216.2708893,1.171991891,0.521505003,43417,233.9149337,0.764335515,0.989796623,0.946702392,0.922858839,0.005898165,0.00263899,0.851668437,0.998148502,5
67085,1019.709,369.7382109,232.5206522,1.590130629,0.777503063,68180,292.2589175,0.770233188,0.983939572,0.810742208,0.790448238,0.005511489,0.001327218,0.624808418,0.993527002,0
80340,1105.488,428.2028752,240.5628595,1.780004096,0.827275491,81292,319.8313071,0.749734038,0.988289131,0.826101909,0.746915366,0.005329884,0.001023253,0.557882563,0.993033248,2
73550,1024.467,397.5079681,237.351059,1.674768041,0.802168586,74442,306.0175951,0.813570196,0.988017517,0.880636322,0.769840153,0.005404595,0.001170968,0.592653862,0.992557747,2
185950,1641.868,622.9177351,383.0486918,1.626210319,0.788584341,188551,486.5787638,0.813920915,0.986205324,0.86682129,0.781128448,0.003349921,0.000769315,0.610161652,0.992251175,1
51777,915.659,368.0685743,179.4390997,2.051217236,0.873114386,52587,256.7577144,0.687353972,0.984596954,0.776031251,0.697581191,0.007108727,0.001038366,0.486619518,0.998162343,4
54954,917.472,347.6613338,204.8505384,1.697146303,0.807969439,56139,264.5176855,0.832510226,0.97889168,0.820396002,0.760848733,0.006326406,0.001307766,0.578890795,0.982462373,4
42745,756.589,252.4223434,215.9330997,1.168984022,0.51789584,43206,233.2908578,0.798449612,0.989330186,0.938372215,0.924208431,0.005905307,0.002657675,0.854161223,0.998500822,5
54340,939.694,383.1179338,182.1098958,2.103773286,0.879804135,55162,263.0358091,0.787501993,0.985098437,0.773315278,0.686566161,0.007050385,0.000966323,0.471373094,0.991662122,4
32114,648.566,222.6575074,183.8290361,1.211220556,0.564236127,32393,202.2098285,0.760670804,0.991387028,0.9593916,0.908165329,0.006933347,0.002909259,0.824764265,0.998971432,5
90795,1174.332,456.3173442,255.7139802,1.784483366,0.828231377,92018,340.0055653,0.72803156,0.986709122,0.8273514,0.745107697,0.005025798,0.000955567,0.55518548,0.990719254,2
30161,639.838,232.6757118,165.4373625,1.406427837,0.703170578,30509,195.9647364,0.794505031,0.98859353,0.925796516,0.842222572,0.007714456,0.002394377,0.70933886,0.997633919,3
41982,766.608,284.0844061,189.2769573,1.500892714,0.745710466,42506,231.1993568,0.686586204,0.987672329,0.897689808,0.813840365,0.006766814,0.001831137,0.66233614,0.994095486,6
90231,1159.796,445.2509806,259.2653122,1.717356544,0.812980963,91068,338.9478977,0.692975854,0.990809066,0.842951177,0.761251322,0.004934568,0.001022212,0.579503576,0.995214258,0
