Area,Perimeter,MajorAxisLength,MinorAxisLength,AspectRation,Eccentricity,ConvexArea,EquivDiameter,Extent,Solidity,roundness,Compactness,ShapeFactor1,ShapeFactor2,ShapeFactor3,ShapeFactor4,0
30557,641.652,234.8875923,165.9899883,1.415070841,0.707534901,30827,197.2470045,0.761829968,0.991241444,0.932655968,0.839750633,0.007686867,0.002357928,0.705181126,0.997881249,3
48165,833.024,321.2918859,191.6179182,1.676731951,0.802688687,48695,247.6400264,0.695021645,0.989115926,0.872220723,0.7707634,0.006670651,0.00145222,0.594076219,0.996106578,6
74044,1048.432,388.726498,244.2241059,1.59167948,0.777997644,74909,307.0435618,0.745434411,0.988452656,0.846484871,0.789870419,0.005249939,0.001260542,0.623895279,0.993041313,2
47667,852.181,346.3471141,176.0819735,1.966965199,0.86112257,48256,246.3564681,0.628421136,0.987794264,0.824829129,0.711299324,0.007265973,0.001147316,0.505946728,0.995179607,4
27664,616.891,222.8562688,158.5669993,1.40543915,0.70266445,28011,187.6776459,0.716498316,0.98761201,0.91349878,0.842146586,0.008055822,0.002499427,0.709210872,0.996752726,3
56404,922.589,360.3630769,204.5914823,1.761378689,0.823209939,58033,267.9847072,0.710825457,0.971929764,0.832728107,0.743651956,0.006388963,0.001205283,0.553018232,0.974074529,4
52868,868.73,331.7295097,203.9644305,1.626408628,0.788642803,53418,259.4487006,0.678525592,0.989703845,0.880304874,0.782109198,0.006274675,0.00144824,0.611694797,0.994865696,6
82219,1080.269,417.2089157,252.364847,1.653197426,0.796310231,83108,323.549814,0.750365057,0.989303076,0.885356596,0.775510306,0.005074361,0.001132169,0.601416235,0.994259772,2
72515,1103.397,386.0047317,239.8623866,1.60927579,0.783495444,73844,303.8568176,0.698065075,0.9820026,0.748469517,0.787184178,0.005323102,0.001260811,0.619658931,0.997202115,0
36857,719.306,269.4644365,174.3779527,1.545289598,0.762381461,37216,216.6282297,0.774892776,0.990353611,0.895163737,0.80392141,0.007311079,0.001883717,0.646289633,0.998704647,3
36520,692.007,233.3318727,199.5817193,1.169104433,0.518041342,36852,215.6355912,0.796892729,0.990990991,0.958340093,0.924158319,0.006389153,0.002874806,0.854068598,0.998495384,5
80951,1107.182,395.5388204,261.61346,1.511920757,0.750024254,82239,321.0451906,0.779927355,0.984338331,0.829839396,0.81166544,0.004886151,0.001308142,0.658800786,0.996054583,0
38052,733.889,273.744548,177.2180557,1.544676398,0.762163328,38473,220.1120423,0.712264151,0.989057261,0.887823417,0.804078269,0.00719396,0.001854988,0.646541863,0.998697955,6
41863,763.785,281.5964769,190.2356431,1.480250874,0.737303951,42456,230.8714514,0.736609657,0.986032598,0.901774524,0.819866264,0.00672662,0.001874773,0.67218069,0.994996054,3
67194,1005.436,394.587499,218.724461,1.804039188,0.832309172,67865,292.4962529,0.647634285,0.990112724,0.835278873,0.741270957,0.005872362,0.001093706,0.549482631,0.9912882,2
60730,951.837,340.0269706,228.2420069,1.489765075,0.74123395,61724,278.071641,0.745748143,0.983896053,0.842341077,0.817792896,0.005598995,0.001544768,0.668785221,0.996332865,0
40398,724.683,252.2341418,204.023122,1.236301745,0.587995745,40714,226.7957917,0.792117647,0.992238542,0.96665963,0.899147871,0.006243728,0.002517377,0.808466895,0.999509033,5
26403,603.752,230.5788556,146.0777015,1.578467166,0.773721396,26707,183.3503305,0.704305378,0.988617216,0.910219164,0.795174085,0.008733055,0.002153748,0.632301826,0.998067671,3
85861,1127.125,453.4993532,243.2214479,1.8645533,0.84401378,86936,330.6382019,0.662236894,0.987634582,0.849301011,0.72908197,0.005281785,0.000920589,0.531560519,0.99112292,2
44719,791.542,293.3548722,194.628998,1.507251618,0.748212435,45258,238.616846,0.701408495,0.988090503,0.896920643,0.813406794,0.00655996,0.001771382,0.661630612,0.997243811,6
34048,687.947,263.9556782,164.5060556,1.604534722,0.782035704,34342,208.209654,0.769446328,0.991439054,0.904048038,0.788805361,0.007752458,0.001851393,0.622213898,0.998363803,3
33255,679.397,259.7923659,163.6283832,1.587697445,0.776722532,33605,205.7707002,0.735404688,0.989584883,0.90535638,0.792058302,0.007812129,0.001896609,0.627356354,0.99605208,3
26243,602.486,226.9610327,147.920455,1.53434515,0.758439165,26530,182.7939424,0.698137803,0.989182058,0.9085094,0.805397914,0.008648441,0.002244707,0.6486658,0.995277225,3
40061,745.243,275.2334615,185.5963363,1.482968183,0.738436244,40522,225.8478457,0.790313671,0.988623464,0.906433273,0.820568271,0.006870359,0.001921401,0.673332288,0.998530359,3
29882,649.082,247.4278468,154.7792567,1.598585315,0.780181593,30213,195.0562587,0.671430176,0.989044451,0.891292791,0.788335918,0.008280164,0.001972713,0.62147352,0.993478442,3
51142,898.882,357.5199985,182.7376403,1.9564661,0.859506006,51746,255.1784019,0.783629315,0.9883276,0.795393805,0.713745813,0.006990732,0.00111912,0.509433085,0.996688561,4
55145,930.03,365.7450534,198.0564098,1.846671127,0.840691128,56953,264.9769701,0.78501573,0.968254526,0.801165223,0.724485451,0.006632425,0.001127122,0.524879169,0.969279207,4
34772,671.947,228.0476746,194.336638,1.173467221,0.523256094,35103,210.4117046,0.763179843,0.990570607,0.967764075,0.922665425,0.006558371,0.002931924,0.851311487,0.998986125,5
45510,778.457,285.0243848,203.5342175,1.400375761,0.700049774,45877,240.7179505,0.782402393,0.992000349,0.943729309,0.844552127,0.006262896,0.001965445,0.713268296,0.998843633,5
68897,1027.553,400.6362934,220.5823919,1.816265976,0.834782304,69754,296.1796497,0.700229693,0.987713966,0.819977079,0.739273138,0.005815003,0.001071395,0.546524772,0.992634349,2
156910,1480.479,541.9193789,370.567044,1.462405758,0.729665038,158236,446.9720539,0.765541602,0.991620112,0.89961354,0.824794372,0.003453696,0.000985931,0.680285756,0.994853807,1
70066,1006.869,387.1512521,231.7835065,1.67031407,0.800980974,70755,298.6817737,0.797473253,0.990262172,0.868502853,0.771486007,0.005525522,0.001207439,0.59519066,0.994155333,2
37583,720.715,277.709633,172.6818721,1.608215324,0.78317029,37877,218.7513698,0.722180588,0.992238034,0.909230899,0.787698171,0.007389235,0.001754764,0.620468408,0.997846802,3
54434,946.419,392.0469996,179.0746985,2.189293087,0.889585627,55300,263.2632169,0.835030987,0.984339964,0.763683156,0.671509327,0.007202245,0.00090335,0.450924777,0.987206496,4
44202,799.28,305.6843171,185.0507295,1.651894688,0.795947643,44755,237.2335018,0.715937804,0.987643839,0.86946858,0.776073513,0.006915622,0.001547471,0.602290097,0.994919813,6
68749,1024.216,391.3524554,226.6710099,1.726521868,0.815186079,70178,295.8613619,0.76838564,0.979637493,0.823556004,0.755997204,0.005692482,0.001146997,0.571531772,0.986762102,2
35594,689.634,254.572928,178.4418372,1.426643729,0.713214496,35966,212.8842135,0.811629233,0.989656898,0.940479494,0.836240582,0.00715213,0.002157447,0.699298311,0.99764955,3
80390,1137.745,427.3643818,240.1465772,1.779598055,0.827188429,81621,319.930816,0.669710173,0.984918097,0.780408555,0.748613665,0.005316139,0.001029928,0.560422419,0.997326647,0
26350,594.594,218.6892588,153.6667903,1.423139368,0.71151405,26655,183.1662141,0.783084193,0.988557494,0.936589832,0.837563834,0.008299403,0.002519407,0.701513177,0.998351019,3
41157,761.674,286.9061273,183.1818893,1.566236315,0.769644009,41570,228.9164038,0.771770927,0.990064951,0.891487612,0.797879104,0.006971017,0.001742706,0.636611065,0.997083368,6
30851,680.959,269.3265593,146.1434455,1.842891814,0.839974774,31272,198.1936255,0.702356289,0.986537478,0.836059491,0.73588593,0.008729913,0.00157918,0.541528102,0.997977705,3
38151,715.089,240.298028,202.5908511,1.186124776,0.537785626,38724,220.3981894,0.777196056,0.985202975,0.937552498,0.917186842,0.006298604,0.00274951,0.841231703,0.997805765,5
39764,722.344,252.7578302,200.5577303,1.260274684,0.608599179,40089,225.0091048,0.767422561,0.991893038,0.957660974,0.890216159,0.006356449,0.0024625,0.79248481,0.998748544,5
36797,716.017,260.6599723,180.0599156,1.447629093,0.723060527,37193,216.4518319,0.726854321,0.989352835,0.901935767,0.830399198,0.007083729,0.002077731,0.689562828,0.998231211,3
41241,762.145,283.5379879,186.4067014,1.52107186,0.753514633,41750,229.14989,0.779102278,0.987808383,0.892203334,0.80818056,0.006875148,0.001809237,0.653155818,0.993496935,6
75837,1074.9,432.6403339,225.8040259,1.915999204,0.852993898,77237,310.7389054,0.701492951,0.981873972,0.824811833,0.71823841,0.005704871,0.000936483,0.515866413,0.988399637,2
45280,846.153,353.4912173,164.3193202,2.151245617,0.885391042,45912,240.1089057,0.620070114,0.986234536,0.794727946,0.67924999,0.007806785,0.00102511,0.461380548,0.992542882,4
200116,1773.379,636.1081262,402.3250586,1.581080056,0.774577472,202634,504.7728249,0.773419082,0.987573655,0.799629034,0.793533055,0.003178697,0.00077748,0.62969471,0.995597747,1
50400,857.43,327.8444716,198.0241166,1.655578509,0.796970317,51001,253.3204947,0.686695279,0.988215917,0.861475739,0.772684967,0.006504851,0.001430299,0.597042058,0.988450001,6
32145,669.928,250.6830123,163.6876312,1.531471929,0.757386714,32461,202.3074026,0.734105234,0.990265241,0.900050826,0.807024779,0.007798507,0.00204051,0.651288994,0.997430813,3
42922,774.96,286.1235864,191.6548006,1.492911137,0.742512478,43383,233.7733683,0.703720099,0.989373718,0.898113534,0.817036342,0.006666129,0.001832394,0.667548384,0.996590417,6
67922,1003.522,388.2469891,224.6437061,1.728278953,0.815604146,68623,294.0764805,0.676884748,0.989784766,0.847552353,0.757446905,0.005716071,0.00116061,0.573725814,0.99155825,2
62683,1007.347,343.3923073,233.9888426,1.467558468,0.731907633,64225,282.5074767,0.701646574,0.975990658,0.776249695,0.822695997,0.005478237,0.001548025,0.676828704,0.993285695,0
39364,714.687,249.3821884,201.1797264,1.239599004,0.590944123,39692,223.8745216,0.78476874,0.99173637,0.968450265,0.897716565,0.006335286,0.002538066,0.805895032,0.998986678,5
49882,891.505,357.1890036,179.8346914,1.986207449,0.864011494,51042,252.0153467,0.726021017,0.977273618,0.788689675,0.705551806,0.007160679,0.001094585,0.497803351,0.988740725,2
38800,721.457,248.267441,199.3780455,1.245209523,0.595874322,39236,222.2649193,0.774512935,0.988887756,0.936743496,0.895264068,0.006398645,0.002535551,0.801497752,0.998032634,5
40708,752.843,275.1620322,188.6059943,1.45892517,0.728132771,41209,227.6643042,0.784535924,0.987842462,0.902569797,0.827382697,0.006759409,0.001953954,0.684562127,0.998724917,3
37268,714.729,250.0604704,189.9228983,1.31664203,0.650498099,37667,217.8327141,0.751249798,0.989407173,0.916775805,0.871120149,0.00670979,0.002383422,0.758850313,0.999134217,5
75507,1063.461,414.6505451,233.9163334,1.772644685,0.825686772,76890,310.0620878,0.70212944,0.982013266,0.838984513,0.747767226,0.005491551,0.001059109,0.559155824,0.9911846,2
57230,953.606,395.4095217,184.9630681,2.137775534,0.883847075,57949,269.9398065,0.614761583,0.987592538,0.790852806,0.682684133,0.00690913,0.000925726,0.466057626,0.996326589,4
32624,669.461,254.9991509,163.7435222,1.557308328,0.766592749,32947,203.8091433,0.684343011,0.990196376,0.914737553,0.799254204,0.007816306,0.001967528,0.638807283,0.994819901,3
75359,1046.443,395.4351708,245.0744695,1.613530662,0.784792263,76422,309.758065,0.725764201,0.986090393,0.864796327,0.783334635,0.005247352,0.001218735,0.61361315,0.990083631,2
41774,752.677,282.5255891,188.6111438,1.497926281,0.74452947,42141,230.6259065,0.775661022,0.991291142,0.926613527,0.816300949,0.006763192,0.001852391,0.666347239,0.998139042,3
84629,1124.297,448.1926562,243.1812137,1.843039803,0.840002919,86214,328.2575048,0.75759122,0.981615515,0.841331151,0.732402685,0.00529597,0.000939994,0.536413693,0.988631787,2
65243,980.668,328.5051239,253.2426845,1.29719492,0.636963249,66224,288.2186108,0.757494485,0.985186639,0.852510582,0.877364126,0.005035101,0.00184038,0.769767809,0.998538891,0
28657,632.81,243.0925497,150.4128659,1.616168593,0.78559006,28973,191.0162968,0.787474925,0.989093294,0.8992779,0.785776022,0.008482833,0.001994875,0.617443957,0.997893531,3
42678,779.318,288.7268216,188.7602614,1.529595369,0.756695338,43156,233.107952,0.688521416,0.988923904,0.883048401,0.807365075,0.006765238,0.001773139,0.651838365,0.997048944,6
60736,985.501,342.4453022,226.7417755,1.510287645,0.749392947,61680,278.0853772,0.789353296,0.984695201,0.785854079,0.812057795,0.005638259,0.00151242,0.659437863,0.995940857,0
39786,731.059,263.8930741,192.2506944,1.372650824,0.685027304,40202,225.071341,0.775495088,0.989652256,0.935481679,0.852888397,0.006632812,0.002164942,0.727418618,0.998491765,6
74788,1058.364,415.3324881,230.726488,1.800107528,0.831501592,75500,308.5823052,0.738508329,0.990569536,0.839018748,0.742976565,0.005553464,0.001043865,0.552014176,0.993684873,2
38589,734.308,269.0442127,184.1483256,1.461019056,0.729056265,39252,221.659741,0.776001448,0.983109141,0.89932542,0.823878495,0.006972044,0.001981493,0.678775774,0.991704341,6
37210,721.779,273.6492042,173.833276,1.574204954,0.772313726,37664,217.6631422,0.780804096,0.987946049,0.897554957,0.795409374,0.007354184,0.001815838,0.632676072,0.995961807,6
45909,794.895,295.0094227,198.8993094,1.48320989,0.738536577,46412,241.7708714,0.766529754,0.989162286,0.913036557,0.819536099,0.006425961,0.001788093,0.671639417,0.996182226,6
49156,839.947,318.4718939,197.484406,1.612643248,0.784522817,49596,250.1746651,0.721238354,0.991128317,0.875553388,0.785547076,0.0064788,0.00152182,0.617084209,0.995136683,6
31053,641.339,231.0553929,171.2635313,1.349121971,0.671259058,31354,198.8414131,0.757556537,0.990399949,0.948720154,0.860578975,0.007440679,0.002517417,0.740596172,0.999154567,3
26144,624.429,239.030731,139.827446,1.709469334,0.811049983,26560,182.4488275,0.808410637,0.984337349,0.84258897,0.763286071,0.009142852,0.001914304,0.582605626,0.995946452,3
48246,828.052,307.8508642,200.9466638,1.532002863,0.75758175,48922,247.8481694,0.741105991,0.986182086,0.884211086,0.80509168,0.006380858,0.001653637,0.648172613,0.993002299,6
47705,824.388,311.9041796,195.5944153,1.594647675,0.778940555,48235,246.4546459,0.795799553,0.989012128,0.882085009,0.790161409,0.006538186,0.001572173,0.624355052,0.995626332,6
42506,748.99,259.4181962,209.1264365,1.240484945,0.591729831,42916,232.6377443,0.799947305,0.990446454,0.952155901,0.896767258,0.006103096,0.002434719,0.804191514,0.997587467,5
68234,988.005,383.9724637,228.1752131,1.68279656,0.8042812,69335,294.7511274,0.788103488,0.984120574,0.878400168,0.767636107,0.005627289,0.001205315,0.589265193,0.99161344,2
30698,648.384,247.6447059,158.3576609,1.563831547,0.768828474,30967,197.7015618,0.718451601,0.991313334,0.917604146,0.798327431,0.008067128,0.002021264,0.637326687,0.996671579,3
87831,1160.439,461.1062166,244.4848372,1.886031959,0.847864036,88699,334.4097822,0.703058586,0.990214095,0.819620966,0.725233732,0.005249926,0.00089587,0.525963966,0.991984849,2
36837,732.878,284.7182725,165.6490262,1.718804384,0.813332051,37294,216.5694464,0.737182309,0.987746018,0.861848139,0.760644705,0.007729138,0.00159602,0.578580367,0.994466472,3
68823,1054.403,368.6293354,239.0642829,1.54196742,0.761195798,70191,296.0205486,0.705153689,0.980510322,0.777911511,0.803030362,0.005356194,0.001373928,0.644857762,0.994349659,0
55789,916.971,377.0138382,189.0888127,1.993845288,0.86513247,56283,266.5197196,0.817277548,0.991222927,0.833771871,0.70692291,0.006757853,0.001041062,0.499740001,0.996404246,4
29155,628.707,230.6324363,161.2377084,1.430387709,0.715013004,29549,192.6688842,0.787951677,0.986666215,0.926885991,0.835393699,0.007910562,0.002376577,0.697882633,0.998242741,3
50366,843.262,319.8930901,201.0535881,1.591083716,0.777807612,50882,253.2350349,0.719226595,0.989858889,0.890066109,0.79162396,0.00635137,0.00153859,0.626668495,0.997082038,6
38396,709.443,250.3804559,195.7388897,1.279155391,0.623572095,38723,221.1047389,0.74843086,0.991555406,0.958651666,0.883075071,0.006521004,0.002446159,0.779821581,0.997512979,5
23562,612.084,246.2504516,122.5126535,2.010000148,0.867456864,23959,173.2052833,0.698257468,0.983430026,0.790314521,0.703370419,0.010451169,0.001577906,0.494729946,0.994407265,3
48903,849.167,324.3534192,194.1598,1.670548791,0.801043842,49534,249.5300252,0.68468582,0.987261275,0.852234575,0.76931523,0.006632587,0.001433112,0.591845923,0.98870749,6
51932,897.618,313.7611961,211.334637,1.484665271,0.739139388,52906,257.1417431,0.726402954,0.98158999,0.809956708,0.819546032,0.00604177,0.00168127,0.671655698,0.997183889,0
38190,706.192,250.1782298,194.68827,1.285019533,0.62801865,38507,220.510812,0.796986519,0.991767731,0.962307644,0.881414871,0.006550883,0.00243894,0.776892174,0.998321619,5
52660,866.059,328.3550412,205.6149049,1.596941823,0.779664965,53405,258.9378196,0.804989529,0.986049995,0.882258316,0.788590967,0.006235379,0.001487475,0.621875714,0.993099337,6
41981,811.437,327.0912997,165.0329489,1.981975732,0.863384201,42648,231.1966032,0.601955808,0.984360345,0.801222303,0.706825903,0.007791413,0.001199626,0.499602857,0.990200738,4
46217,779.227,270.7798305,217.7277888,1.243662245,0.594525395,46553,242.5805269,0.754563265,0.99278242,0.956497041,0.895858922,0.005858879,0.002327838,0.802563207,0.99811756,5
42703,778.007,289.1029945,189.3171336,1.527083096,0.755764757,43263,233.1762172,0.76660563,0.987055914,0.886545932,0.806550681,0.006770086,0.001767261,0.650524002,0.993404206,6
51558,918.055,384.9665214,172.0574462,2.237430172,0.894563276,52268,256.2141379,0.707592227,0.986416163,0.768720611,0.665549142,0.007466669,0.000903706,0.44295566,0.991082358,4
47719,812.323,292.3807765,208.5365681,1.40205998,0.700923715,48183,246.4908068,0.733732087,0.990370048,0.908748481,0.843047241,0.006127135,0.001909171,0.71072865,0.996484196,6
67413,1077.615,359.8362623,239.8736526,1.500107488,0.745398715,68823,292.9725199,0.736030134,0.979512663,0.729501623,0.814182868,0.005337787,0.001446868,0.662893742,0.994411866,0
77260,1056.803,401.5416968,246.4067866,1.629588626,0.789576762,77980,313.6406977,0.803460934,0.990766863,0.869313638,0.78109123,0.005197278,0.001193336,0.610103509,0.994217739,2
86333,1152.539,445.7246556,249.5921445,1.785812036,0.828513325,88054,331.545758,0.672228797,0.980455175,0.816724223,0.743835356,0.005162854,0.000974938,0.553291037,0.988073793,2
46915,823.512,311.1677016,193.4472252,1.608540527,0.783270085,47605,244.4054689,0.745510885,0.985505724,0.869324102,0.785446136,0.006632584,0.001557142,0.616925633,0.992349883,6
34089,681.059,253.0028083,172.2909611,1.468462458,0.732297939,34434,208.3349775,0.767303667,0.989980833,0.923537751,0.823449269,0.007421831,0.002104933,0.678068698,0.995718427,3
38290,719.888,270.4465104,180.5080659,1.498251666,0.744659447,38605,220.7993256,0.759903152,0.991840435,0.928464626,0.816425123,0.007063111,0.001935714,0.666549982,0.99865962,3
35947,711.184,266.4790377,172.1731426,1.54773871,0.763249477,36360,213.9372383,0.81184787,0.988641364,0.893117421,0.802829521,0.007413109,0.00189965,0.64453524,0.997572142,3
41393,773.164,293.4592079,180.2158038,1.628376656,0.789221584,41883,229.571785,0.711623429,0.988300743,0.870148787,0.782295388,0.007089585,0.001637886,0.611986075,0.996543838,6
38441,740.082,290.2403582,168.9692311,1.717711303,0.813067085,38777,221.234268,0.779657236,0.99133507,0.881951814,0.762245021,0.007550281,0.001572249,0.581017472,0.99802028,3
59562,962.76,394.8722649,193.6832049,2.038753257,0.87144353,60357,275.3846288,0.638912726,0.986828371,0.807500983,0.697401801,0.0066296,0.000967385,0.486369272,0.991586938,4
30385,638.138,234.0248794,165.5446165,1.413666505,0.706833041,30690,196.6910866,0.743636809,0.990061909,0.937648128,0.840470839,0.007701987,0.002370681,0.706391231,0.998601622,3
57017,903.559,349.8119042,210.8011319,1.65944035,0.798033715,58127,269.437004,0.791572956,0.980903883,0.877609255,0.770233948,0.006135221,0.001331989,0.593260335,0.984480137,2
53933,915.68,366.7775612,191.2792215,1.917498191,0.853243411,54931,262.0489045,0.825863257,0.981831753,0.808308201,0.714462749,0.006800615,0.001093066,0.510457019,0.978800411,4
45739,777.912,281.456879,207.090108,1.359103444,0.677221542,46085,241.3228202,0.780782165,0.992492134,0.949807484,0.857406012,0.006153542,0.002051403,0.73514507,0.999138196,5
45529,801.419,302.0138927,193.1802471,1.563378747,0.768674397,46094,240.768194,0.807882036,0.987742439,0.89079692,0.797209002,0.00663344,0.001652751,0.635542193,0.993593157,6
68901,1003.207,373.0537154,236.0557592,1.580362693,0.774342956,69802,296.1882474,0.709675758,0.98709206,0.860308634,0.793956031,0.005414344,0.001327124,0.63036618,0.996207193,0
35368,692.123,256.012242,176.3743858,1.451527334,0.724828355,35704,212.2072954,0.798735321,0.99058929,0.927798792,0.82889511,0.007238528,0.002107795,0.687067103,0.99729668,3
58849,959.596,366.160794,205.5118737,1.781701404,0.827638679,59683,273.7313902,0.720526477,0.986026172,0.803104563,0.747571544,0.006222039,0.001198736,0.558863214,0.995727373,4
41288,748.997,263.423134,199.9741738,1.317285772,0.650931211,41682,229.2804273,0.792871683,0.990547479,0.924854797,0.870388351,0.006380138,0.002258718,0.757575882,0.99794393,5
44554,771.972,257.6997529,220.5798625,1.168283224,0.517047302,45003,238.1762261,0.774852174,0.990022887,0.939492825,0.924239249,0.005783987,0.002603423,0.854218189,0.99796878,5
28771,636.7,241.943451,151.7782079,1.594059215,0.778754127,29121,191.3958593,0.685186949,0.987981182,0.891856786,0.791076834,0.008409282,0.002031484,0.625802557,0.997566334,3
54398,927.333,385.3302876,180.8988232,2.130087309,0.882951441,55076,263.1761478,0.608315441,0.987689738,0.794916235,0.682988481,0.007083538,0.000950788,0.466473265,0.993628782,4
38548,704.398,242.2028844,202.9686902,1.193301707,0.545653281,38857,221.5419553,0.783750813,0.992047765,0.976282458,0.914695776,0.00628315,0.002713088,0.836668363,0.998397785,5
44001,807.713,305.2356881,185.0656968,1.64933693,0.795232764,44708,236.6935006,0.793382618,0.984186275,0.847536216,0.775445041,0.006937017,0.001547236,0.601315011,0.991771054,6
50002,860.687,333.9125523,191.8964947,1.740065929,0.81837058,50710,252.3182984,0.713498858,0.986038257,0.848216572,0.755641849,0.006677984,0.001343041,0.570994604,0.993568256,6
30900,701.895,256.91668,153.6367611,1.672234419,0.801494398,31444,198.3509565,0.797213622,0.982699402,0.788177524,0.772043903,0.008314456,0.001822139,0.596051789,0.996738317,3
39536,737.879,276.0164232,183.078484,1.507639878,0.748363906,39952,224.3630955,0.70455315,0.989587505,0.912498777,0.812861398,0.006981395,0.00188013,0.660743652,0.996163478,3
37534,715.824,259.3168198,185.2391386,1.399902967,0.699803678,37979,218.6087214,0.784950959,0.988282998,0.920496631,0.843017902,0.006908851,0.002152449,0.710679183,0.994881898,6
29184,637.004,235.5254125,157.9421877,1.491212803,0.741823571,29603,192.7646826,0.735632184,0.985846029,0.903795889,0.818445367,0.008070361,0.002233734,0.669852819,0.9988931,3
48439,810.37,297.981992,207.3178381,1.4373196,0.718294206,48883,248.343412,0.79979856,0.990917088,0.926911612,0.833417518,0.006151696,0.001830733,0.694584759,0.998340287,0
31507,644.759,232.2807816,173.1442548,1.34154484,0.666607063,31766,200.289686,0.824920145,0.991846628,0.95240593,0.862274032,0.007372355,0.002514011,0.743516506,0.997460732,3
41322,770.141,268.4456957,196.928016,1.363166609,0.679596583,41861,229.3748122,0.771076693,0.987124053,0.875489029,0.854455169,0.006496435,0.002136053,0.730093635,0.995239265,6
63366,1006.058,413.047019,198.1368874,2.084654828,0.877434907,64350,284.0424211,0.736642641,0.984708625,0.78671987,0.687675756,0.006518433,0.000899203,0.472897946,0.985828986,4
50547,854.246,325.399109,198.7428884,1.637286806,0.79181073,51228,253.6896515,0.69770042,0.986706489,0.870441004,0.779626141,0.006437555,0.001467055,0.607816919,0.995170622,6
36253,681.763,237.3120276,194.7811246,1.218352282,0.571243464,36493,214.8458825,0.782157497,0.993423396,0.980137395,0.905330777,0.006545997,0.002712593,0.819623817,0.998590547,5
42175,742.742,252.7310852,213.0457404,1.186276171,0.537954265,42638,231.7301832,0.745879315,0.989141142,0.960702652,0.916904159,0.005992438,0.002612637,0.840713237,0.99731808,5
71003,1076.435,365.1088878,248.9703306,1.466475491,0.731438824,72459,300.6722924,0.716160332,0.979905878,0.770035846,0.823514032,0.005142161,0.001458846,0.678175361,0.994527545,0
65383,955.639,354.5772588,235.0870694,1.508280569,0.748613534,65965,288.5276783,0.716659542,0.991177139,0.899677744,0.813723021,0.00542308,0.001466669,0.662145155,0.998700672,2
49827,831.839,284.1727676,223.5363681,1.271259661,0.617435697,50442,251.876372,0.78125686,0.987807779,0.90489054,0.886349435,0.005703188,0.002171288,0.785615321,0.998721067,5
44518,793.623,293.129288,193.8612596,1.512057069,0.750076831,45019,238.0799825,0.760367562,0.988871365,0.88821278,0.812201279,0.006584512,0.001767494,0.659670917,0.997460073,6
27682,607.729,220.8147755,159.8167063,1.381675174,0.690052711,28009,187.7386936,0.734309512,0.988325181,0.941862285,0.850208928,0.007976836,0.002571065,0.722855222,0.998751114,3
35020,698.516,250.447503,178.3763964,1.40403948,0.701945477,35491,211.1607181,0.772761375,0.98672903,0.901930948,0.843133653,0.007151556,0.002229287,0.710874357,0.998095663,3
97770,1231.866,497.1008834,253.6601961,1.959711815,0.860008855,99373,352.823795,0.796789047,0.983868858,0.809633635,0.709762961,0.005084391,0.000795925,0.503763461,0.987231206,2
54358,958.816,390.4237882,183.0547591,2.132825118,0.883271595,56614,263.0793705,0.720546129,0.960151199,0.743023908,0.67383028,0.007182453,0.000913387,0.454047246,0.968403371,4
149264,1501.818,581.2359196,329.4838723,1.764080031,0.823808839,151608,435.9458996,0.807705628,0.984539074,0.831630348,0.75003262,0.003894013,0.000760147,0.562548931,0.992381336,1
42846,748.792,269.0570455,203.1373816,1.324507796,0.655727733,43131,233.5663108,0.786396006,0.993392224,0.960279717,0.868092156,0.00627963,0.00219977,0.753583992,0.998127872,5
61493,992.528,400.4085418,198.3503204,2.018693698,0.868682168,62537,279.8130078,0.606260475,0.983305883,0.784422442,0.698818778,0.006511449,0.00095789,0.488347684,0.985824392,4
39306,724.304,252.6462868,198.3559858,1.27370135,0.619352037,39704,223.7095294,0.753103924,0.989975821,0.941514356,0.885465337,0.006427677,0.002437362,0.784048862,0.998644094,5
45269,796.822,303.559451,190.4324241,1.594053389,0.77875228,45653,240.0797387,0.784272622,0.991588724,0.895958992,0.790882109,0.006705681,0.001618339,0.62549451,0.997071643,6
52091,855.466,320.1100236,208.5177596,1.535169111,0.758739621,52705,257.5350872,0.810477346,0.988350251,0.894472621,0.804520534,0.006145208,0.001588053,0.64725329,0.993643257,6
69962,1000.601,377.1407444,239.2072993,1.576627241,0.773115444,71574,298.4600225,0.778133689,0.977477855,0.878112612,0.791375705,0.005390651,0.001304223,0.626275507,0.987403024,2
56987,927.498,372.4808041,195.3521964,1.906714186,0.851433576,57644,269.3661113,0.7821009,0.988602456,0.832452947,0.723167767,0.006536242,0.001102717,0.522971619,0.997157405,4
35282,703.49,270.4880703,166.3696731,1.62582558,0.788470847,35664,211.9491392,0.693067751,0.989288919,0.895874557,0.783580359,0.007666461,0.001782826,0.613998179,0.998253946,3
47775,852.11,341.6923548,178.6041407,1.913126725,0.852513916,48428,246.6353974,0.794079516,0.986516065,0.82683573,0.721805431,0.007152116,0.001197553,0.52100308,0.996744916,4
53524,919.534,324.5638455,210.5158395,1.541754988,0.761119659,54727,261.0533918,0.789090373,0.978018163,0.795468235,0.804320615,0.006063894,0.001565482,0.646931652,0.997410101,0
76105,1095.088,420.100857,237.154747,1.771420822,0.825420349,79400,311.2874806,0.683653578,0.958501259,0.797489575,0.740982732,0.005520017,0.001026485,0.549055409,0.972608183,2
41869,741.243,256.394601,208.1834683,1.231580024,0.583705982,42231,230.8879956,0.769198266,0.991428098,0.957593616,0.900518165,0.006123734,0.002484082,0.810932965,0.998728841,5
62622,1022.788,396.5943804,202.2522362,1.960889965,0.860190692,63701,282.3699821,0.694765571,0.98306149,0.752255809,0.711986846,0.006333148,0.001003893,0.506925269,0.994024673,4
52156,870.899,342.1205085,195.1835561,1.752814199,0.821289874,52843,257.6957153,0.796031746,0.986999224,0.864128954,0.753230832,0.006559562,0.001302468,0.567356687,0.994470856,6
44380,799.872,303.6898924,186.5010273,1.628355065,0.789215248,44802,237.7106876,0.808378871,0.990580778,0.871678177,0.782741519,0.006842945,0.001584515,0.612684285,0.997667559,6
27770,610.656,224.8720126,157.3307031,1.429295161,0.7144901,28076,188.0368638,0.737935799,0.989101012,0.935820353,0.83619505,0.00809766,0.002442135,0.699222162,0.999394852,3
63650,995.206,406.5779769,201.2407792,2.020355808,0.868914438,64376,284.6782342,0.809734626,0.988722505,0.807573949,0.700181147,0.006387714,0.000947037,0.490253639,0.990486786,4
48388,866.233,349.800953,177.5410253,1.970254212,0.861623061,48990,248.2126409,0.621825846,0.987711778,0.81036017,0.709582518,0.007229085,0.001130511,0.503507349,0.992037476,4
161008,1496.088,505.5965214,407.8607156,1.239630349,0.590971969,163019,452.7711923,0.814059782,0.987664015,0.903947151,0.895518804,0.003140195,0.001245762,0.801953929,0.994126429,1
51332,889.637,330.8228042,198.618899,1.66561594,0.799715985,52283,255.651975,0.75168768,0.981810531,0.815027712,0.772776156,0.006444767,0.001417757,0.597182987,0.994677503,0
52502,895.985,349.7622227,192.6507381,1.815524956,0.834634044,53247,258.5490719,0.662076445,0.986008601,0.821834244,0.739213829,0.006661884,0.001227036,0.546437085,0.992070164,4
44980,798.015,308.1453437,186.6794936,1.650665201,0.795604503,45425,239.31217,0.754900644,0.990203632,0.887579383,0.776621081,0.006850719,0.001537279,0.603140304,0.995582711,6
206979,1795.101,712.4086751,379.0117206,1.879648138,0.846735265,214037,513.3554789,0.607021043,0.967024393,0.807157656,0.72059128,0.003441937,0.000572451,0.519251792,0.976010665,1
54600,915.833,377.5880225,184.7976491,2.043251223,0.872050401,55252,263.6643304,0.616197183,0.988199522,0.818031317,0.698285737,0.006915532,0.001014234,0.48760297,0.996295364,4
69172,1010.033,392.1770149,225.7555362,1.737175626,0.817698288,69782,296.7701565,0.824162993,0.991258491,0.852057827,0.756725012,0.005669592,0.00114679,0.572632744,0.994763646,2
85209,1122.182,430.6441622,256.0528764,1.681856374,0.804035649,87141,329.3804311,0.751640733,0.977829036,0.850293259,0.76485521,0.005053975,0.001066915,0.585003492,0.983891852,2
35338,680.836,227.4674838,198.0449215,1.148565094,0.491900241,35669,212.1172766,0.787686958,0.990720233,0.958002864,0.932516916,0.006436909,0.003002507,0.8695878,0.998778192,5
79671,1092.549,441.1951845,232.8469345,1.894786313,0.849391054,81249,318.4968882,0.704143319,0.980578223,0.838741795,0.721895658,0.005537714,0.000927701,0.521133341,0.987436322,2
53232,880.63,348.7819052,195.4604503,1.784411653,0.828216139,53796,260.34033,0.828268683,0.989515949,0.862572673,0.746427284,0.00655211,0.001254616,0.55715369,0.994191536,6
67792,1064.282,403.333845,214.9557913,1.876357192,0.846148268,68830,293.7949203,0.803099049,0.984919367,0.752098767,0.728416234,0.005949579,0.0010332,0.53059021,0.995576756,0
85998,1174.8,441.3015301,251.9228226,1.751733033,0.821045162,88241,330.9018803,0.745423341,0.974580977,0.783015465,0.749831709,0.005131532,0.00100065,0.562247591,0.984907678,2
81342,1096.012,421.5484704,249.0773745,1.692439834,0.806771944,82596,321.8195939,0.761971673,0.984817667,0.850930503,0.763422516,0.005182421,0.001085856,0.582813938,0.986377525,2
45626,811.443,298.4302641,195.6863029,1.525044214,0.755005294,46236,241.0245371,0.80828373,0.986806817,0.870775545,0.807641068,0.006540794,0.001716658,0.652284094,0.994762083,6
27729,621.646,234.0180239,151.0420751,1.549356521,0.763820069,28014,187.8980025,0.715679443,0.989826515,0.901691104,0.802921071,0.008439469,0.002163646,0.644682247,0.998842643,3
50186,891.424,339.7589455,189.5681591,1.792278551,0.829875249,51060,252.7821192,0.722912045,0.982882883,0.793640462,0.744004308,0.006769995,0.001279587,0.553542411,0.99210219,4
69890,1019.567,397.6524029,225.3539828,1.764567894,0.823916662,70522,298.3064059,0.681421538,0.991038258,0.844876759,0.75016875,0.00568969,0.001111487,0.562753153,0.993016146,2
50190,880.335,361.2338058,178.2027794,2.027094117,0.869849603,50882,252.7921928,0.771963824,0.986399906,0.813825179,0.699802147,0.007197326,0.001064761,0.489723045,0.992714703,4
31519,676.641,255.0735621,157.80274,1.616407689,0.785662138,32065,200.3278244,0.758032708,0.982972088,0.865098731,0.785372748,0.008092692,0.001899224,0.616810353,0.997016997,6
35738,684.449,237.8500276,191.8892822,1.239517001,0.59087126,36051,213.3144038,0.799168139,0.991317855,0.958645244,0.896844141,0.006655382,0.002655954,0.804329414,0.996979983,5
26639,601.862,216.5579368,157.1603046,1.377942969,0.687990766,27043,184.1679349,0.806875663,0.985060829,0.924131841,0.850432626,0.008129357,0.002622984,0.723235651,0.996577481,3
31488,658.189,242.2020375,165.9941975,1.459099421,0.72820982,31850,200.2292855,0.786217228,0.988634223,0.913384634,0.826703556,0.007691884,0.002216214,0.683438769,0.997205112,3
21830,543.295,201.3477434,138.5355551,1.45340121,0.725671568,22029,166.7177833,0.731029402,0.990966453,0.929377563,0.828009197,0.009223442,0.00267432,0.68559923,0.996450751,3
47394,880.106,365.5402721,165.7514278,2.205352177,0.891285625,48081,245.6499847,0.624920886,0.985711612,0.768888322,0.672018936,0.007712796,0.000970326,0.45160945,0.995957884,4
39722,744.336,286.9304966,176.5014251,1.62565541,0.788420618,40051,224.8902426,0.702484747,0.991785474,0.900954632,0.783779505,0.007223466,0.001681516,0.614310312,0.998656882,3
32940,674.619,253.6697594,165.6243528,1.531596985,0.757432676,33307,204.7938246,0.712663075,0.988981295,0.90952852,0.807324551,0.007700964,0.002017983,0.651772931,0.998253455,3
182090,1621.335,617.0719422,379.3651246,1.626591118,0.788696578,183882,481.5020132,0.770881842,0.99025462,0.870463257,0.780301259,0.003388829,0.000774959,0.608870054,0.990382622,1
57126,961.521,402.9992192,183.3261908,2.198263203,0.890540186,58284,269.6944238,0.745955263,0.980131769,0.776472594,0.669218229,0.007054567,0.000872813,0.447853038,0.984498854,4
61988,969.081,359.1672822,220.6176598,1.628007851,0.789113314,62965,280.9369554,0.701864831,0.984483443,0.829463597,0.782189719,0.005794142,0.00133788,0.611820756,0.996048994,0
59305,971.655,391.6593617,194.8650675,2.009900321,0.867442691,60395,274.7898674,0.703516098,0.981952148,0.789363416,0.701604236,0.006604154,0.000987111,0.492248504,0.989370427,4
67801,1015.657,355.0918227,243.8804044,1.456008011,0.726837559,68991,293.8144217,0.781567723,0.982751373,0.825946337,0.827432238,0.005237265,0.001514308,0.684644109,0.996847308,0
32976,685.483,251.3879327,167.7199145,1.498855598,0.744900406,33409,204.9057033,0.710490595,0.987039421,0.881890087,0.81509761,0.00762336,0.002075701,0.664384115,0.995815849,3
52213,900.059,368.2535374,181.332872,2.030815116,0.870361605,52846,257.8364915,0.620851615,0.988021799,0.809928261,0.700160257,0.007052909,0.001045533,0.490224386,0.995555093,4
70626,995.284,375.0609853,241.0058327,1.556231984,0.766220513,71282,299.8729999,0.739849151,0.990797116,0.8959431,0.799531307,0.005310523,0.001338625,0.639250312,0.994821781,2
38001,725.626,240.242188,201.8166779,1.19039809,0.542501069,38491,219.9644879,0.749260618,0.987269751,0.906941381,0.915594758,0.006321996,0.00274061,0.83831376,0.997927099,5
150738,1465.681,532.787063,361.850791,1.472394358,0.73398482,152131,438.0931208,0.729789397,0.990843418,0.881766706,0.822266814,0.003534524,0.000996694,0.676122713,0.995519268,1
29462,626.054,229.7488822,163.585807,1.404454863,0.702159149,29730,193.6806223,0.779603609,0.990985536,0.944601215,0.843010075,0.007798143,0.002429417,0.710665986,0.9980983,3
42490,771.623,296.8766722,183.8915802,1.614411448,0.785059167,43065,232.5939558,0.797350297,0.98664809,0.896780728,0.783469964,0.006986977,0.001623897,0.613825185,0.990966405,6
56679,911.133,355.9458366,204.8914494,1.73724105,0.817713549,57531,268.637198,0.810301939,0.985190593,0.857962864,0.754713696,0.00628003,0.001256812,0.569592763,0.98951993,2
44928,766.3,269.9416282,212.1921254,1.272156673,0.618141683,45295,239.1737993,0.794510858,0.99189756,0.961455745,0.886020437,0.006008316,0.00228406,0.785032214,0.99868397,5
43226,771.987,283.8558859,194.4979469,1.459428701,0.72835532,43684,234.599771,0.809839628,0.989515612,0.911454386,0.826474922,0.006566786,0.001889954,0.683060796,0.99687853,6
48439,835.37,325.6445417,190.4112149,1.710217236,0.811234433,49173,248.343412,0.802661232,0.985073109,0.872262664,0.762621141,0.006722776,0.001402697,0.581591005,0.994646961,6
34566,690.139,252.0327181,175.3030169,1.437697551,0.718471319,35009,209.787507,0.740932865,0.987346111,0.911981123,0.832382036,0.007291348,0.002159128,0.692859854,0.996122915,3
31422,652.173,236.3748951,169.5242381,1.394342766,0.696884095,31770,200.0193315,0.749052421,0.98904627,0.928363502,0.846195326,0.007522592,0.002379194,0.716046531,0.9984143,3
34501,689.51,255.8988439,172.1093863,1.486838396,0.740035282,34873,209.5901656,0.776909566,0.989332722,0.911927702,0.819035219,0.007417143,0.00205886,0.67081869,0.997398985,3
29410,625.321,226.6327495,165.4143252,1.37009143,0.683577115,29746,193.5096251,0.741946063,0.988704364,0.945145914,0.853846699,0.007705976,0.002526545,0.729054186,0.998870892,3
50728,841.03,318.5731578,203.0748504,1.56874747,0.770490709,51137,254.1434548,0.715466418,0.992001877,0.901227902,0.797755393,0.006280026,0.00156899,0.636413668,0.998372331,6
73347,1082.968,363.7976463,257.664828,1.411902622,0.705947522,74564,305.5949949,0.814830862,0.983678451,0.785888568,0.840013667,0.004959953,0.001523361,0.70562296,0.996270908,0
89342,1157.698,452.0659318,253.8619299,1.780755122,0.827436342,90617,337.2740242,0.822064777,0.985929792,0.83767387,0.746072642,0.005059949,0.000967053,0.556624387,0.991211729,2
50771,830.882,302.1716806,214.4716633,1.408911909,0.704435929,51286,254.2511454,0.742428895,0.989958273,0.924159389,0.841412884,0.005951659,0.001840155,0.707975642,0.997475314,5
45454,777.58,278.065298,208.3350827,1.334702223,0.66230901,45868,240.5698033,0.789954814,0.9909741,0.944695417,0.865155793,0.00611751,0.00211413,0.748494546,0.999017334,5
32618,674.388,258.3032768,161.3710513,1.600679147,0.780836989,32985,203.7904008,0.707303322,0.98887373,0.901254663,0.788957861,0.007919041,0.001892638,0.622454507,0.996349949,3
51097,875.59,331.1215109,198.1411118,1.671139865,0.801202016,52042,255.0661111,0.672045981,0.981841589,0.837536381,0.770309698,0.006480253,0.001407451,0.593377031,0.991616011,6
153075,1456.617,522.3663458,374.7944989,1.393740696,0.696565119,154335,441.476096,0.801406224,0.991835941,0.906616009,0.845146514,0.003412486,0.001073937,0.714272629,0.995510832,1
40970,762.238,293.3539402,178.6385746,1.642164582,0.793206796,41480,228.3957621,0.74049306,0.987704918,0.886124279,0.778567221,0.007160213,0.001622894,0.606166918,0.995425844,3
68971,1088.647,370.5714742,237.6788411,1.559126898,0.767219512,70444,296.3386654,0.727427095,0.979089773,0.731311203,0.799680186,0.005372859,0.001355347,0.6394884,0.997043565,0
30136,638.327,230.3926265,167.3832636,1.376437653,0.687152604,30491,195.8835034,0.778687889,0.98835722,0.92941364,0.850216026,0.007645096,0.002464222,0.722867292,0.994981758,3
29388,634.152,239.4808208,156.3951407,1.53125487,0.757306906,29673,193.4372346,0.726975881,0.990395309,0.918318138,0.807735809,0.008148932,0.002139724,0.652437138,0.999047544,3
75346,1071.696,420.3182543,232.3967982,1.808623258,0.83324314,77342,309.7313461,0.786361359,0.974192547,0.824378859,0.736897203,0.005578508,0.001014671,0.543017488,0.982114059,2
45598,774.842,260.7270609,223.1483769,1.168402229,0.5171916,45973,240.9505691,0.790479162,0.991843038,0.954397628,0.92414868,0.005717949,0.00257269,0.854050783,0.997874838,5
38396,732.799,269.9425883,181.7355993,1.485358891,0.739425885,38877,221.1047389,0.707264957,0.987627646,0.898516612,0.819080606,0.007030487,0.001951964,0.67089304,0.996516942,6
66564,1034.565,424.5587911,202.1947356,2.099751953,0.879311693,67400,291.1218251,0.596072391,0.987596439,0.781508511,0.685704386,0.006378204,0.000869813,0.470190505,0.987283431,4
59468,945.536,370.0789421,205.5291693,1.80061518,0.831606207,60107,275.1672387,0.746710196,0.989368959,0.835866769,0.743536601,0.006223161,0.001173276,0.552846677,0.995464119,2
65330,974.886,344.9799398,242.1259681,1.424795294,0.712319636,66249,288.4107131,0.76049124,0.986128092,0.863803292,0.836021692,0.005280575,0.001591223,0.69893227,0.995835409,0
48269,877.25,356.6748722,173.2257123,2.059018072,0.87414313,48781,247.9072399,0.599056779,0.98950411,0.788190892,0.695051037,0.007389316,0.001063777,0.483095944,0.99470328,4
45729,804.843,301.5856969,194.1467777,1.553390175,0.765233122,46214,241.2964383,0.785451735,0.989505345,0.887113577,0.800092447,0.006595064,0.001667092,0.640147924,0.994399496,6
32108,662.945,251.4665647,163.011202,1.542633645,0.761434332,32422,202.1909377,0.781844303,0.990315218,0.918053772,0.804047003,0.007831897,0.002019168,0.646491583,0.997299668,3
46173,792.175,286.6587399,205.4085909,1.395553801,0.697524011,46608,242.4650274,0.782659547,0.990666838,0.924603838,0.845831624,0.006208363,0.001960165,0.715431136,0.998422641,5
43188,790.801,294.9917288,187.3927038,1.574190045,0.772308778,43721,234.49663,0.738004101,0.987809062,0.867837749,0.794926118,0.00683041,0.001682417,0.631907534,0.994742549,6
35762,690.56,236.8214407,192.7075785,1.228916073,0.581249747,36157,213.3860178,0.791159683,0.989075421,0.942386,0.901041803,0.006622153,0.002692519,0.81187633,0.997727872,5
67036,1036.913,428.3003348,201.1097099,2.129685011,0.882904284,67879,292.1521626,0.623011152,0.987580842,0.783489747,0.682119856,0.006389109,0.000853224,0.465287498,0.99091581,4
39257,723.526,255.0806668,196.2999924,1.299443081,0.638573971,39588,223.5700445,0.760455611,0.99163888,0.942364002,0.87646801,0.006497712,0.00236529,0.768196173,0.998227202,5
36924,703.026,250.9068247,187.6110881,1.337377376,0.664000527,37327,216.8250376,0.749147866,0.989203526,0.938805948,0.864165564,0.006795223,0.002337606,0.746782122,0.998729515,3
84584,1126.361,394.41481,274.3782349,1.437485777,0.718372101,85824,328.1702205,0.803572107,0.985551827,0.837804857,0.832043352,0.004662995,0.001378569,0.692296139,0.995165854,0
42619,793.846,297.9997164,183.3030949,1.62572114,0.788440022,43149,232.9467668,0.693860606,0.987716981,0.84984671,0.781701304,0.00699218,0.001610481,0.611056928,0.993408166,6
55039,938.168,384.276326,183.7589375,2.091198019,0.878253803,55850,264.7221776,0.588023504,0.985478962,0.785812925,0.68888495,0.006981891,0.000969928,0.474562474,0.992404106,4
43150,788.215,294.72321,187.6463242,1.570631406,0.771122655,43975,234.3934435,0.690289554,0.981239341,0.872772941,0.795300253,0.006830202,0.001685535,0.632502493,0.993428279,6
43871,814.595,328.4832516,170.8977177,1.922104379,0.854006029,44373,236.343589,0.643505684,0.988686814,0.830814213,0.719499664,0.00748748,0.001237764,0.517679766,0.995034545,4
46597,808.28,306.109804,194.3879033,1.574736899,0.772490176,47143,243.575744,0.730681177,0.988418217,0.896280928,0.795713632,0.006569303,0.001624524,0.633160185,0.997060706,6
35363,693.308,247.6217738,182.109893,1.359738176,0.677594516,35741,212.1922949,0.734983581,0.989423911,0.924499205,0.856920988,0.007002284,0.00232907,0.734313579,0.998474206,3
48918,873.66,356.6948346,175.3600489,2.034071254,0.870807094,49448,249.5682914,0.615320755,0.98928167,0.80536667,0.699668925,0.007291689,0.001077899,0.489536604,0.995752334,4
47407,808.47,291.717734,207.1099133,1.408516519,0.704235123,47884,245.6836728,0.732063992,0.990038426,0.911432518,0.842196563,0.006153474,0.001909651,0.70929505,0.999053795,5
42412,762.522,279.0436429,194.1209661,1.437472976,0.718366103,42819,232.3803683,0.724310477,0.990494874,0.916629563,0.832774278,0.006579356,0.001951966,0.693512999,0.996906194,6
74727,1064.7,404.4919384,237.4490424,1.703489449,0.809564929,75848,308.4564336,0.774919114,0.985220441,0.828386291,0.762577457,0.005412929,0.00112914,0.581524377,0.990620641,2
43964,795.449,266.7102618,210.1685413,1.26903037,0.615671136,44557,236.593963,0.778840703,0.986691205,0.873136981,0.887082339,0.00606656,0.002317277,0.786915077,0.998619132,5
52183,853.722,324.3069361,206.0519971,1.57390824,0.772215209,52876,257.7624084,0.772166321,0.986893865,0.899717071,0.794810038,0.006214801,0.00152989,0.631722997,0.994274031,6
69452,1053.073,426.8231958,210.749841,2.025259871,0.869596064,70718,297.370195,0.824307163,0.98209791,0.787005314,0.696705797,0.006145585,0.000893184,0.485398968,0.983059052,4
49753,812.08,273.5577319,231.9879368,1.179189468,0.529931999,50186,251.6892669,0.82397072,0.991372096,0.948050578,0.92005905,0.005498316,0.002430369,0.846508655,0.998194091,5
42843,776.196,284.0933385,192.7875666,1.473608198,0.734502084,43422,233.5581337,0.803974554,0.986665745,0.893607772,0.8221176,0.006631033,0.001868516,0.675877349,0.995978401,6
31977,662.731,248.2332684,164.8049984,1.506224148,0.747810878,32380,201.7780487,0.758108108,0.987554046,0.914898698,0.812856592,0.007762869,0.002090537,0.66073584,0.995216277,3
50074,841.114,312.1499274,205.1383646,1.521655532,0.753734578,50768,252.499895,0.693161683,0.986329972,0.889431335,0.808905826,0.006233773,0.001646352,0.654328636,0.995662789,6
69448,993.332,374.9551683,236.5010886,1.585426818,0.77599019,70025,297.3616315,0.783227509,0.991760086,0.884465209,0.793059162,0.005399078,0.001317412,0.628942834,0.997142837,0
54282,879.376,327.5206119,211.5995489,1.547832278,0.763282539,54920,262.8953955,0.760315993,0.988383103,0.882097289,0.802683513,0.006033687,0.001545041,0.644300823,0.99726961,6
58176,950.621,385.1351952,192.948218,1.996054689,0.865454069,58970,272.1616868,0.793323515,0.986535527,0.808982102,0.706665322,0.006620173,0.001018367,0.499375877,0.996781562,4
41514,757.89,279.1582868,189.5482509,1.472755805,0.734139019,41958,229.9070822,0.752801654,0.989417989,0.908222154,0.823572479,0.006724437,0.001908284,0.678271628,0.998928477,6
45790,809.732,306.7080558,190.5887677,1.609266167,0.783492497,46349,241.4573228,0.76605213,0.98793933,0.877602602,0.787254584,0.006698145,0.001587066,0.61976978,0.997374538,6
41175,747.36,276.1451824,190.2841646,1.45122524,0.72469202,41595,228.9664566,0.805205726,0.989902633,0.926368485,0.829152458,0.006706623,0.001955335,0.687493798,0.997708352,6
46838,820.688,316.4250758,189.3233353,1.671347461,0.801257522,47299,244.2048194,0.677633102,0.990253494,0.873880482,0.771761905,0.006755734,0.001478379,0.595616438,0.995482022,6
52736,888.201,354.7989039,192.5952155,1.842199989,0.839843097,53954,259.1246044,0.766511628,0.977425214,0.840029493,0.730342179,0.006727831,0.001180757,0.533399698,0.982628918,6
37735,722.21,251.7711979,191.2624919,1.316364727,0.650311244,38145,219.1932805,0.791256029,0.98925154,0.909132584,0.870605067,0.006672087,0.002364429,0.757953182,0.997742833,5
59413,920.796,348.2599063,218.4122537,1.594507178,0.778896067,60023,275.0399627,0.713763981,0.989837229,0.880571242,0.789754886,0.005861679,0.001406601,0.62371278,0.994514505,2
45165,791.454,292.3904356,197.3641063,1.481477261,0.737815969,45658,239.8038032,0.809844002,0.98920233,0.906067435,0.820149273,0.006473828,0.00180681,0.67264483,0.996508021,6
45811,801.271,303.5523447,192.7018759,1.57524333,0.772657958,46256,241.5126845,0.811819954,0.990379626,0.896645527,0.795621212,0.006626189,0.001637831,0.633013114,0.997149685,6
26689,604.602,223.6594583,152.2521771,1.469006635,0.732532444,26962,184.3406906,0.736370158,0.989874638,0.917493522,0.824202526,0.008380211,0.002385451,0.679309804,0.99791061,3
56906,949.645,392.1080118,185.1701016,2.117555741,0.881468627,57496,269.1746079,0.813872998,0.989738417,0.792949175,0.686480765,0.006890451,0.000943932,0.471255841,0.997910511,4
65994,1024.72,343.7082805,245.3333569,1.400984705,0.700366245,67205,289.8726798,0.754544831,0.981980507,0.789775926,0.843368334,0.005208175,0.001625303,0.711270146,0.996478596,0
50501,909.986,359.9219079,179.6326235,2.003655577,0.866551438,51274,253.5741908,0.622362713,0.984924133,0.766373396,0.70452558,0.007127025,0.001083116,0.496356293,0.994527054,4
70374,1067.18,394.9477693,227.1444539,1.738751542,0.818065334,71394,299.3375348,0.792339391,0.985713085,0.77650945,0.757916763,0.005612126,0.001142334,0.574437819,0.998804644,0
63745,944.139,356.6672994,228.0424993,1.564038723,0.768898917,64278,284.8906014,0.788562168,0.991707894,0.898636624,0.798757278,0.00559522,0.001404935,0.63801319,0.997877335,2
26920,607.998,227.5359148,151.0809268,1.50605321,0.747743971,27204,185.1367293,0.799429827,0.989560359,0.915125418,0.813659371,0.0084523,0.002285205,0.662041572,0.997069835,3
27239,613.129,224.3137021,154.7945165,1.449106255,0.723732599,27562,186.230427,0.714746786,0.988280967,0.910536391,0.830223144,0.00823502,0.002413369,0.689270469,0.998826148,3
67044,981.016,376.8722117,228.2517453,1.651125213,0.795732996,67723,292.1695946,0.800401132,0.989973864,0.87542229,0.775248441,0.005621267,0.0012525,0.601010146,0.992343005,2
66795,1067.697,363.0668917,234.7617091,1.546533687,0.762823031,68388,291.6265341,0.781904806,0.97670644,0.73630504,0.803230867,0.00543554,0.001395674,0.645179825,0.997792334,0
43902,794.95,299.1453083,187.2184535,1.597840932,0.779947838,44383,236.4270765,0.681538748,0.989162517,0.8730006,0.790341917,0.006813933,0.001639977,0.624640346,0.998075913,6
58188,967.634,390.0822027,192.3134372,2.028366859,0.870025081,58986,272.1897548,0.610859158,0.986471366,0.780946089,0.697775374,0.006703826,0.000980314,0.486890472,0.987592498,4
34079,686.949,251.3405216,173.0145374,1.452713312,0.725362518,34519,208.3044177,0.727096224,0.987253397,0.90750226,0.828773715,0.007375232,0.002146344,0.68686587,0.997819193,3
43126,784.094,289.984833,189.7277689,1.528425885,0.756262858,43628,234.3282497,0.795051896,0.988493628,0.881480646,0.808070709,0.00672413,0.001768534,0.652978271,0.998028892,6
52655,915.993,310.9966465,216.5300928,1.436274481,0.717803496,53696,258.9255264,0.740951818,0.980613081,0.788615251,0.83256694,0.005906308,0.001750542,0.69316771,0.995579093,0
42883,752.306,258.7003767,211.2291737,1.22473791,0.577343706,43202,233.667138,0.786439994,0.992616083,0.952151318,0.903234626,0.006032702,0.002476817,0.81583279,0.999181346,5
59664,982.497,410.2849482,185.6243139,2.210297453,0.891801038,60327,275.6203262,0.623898108,0.989009896,0.776711551,0.671777815,0.006876591,0.000863884,0.451285433,0.997475043,4
32217,667.032,244.093633,168.4897961,1.448714632,0.723554681,32596,202.5338451,0.781283345,0.988372806,0.909916673,0.829738337,0.007576548,0.002215214,0.688465708,0.997390344,3
43027,775.195,244.1335887,224.7026617,1.086473951,0.390957741,43738,234.0591333,0.783477184,0.983744113,0.899764812,0.958733841,0.005673963,0.002957049,0.919170579,0.99865489,5
33663,683.694,262.2051247,164.0061974,1.598751321,0.780233669,33962,207.0291351,0.68472225,0.991196043,0.904980339,0.78956937,0.007789119,0.001867365,0.62341979,0.996693213,3
73591,1051.278,412.8532672,228.2203079,1.809011963,0.833321961,74305,306.102877,0.731375472,0.990390956,0.83675712,0.741432614,0.005610105,0.001045773,0.549722321,0.994454255,2
42791,773.403,290.7249166,188.2196012,1.544604891,0.76213787,43176,233.416352,0.769317896,0.991083009,0.89898117,0.802877011,0.006794067,0.001741429,0.644611494,0.995670066,6
37413,713.916,268.288886,178.0218441,1.507055987,0.748136058,37777,218.2560677,0.748994014,0.990364508,0.922440085,0.813511402,0.007171007,0.001937379,0.661800801,0.997370859,3
47270,808.68,296.3622417,203.7909855,1.45424608,0.72605036,47765,245.3284192,0.784173855,0.989636763,0.908326661,0.827799175,0.006269563,0.001816005,0.685251474,0.99652427,6
34741,688.336,254.1394924,174.7584545,1.45423289,0.726044453,35090,210.3178904,0.767316017,0.990054146,0.921406373,0.827568704,0.007315261,0.002116537,0.68486996,0.995960421,3
35377,687.757,237.8744339,189.4917581,1.255328656,0.604501323,35712,212.2342936,0.781984969,0.9906194,0.939854937,0.89221145,0.006723985,0.002628317,0.796041272,0.999293419,5
39128,739.882,269.6326514,185.0851589,1.456803198,0.727191621,39580,223.2024124,0.796255596,0.988580091,0.898199047,0.827801868,0.006891041,0.001996044,0.685255932,0.998283033,3
34469,666.834,230.1579705,190.9936711,1.205055483,0.558005411,34747,209.4929447,0.789667812,0.991999309,0.974098956,0.910213729,0.006677245,0.002827162,0.828489033,0.998375252,5
28209,615.103,223.5858671,160.9587055,1.389088378,0.694081325,28488,189.5173193,0.779986728,0.990206403,0.936918608,0.84762656,0.007926047,0.002523798,0.718470784,0.998019416,3
42710,816.687,335.8384996,163.6708304,2.051914191,0.873206825,43315,233.1953279,0.806229353,0.986032552,0.804689159,0.694367466,0.007863229,0.001127556,0.482146178,0.989322584,4
35350,693.587,254.677713,177.2426478,1.436887319,0.71809141,35773,212.1532887,0.741556535,0.98817544,0.923415995,0.833026519,0.007204461,0.002140014,0.693933181,0.997103788,3
38657,739.945,290.6699879,169.7466428,1.712375474,0.811765117,38988,221.8549551,0.682889344,0.991510208,0.887235952,0.763253739,0.007519207,0.001574083,0.58255627,0.997555069,3
188980,1696.319,650.0019914,374.7298894,1.734588059,0.817093087,192822,490.5270728,0.645608713,0.980074888,0.82529774,0.754654723,0.003439528,0.000688132,0.569503751,0.987854406,1
44551,787.717,288.0984807,198.2078912,1.453516704,0.725723399,45291,238.1682073,0.765375893,0.983661213,0.902249987,0.826690258,0.006466712,0.001863093,0.683416783,0.993357709,6
38089,732.64,259.0023968,187.6696203,1.380097623,0.689183949,38574,220.2190296,0.713851978,0.987426764,0.891719333,0.850258656,0.006799926,0.002192241,0.722939781,0.997727474,6
115608,1298.623,500.2983097,296.8988262,1.68508012,0.804875582,117222,383.6621916,0.779649587,0.986231254,0.861452967,0.766866856,0.004327541,0.000923211,0.588084774,0.990969962,2
46129,807.467,302.1367324,195.4160349,1.546120473,0.762676513,46628,242.3494728,0.796701209,0.989298276,0.88906669,0.802118534,0.006549822,0.00167249,0.643394142,0.994764856,6
42316,770.012,293.4460478,184.402955,1.591330507,0.777886363,42757,232.1172216,0.774649434,0.989685899,0.896849325,0.791004763,0.006934636,0.001674634,0.625688536,0.995677255,6
34958,672.491,231.2618911,192.6081255,1.200686059,0.553487963,35254,210.973714,0.797927461,0.99160379,0.971367322,0.912271853,0.006615421,0.002826405,0.832239935,0.999258887,5
31992,664.928,237.7309518,171.97862,1.382328523,0.690411323,32361,201.8253689,0.809903547,0.988597386,0.909289157,0.848965468,0.00743095,0.002381136,0.720742366,0.996302731,3
75197,1069.437,417.855791,230.9254685,1.809483352,0.833417471,76303,309.4249409,0.748675826,0.985505157,0.826228112,0.740506528,0.005556815,0.001030674,0.548349918,0.992230047,2
50129,825.083,303.2506787,210.7995845,1.438573417,0.718881056,50553,252.6385266,0.786682778,0.991612763,0.925344882,0.833101274,0.006049406,0.001797561,0.694057732,0.998453004,5
71682,1058.192,388.2167355,236.420938,1.642057335,0.793176261,72768,302.1065326,0.765391761,0.985075858,0.804435134,0.778190389,0.005415819,0.001225145,0.605580282,0.994397545,0
51659,908.268,363.0639091,182.5478043,1.988870315,0.864403945,52433,256.4649716,0.618389236,0.985238304,0.786915015,0.706390707,0.007028086,0.001079436,0.498987832,0.992422086,4
53552,937.555,336.4962468,203.6038358,1.65270092,0.79617216,54684,261.1216653,0.689214929,0.979299247,0.765582593,0.776001717,0.006283542,0.001405513,0.602178665,0.995221234,0
38344,719.605,249.9302987,195.6478006,1.277450081,0.622261488,38741,220.9549662,0.778558376,0.989752459,0.930505481,0.884066347,0.006518107,0.00245607,0.781573306,0.998420884,5
43289,752.142,263.4774873,209.4907505,1.257704632,0.606479344,43618,234.7706682,0.782307762,0.992457242,0.961585125,0.891046406,0.006086477,0.002366721,0.793963698,0.998571821,5
41857,799.297,317.5037187,169.3315803,1.875041372,0.845912589,42538,230.854906,0.7046633,0.983990785,0.823306599,0.72709355,0.007585439,0.001307741,0.528665031,0.991268804,4
30437,643.788,231.3406487,168.2115764,1.375295647,0.686514211,30827,196.8593204,0.704560185,0.987348753,0.922839029,0.85094998,0.007600639,0.002458363,0.724115869,0.995873402,3
42740,784.924,284.3488827,192.4117511,1.477814536,0.736281932,43400,233.2772131,0.693133534,0.984792627,0.871744398,0.82039082,0.006652992,0.001859002,0.673041098,0.994629918,6
30727,664.146,235.9200434,167.0459882,1.412305952,0.706150396,31212,197.7949228,0.703440855,0.984461105,0.875392662,0.838398128,0.007677939,0.002340053,0.702911422,0.992725984,3
54366,933.319,389.9463531,178.055523,2.19002672,0.889664176,54925,263.0987288,0.61286468,0.989822485,0.784290638,0.674704935,0.007172614,0.000916881,0.455226749,0.996958745,4
37098,705.621,257.2452183,183.9486381,1.398462206,0.699051663,37453,217.3353184,0.779107863,0.990521454,0.936305051,0.844856592,0.006934207,0.002179258,0.713782661,0.998198075,3
182976,1623.533,617.4970769,380.3828735,1.623356676,0.787740233,184527,482.67202,0.793546708,0.991594726,0.872331896,0.781658793,0.003374744,0.000777122,0.610990469,0.991855457,1
32094,663.532,251.6524786,162.7261894,1.546478041,0.762803308,32408,202.1468524,0.800748503,0.990311034,0.916030571,0.803277812,0.007841107,0.002013818,0.645255244,0.997873065,3
55502,932.457,373.924271,189.6561829,1.971590197,0.861825561,56271,265.8332959,0.646424412,0.986333991,0.802159756,0.710928165,0.006737131,0.001061592,0.505418856,0.996478862,4
35454,677.189,235.5324639,191.8532649,1.227669824,0.580091585,35744,212.4651379,0.781699923,0.99188675,0.971527984,0.902063072,0.006643326,0.002713394,0.813717786,0.99897677,5
76415,1079.065,421.8737338,232.9591082,1.810934704,0.833710998,77948,311.920823,0.761416515,0.980333043,0.824694824,0.739370096,0.005520824,0.001017727,0.546668139,0.989980304,2
54717,922.315,378.6974903,185.5740586,2.040681188,0.871704192,55375,263.9466768,0.734446517,0.988117381,0.808301898,0.696985545,0.006921021,0.0010075,0.48578885,0.991340168,4
175738,1572.654,575.7955136,393.0693545,1.464870021,0.730741362,178091,473.029144,0.744810341,0.986787654,0.892913061,0.821522803,0.003276443,0.000920579,0.674899715,0.98864036,1
39415,739.942,271.5517826,185.1140476,1.466943142,0.731641429,39827,224.0195006,0.728652506,0.989655259,0.904640521,0.824960523,0.006889554,0.001968356,0.680559865,0.998342626,6
54137,905.416,356.3926718,195.4373656,1.823564653,0.836231556,54769,262.5440329,0.763245453,0.988460626,0.829865519,0.736670683,0.006583163,0.001195936,0.542683695,0.989618804,2
43805,773.977,293.6060564,190.2945711,1.542902957,0.761530647,44195,236.1657432,0.745211119,0.991175472,0.918919438,0.804362642,0.006702569,0.001730727,0.64699926,0.998257071,5
33602,683.361,255.9780954,167.6210262,1.52712402,0.755779961,34000,206.8414736,0.719744677,0.988294118,0.904221048,0.808043646,0.007617942,0.002003349,0.652934534,0.997112011,3
23009,553.724,197.5997215,148.4510652,1.331076481,0.659993133,23288,171.1606517,0.731280193,0.988019581,0.943020021,0.866198851,0.008587932,0.002982214,0.750300449,0.998707282,3
25276,600.507,224.4821311,145.969269,1.537872544,0.759721205,25798,179.3945449,0.727995392,0.979765873,0.880809646,0.79914844,0.008881236,0.002234411,0.638638229,0.982144198,3
59167,962.152,361.6777858,210.6934538,1.71660666,0.812798713,60797,274.4699695,0.702862913,0.973189467,0.803159942,0.75887981,0.00611283,0.001250587,0.575898566,0.988591314,0
43812,791.855,287.394355,197.3058148,1.456593437,0.727098297,44709,236.184612,0.705973348,0.979936925,0.878034572,0.821813678,0.006559718,0.001845688,0.675377722,0.983750758,6
41443,754.945,290.022778,182.1905646,1.591864972,0.778056757,41801,229.7103969,0.747879597,0.991435612,0.913756383,0.792042606,0.006998113,0.001698849,0.62733149,0.998627024,3
25232,589.499,215.3682905,149.3171927,1.44235427,0.720638561,25550,179.2383335,0.725557856,0.987553816,0.912421257,0.832241056,0.008535522,0.002525843,0.692625175,0.999010879,3
62324,976.551,388.7051318,206.3380524,1.883826697,0.847475574,63156,281.6973223,0.714028756,0.986826271,0.821249891,0.72470698,0.006236845,0.001061193,0.525200207,0.989386172,4
68226,1011.284,385.8758434,227.5336849,1.695906448,0.807655115,69707,294.733848,0.788922294,0.978753927,0.838327093,0.763804869,0.005655847,0.001187428,0.583397878,0.989388223,2
32481,658.17,239.3627374,173.2571047,1.381546447,0.689981974,32765,203.3619769,0.746723987,0.991332214,0.942243369,0.849597473,0.007369316,0.002368426,0.721815866,0.997222146,3
87415,1134.346,442.0689702,253.332608,1.745014089,0.819512522,88262,333.6168983,0.790649506,0.990403571,0.853698932,0.754671603,0.005057129,0.001011849,0.569529228,0.993836527,2
69398,1009.124,392.7793368,225.9440829,1.738391782,0.817981645,70022,297.2545675,0.813518393,0.991088515,0.85638243,0.756797875,0.005659808,0.001145252,0.572743024,0.995651766,2
36296,706.169,262.2950517,176.4635149,1.486398204,0.739854213,36656,214.97326,0.716236483,0.990178961,0.914642406,0.819585648,0.007226555,0.002011354,0.671720635,0.998444346,3
39336,722.8,260.6452398,192.3676739,1.354932638,0.67475251,39664,223.7948854,0.775857988,0.991730537,0.94615823,0.858618732,0.006626125,0.002221472,0.737226128,0.998891742,5
74724,1061.193,404.2396466,238.7556691,1.693110149,0.806943215,76531,308.4502419,0.801587642,0.976388653,0.833837116,0.763038075,0.00540977,0.00113121,0.582227105,0.98577462,2
35867,709.926,263.9178839,173.2989923,1.522904897,0.754204312,36262,213.6990471,0.788476335,0.989107054,0.89429078,0.809717947,0.007358237,0.001951141,0.655643154,0.998482169,6
44983,797.634,301.9191017,190.7347747,1.582926355,0.775179265,45396,239.3201505,0.73501634,0.990902282,0.888486767,0.792663164,0.006711849,0.001634469,0.628314892,0.994576202,6
51088,926.529,376.8679851,173.5416044,2.171629025,0.887668105,51759,255.043647,0.588022698,0.987036071,0.747843513,0.676745325,0.00737684,0.000954446,0.457984235,0.994571857,4
38216,720.979,269.4453393,181.1652866,1.487290111,0.740220878,38640,220.5858618,0.786434539,0.989026915,0.923867866,0.818666459,0.00705059,0.001953589,0.670214771,0.996803801,6
38792,718.64,242.7816822,203.6017906,1.192433925,0.544715524,39186,222.2420042,0.760985562,0.989945389,0.943907119,0.915398568,0.00625855,0.002710781,0.837954538,0.999205418,5
29261,635.084,234.9974761,159.5097626,1.473248234,0.734348861,29599,193.0188134,0.742438851,0.988580695,0.911667946,0.821365474,0.008031082,0.002254756,0.674641242,0.993914018,3
27043,611.748,228.0243963,151.4780377,1.505329748,0.747460481,27374,185.5592008,0.718846358,0.987908234,0.908070602,0.81376907,0.008431919,0.002280925,0.662220099,0.996859614,3
38988,713.031,239.8312735,207.2576712,1.157164761,0.503180783,39351,222.8027454,0.782577278,0.99077533,0.963660367,0.928997883,0.006151413,0.002826269,0.863037067,0.998676081,5
39334,738.808,277.5020114,181.1978342,1.53148636,0.757392019,39741,223.789196,0.788319705,0.989758688,0.905554929,0.806441708,0.007055016,0.001840644,0.650348228,0.99599944,3
41292,766.244,288.0197016,182.8352024,1.575296758,0.772675647,41722,229.2915334,0.694286579,0.989693687,0.88377479,0.796096698,0.006975194,0.001728221,0.633769952,0.998375751,6
51426,879.177,300.8312456,217.9846705,1.380056886,0.689161461,52169,255.885945,0.740731138,0.985757826,0.836064866,0.850596302,0.005849789,0.001888922,0.723514069,0.998490572,5
31184,683.436,253.6148426,157.8487236,1.606695555,0.782702949,31826,199.2603873,0.79263891,0.979827814,0.838969133,0.785681095,0.008132852,0.001911648,0.617294784,0.991804785,3
37394,704.489,240.0719714,198.6176511,1.208714181,0.56172289,37814,218.2006405,0.758745232,0.988893003,0.946811131,0.908896775,0.006420067,0.002702574,0.826093347,0.998510744,5
26403,588.912,213.7594715,157.5659892,1.356634592,0.675763873,26646,183.3503305,0.779815701,0.990880432,0.95667039,0.857741316,0.00809603,0.002703194,0.735720166,0.998103427,3
56437,927.722,377.4111213,191.2691376,1.973194035,0.862068054,57192,268.0630899,0.763136544,0.986798853,0.824020608,0.710268126,0.006687299,0.001049832,0.504480811,0.995438527,4
53566,921.082,358.423533,192.9712758,1.857393187,0.842696458,54665,261.1557954,0.691584683,0.979895729,0.793418806,0.728623462,0.006691251,0.001163321,0.530892149,0.986075461,4
54165,947.34,391.3020017,178.3235572,2.194337124,0.890123957,55104,262.6119189,0.576591441,0.982959495,0.758432371,0.671123372,0.007224259,0.000904029,0.450406581,0.988343881,4
32240,664.568,253.9243151,161.8962686,1.568438342,0.770386748,32548,202.6061276,0.761023511,0.990537053,0.917330949,0.797899671,0.007876064,0.001969165,0.636643885,0.99853668,3
30654,665.333,222.27489,176.9758888,1.255961428,0.605029841,31200,197.5598264,0.825630252,0.9825,0.870199617,0.888808567,0.007251089,0.002791361,0.789980668,0.992185248,3
26578,591.719,207.1700535,163.6688163,1.265788182,0.613079014,26872,183.9569532,0.742174192,0.989059244,0.953896229,0.887951468,0.007794795,0.002989106,0.78845781,0.998020578,3
45666,870.017,350.5392581,166.3937946,2.106684681,0.880158728,46356,241.1301662,0.613015813,0.985115195,0.758136418,0.687883484,0.007676154,0.001060188,0.473183688,0.996848826,4
40176,759.93,281.0137131,182.8070817,1.53721459,0.759482903,40677,226.1717753,0.725879887,0.987683457,0.874237397,0.804842486,0.006994567,0.00181044,0.647771427,0.995763688,6
53505,921.825,375.3165391,183.0186713,2.05070082,0.873045825,54350,261.0070532,0.753061224,0.984452622,0.79123824,0.695431792,0.007014607,0.001012048,0.483625377,0.991770957,4
42601,793.4,297.6150349,182.7050554,1.628937055,0.789385932,43137,232.8975694,0.696094771,0.987574472,0.850443107,0.782546384,0.006986104,0.001616051,0.612378843,0.99752659,6
32539,665.734,246.7348621,168.2334833,1.46662161,0.731502155,32911,203.5434635,0.779507941,0.988696788,0.922598174,0.824948132,0.007582743,0.00216627,0.68053942,0.99809382,3
35127,740.865,271.4339565,165.6570679,1.638529282,0.792167756,35752,211.4830619,0.787795196,0.982518461,0.804216109,0.779132665,0.007727217,0.001756502,0.60704771,0.994665448,3
34874,717.294,277.5076202,162.0154755,1.712846377,0.811880594,35671,210.7200889,0.673100307,0.97765692,0.85175998,0.75933082,0.007957436,0.001631838,0.576583295,0.987598608,3
36272,724.509,242.8715934,190.5793454,1.274385705,0.619886114,36736,214.9021749,0.780647383,0.987369338,0.868347978,0.884838658,0.006695842,0.00253187,0.782939452,0.997766845,5
171035,1631.451,614.2500673,361.1593732,1.70077288,0.808884201,175736,466.6567534,0.787744105,0.973249647,0.807507914,0.759717871,0.003591371,0.000737988,0.577171244,0.981637198,1
42876,776.816,294.5524699,185.801991,1.585303087,0.775950173,43305,233.6480659,0.760779304,0.990093523,0.892869118,0.793230714,0.006869868,0.001677746,0.629214965,0.997496427,6
45638,806.878,304.8508151,191.8747638,1.588800992,0.777077076,46250,241.0562307,0.814237288,0.986767568,0.880888052,0.79073507,0.006679758,0.001610885,0.625261951,0.993416808,6
56407,935.855,370.8555652,198.2976202,1.870196752,0.845039996,57827,267.9918338,0.735002085,0.975443997,0.809330182,0.722631286,0.006574637,0.001105907,0.522195975,0.976609216,4
35873,690.446,256.1448565,178.5336466,1.434714752,0.71706854,36167,213.7169207,0.794793398,0.991871043,0.945623215,0.834359603,0.007140324,0.002134572,0.696155946,0.998785206,3
86458,1138.801,449.8295743,246.5628943,1.824400932,0.836396342,87340,331.7856907,0.649084084,0.989901534,0.837759515,0.737580874,0.005202868,0.000949863,0.544025546,0.992520714,2
58533,953.599,376.4633587,200.4914571,1.877702741,0.846388692,59381,272.9954767,0.796064084,0.985719338,0.808870643,0.72515816,0.006431643,0.001097066,0.525854358,0.987398169,4
47446,828.575,313.9171605,192.8665758,1.627639,0.789004941,47949,245.7847095,0.704783125,0.989509687,0.868451996,0.782960413,0.006616304,0.001533749,0.613027008,0.997786665,6
43665,764.364,274.0552333,203.1189378,1.349235262,0.671327776,44090,235.7880504,0.781182911,0.990360626,0.93916712,0.860366896,0.006276314,0.002121383,0.740231196,0.998746032,5
58891,966.204,397.7939189,189.5287619,2.098857793,0.879201774,59522,273.8290526,0.601419526,0.989398878,0.792722401,0.688369127,0.006754749,0.000935566,0.473852055,0.994548078,4
65271,976.35,363.5962751,231.9263575,1.567722957,0.770145872,66871,288.2804508,0.796959707,0.976073335,0.860436984,0.792858647,0.005570564,0.001357882,0.628624835,0.985509585,2
39453,744.392,275.5972103,182.7439808,1.508105543,0.74854538,39919,224.1274632,0.727056612,0.988326361,0.894718675,0.813242859,0.006985456,0.001884758,0.661363947,0.997406635,3
79077,1100.848,434.8319301,235.2069191,1.848720828,0.841077551,80926,317.3073644,0.817003998,0.977151966,0.819983915,0.729724159,0.005498842,0.000961803,0.532497348,0.984438937,2
66370,1004.139,339.2870724,249.8830846,1.357783273,0.676443462,67637,290.69728,0.720535869,0.981267649,0.827168546,0.856788553,0.005112055,0.001699299,0.734086625,0.996730541,0
28736,646.635,246.1159663,148.9879431,1.65191868,0.79595433,29138,191.279407,0.800245064,0.986203583,0.863610201,0.777192191,0.008564726,0.001927556,0.604027701,0.997804643,3
46516,816.113,305.7320331,194.0778224,1.575306386,0.772678835,47041,243.3639469,0.688575066,0.988839523,0.877630351,0.796004084,0.006572621,0.001627719,0.633622502,0.998149574,6
45738,786.456,290.0632965,201.2120227,1.441580342,0.720280279,46160,241.3201821,0.745598592,0.990857886,0.929261991,0.831956973,0.006341845,0.001874126,0.692152405,0.997793301,5
34129,680.157,244.0174548,178.7571063,1.365078345,0.680703878,34572,208.4571717,0.767426695,0.987186162,0.927075456,0.85427156,0.007149857,0.00234888,0.729779898,0.996206735,3
38751,739.551,271.1629633,182.2863325,1.48756607,0.740334155,39175,222.1245272,0.792940454,0.989176771,0.890341303,0.819155111,0.006997573,0.001943532,0.671015095,0.998179289,6
35942,698.658,252.9340109,181.2665967,1.39537022,0.69742715,36276,213.9223591,0.775681975,0.990792811,0.925300573,0.845763519,0.007037283,0.002221164,0.71531593,0.998130546,3
163479,1560.254,607.2519204,344.1510194,1.764492581,0.823900024,165102,456.2323175,0.810972101,0.990169713,0.843881036,0.751306504,0.003714556,0.000730054,0.564461463,0.995988064,1
44199,795.882,295.5580608,191.0130729,1.547318497,0.763100908,44673,237.2254511,0.71931452,0.989389564,0.876849265,0.8026357,0.006686985,0.001711922,0.644224067,0.996819815,6
26545,599.623,221.6838872,152.7359827,1.451418869,0.724779417,26844,183.8427146,0.745646067,0.988861571,0.92776082,0.829301204,0.008351248,0.002436578,0.687740487,0.99819952,3
25361,577.625,204.5411052,158.0927072,1.293804811,0.634510655,25628,179.6959323,0.749637906,0.989581708,0.955177921,0.878532128,0.008065183,0.002963634,0.771818699,0.998582747,3
173967,1605.55,604.93982,370.0099489,1.634928525,0.79113039,176528,470.6396327,0.72534304,0.985492386,0.84806486,0.777994136,0.003477325,0.000785833,0.605274876,0.98958116,1
41126,746.459,269.4241243,194.6013744,1.384492402,0.691594094,41581,228.8301761,0.770337348,0.989057502,0.927501067,0.849330685,0.006551187,0.002102844,0.721362613,0.998721057,5
42669,770.878,287.2991309,189.3883161,1.516984452,0.751965435,43062,233.0833716,0.801988572,0.990873624,0.902300142,0.8112916,0.006733205,0.001799325,0.65819406,0.998470156,6
28526,613.94,217.0002091,167.9380806,1.292144154,0.6332987,28824,190.5791994,0.746910348,0.989661393,0.951040216,0.878244312,0.007607103,0.002791646,0.771313072,0.996647677,3
73973,1054.15,401.1511692,236.8815779,1.693467144,0.807034333,74875,306.8963161,0.715897763,0.987953255,0.836523739,0.765039067,0.00542294,0.001145906,0.585284774,0.991160534,2
170146,1599.868,611.0735401,357.5056244,1.709269724,0.811000707,173278,465.442387,0.811022346,0.981924999,0.83534005,0.761679825,0.003591466,0.000745661,0.580156156,0.991643352,1
27057,606.138,227.4609041,151.8603199,1.497829744,0.744490887,27358,185.607226,0.801831437,0.988997734,0.925436197,0.815996168,0.00840673,0.002299108,0.665849746,0.997329554,3
76336,1059.384,420.8877069,232.0017216,1.814157688,0.834359942,77031,311.759545,0.803621434,0.990977658,0.854736882,0.740719056,0.00551362,0.001023837,0.54866472,0.99536432,2
71896,1080.446,360.632979,254.7127983,1.415841612,0.707918936,73431,302.5571521,0.718241758,0.979096022,0.773942081,0.838961409,0.005016037,0.001532881,0.703856246,0.996548961,0
52995,917.029,386.7899328,175.0464077,2.20964222,0.891732963,53658,259.7601387,0.745988176,0.987643967,0.791915094,0.671579368,0.007298612,0.000915818,0.451018848,0.996590288,4
48797,879.911,368.4560319,169.1747737,2.177960837,0.888361299,49261,249.2594433,0.800160698,0.990580784,0.792000568,0.676497117,0.007550793,0.00097552,0.457648349,0.996740182,4
32996,662.061,235.1356687,179.2508609,1.311768699,0.647189081,33385,204.9678317,0.808091693,0.988348061,0.945965173,0.871700295,0.007126187,0.002538083,0.759861404,0.996762405,3
54609,922.437,360.9467553,193.2920089,1.86736512,0.844526406,55383,263.6860601,0.719258732,0.986024592,0.806493104,0.730540048,0.006609657,0.001161274,0.533688762,0.99659178,4
38207,724.552,272.4285901,179.1575742,1.520608834,0.753339925,38584,220.5598859,0.737700803,0.990229111,0.914563118,0.809606238,0.007130332,0.001889665,0.655462261,0.996701704,3
33762,680.821,252.2588286,170.7038663,1.477756972,0.736257706,34122,207.3333391,0.717226436,0.989449622,0.915318296,0.821907167,0.007471679,0.002103241,0.675531391,0.998271223,3
50798,900.901,308.3940575,210.467044,1.465284311,0.730921624,52164,254.3187417,0.738622154,0.973813358,0.786506543,0.824655131,0.006070988,0.001731923,0.680056084,0.996475511,0
54722,932.823,389.4885736,179.4412012,2.17056379,0.887550835,55383,263.9587361,0.804073116,0.98806493,0.790266067,0.677705982,0.007117587,0.000926142,0.459285397,0.996908253,4
34594,670.069,233.4408877,188.8659908,1.236013359,0.587736043,34848,209.8724584,0.781432121,0.992711203,0.968214523,0.899038984,0.006748017,0.002719381,0.808271095,0.99903387,5
85465,1121.047,444.0432205,247.7210094,1.792513366,0.829924385,86667,329.8748516,0.785885057,0.986130823,0.854575661,0.742889062,0.005195615,0.000976141,0.551884159,0.989259731,2
49556,837.728,312.0204603,203.3490857,1.534407982,0.758462098,50121,251.1904833,0.712216154,0.98872728,0.887360404,0.80504491,0.006296321,0.00163135,0.648097307,0.99444568,6
45670,788.865,294.6471356,197.8137453,1.489518007,0.741133107,46048,241.1407266,0.704468679,0.991791174,0.922222046,0.818405128,0.006451656,0.001785354,0.669786953,0.997659727,5
72836,1041.011,405.7205268,232.1264133,1.747843001,0.820160321,74256,304.5286119,0.677342558,0.980876966,0.844588792,0.750587145,0.00557033,0.001090599,0.563381062,0.984701647,2
25507,598.818,225.4114379,144.6482345,1.55834213,0.766949377,25871,180.2124332,0.759136905,0.985930192,0.893880685,0.799482204,0.008837238,0.002227058,0.639171794,0.996048335,3
93044,1161.429,437.2139217,272.0677744,1.607003706,0.782797837,94175,344.1907904,0.755699585,0.987990443,0.866788029,0.787236575,0.004699002,0.001113285,0.619741426,0.995926768,2
45915,804.283,312.535535,187.3082547,1.668562528,0.800510847,46329,241.7866698,0.792047611,0.991063912,0.891962661,0.773629373,0.006806829,0.00150403,0.598502406,0.998638688,6
157128,1534.971,588.0577425,343.0525178,1.714191595,0.812209859,158837,447.2824423,0.811301465,0.989240542,0.838036814,0.760609733,0.003742539,0.000772669,0.578527165,0.991706404,1
34673,682.498,246.2691669,179.9276172,1.368712434,0.682791096,35091,210.1119576,0.779711709,0.988088114,0.935402481,0.853180121,0.007102621,0.00232146,0.727916319,0.996308117,3
36849,711.732,256.8210887,182.995408,1.403429143,0.701631058,37314,216.6047183,0.76706426,0.987538189,0.914118684,0.843407056,0.006969554,0.002175373,0.711335462,0.998308917,6
43846,777.155,289.9316774,193.494978,1.498393811,0.744716193,44339,236.2762389,0.792559922,0.98888112,0.912272435,0.814937647,0.0066125,0.001799049,0.664123368,0.995118344,6
31306,672.247,254.1840725,158.6839815,1.601825655,0.78119454,31883,199.6497863,0.654704394,0.981902581,0.870521896,0.785453567,0.00811934,0.001906262,0.616937305,0.988226003,3
48077,833.135,317.3621504,193.824296,1.637370324,0.791834759,48506,247.4136973,0.670791941,0.991155733,0.870395155,0.779594217,0.006601122,0.001504084,0.607767144,0.995139885,6
28584,625.161,232.7674861,156.5727079,1.486641505,0.739954318,28869,190.772847,0.752626451,0.990127819,0.919071106,0.819585459,0.008143279,0.002266502,0.671720325,0.998607315,3
45149,855.291,358.1055864,165.2741151,2.166737279,0.887128025,47022,239.7613234,0.799946846,0.960167581,0.775586419,0.669526901,0.007931639,0.000983139,0.448266271,0.97127524,4
40504,749.99,271.2358208,190.9960258,1.42011238,0.710031789,40964,227.0931406,0.748300325,0.988770628,0.904892175,0.837253501,0.006696519,0.002029817,0.700993425,0.995489442,6
60867,964.835,380.5760323,205.4154651,1.852713631,0.841826116,61668,278.3851134,0.68117418,0.987011092,0.821647734,0.731483567,0.006252584,0.001104225,0.535068208,0.991328163,4
33125,678.046,251.3819485,168.7421694,1.489739935,0.741223692,33533,205.3681083,0.806314201,0.987832881,0.905414477,0.816956466,0.007588889,0.002085228,0.667417868,0.994279051,3
69965,1014.949,388.2999017,232.6341399,1.669144099,0.80066714,71261,298.4664215,0.78669815,0.981813334,0.853497518,0.768649233,0.005549916,0.001195031,0.590821643,0.986166458,2
71608,1065.545,393.2833861,232.9271862,1.688439175,0.805744733,72706,301.9505544,0.702039216,0.984898083,0.792552093,0.767768396,0.005492171,0.001177185,0.589468309,0.995281386,0
79609,1075.371,413.3334934,247.9590321,1.666942679,0.800074501,80885,318.3729368,0.724877987,0.984224516,0.865078247,0.770256807,0.005192045,0.001127354,0.593295549,0.988989672,2
35135,692.108,253.0996749,176.9096429,1.430672013,0.715148816,35530,211.5071427,0.775829708,0.988882634,0.92172652,0.835667382,0.007203634,0.002167031,0.698339973,0.999095455,6
66073,1020.543,363.3158432,231.993382,1.566061239,0.769584791,67291,290.0461281,0.755992631,0.981899511,0.797207313,0.798330526,0.005498704,0.001377752,0.637331628,0.99810036,0
25730,602.505,220.8064387,149.0596422,1.481329456,0.737754346,26113,180.9984903,0.797013908,0.985332976,0.890693616,0.819715636,0.008581673,0.002390037,0.671933724,0.995355217,3
37679,725.576,271.5210907,177.126914,1.532918316,0.757917443,38108,219.030575,0.743527508,0.988742521,0.89938039,0.806679785,0.007206165,0.001882299,0.650732275,0.997519424,6
25188,588.157,216.6714012,148.5799603,1.458281458,0.727847831,25479,179.0819858,0.795301696,0.98857883,0.914991392,0.826514182,0.008602168,0.002476218,0.683125693,0.996189531,3
73106,1041.578,407.7764946,230.1807487,1.771549084,0.8254483,74302,305.0925272,0.791738867,0.983903529,0.846796959,0.748185664,0.00557788,0.001078168,0.559781787,0.991680912,2
38090,733.169,276.5891229,176.1024588,1.57061477,0.771117087,38613,220.2219205,0.730855575,0.986455339,0.890456378,0.796206005,0.007261463,0.001800138,0.633944002,0.995681813,6
68269,1055.883,344.2534021,254.0770123,1.354917546,0.674743518,69922,294.8267126,0.748826343,0.976359372,0.769487927,0.856423526,0.005042602,0.001673358,0.733461257,0.993779526,0
33518,676.825,249.6162305,171.2239019,1.457835195,0.727650004,33885,206.5827753,0.746370357,0.989169249,0.919464946,0.827601534,0.007447229,0.002155061,0.6849243,0.99850675,3
31913,654.952,244.1220484,166.7432158,1.464059855,0.730388277,32221,201.5760243,0.741972984,0.990441017,0.934885773,0.825718225,0.007649611,0.002193545,0.681810586,0.998211508,3
77038,1054.205,397.2609845,248.0322879,1.601650285,0.781139909,77933,313.1897636,0.796851404,0.988515776,0.871093394,0.788372822,0.005156689,0.001228789,0.621531707,0.995476436,2
73623,1101.269,428.5121811,219.7080646,1.950370743,0.858554071,74981,306.1694221,0.754504089,0.981888745,0.762845424,0.714494093,0.005820358,0.000935673,0.510501809,0.995667792,0
43357,761.958,264.0043726,209.3619218,1.260995172,0.609189811,43842,234.9549892,0.787736192,0.988937548,0.938441105,0.889966279,0.006089083,0.002356274,0.792039978,0.998758589,5
46003,817.836,316.1360287,186.8850728,1.691606632,0.806558719,46610,242.0182612,0.746656495,0.986977044,0.864298125,0.765551026,0.006872074,0.001456009,0.586068374,0.991397148,6
45147,819.219,318.0026771,181.4369533,1.752689688,0.821261719,45652,239.7560129,0.692608616,0.988938053,0.845354227,0.753943379,0.007043717,0.001403901,0.568430619,0.996282484,6
67960,1003.526,352.4252564,246.5565136,1.429389357,0.714535246,68906,294.1587317,0.71730893,0.986271152,0.848019768,0.834669838,0.005185775,0.001552574,0.696673739,0.995818028,0
46028,779.483,262.7993586,223.4295487,1.176206819,0.526474991,46414,242.0840139,0.771453473,0.991683544,0.951959939,0.921174295,0.005709554,0.002536,0.848562082,0.998084506,5
52271,895.603,365.2392709,182.7609245,1.998453837,0.865801947,52915,257.9796586,0.723053727,0.987829538,0.818916447,0.70633056,0.006987417,0.001072824,0.498902859,0.997034334,4
30349,647.812,243.0052001,159.3263012,1.525204554,0.755065157,30739,196.5745328,0.744431907,0.987312535,0.908774793,0.808931384,0.008007025,0.002114938,0.654369984,0.998048079,3
35581,689.104,244.2151449,186.3530105,1.310497449,0.646317008,35915,212.8453341,0.791832647,0.990700265,0.941582703,0.871548463,0.006863639,0.00244287,0.759596723,0.995449567,3
51426,902.873,373.5488404,175.884179,2.123834233,0.88221513,52047,255.885945,0.721120678,0.988068477,0.792755526,0.685013356,0.007263813,0.000986599,0.469243298,0.996594981,4
83589,1101.208,416.8628541,256.9779746,1.622173475,0.787388668,85079,326.2343028,0.727772167,0.982486865,0.866204186,0.782593842,0.004987054,0.001153904,0.612453122,0.99350521,2
31945,656.148,234.9751152,173.2464067,1.356305851,0.675568938,32280,201.6770618,0.771283017,0.989622057,0.932414756,0.85829115,0.007355615,0.002462279,0.736663698,0.999141284,3
152869,1475.473,537.207402,365.4009172,1.470186244,0.733039629,154271,441.1789387,0.761098913,0.990912096,0.882402552,0.821245085,0.003514168,0.000986038,0.67444349,0.991557542,1
49066,821.717,310.2911232,201.8246541,1.537429233,0.759560686,49495,249.9455371,0.759512089,0.991332458,0.913158098,0.805519457,0.006323954,0.001642376,0.648861596,0.997578785,6
36097,704.802,250.0630138,184.0016463,1.359025959,0.677175962,36535,214.3831333,0.749397941,0.988011496,0.91315966,0.857316442,0.006927529,0.002308462,0.734991482,0.998872504,3
25306,589.45,220.5987438,146.1876275,1.50901104,0.748897654,25639,179.5009747,0.773694509,0.987011974,0.915249338,0.813698988,0.008717251,0.002357298,0.662106044,0.99912533,3
32376,643.009,219.1300137,188.3004274,1.163725525,0.511456521,32608,203.0330109,0.784302326,0.992885182,0.984008731,0.926541314,0.006768286,0.00307693,0.858478807,0.9990337,5
141953,1402.05,524.2311633,346.3974998,1.513380332,0.750586301,143704,425.1354762,0.714710799,0.987815231,0.907459885,0.810969484,0.003692991,0.000985317,0.657671504,0.99530712,1
39536,735.628,276.6419013,182.1474792,1.518779741,0.752647814,39881,224.3630955,0.731700998,0.991349264,0.91809176,0.811023545,0.006997215,0.001867406,0.657759191,0.998991334,3
79337,1098.328,428.7182309,237.5457633,1.804781634,0.832460994,80444,317.8285792,0.682292742,0.986238874,0.826459408,0.741346078,0.005403762,0.001006839,0.549594008,0.991897172,2
37935,731.16,269.6356552,179.6789935,1.500652079,0.745614995,38454,219.7733881,0.722296268,0.986503355,0.891713012,0.815075395,0.007107833,0.001935121,0.664347899,0.996955056,3
40042,741.078,279.0221731,183.343687,1.52185318,0.753808986,40391,225.7942821,0.736445229,0.991359461,0.916215815,0.80923419,0.006968238,0.001843315,0.654859974,0.996600734,6
49105,813.679,289.7182954,216.0480583,1.340990045,0.666262054,49553,250.0448517,0.76312804,0.990959175,0.932028868,0.863062001,0.005899975,0.002019287,0.744876017,0.998871324,5
35693,680.082,229.6226847,198.0893949,1.159187168,0.505761316,35997,213.1800626,0.779544412,0.991554852,0.969773596,0.928392867,0.006433269,0.002948076,0.861913315,0.999118855,5
25130,596.95,225.7986789,142.143117,1.588530516,0.776990262,25492,178.8756824,0.713029168,0.985799466,0.886189173,0.792191005,0.008985224,0.002182872,0.627566588,0.996908676,3
75761,1040.267,407.3840149,237.768531,1.713363889,0.812007371,76319,310.583163,0.755479548,0.992688583,0.879763458,0.762384266,0.005377226,0.001120556,0.581229768,0.995858096,2
53855,923.149,387.4442295,177.6853692,2.180507214,0.888638218,54371,261.8593433,0.805248206,0.990509647,0.794131251,0.67586332,0.007194211,0.000925973,0.456791228,0.996036567,4
37560,722.862,280.5802493,171.0444468,1.640393795,0.792701704,37925,218.684424,0.791820386,0.990375742,0.903284707,0.779400633,0.007470188,0.001700413,0.607465347,0.996482387,3
47532,816.906,307.3333029,197.3339282,1.557427583,0.766633932,47942,246.0073618,0.711993888,0.991448,0.895059241,0.800457872,0.006465819,0.001637409,0.640732806,0.997894945,6
74154,1054.801,413.1876243,230.6605578,1.791323268,0.829675124,75125,307.2715496,0.763136771,0.987074875,0.837535802,0.743661067,0.005572021,0.001051218,0.553031783,0.990658701,2
34239,666.439,232.6862934,187.7243461,1.239510475,0.59086546,34510,208.792837,0.769554077,0.992147204,0.968746459,0.897314723,0.006795943,0.002717745,0.805173713,0.998021251,5
61453,964.166,369.2961794,213.1988044,1.732168153,0.816524236,62238,279.7219865,0.802331806,0.987387127,0.830709788,0.757446197,0.006009408,0.001220165,0.573724741,0.993787725,2
42556,775.043,294.5917187,184.7468112,1.594569979,0.778915954,43167,232.7745305,0.697948272,0.985845669,0.890264525,0.79015979,0.006922449,0.001664559,0.624352493,0.995573742,6
33950,686.105,258.5818308,167.7839639,1.541159387,0.760905976,34240,207.9097942,0.720500849,0.991530374,0.906292684,0.804038681,0.007616549,0.001963567,0.646478201,0.996325947,3
28912,630.948,233.888155,157.7573468,1.482581697,0.738275682,29305,191.8642794,0.795597138,0.986589319,0.912642866,0.820324909,0.008089657,0.002259714,0.672932956,0.997678084,3
81592,1092.977,432.9595097,242.3349194,1.78661627,0.828683634,82729,322.3137616,0.80854606,0.986256331,0.858292657,0.744443197,0.005306397,0.001005323,0.554195674,0.990135007,2
45066,768.715,268.4169536,214.1847085,1.25320316,0.602716742,45424,239.5408385,0.776036644,0.992118704,0.958358867,0.892420673,0.005956086,0.002330339,0.796414658,0.998069367,5
29760,656.499,248.0332937,153.1977689,1.619039856,0.786453083,30254,194.6576709,0.683949255,0.983671581,0.867710101,0.784804604,0.008334452,0.001950307,0.615918267,0.997196222,3
61974,991.559,362.9654923,218.7750977,1.659080472,0.797934992,63233,280.9052288,0.794905341,0.98008951,0.792104116,0.773917176,0.005856738,0.001296025,0.598947795,0.993702591,0
90343,1173.139,472.0359631,246.2945413,1.916550649,0.853085765,91713,339.1581935,0.767179008,0.985062096,0.824907831,0.71850075,0.005224931,0.000858953,0.516243328,0.989406485,2
50547,893.526,369.2940605,176.1669855,2.096272803,0.878883132,51305,253.6896515,0.804901352,0.985225612,0.79559283,0.686958385,0.007305954,0.001003641,0.471911823,0.98925592,4
79569,1096.596,371.6703988,273.0741723,1.361060241,0.678369042,80807,318.2929426,0.794173129,0.984679545,0.831496545,0.856384968,0.004671045,0.00154978,0.733395214,0.998195066,0
35247,682.573,234.9905396,191.2353297,1.228802962,0.581144872,35605,211.8439856,0.759012016,0.989945232,0.950678806,0.90150006,0.006666966,0.002716258,0.812702358,0.998651065,5
31033,649.385,236.3047107,167.76499,1.40854603,0.704250118,31416,198.7773699,0.751477141,0.98780876,0.924760178,0.84119089,0.007614627,0.002351834,0.707602114,0.996690148,3
40995,768.551,284.8235322,184.0812791,1.547270497,0.763083928,41509,228.4654353,0.681070574,0.987617143,0.872158406,0.802129773,0.006947763,0.001774203,0.643412173,0.995532673,6
46777,845.203,349.1877688,171.1671257,2.040039916,0.871617581,47247,244.0457461,0.821412893,0.990052278,0.822849045,0.698895459,0.007464946,0.00109864,0.488454863,0.996467418,4
63529,967.428,368.4339133,221.9855911,1.659719946,0.798110362,65036,284.4075158,0.775689866,0.976828218,0.852991252,0.771936311,0.00579946,0.001270262,0.595885668,0.989003329,2
42184,769.735,289.7952036,186.084112,1.557334479,0.766601781,42680,231.7549071,0.686152995,0.988378632,0.894695295,0.799719609,0.00686979,0.001733302,0.639551454,0.99599553,6
59423,950.19,361.9590866,210.8999607,1.716259621,0.812714275,60550,275.0631082,0.785146134,0.981387283,0.827072397,0.759928728,0.006091229,0.001253072,0.577491671,0.991125637,2
22461,544.584,192.8013032,148.5411365,1.29796572,0.637516899,22699,169.1101222,0.77473096,0.989514957,0.951720002,0.877121261,0.008583825,0.003134001,0.769341707,0.998579162,3
50330,841.897,324.437513,198.0423502,1.638222899,0.792079807,50882,253.1445166,0.734315728,0.98915137,0.892316391,0.780256618,0.006446205,0.001473784,0.60880039,0.997350739,6
62787,942.187,359.461842,223.1302895,1.610995275,0.784021012,63429,282.7417396,0.81130637,0.989878447,0.888802733,0.786569551,0.0057251,0.001351797,0.618691658,0.996709338,0
42713,830.978,271.7567634,200.6023582,1.354703733,0.674616079,43271,233.2035177,0.769936549,0.987104527,0.777303973,0.858133261,0.00636239,0.002128232,0.736392694,0.997593932,5
69624,1048.166,417.3255655,216.0689569,1.931446199,0.855533926,70971,297.7381905,0.788324143,0.981020417,0.796358644,0.713443448,0.00599399,0.00095793,0.509001554,0.983109116,2
52637,881.769,326.9017115,206.784638,1.580880063,0.774512131,53501,258.8812661,0.671810187,0.983850769,0.850729201,0.791923863,0.006210493,0.001506744,0.627143404,0.991438504,6
38811,742.218,264.634744,187.3745512,1.412330235,0.706162603,39314,222.2964237,0.714909372,0.987205576,0.885322969,0.840012238,0.00681855,0.002094181,0.705620561,0.996569252,3
34955,696.192,255.6482989,174.6651336,1.463648146,0.730208557,35452,210.9646612,0.801793743,0.985981045,0.906277324,0.825214414,0.00731364,0.002092091,0.68097883,0.996713401,3
53726,909.042,371.2326566,185.6881088,1.99922687,0.86591374,54515,261.5455367,0.742482034,0.985526919,0.817008309,0.704532675,0.006909739,0.001050137,0.496366291,0.992348825,4
221203,1792.381,689.2430553,412.2568809,1.671877626,0.801399164,224322,530.7018061,0.739191312,0.98609588,0.865247222,0.769977734,0.003115885,0.000675575,0.592865711,0.991198918,1
46382,776.201,268.4691512,220.3100487,1.21859694,0.571480164,46718,243.0131613,0.77380714,0.992807911,0.967410818,0.90518095,0.005788219,0.00239699,0.819352552,0.998460512,5
73720,1050.731,397.3946579,237.5145773,1.673137971,0.801735246,74893,306.3710483,0.777071541,0.984337655,0.839096867,0.770949086,0.005390595,0.001174679,0.594362493,0.994450456,2
32885,667.373,242.9053379,172.7362749,1.406220772,0.703064696,33249,204.6227808,0.724977954,0.989052302,0.927834347,0.842397218,0.007386509,0.002294493,0.709633073,0.997900767,3
36741,692.928,238.615411,196.4650044,1.214544095,0.567527829,37052,216.2870641,0.752642576,0.991606391,0.961578214,0.906425378,0.006494527,0.002704304,0.821606966,0.997877889,5
33702,678.75,245.952983,175.275076,1.403239917,0.701533464,34090,207.1490264,0.757416397,0.988618363,0.919275854,0.842230185,0.007297875,0.002265163,0.709351685,0.995390599,3
37164,710.014,251.9249487,188.1740507,1.338786872,0.664885964,37548,217.5285601,0.744859101,0.98977309,0.926399882,0.863465731,0.006778736,0.00232439,0.745573069,0.998163437,5
89085,1157.147,458.8383236,247.4841838,1.854010695,0.842068105,89699,336.7885759,0.701694274,0.993154885,0.836059875,0.734002716,0.005150568,0.000922201,0.538759988,0.998866779,2
48101,825.797,310.7655768,197.6018619,1.572685468,0.771808495,48685,247.4754439,0.740414069,0.988004519,0.886374733,0.796341237,0.006460688,0.001602712,0.634159366,0.99733322,6
33272,671.659,247.3729375,171.9769022,1.438407916,0.718803708,33626,205.8232886,0.700477905,0.989472432,0.926810818,0.832036401,0.007434868,0.002197973,0.692284573,0.995787609,3
49148,828.621,307.7461416,204.7328482,1.503159577,0.746606991,49784,250.1543067,0.781541202,0.987224811,0.89950554,0.812859279,0.006261621,0.001686273,0.660740207,0.99319797,6
46343,784.808,280.3904973,210.8225172,1.329983633,0.659289772,46736,242.9109718,0.776733038,0.991591065,0.945512262,0.866330971,0.006050331,0.002102298,0.750529351,0.998191753,5
66040,1020.017,369.2521146,229.0483291,1.612114422,0.784361993,67289,289.9736877,0.722617354,0.981438274,0.797631155,0.785300006,0.00559134,0.001311711,0.616696099,0.994184674,0
33484,681.496,248.1528913,171.9687392,1.443011634,0.720942288,33909,206.477972,0.758174078,0.987466454,0.905984098,0.832059506,0.007411089,0.002191186,0.692323021,0.999030173,3
39417,714.124,245.986065,204.3138552,1.203961742,0.55688266,39724,224.0251842,0.774674738,0.992271675,0.971283863,0.910723069,0.006240608,0.002648208,0.829416509,0.998585745,5
40009,742.191,265.1094339,192.6296891,1.376264662,0.68705604,40475,225.7012205,0.777628766,0.98848672,0.912717113,0.851351147,0.006626245,0.002147248,0.724798775,0.997514941,5
56248,946.999,378.6123592,190.3582327,1.988946598,0.864415161,56917,267.6138597,0.604232463,0.988246042,0.788166384,0.706828114,0.006731126,0.001036389,0.499605982,0.993689619,4
45880,820.718,300.3378642,196.4296153,1.528984638,0.756469642,46723,241.6944979,0.687176108,0.981957494,0.855944009,0.804742014,0.006546161,0.001693531,0.64760971,0.990185298,6
38147,727.24,265.5571724,183.4325973,1.44770982,0.723097325,38558,220.3866351,0.718751178,0.989340733,0.906389231,0.829902778,0.006961417,0.002036978,0.688738621,0.997093665,6
35130,678.016,239.1831502,187.1601061,1.277960112,0.622654309,35473,211.4920925,0.780146569,0.990330674,0.960302653,0.884226554,0.006808516,0.002567358,0.781856598,0.999181546,5
46119,803.509,308.643198,190.7433643,1.618107131,0.786173339,46546,242.3232027,0.722415414,0.990826279,0.897652521,0.785124066,0.006692322,0.001568591,0.6164198,0.997433274,6
52266,886.528,359.5803838,186.1317189,1.931859793,0.855600997,52802,257.9673197,0.818600426,0.989848869,0.835688093,0.717412104,0.006879814,0.001124168,0.514680127,0.994289843,4
72490,1057.572,414.9734282,226.718808,1.830344081,0.837559995,74676,303.8044348,0.787934783,0.970726873,0.814456841,0.732105755,0.005724561,0.001014419,0.535978836,0.98102569,2
34460,677.801,245.457549,179.0722248,1.370718152,0.68393326,34864,209.4655931,0.757828994,0.988412116,0.942585439,0.8533679,0.00712297,0.002330162,0.728236773,0.998207363,3
68571,1049.847,433.8348694,204.4175518,2.12229755,0.882033091,69605,295.4781021,0.796300167,0.985144745,0.781804785,0.681084263,0.006326798,0.000839783,0.463875773,0.984482416,4
39561,723.419,263.8513541,191.2792687,1.379403821,0.688800578,39905,224.4340207,0.80082996,0.991379526,0.949942467,0.850607803,0.006669481,0.00215372,0.723533634,0.99804506,3
45458,798.685,308.9294395,187.585204,1.646875302,0.794540994,45853,240.5803883,0.781871345,0.991385515,0.895507303,0.778755138,0.006795931,0.001541816,0.606459565,0.998763279,6
68478,1070.054,361.963668,243.2780493,1.487859957,0.740454703,69587,295.2776618,0.686806078,0.984063115,0.751535573,0.815766023,0.005285839,0.001443963,0.665474204,0.99013242,0
37170,693.745,232.9753925,203.2589797,1.146199754,0.48870646,37485,217.546119,0.79265562,0.991596639,0.970515985,0.933772948,0.006267834,0.002939425,0.871931918,0.999408149,5
40221,746.896,278.57799,184.3187811,1.511392319,0.749820259,40658,226.2984042,0.803616384,0.989251808,0.906029756,0.812334112,0.006926183,0.001860426,0.65988671,0.997347705,3
50299,895.206,366.7064776,176.3450537,2.079482639,0.87678157,50964,253.0665443,0.667990279,0.986951574,0.788720713,0.690106556,0.007290532,0.001020008,0.476247059,0.99034749,4
67437,1041.175,380.6478801,226.5663953,1.680072103,0.803568305,68653,293.0246665,0.799983392,0.982287737,0.781736955,0.769805066,0.005644496,0.001222723,0.59259984,0.995610459,0
26188,600.051,219.927009,152.614971,1.441057896,0.720037991,26495,182.6022924,0.772872152,0.988412908,0.913978266,0.83028589,0.008398007,0.002461879,0.689374659,0.993428796,3
38091,755.186,271.0776828,179.7569844,1.508023089,0.748513262,38716,220.2248113,0.706317566,0.983856803,0.839313827,0.812404802,0.007116581,0.001912234,0.660001563,0.995297595,3
60254,1003.745,389.9516727,198.5205475,1.964288723,0.860713216,61057,276.9797385,0.615282501,0.986848355,0.751534561,0.710292474,0.006471797,0.00101614,0.504515399,0.991013909,4
51576,861.13,310.8525301,211.4262215,1.470264795,0.733073347,52274,256.2588589,0.783948928,0.986647282,0.874017407,0.824374371,0.006027077,0.001717056,0.679593103,0.999181814,0
48046,836.659,333.3711135,183.7137712,1.81462234,0.834453172,48444,247.3339183,0.79367649,0.991784328,0.862521892,0.741917666,0.006938582,0.001296801,0.550441823,0.998844029,6
80056,1086.236,430.5035118,238.2034467,1.807293378,0.832973027,80817,319.2655086,0.80519794,0.990583664,0.852619707,0.741609534,0.00537753,0.001003376,0.5499847,0.993983707,2
36877,712.904,263.1935501,178.6550154,1.473194299,0.734325891,37239,216.6869971,0.792372153,0.990279009,0.911807887,0.82329904,0.007137065,0.002022692,0.677821309,0.998562488,6
45352,793.284,301.9931577,192.1048512,1.572022548,0.77158751,45832,240.2997292,0.787115138,0.989526968,0.905626075,0.795712496,0.006658872,0.001646665,0.633158376,0.995339243,6
45610,804.498,309.4170817,188.0474435,1.645420304,0.794130362,45991,240.9822725,0.770829812,0.99171577,0.885564093,0.778826661,0.006783975,0.001539668,0.606570967,0.998064185,6
72993,1029.35,402.336103,233.3901899,1.723877525,0.814554087,74168,304.8566451,0.726515378,0.984157588,0.865695061,0.757716354,0.005511982,0.001120764,0.574134074,0.989736826,2
42616,791.872,302.5382775,180.7428445,1.673860331,0.801927465,43110,232.9385679,0.677670706,0.988540942,0.854028913,0.769947426,0.007099171,0.001538975,0.592819038,0.992296272,6
62583,987.82,399.2316893,200.6221227,1.989968424,0.864565272,63322,282.2820406,0.810534632,0.988329491,0.805954662,0.707063212,0.006379235,0.000983516,0.499938386,0.994861601,4
35252,695.347,238.7839017,188.9907436,1.263468767,0.611205582,35668,211.8590107,0.795935877,0.988336885,0.916200353,0.887241599,0.006773627,0.002589218,0.787197655,0.99459965,3
37386,710.826,260.5512655,183.116227,1.422873711,0.711384465,37751,218.1772986,0.715220386,0.990331382,0.929805811,0.837368025,0.00696922,0.002113632,0.701185209,0.997698001,3
43605,784.384,294.3814374,189.4330394,1.554013167,0.765450154,44114,235.6259968,0.777744087,0.988461713,0.890612328,0.800410511,0.006751094,0.001709248,0.640656986,0.995589392,6
22931,559.526,207.806204,140.8498712,1.47537376,0.735251534,23207,170.87029,0.806861365,0.988107037,0.920433282,0.822257886,0.009062239,0.002555333,0.676108031,0.997512047,3
52545,911.562,315.9159221,212.1152663,1.489359666,0.741068445,53754,258.6549282,0.748248462,0.977508651,0.794637096,0.818746097,0.006012293,0.001666544,0.670345171,0.99838506,0
33735,693.2,264.6569462,162.6491064,1.62716508,0.788865568,34169,207.2504187,0.726045971,0.987298428,0.882213035,0.783090796,0.007845174,0.00181983,0.613231195,0.997828386,3
27832,612.332,223.6086795,159.0774533,1.405659161,0.702777202,28086,188.2466547,0.777951699,0.990956348,0.932782453,0.841857548,0.00803423,0.002489307,0.708724132,0.996224568,3
32247,661.466,249.4888135,165.0153761,1.511912522,0.750021077,32569,202.6281214,0.765598291,0.990113298,0.926155968,0.812173174,0.007736807,0.00207652,0.659625264,0.997295697,3
31344,664.552,247.4443435,162.1403108,1.526112429,0.755403668,31725,199.7709195,0.727373991,0.987990544,0.891879833,0.80733678,0.007894472,0.002068816,0.651792676,0.994708904,3
25918,598.787,221.1815288,149.8769869,1.475753772,0.735412391,26281,181.6585327,0.738404558,0.98618774,0.908378034,0.82130969,0.008533896,0.002395272,0.674549606,0.995469126,3
84700,1159.78,417.0012702,259.1163751,1.609320407,0.783509107,86013,328.3951727,0.805010645,0.984734866,0.7913016,0.787516001,0.004923274,0.001168076,0.620181452,0.998070666,0
75650,1074.366,419.9836614,231.8239431,1.811649202,0.833855203,76498,310.3555567,0.788513654,0.988914743,0.823596106,0.738970549,0.005551668,0.001021202,0.546077472,0.989300815,2
29909,646.672,239.7630481,159.3046756,1.505059705,0.747354532,30387,195.1443608,0.710849673,0.984269589,0.898759808,0.813905072,0.008016418,0.002169977,0.662441465,0.997013956,3
40297,752.095,279.9816048,183.9133241,1.522356285,0.753998225,40720,226.5121055,0.829258756,0.989611984,0.895235254,0.809024956,0.006947952,0.001836049,0.654521379,0.996414735,6
46202,780.633,260.0997339,226.3979187,1.148860977,0.492296914,46732,242.5411583,0.776869787,0.988658735,0.952745326,0.932492912,0.005629621,0.002625676,0.869543031,0.998984055,5
65181,977.089,368.0482822,226.7141993,1.62340199,0.787753679,65980,288.0816321,0.696088168,0.98789027,0.857951297,0.782727827,0.005646558,0.001307394,0.612662851,0.994598091,2
57585,955.589,384.1119226,192.6375372,1.993961967,0.865149483,58253,270.775736,0.825591398,0.988532779,0.792459273,0.70493968,0.006670347,0.001016099,0.496939953,0.990879366,4
175144,1584.943,601.6749504,372.9726482,1.613187866,0.784688244,176889,472.2290406,0.821994443,0.990135056,0.876148722,0.784857406,0.003435316,0.000804099,0.616001147,0.993725576,1
70413,1068.42,371.2253173,243.1744321,1.526580381,0.755577854,71731,299.420467,0.716627992,0.981625796,0.775137404,0.806573402,0.005272113,0.001376385,0.650560652,0.993133129,0
37630,718.887,271.0113952,177.0788589,1.530455962,0.757012798,38038,218.8881086,0.764417901,0.989273884,0.915003641,0.807671236,0.007202004,0.001890478,0.652332826,0.998366662,3
38148,717.9,260.3562771,187.0793114,1.391689306,0.695474079,38554,220.3895237,0.815041128,0.989469316,0.930151587,0.846492069,0.0068249,0.002161562,0.716548823,0.997213334,3
70780,1041.775,406.8583193,225.0964452,1.807484428,0.833011873,72535,300.1997585,0.746506354,0.975804784,0.819544537,0.737848396,0.00574821,0.001050947,0.544420256,0.984031135,2
33401,700.283,266.7721558,159.843751,1.668955803,0.800616558,33844,206.2219048,0.789062131,0.986910531,0.855898305,0.773026346,0.007986951,0.001759292,0.597569732,0.997317471,3
41609,753.219,283.886934,187.1609879,1.516806131,0.75189749,41978,230.1699898,0.737356016,0.991209681,0.921625769,0.810780498,0.006822729,0.001818658,0.657365017,0.997095288,3
55412,950.15,407.4697047,173.7553106,2.345077704,0.904522875,55983,265.6176757,0.81623875,0.989800475,0.771310679,0.65187098,0.007353456,0.000819064,0.424935775,0.99650741,4
196212,1747.118,682.7367865,370.0172739,1.845148415,0.840403107,199571,499.8248469,0.838269221,0.983168897,0.807776013,0.732090107,0.003479587,0.000616546,0.535955924,0.988918224,1
48618,888.662,373.8354779,166.3130427,2.247782086,0.895588707,49190,248.8018492,0.783239089,0.98837162,0.773630768,0.665538356,0.00768924,0.000930584,0.442941303,0.995635525,4
44780,806.367,311.242022,183.8860709,1.692580741,0.806807967,45261,238.779536,0.725711044,0.989372749,0.865423055,0.767182832,0.006950469,0.001485215,0.588569498,0.996201397,6
27755,612.78,222.3813023,159.5703025,1.393625874,0.696504222,28095,187.9860728,0.741517499,0.987898203,0.928842184,0.845332188,0.008012297,0.002523751,0.714586508,0.995866246,3
49387,893.018,364.8307482,174.0505504,2.096119475,0.878864191,50004,250.7618021,0.715173193,0.987660987,0.778219456,0.687337357,0.007387182,0.001017041,0.472432642,0.990275261,4
25953,596.042,224.5859701,147.5849989,1.521739823,0.753766315,26279,181.7811484,0.733197729,0.987594657,0.918002162,0.809405629,0.008653565,0.002291077,0.655137472,0.996948781,3
33020,664.025,248.3135489,169.6085604,1.464039011,0.730379183,33285,205.0423609,0.717857298,0.992038456,0.941061642,0.825739722,0.007520095,0.002156631,0.681846089,0.998249273,3
88907,1210.626,405.2430606,280.9582347,1.442360503,0.720641443,91061,336.4519404,0.780680341,0.976345527,0.762299836,0.830247259,0.004558056,0.001335947,0.689310511,0.994234256,0
83581,1101.693,427.2737028,251.6375717,1.697972604,0.808178471,84407,326.218691,0.79728518,0.990214082,0.865358865,0.76348881,0.005112091,0.001071492,0.582915164,0.989773978,2
73871,1055.692,373.4753637,252.6569329,1.478191631,0.736440543,74889,306.6846563,0.768536918,0.986406548,0.832931681,0.821164355,0.005055778,0.001418039,0.674310899,0.996760727,0
75259,1048.898,417.1055215,230.9409326,1.806113437,0.832732794,75848,309.5524752,0.785051896,0.992234469,0.85961066,0.742144276,0.005542268,0.0010371,0.550778126,0.994767774,2
36934,715.983,271.2667818,174.0412028,1.558635411,0.76705039,37374,216.8543966,0.77454126,0.98822711,0.905379772,0.799413755,0.007344636,0.001850276,0.639062352,0.996065212,3
161534,1532.14,578.5565899,357.2269049,1.619577311,0.786614013,163293,453.5101726,0.792175056,0.989227952,0.864722799,0.783864846,0.00358164,0.000834116,0.614444098,0.995139719,1
43948,777.578,292.4937012,192.1021159,1.522594896,0.754087894,44489,236.5509068,0.79108615,0.987839691,0.913400091,0.808738465,0.00665545,0.001756263,0.654057904,0.995865226,6
51492,867.948,347.5726681,189.2910008,1.836181681,0.83869045,51991,256.050094,0.704019688,0.990402185,0.85893878,0.736680751,0.006750032,0.001226317,0.542698528,0.996493096,4
38923,740.031,265.9525235,186.7242825,1.424306041,0.712082009,39422,222.6169419,0.788425701,0.987342093,0.893133429,0.837055197,0.006832786,0.002069159,0.700661402,0.997956268,6
72568,1033.053,402.0006704,232.2303312,1.731042919,0.816258777,73798,303.9678392,0.768029126,0.983332882,0.854495562,0.756137642,0.005539641,0.00111703,0.571744134,0.989713635,2
43525,762.479,282.820459,196.1182941,1.442091164,0.720516844,43861,235.4097517,0.785649819,0.992339436,0.940790384,0.832364647,0.006497885,0.001924006,0.692830906,0.999125328,5
59795,962.167,394.7710452,193.9973087,2.034930525,0.870924261,60463,275.9227402,0.800575713,0.988951921,0.811659393,0.698943713,0.006602075,0.000971917,0.488522314,0.994108969,4
29709,649.795,240.337716,157.6330868,1.524665417,0.754863776,30099,194.490806,0.798435862,0.987042759,0.884189121,0.809239637,0.008089728,0.002140042,0.65486879,0.998455797,3
57531,960.364,406.3091754,180.6903526,2.24864897,0.895673883,58025,270.648747,0.79423215,0.991486428,0.78386278,0.666115272,0.007062439,0.000857693,0.443709556,0.997747036,4
41362,771.599,296.7528555,178.323101,1.664130187,0.799313289,41880,229.4858036,0.761562822,0.987631328,0.873027818,0.773322984,0.007174529,0.001582766,0.598028437,0.995197175,6
50712,877.164,316.2129384,204.4654138,1.546535096,0.76282353,51454,254.1033723,0.717538026,0.985579352,0.828245346,0.803583097,0.006235466,0.00160388,0.645745793,0.998668533,0
29080,623.192,228.7066227,162.0935662,1.410954352,0.70546963,29360,192.4209083,0.797805213,0.990463215,0.940936958,0.841343841,0.007864739,0.00243085,0.707859458,0.998757383,3
55607,898.497,311.4197591,228.7198652,1.361577224,0.678671061,56424,266.084632,0.75650636,0.985520346,0.865577715,0.854424371,0.00560037,0.001841158,0.730041006,0.994007207,0
30846,646.738,241.1467794,163.4544718,1.475314666,0.735226505,31232,198.1775643,0.759192715,0.987640881,0.926727306,0.821813025,0.007817765,0.002199654,0.675376649,0.996393075,3
50879,843.716,314.0192157,207.0960918,1.51629716,0.751703392,51313,254.5214231,0.755778372,0.991542104,0.898164449,0.810528179,0.006171883,0.001643122,0.656955929,0.996140409,6
83546,1120.191,438.0143099,244.91133,1.788460787,0.82907324,84546,326.150381,0.789473187,0.988172119,0.836664549,0.744611246,0.005242792,0.00099417,0.554445907,0.991604764,2
27769,614.255,228.9263098,154.7434945,1.479392142,0.73694446,28072,188.0334782,0.71754522,0.989206327,0.924852988,0.821371202,0.008243952,0.002314585,0.674650651,0.998072872,3
89559,1158.625,446.6269238,258.2008138,1.729765748,0.815956741,91501,337.683373,0.734517629,0.978776188,0.838365329,0.756074824,0.004986957,0.001005251,0.57164914,0.988819102,2
31659,654.589,244.3398213,165.2940124,1.478213384,0.736449688,31959,200.772236,0.726890756,0.990612973,0.928473795,0.821692653,0.007717863,0.002170273,0.675178816,0.998058362,3
24188,567.651,205.585,150.9878676,1.361599467,0.678684044,24574,175.491077,0.734706275,0.984292341,0.943293864,0.853618099,0.008499463,0.002783721,0.72866386,0.992148323,3
33864,662.898,221.2164258,195.0635178,1.134073805,0.471666862,34167,207.6462953,0.771600437,0.991131794,0.968399824,0.938656768,0.006532495,0.00312814,0.881076528,0.99920581,5
35128,669.663,228.4024536,195.966868,1.16551566,0.51366751,35376,211.4860722,0.785527404,0.992989597,0.984352571,0.925936078,0.006502006,0.002948161,0.857357621,0.999263734,5
39441,762.355,298.8360953,169.1584032,1.766605085,0.824365783,39892,224.0933754,0.693797495,0.988694475,0.85279231,0.749887242,0.007576788,0.001477913,0.562330876,0.993416585,4
40079,808.532,309.3693472,168.7779429,1.832996314,0.83807513,41384,225.8985784,0.733402869,0.968466074,0.770428456,0.730190565,0.007718989,0.001353583,0.533178261,0.977313787,4
44818,790.151,306.1559554,186.9013658,1.638061627,0.792033489,45243,238.8808279,0.797870825,0.990606282,0.902073964,0.780258635,0.006831094,0.001561796,0.608803537,0.997257713,6
38424,724.092,268.0183559,183.1264127,1.463570175,0.730174499,38899,221.1853437,0.70840708,0.987788889,0.920926434,0.825261923,0.006975285,0.001995763,0.681057241,0.996775066,3
31992,640.338,212.8873637,191.4872537,1.111757361,0.436968432,32258,201.8253689,0.774212284,0.991753984,0.980466376,0.948038274,0.006654394,0.003315826,0.898776569,0.999221466,5
44830,814.955,320.7319468,178.4058376,1.797765988,0.831017734,45297,238.9128058,0.658877131,0.989690266,0.848225541,0.744898686,0.007154404,0.001358758,0.554874053,0.9975337,6
57428,950.056,387.7882355,191.0338698,2.02994493,0.870242148,58271,270.4063619,0.661917935,0.985533113,0.799530703,0.697304191,0.006752599,0.000984781,0.486233135,0.987026487,4
71536,1020.47,341.8985225,267.1090837,1.279995865,0.624215102,72443,301.7987145,0.790260931,0.987479812,0.863244923,0.882714299,0.004779391,0.001789917,0.779184533,0.99735298,0
40756,732.781,248.046899,209.8969438,1.181755649,0.532867614,41203,227.7984875,0.775728506,0.989151275,0.953790555,0.918368616,0.006086144,0.002670485,0.843400916,0.996693796,5
48761,878.828,363.7837935,171.3952953,2.122484126,0.882055217,49402,249.1674807,0.605892294,0.987024817,0.793368032,0.684932878,0.007460548,0.001012844,0.469133048,0.995727447,4
44051,791.48,308.2090135,182.9865831,1.684325748,0.804679544,44619,236.8279443,0.786821705,0.987269997,0.883661117,0.768400449,0.006996641,0.001504596,0.59043925,0.994492031,6
74071,1049.938,415.0111378,229.294414,1.809948749,0.833511683,74997,307.0995381,0.776116432,0.987652839,0.844366051,0.739979027,0.005602883,0.001036261,0.547568961,0.991071756,2
37957,713.931,255.1594978,189.9623637,1.343210796,0.667639428,38297,219.8371065,0.786429089,0.99112202,0.935813409,0.861567406,0.00672233,0.002284845,0.742298394,0.997063217,5
71243,1053.652,348.7025741,260.9807271,1.336123851,0.663209717,72741,301.1800207,0.761403471,0.979406387,0.80641328,0.863716081,0.004894552,0.001680261,0.746005468,0.996755699,0
34322,682.456,250.1151062,175.1992977,1.427603361,0.713677259,34696,209.0457549,0.794031232,0.989220659,0.926047233,0.835798198,0.007287312,0.002193577,0.698558627,0.997264644,3
35932,688.727,242.4962302,188.7911616,1.28446813,0.627604469,36273,213.8925976,0.742780362,0.990599068,0.951912517,0.882045042,0.006748754,0.002519802,0.778003456,0.999320645,5
31966,660.177,230.4733691,177.2507479,1.3002674,0.63916146,32322,201.7433401,0.742635443,0.98898583,0.921674091,0.875343389,0.007209953,0.002611115,0.766226049,0.996298753,3
46028,806.905,303.8268691,193.726451,1.568329299,0.770350059,46560,242.0840139,0.732556659,0.988573883,0.888356236,0.796782768,0.006600914,0.001641132,0.63486278,0.995673899,6
34894,707.258,264.3841713,168.9600431,1.564773342,0.769148419,35522,210.7805035,0.715686275,0.982320815,0.876606898,0.797250843,0.00757678,0.001888184,0.635608907,0.994583874,6
29983,637.582,231.8095088,164.8285853,1.406367157,0.703139556,30312,195.385622,0.762344266,0.989146213,0.926857254,0.842871472,0.007731365,0.002407029,0.710432318,0.99912868,3
33468,659.987,224.4599389,189.9543464,1.181652029,0.53274976,33748,206.4286344,0.792329545,0.991703212,0.965536869,0.91966805,0.006706703,0.002959465,0.845789323,0.999428669,5
38095,734.307,270.1436725,179.8868838,1.50174191,0.746046918,38513,220.2363741,0.789697347,0.989146522,0.887815055,0.81525646,0.007091316,0.00193234,0.664643095,0.998122391,6
75065,1060.516,412.116475,234.3914297,1.758240374,0.822510139,75760,309.153241,0.774400875,0.990826294,0.838712089,0.750159869,0.005490128,0.001072451,0.56273983,0.989431888,2
37401,718.286,272.9152915,174.9021975,1.560388008,0.767652564,37686,218.2210627,0.699031848,0.99243751,0.910957833,0.799592656,0.007297005,0.001839923,0.639348415,0.9976316,3
39455,726.205,248.3634207,202.617037,1.225777577,0.578321866,39861,224.133144,0.781581189,0.989814606,0.940141973,0.902440236,0.006294853,0.002575367,0.814398379,0.998271272,5
35442,694.127,244.3351148,185.2365835,1.319043518,0.652109141,35957,212.4291787,0.728180473,0.985677337,0.924379296,0.869417312,0.006893943,0.002429744,0.755886462,0.997047138,3
48161,826.049,314.0014615,196.1708863,1.600652714,0.780828735,48722,247.6297432,0.796708023,0.988485694,0.886938976,0.788626085,0.006519829,0.001555609,0.621931102,0.995495705,6
58239,946.545,391.5948199,190.5049957,2.055561948,0.873688944,58969,272.3090117,0.792087153,0.987620614,0.816847985,0.695384611,0.006723928,0.000969847,0.483559758,0.993987038,4
65219,1011.11,353.6505457,235.3089993,1.502919764,0.746512389,66672,288.1655945,0.71943565,0.978206743,0.801654414,0.814831471,0.005422508,0.001474522,0.663950327,0.997864068,0
41191,758.127,282.5506901,186.7670382,1.512850944,0.750382683,41695,229.0109388,0.799483716,0.98791222,0.900592388,0.810512757,0.006859525,0.001826052,0.656930929,0.993838576,6
38554,709.931,252.7970964,194.4687204,1.299937059,0.638926226,38842,221.5591962,0.773865917,0.992585346,0.961273624,0.876430937,0.006556962,0.002386455,0.768131188,0.998522197,5
33168,680.621,234.315548,180.5827539,1.297552191,0.637220052,33542,205.5013606,0.761240274,0.9888498,0.899742964,0.877028274,0.007064506,0.002578196,0.769178593,0.998049369,5
70122,1023.764,396.4554433,227.3557115,1.743767248,0.81922584,71191,298.80111,0.727799228,0.984984057,0.840745305,0.753681442,0.005653795,0.001125307,0.568035715,0.990522076,2
34097,680.595,227.819142,190.8101712,1.193957013,0.54635901,34502,208.359422,0.762250738,0.98826155,0.925014467,0.914582595,0.006681501,0.00288367,0.836461323,0.998698862,5
40669,803.675,324.5929153,160.2976462,2.02493875,0.869551599,41155,227.555222,0.619123736,0.988190985,0.791247662,0.701048024,0.007981335,0.001189177,0.491468332,0.995193271,4
38554,702.846,244.6156834,200.9127896,1.217521711,0.570438109,38816,221.5591962,0.764960317,0.993250206,0.980751434,0.905744035,0.006344755,0.002634005,0.820372257,0.998821034,5
37131,712.145,264.3183472,179.6517455,1.471281821,0.733509279,37483,217.4319607,0.800685729,0.990609076,0.920046232,0.822613954,0.007118536,0.002010734,0.676693717,0.995607164,3
49575,850.029,323.8390008,197.1317702,1.642753984,0.793374482,50068,251.2386324,0.815445349,0.990153391,0.862194209,0.775813388,0.006532305,0.001459739,0.601886413,0.988751303,6
37579,721.462,272.6699312,175.9862743,1.549381804,0.763828969,37908,218.7397286,0.692292104,0.991321093,0.907252472,0.802214339,0.007255912,0.001853674,0.643547845,0.997101322,3
54681,892.021,349.0296893,199.8891153,1.746116535,0.819765409,55264,263.8598331,0.760556916,0.989450637,0.863567233,0.755981056,0.006383016,0.001286025,0.571507357,0.997918446,6
44148,783.07,295.578713,190.8405069,1.548825864,0.763633153,44559,237.0885476,0.776679216,0.990776274,0.90473153,0.802116449,0.006695178,0.001709588,0.643390798,0.996500308,6
35105,687.922,232.3755601,192.4946821,1.207179116,0.560170279,35508,211.4168258,0.782720178,0.988650445,0.932181424,0.909806632,0.006619443,0.002797677,0.827748108,0.999240229,5
51460,859.757,325.8442154,202.0423123,1.612752357,0.784555975,52109,255.9705197,0.781651097,0.987545338,0.87483914,0.785561037,0.00633199,0.001487441,0.617106143,0.995239386,6
29734,640.924,237.4579657,159.7690593,1.486257519,0.7397963,30046,194.5726204,0.758597816,0.989615922,0.909599331,0.819398161,0.007986075,0.002220716,0.671413346,0.997893135,3
61349,997.884,408.1775015,192.8648759,2.116391072,0.881329348,62060,279.4851925,0.832912458,0.988543345,0.774207249,0.68471484,0.006653368,0.000902112,0.468834412,0.992236963,4
57397,950.739,392.1081579,187.2577266,2.093949152,0.878595597,58221,270.3333685,0.723321403,0.985847031,0.797951396,0.689435716,0.00683151,0.000952076,0.475321606,0.995299274,4
41325,756.119,277.4222721,190.0100294,1.460040151,0.728625166,41826,229.3831384,0.728078366,0.988021805,0.908327418,0.826837502,0.006713183,0.001935481,0.683660254,0.998171421,6
41158,728.657,253.2860349,207.1147218,1.222926273,0.575629287,41456,228.9191848,0.770402815,0.992811656,0.974132076,0.903797104,0.006153993,0.002532914,0.816849205,0.998946354,5
69810,1022.531,400.0841038,223.7557422,1.788039493,0.828984375,70894,298.1356279,0.78054071,0.984709566,0.839024293,0.745182388,0.005731043,0.001090093,0.555296791,0.992892593,2
52204,897.475,365.3963581,183.2433689,1.994049554,0.865162252,52929,257.8142688,0.643961168,0.986302405,0.814458435,0.705574271,0.006999394,0.001070067,0.497835051,0.992707762,4
36513,714.307,267.2878039,174.2589988,1.533853665,0.758259658,36925,215.6149241,0.710577017,0.988842248,0.899264748,0.806677001,0.007320346,0.001912098,0.650727784,0.998121196,3
73257,1057.406,401.8392094,236.7020073,1.697658647,0.808099091,75593,305.4074481,0.744330421,0.969097668,0.823332868,0.760024012,0.005485335,0.001128995,0.577636499,0.980629597,2
48100,854.778,349.8659196,175.74183,1.99079479,0.864686482,48563,247.4728714,0.827370304,0.990465993,0.827271892,0.707336318,0.00727372,0.001123156,0.500324667,0.996043741,4
50031,854.392,333.5188388,192.7151579,1.730631064,0.816161464,50710,252.3914572,0.731832543,0.986610136,0.86126084,0.756753226,0.006666244,0.001348584,0.572675445,0.991089915,6
26826,612.154,232.045546,147.5599979,1.572550483,0.771763525,27092,184.8132139,0.684424034,0.990181603,0.899589548,0.796452322,0.008650024,0.002147021,0.634336301,0.997525857,3
34516,685.714,254.8207466,172.8476422,1.474250637,0.734775188,34861,209.6357224,0.796657896,0.990103554,0.922453093,0.822679178,0.007382685,0.002086009,0.67680103,0.99777435,3
32441,667.506,248.2911899,167.229045,1.484737236,0.739169136,32793,203.2367193,0.721199591,0.989266002,0.91494239,0.818541807,0.007653623,0.002119387,0.67001069,0.99478982,3
44351,769.972,268.1440908,210.7816343,1.272141625,0.618129859,44773,237.6330092,0.741903647,0.990574677,0.940076975,0.886213858,0.006045954,0.002300375,0.785375002,0.999108231,5
76385,1057.34,384.8384545,254.3609427,1.512962055,0.750425442,77525,311.859588,0.823557951,0.985295066,0.858595529,0.810364932,0.005038142,0.00134021,0.656691323,0.993549053,0
59088,977.984,406.9518663,188.5342666,2.158503458,0.886209899,60601,274.2866716,0.651825703,0.975033415,0.776328723,0.674002737,0.006887217,0.000876739,0.454279689,0.98056428,4
34207,661.138,226.8735177,192.1947081,1.180435819,0.531362195,34421,208.6952446,0.774299425,0.993782865,0.983423569,0.919874857,0.006632371,0.002929298,0.846169752,0.998849085,5
36109,702.169,264.8629265,173.9255187,1.522852589,0.754184675,36457,214.4187649,0.69947504,0.990454508,0.920326699,0.809546159,0.007335094,0.001943354,0.655364984,0.998024262,3
56301,960.988,402.7083316,179.6841418,2.241201297,0.894938615,57012,267.7399104,0.84,0.987528941,0.766108081,0.664848202,0.007152774,0.000862073,0.442023132,0.990662817,4
176818,1633.063,643.6465922,353.8156187,1.819158223,0.835358987,178964,474.4804209,0.730701203,0.988008762,0.833163929,0.73717538,0.003640164,0.000663108,0.54342754,0.988580678,1
94287,1217.589,440.1625026,274.6010294,1.602916433,0.781533848,96147,346.4822318,0.81100818,0.980654623,0.799208786,0.787168897,0.004668327,0.001105637,0.619634873,0.993222921,0
43711,790.285,298.3101981,187.1629928,1.593852468,0.778688568,44153,235.9122162,0.703484349,0.989989355,0.879494501,0.790828532,0.006824602,0.001646594,0.625409768,0.996810902,6
65930,1024.555,366.8341091,229.4159981,1.598990969,0.780308812,67081,289.7320886,0.752634162,0.982841639,0.789264166,0.789817744,0.005563994,0.001335592,0.623812069,0.997469865,0
55573,916.723,372.3930492,194.7710839,1.91195244,0.852316996,57240,266.0032729,0.790624555,0.970877009,0.830993163,0.714307836,0.006700971,0.001076116,0.510235684,0.975546361,4
44555,793.957,300.195125,190.0168188,1.579834495,0.77417003,45145,238.178899,0.696248027,0.986931,0.888203229,0.793413614,0.00673763,0.001646969,0.629505162,0.994513971,6
233751,1849.371,706.9930758,423.527988,1.669294818,0.800707613,237344,545.5465304,0.819204525,0.984861635,0.858845917,0.771643385,0.003024556,0.000661467,0.595433514,0.99395408,1
33092,665.894,242.4997355,174.19325,1.392130496,0.695709279,33403,205.2657863,0.725701754,0.990689459,0.93782688,0.846457774,0.007328047,0.002320541,0.716490763,0.997448641,3
28111,615.128,226.218922,158.5212718,1.427057198,0.713414034,28391,189.1878348,0.787422969,0.99013772,0.933587798,0.836304201,0.008047345,0.002428228,0.699404717,0.998090535,3
32346,658.68,233.794202,176.5200436,1.324462634,0.655698091,32722,202.9389226,0.776987749,0.98850926,0.93687466,0.868023762,0.007227917,0.002531159,0.753465251,0.99793657,3
52710,872.7,326.0393835,207.3994495,1.572035916,0.77159197,53280,259.0607195,0.677419355,0.989301802,0.869706925,0.794568793,0.006185532,0.001520838,0.631339567,0.992488475,6
49332,836.361,327.782973,192.3932829,1.703713186,0.809620823,49726,250.6221323,0.796011231,0.99207658,0.886239373,0.764597777,0.006644429,0.001400779,0.58460976,0.996007357,6
175822,1591.722,606.095091,374.2659261,1.619423647,0.786568021,178759,473.1421808,0.732494001,0.983570058,0.872064569,0.78064018,0.003447208,0.00078968,0.60939909,0.986875297,1
76997,1099.457,413.3606939,237.6076807,1.739677323,0.818280416,78041,313.106412,0.79293335,0.986622416,0.800437028,0.757465373,0.00536853,0.00109015,0.573753791,0.998146458,0
35735,684.121,235.4891195,193.432329,1.217423792,0.570342979,36043,213.3054503,0.750230937,0.991454651,0.959484154,0.905797477,0.006589873,0.002736411,0.820469069,0.998858565,5
42146,761.926,284.2125341,189.5463045,1.499435903,0.74513159,42744,231.6504994,0.726655172,0.986009732,0.912306228,0.815060814,0.006743523,0.001835806,0.66432413,0.996111452,6
33276,704.493,234.7881384,180.705496,1.299286096,0.6384619,33857,205.8356604,0.759656652,0.98283959,0.842534348,0.876686794,0.00705578,0.002571003,0.768579735,0.998604963,5
56137,932.009,376.5197841,191.0161715,1.971140878,0.861757507,56876,267.3496743,0.697319388,0.987006822,0.812117467,0.710054785,0.006707159,0.001051685,0.504177797,0.993805467,4
68883,1065.713,440.0641162,201.5701866,2.183180577,0.888927814,69970,296.1495561,0.655653912,0.984464771,0.762151643,0.672969109,0.006388574,0.000808284,0.452887421,0.988735022,4
40120,762.206,281.6828655,182.1285948,1.546615268,0.76285194,40818,226.0140937,0.717761557,0.982899701,0.867812821,0.802370756,0.007021009,0.001795063,0.64379883,0.9957091,6
51380,899.321,368.2354517,179.5944701,2.050371882,0.873002125,52117,255.7714758,0.783088459,0.985858741,0.798315377,0.694586777,0.007166903,0.001029005,0.482450791,0.989203537,4
29821,638.896,239.9517784,158.6249029,1.512699293,0.750324304,30101,194.8570668,0.803194355,0.990697983,0.918061402,0.812067608,0.008046403,0.002158491,0.6594538,0.997555297,3
38518,716.158,244.1767609,201.1612732,1.213835829,0.566830213,38895,221.455731,0.750896756,0.990307237,0.943747681,0.906948434,0.00633929,0.002645762,0.822555463,0.998447292,5
68325,1008.586,388.1095479,227.1814888,1.708367834,0.81077781,69595,294.9476087,0.799899317,0.981751563,0.844041175,0.759959682,0.005680345,0.001168737,0.577538719,0.98664857,2
50702,892.127,363.6502616,178.5447762,2.036745456,0.871171199,51307,254.0783174,0.615577005,0.988208237,0.80053733,0.69868867,0.007172306,0.001054322,0.488165857,0.994269591,4
53811,903.458,368.7020375,186.5242768,1.976697317,0.862595449,54433,261.7523508,0.638713813,0.988573108,0.828447499,0.709929222,0.006851797,0.001073605,0.503999501,0.996254461,4
38093,737.757,233.4684923,207.9979309,1.12245584,0.454192353,38859,220.2305927,0.77011564,0.980287707,0.879484851,0.943298989,0.006128908,0.00299337,0.889812983,0.998775779,5
42530,775.403,281.212824,193.2368778,1.455275138,0.726510576,43028,232.7034117,0.72981553,0.988426141,0.888894651,0.827499288,0.006612105,0.00191245,0.684755072,0.996507033,6
56821,965.022,386.5769079,187.601567,2.060627287,0.874353745,57528,268.9735009,0.698261137,0.987710332,0.766733269,0.695782638,0.006803416,0.000983561,0.48411348,0.997577446,4
77593,1059.919,405.2489271,245.8931317,1.648069323,0.794877002,78724,314.3158857,0.688833848,0.985633352,0.867934702,0.775611889,0.005222751,0.001165888,0.601573802,0.991435328,2
37194,719.414,274.6529472,172.8749915,1.5887373,0.777056638,37588,217.6163404,0.79501539,0.989517931,0.903077414,0.792332078,0.007384335,0.00179523,0.627790122,0.997393584,3
73494,1035.962,398.3829604,237.2574441,1.6791168,0.803317363,74785,305.901074,0.793097867,0.98273718,0.860546016,0.767856822,0.005420619,0.001162384,0.5896041,0.990014149,2
29270,643.25,245.0946384,152.4239541,1.607979795,0.783097968,29649,193.0484951,0.690818976,0.987217107,0.888941122,0.787648789,0.008373578,0.001988022,0.620390615,0.997575574,3
63530,977.519,346.3706052,234.5515131,1.476735753,0.73582732,64529,284.4097542,0.691505573,0.984518589,0.835484321,0.821114003,0.005452079,0.001528818,0.674228206,0.995656897,0
78136,1200.683,413.4783417,241.6903031,1.710777538,0.811372431,79916,315.413768,0.739980302,0.977726613,0.681089704,0.762830205,0.005291778,0.001105332,0.581909921,0.995518422,0
33848,689.11,262.173124,165.6426459,1.58276344,0.775126267,34122,207.5972353,0.672147424,0.99196999,0.895706595,0.791832634,0.007745602,0.001878315,0.62699892,0.992390968,3
83008,1139.263,414.1048469,255.784557,1.618959533,0.786429016,84045,325.0985514,0.80023137,0.987661372,0.803677534,0.785063382,0.004988734,0.001168931,0.616324513,0.997804446,0
55175,962.44,408.2768518,173.1254469,2.358271756,0.90564377,55785,265.0490367,0.737042479,0.989065161,0.74852253,0.649189479,0.007399671,0.000810733,0.42144698,0.993886509,4
35739,699.446,259.8671258,175.4907282,1.480802596,0.737534497,36060,213.3173882,0.719123506,0.99109817,0.918002531,0.820871003,0.007271248,0.002036519,0.673829203,0.997808033,3
40535,750.716,281.5223744,184.1581483,1.528698985,0.756363962,40902,227.1800276,0.784831939,0.991027334,0.903834048,0.806969706,0.006945168,0.001816734,0.651200106,0.995488941,3
170723,1599.105,621.0104081,353.1574058,1.758452175,0.822557504,172911,466.2309243,0.796297506,0.987346091,0.838972905,0.750761852,0.003637532,0.000712845,0.563643359,0.99113989,1
37883,716.14,264.4647442,182.88286,1.446088191,0.72235659,38214,219.6227076,0.778540455,0.991338253,0.928235907,0.830442289,0.006981093,0.002048052,0.689634396,0.997272156,6
32836,669.19,218.4060038,191.7587728,1.138962252,0.478674896,33225,204.4702758,0.80291471,0.988291949,0.92142762,0.936193476,0.006651419,0.003151785,0.876458224,0.998252833,5
32780,663.22,240.4066233,173.8647827,1.382721788,0.690626845,33109,204.295845,0.750440695,0.990063125,0.93649095,0.849792914,0.007333942,0.002359227,0.722147997,0.998529769,3
54417,915.508,371.6190058,187.5068338,1.981895797,0.863372309,55168,263.2221045,0.803748671,0.986387036,0.815868512,0.70831174,0.006829098,0.001060329,0.501705521,0.994328063,4
34970,698.053,259.9372371,171.5361346,1.515349741,0.751341438,35414,211.0099213,0.77365545,0.987462585,0.901838352,0.811772579,0.007433149,0.001991087,0.65897472,0.998577171,3
34291,671.507,230.658067,189.6239312,1.216397453,0.569343533,34619,208.9513274,0.78204251,0.990525434,0.955628131,0.905892129,0.00672649,0.002794308,0.820640549,0.998225074,5
31720,660.858,247.9994942,163.2366092,1.519263941,0.752831336,32056,200.9655651,0.697909791,0.989518343,0.912697244,0.810346673,0.007818395,0.002079605,0.656661731,0.997642489,3
39581,717.629,237.0136344,212.803796,1.113766008,0.44029196,39918,224.4907446,0.775322716,0.991557693,0.965821047,0.947163842,0.005988066,0.002972807,0.897119344,0.999181031,5
31915,640.718,216.3203615,188.0653069,1.150240653,0.494138341,32184,201.5823407,0.777655945,0.99164181,0.976946683,0.93186947,0.006778015,0.003152845,0.868380709,0.998846794,5
33529,668.926,247.5205101,172.7727385,1.432636376,0.716084281,33773,206.6166709,0.791450288,0.992775294,0.941617046,0.834745657,0.007382281,0.002210991,0.696800313,0.998261475,3
80856,1106.265,432.7253831,239.6112184,1.805947927,0.832699054,81929,320.8567541,0.736541019,0.986903294,0.830240227,0.74147893,0.005351803,0.000997873,0.549791004,0.992893923,2
45753,906.221,275.3211301,212.1319136,1.297876992,0.637453243,46399,241.3597499,0.77911927,0.986077286,0.700101803,0.876648116,0.006017554,0.002192305,0.768511919,0.997433938,5
29537,630.915,234.1916556,160.9691046,1.454885745,0.72633658,29812,193.9269874,0.807683894,0.990775527,0.932469298,0.828069586,0.007928756,0.002299599,0.68569924,0.997614049,3
29124,644.032,252.6723403,147.0692248,1.718050398,0.813149346,29437,192.5664262,0.784992318,0.989367123,0.882360368,0.762119138,0.008675743,0.001805419,0.580825581,0.99788762,3
55428,928.665,385.0306528,184.5813416,2.085967354,0.877599852,56026,265.656021,0.818802257,0.989326384,0.807645758,0.689960706,0.006946501,0.000971054,0.476045776,0.993015947,4
40422,726.959,259.1305337,198.9789429,1.302301288,0.640603943,40712,226.8631501,0.782507695,0.992876793,0.961186863,0.875478265,0.006410631,0.002323069,0.766462193,0.998164702,5
80344,1085.561,426.0155944,242.4125082,1.757399391,0.822321872,81307,319.839269,0.72487775,0.988156001,0.856751451,0.750768923,0.005302395,0.001039147,0.563653976,0.990565154,2
63278,1028.037,358.9810719,226.0999955,1.587709328,0.776726355,64508,283.8451196,0.767731916,0.980932598,0.752393642,0.790696618,0.005673079,0.001367849,0.625201142,0.992637686,0
37311,694.501,240.8765914,197.6153409,1.218916458,0.571788927,37590,217.9583461,0.748015237,0.992577813,0.972077749,0.904854826,0.006455914,0.002669642,0.818762256,0.998002789,5
67381,998.588,380.6815848,227.7026014,1.671836784,0.801388258,68676,292.9029767,0.768400046,0.98114334,0.849130871,0.769417246,0.005649687,0.001221383,0.592002899,0.989732223,2
35473,687.235,241.0501435,187.6446637,1.284609638,0.627710839,35874,212.5220609,0.791348771,0.988821988,0.943837534,0.881650837,0.006795313,0.002532653,0.777308199,0.998537604,5
47512,839.433,312.732286,200.959732,1.556193786,0.766207285,49837,245.9556002,0.787927032,0.953347914,0.847307596,0.786473323,0.006582175,0.001553407,0.618540288,0.962568552,4
56675,898.464,344.9441908,210.2250507,1.640832953,0.79282715,57180,268.6277186,0.753977756,0.991168241,0.882266994,0.778757045,0.006086355,0.001380845,0.606462534,0.995103711,2
38579,729.013,278.6262283,177.2951966,1.571538505,0.771425937,38848,221.6310186,0.695994949,0.993075577,0.912200455,0.795442051,0.007222225,0.001783549,0.632728057,0.994356505,6
48340,834.914,318.2489783,195.1589178,1.630717068,0.789906607,49038,248.0894992,0.779476264,0.985766141,0.871431036,0.779545312,0.006583554,0.001499704,0.607690894,0.990971913,6
58932,928.906,341.4329234,220.0762982,1.551429782,0.764548068,59770,273.9243561,0.719086317,0.985979588,0.858257304,0.802278683,0.005793676,0.001480591,0.643651085,0.998579463,0
45381,767.7,267.1976343,216.3952376,1.234766704,0.586609967,45728,240.3765458,0.770318441,0.992411652,0.967611106,0.899620786,0.005887875,0.0023789,0.809317559,0.999318375,5
56248,925.453,330.3764438,218.0510188,1.515133686,0.751258776,57157,267.6138597,0.825295283,0.984096436,0.825293099,0.810027061,0.005873568,0.001559839,0.656143839,0.994145633,0
52150,912.208,378.8536482,175.5253317,2.158398702,0.886198144,52747,257.6808923,0.609364228,0.988681821,0.787546895,0.680159459,0.007264691,0.000959047,0.462616889,0.998511693,4
27888,618.792,228.801308,155.4945646,1.471442481,0.733578037,28201,188.4359425,0.758176331,0.988901103,0.915246029,0.823578957,0.008204292,0.002328316,0.678282298,0.998053387,3
41780,744.211,257.1975541,207.0124766,1.242425376,0.593441243,42194,230.6424683,0.763077148,0.990188178,0.947951526,0.896752184,0.006155997,0.002455658,0.804164479,0.999114355,5
51641,893.914,360.5070254,184.1942735,1.957210821,0.85962163,52251,256.4202865,0.626543884,0.988325582,0.81210658,0.711276809,0.006981023,0.001102182,0.505914698,0.990181722,4
49033,831.992,309.4932064,203.178182,1.523260044,0.754337575,49562,249.8614708,0.691687004,0.9893265,0.890143508,0.807324573,0.006311937,0.001653998,0.651772967,0.992819718,6
42440,775.99,296.2352492,183.021438,1.618582241,0.786315908,42863,232.4570633,0.777232437,0.990131349,0.885672153,0.784704264,0.006980095,0.001632545,0.615760782,0.996659467,6
61543,991.2,354.6838492,221.9501539,1.598033806,0.780008443,62634,279.9267427,0.828259582,0.982581346,0.787165298,0.789228896,0.005763188,0.001379286,0.62288225,0.995386893,0
58138,947.842,385.5418098,192.5845861,2.001934929,0.866304237,58857,272.0727856,0.807393726,0.987783951,0.81320128,0.705689444,0.006631494,0.001014485,0.497997592,0.996958774,4
37062,713.386,265.6909924,178.0076117,1.492582199,0.742379282,37449,217.2298414,0.785711257,0.989665946,0.915144242,0.817603335,0.007168825,0.001976052,0.668475213,0.997754204,3
26080,590.353,215.0643353,154.4771061,1.392208469,0.695750816,26337,182.2253751,0.746336996,0.990241865,0.940359469,0.847306341,0.008246332,0.002621817,0.717928036,0.999505492,3
33930,666.214,224.1509688,192.8605622,1.162243676,0.50961126,34251,207.8485452,0.76272901,0.990628011,0.960652272,0.927270341,0.006606277,0.003012742,0.859830285,0.999332311,5
32418,667.503,248.8889187,166.5412733,1.494457883,0.7431373,32777,203.1646612,0.7797662,0.989047198,0.914301933,0.816286487,0.007677491,0.002102662,0.66632363,0.995792601,3
32588,667.255,245.95499,168.9845042,1.455488426,0.726605804,32925,203.6966624,0.75962704,0.989764617,0.919779865,0.828186744,0.00754741,0.002190235,0.685893283,0.998309735,3
23310,567.128,216.4826359,137.5590662,1.573743134,0.77216036,23537,172.2765619,0.806853583,0.99035561,0.910730662,0.795798523,0.009287114,0.002297593,0.633295289,0.996644113,3
71968,1016.094,387.0887561,238.2321232,1.624838628,0.788179263,72580,302.7086116,0.834798747,0.991567925,0.875954452,0.782013445,0.005378623,0.001240817,0.611545028,0.993661984,2
46415,844.864,349.7669781,169.7788506,2.060132795,0.874289083,46946,243.0995958,0.777080194,0.988689132,0.817136497,0.695033011,0.007535645,0.001084731,0.483070886,0.995190174,4
44385,768.664,255.6372875,221.4859426,1.15419193,0.499338424,44875,237.7240779,0.783190994,0.98908078,0.944002197,0.929927243,0.005759542,0.002656829,0.864764676,0.998104411,5
30419,658.305,249.3340284,156.3215033,1.595007873,0.779054544,30880,196.8011019,0.777522174,0.985071244,0.882064796,0.789307032,0.008196654,0.001962458,0.623005591,0.993698822,3
57106,945.662,381.1508755,193.3643213,1.971154104,0.861759511,58022,269.6472092,0.678952312,0.984212885,0.802453229,0.707455306,0.006674445,0.001031314,0.50049301,0.98654885,4
44628,805.011,314.488383,181.3863708,1.733803822,0.81690904,45099,238.3739382,0.739265836,0.989556309,0.86539356,0.757973747,0.007046885,0.001434807,0.574524202,0.996112257,6
75186,1059.922,409.8002883,236.9893346,1.729192958,0.815821029,76389,309.4023083,0.802703222,0.984251659,0.841005878,0.755007542,0.005450487,0.001092497,0.570036388,0.985702908,2
33603,676.916,253.3384876,169.5361312,1.494303815,0.743075173,33953,206.8445513,0.792168604,0.989691633,0.921548841,0.816475038,0.007539163,0.002066686,0.666631488,0.996149976,3
75051,1077.341,370.1735995,258.9362535,1.429593556,0.714633072,76431,309.1244103,0.79215351,0.981944499,0.812568479,0.83507957,0.004932294,0.001479586,0.697357888,0.996938344,0
187129,1600.835,576.3698506,416.2622526,1.384631556,0.691669896,189047,488.1188818,0.773110181,0.989854375,0.917609326,0.846884828,0.003080067,0.000977321,0.717213912,0.993077015,1
44213,783.036,295.9261088,190.6661281,1.552064395,0.764770183,44657,237.2630186,0.80655636,0.99005755,0.90614227,0.801764398,0.006693192,0.001706083,0.642826151,0.99770758,6
37500,728.191,275.840463,173.8182658,1.586947504,0.776481079,37944,218.5096861,0.703406363,0.988298545,0.888690459,0.792159655,0.007355746,0.001786723,0.62751692,0.995836409,3
42686,794.621,307.0341194,178.553068,1.719567873,0.813516772,43365,233.1297991,0.830774022,0.984342211,0.849523207,0.759296066,0.007192853,0.001474774,0.576530516,0.991383354,6
44716,766.11,260.5966617,218.6403051,1.191896716,0.544133158,45132,238.608842,0.788349994,0.990782593,0.957393664,0.915625091,0.005827817,0.002526716,0.838369307,0.999249624,5
69816,1028.089,367.5514925,243.5373954,1.509219937,0.748978809,70868,298.1484396,0.765643849,0.9851555,0.830048372,0.811174613,0.005264574,0.001406049,0.658004253,0.993073137,0
85695,1156.716,406.8040568,268.7567432,1.513651535,0.750690509,87339,330.3184263,0.713275014,0.981176794,0.804844279,0.811984101,0.004747115,0.001272916,0.65931818,0.997977976,0
39814,740.266,278.4356845,182.3816646,1.526664893,0.755609291,40185,225.1505257,0.737296296,0.990767699,0.912998513,0.808626689,0.006993411,0.001844426,0.653877123,0.998251248,3
35436,705.427,268.7066041,168.303632,1.596558559,0.779544208,35850,212.4111968,0.69065253,0.988451883,0.894850326,0.790494888,0.007582871,0.001826458,0.624882167,0.997660972,3
46150,804.515,303.9296996,194.8274072,1.559994582,0.767517604,46644,242.4046307,0.74050897,0.989409142,0.896010869,0.797568092,0.006585692,0.001643813,0.636114862,0.992335738,6
51662,866.739,340.4138263,193.8320429,1.756230916,0.822059771,52217,256.4724183,0.774171312,0.989371278,0.86418038,0.753413635,0.00658925,0.001309633,0.567632106,0.996893053,6
30440,658.449,257.7675096,151.2674167,1.704051773,0.80970536,30730,196.8690218,0.71475533,0.990562968,0.882287705,0.763746456,0.008468052,0.001777297,0.583308648,0.993988137,3
32980,666.811,249.8842793,168.2513275,1.485184593,0.73935394,33293,204.9181304,0.727328864,0.990598624,0.932083895,0.82005211,0.007576843,0.002113654,0.672485463,0.998765048,3
41981,844.489,334.4773407,161.0888914,2.076352614,0.876383581,42857,231.1966032,0.609197237,0.979559932,0.739732414,0.691217536,0.00796735,0.001121896,0.477781682,0.992043244,4
33171,654.338,222.253649,190.3614532,1.167534946,0.516138043,33429,205.5106541,0.790237278,0.99228215,0.973563187,0.924667176,0.00670024,0.003021425,0.855009387,0.998253339,5
85716,1121.69,433.0923442,252.959551,1.712101173,0.8116978,86374,330.358897,0.807042651,0.992381967,0.856103089,0.762790895,0.005052643,0.001055165,0.58184995,0.996185982,2
60409,946.447,359.7523847,215.0499722,1.67287808,0.801666018,61368,277.335767,0.731414665,0.984372963,0.847459422,0.770907376,0.005955278,0.00129745,0.594298183,0.994188403,0
46669,805.211,306.5174825,194.7067816,1.574251703,0.772329242,47160,243.7638536,0.729681979,0.989588634,0.904521639,0.795269006,0.006567903,0.001620551,0.632452792,0.995639884,6
46481,849.522,343.2637046,173.9756328,1.973056221,0.862047243,47264,243.2723726,0.733000063,0.98343348,0.809349432,0.708704035,0.007385033,0.00114919,0.50226141,0.990989999,4
27117,608.494,229.2682079,150.8614367,1.519727062,0.753006662,27421,185.8129079,0.801969657,0.988913606,0.920320094,0.810460855,0.008454778,0.002250143,0.656846798,0.998227854,3
61153,988.076,330.529591,236.1084807,1.399905628,0.699805064,62432,279.0383807,0.746496582,0.979513711,0.787130843,0.844216035,0.005404961,0.001693506,0.712700713,0.997713739,0
51268,828.387,294.8418623,222.2647237,1.326534672,0.657053616,51717,255.4925537,0.730126178,0.991318135,0.938835904,0.866540971,0.005750992,0.002000225,0.750893254,0.996085937,5
34468,694.399,257.6113301,170.6910637,1.509225641,0.748981025,34876,209.4899058,0.720831503,0.988301411,0.898271819,0.813201445,0.007473927,0.002016142,0.66129659,0.998045769,3
41627,773.762,299.4652441,177.371783,1.688347712,0.805721148,42043,230.2197701,0.679890896,0.990105368,0.873715786,0.76876958,0.007194015,0.001550015,0.591006668,0.997824756,3
35565,682.802,227.2957017,199.3839165,1.139990154,0.48012413,35922,212.7974727,0.801428668,0.990061801,0.958612545,0.93621424,0.006390994,0.00302865,0.876497104,0.999198069,5
41657,745.22,259.4401353,205.0985657,1.264953435,0.612406621,42101,230.3027132,0.748082967,0.989453932,0.942603072,0.887691155,0.006228008,0.002385484,0.787995586,0.996777723,3
63139,971.167,378.9365767,214.3428288,1.767899485,0.824650215,64207,283.5331931,0.714630116,0.9833663,0.841239642,0.748233901,0.006001625,0.001160374,0.559853971,0.989765547,2
40740,757.11,263.4535233,199.1303713,1.323020298,0.654749088,41567,227.7537685,0.72434393,0.98010441,0.893126394,0.864493158,0.006466704,0.002227968,0.747348421,0.988757131,6
169030,1570.87,586.9240816,368.221092,1.593944764,0.778717839,170989,463.9134405,0.782437624,0.988543123,0.860781975,0.790414732,0.003472307,0.000836023,0.624755448,0.995825675,1
36549,694.092,239.78448,194.256328,1.234371526,0.586251845,36884,215.7211907,0.775592055,0.990917471,0.953347617,0.899646177,0.00656063,0.002651016,0.809363244,0.999054942,5
60956,951.012,368.4262449,211.2337842,1.744163446,0.819317014,61512,278.588567,0.747137989,0.990961113,0.846943288,0.756158311,0.006044134,0.001218891,0.571775391,0.997269737,2
48186,863.853,353.6268329,175.213263,2.018265209,0.868622186,48932,247.6940062,0.69837819,0.984754353,0.811429978,0.700438946,0.007338788,0.001089646,0.490614717,0.990190615,4
24702,580.296,215.3230921,146.2245614,1.472550781,0.73405157,25013,177.3458859,0.718499127,0.987566465,0.921812998,0.823626877,0.008716828,0.002474345,0.678361232,0.998921362,3
46032,811.712,301.1527792,195.4840461,1.540549141,0.76068672,46650,242.0945326,0.707912341,0.986752412,0.877941899,0.803892739,0.006542248,0.001685385,0.646243536,0.995569924,6
33407,706.222,281.5352959,152.7419055,1.843209268,0.840035139,33989,206.2404264,0.809866667,0.982876813,0.841714592,0.732556199,0.008427434,0.001497059,0.536638585,0.989137214,4
70776,1060.894,386.6199438,234.1002082,1.651514737,0.7958417,71978,300.1912757,0.775763422,0.983300453,0.79022705,0.77645057,0.005462585,0.00122471,0.602875487,0.995657752,0
43518,905.774,348.7185105,159.6008471,2.184941477,0.889117933,44595,235.3908208,0.574040364,0.97584931,0.666559759,0.675016707,0.008013202,0.001026228,0.455647555,0.995563242,4
40443,753.761,278.6161752,185.1616059,1.504718939,0.747220732,40926,226.9220723,0.737150044,0.988198211,0.894511444,0.814461229,0.006889108,0.001869926,0.663347093,0.998150934,3
40695,730.309,256.9121046,201.8861475,1.27255935,0.61845786,41014,227.6279492,0.759518477,0.992222168,0.958821163,0.886014887,0.006313112,0.002399868,0.785022379,0.998987568,5
55308,964.005,384.1890074,184.3287565,2.084259747,0.87738519,56329,265.3682964,0.650001763,0.981874345,0.747892616,0.690723293,0.006946355,0.000975334,0.477098668,0.994397548,4
75667,1043.897,408.8401001,238.4287677,1.71472639,0.812340507,77183,310.3904261,0.77870742,0.980358369,0.872571614,0.759197608,0.005403149,0.001107251,0.576381008,0.988335726,2
57853,930.73,358.6434909,207.2421815,1.730552575,0.816142909,58737,271.4050983,0.807957656,0.984949861,0.839244151,0.756754563,0.00619922,0.001254114,0.572677469,0.991048468,2
30900,659.508,238.215735,165.627458,1.438262339,0.718735643,31405,198.3509565,0.698241967,0.983919758,0.892746605,0.832652622,0.007709247,0.002285847,0.69331039,0.997162222,3
64605,996.636,385.5914274,216.2022804,1.783475302,0.828016978,66097,286.8059288,0.787097953,0.977427115,0.817340189,0.743807845,0.005968446,0.001126896,0.553250111,0.986707908,2
38670,711.562,245.5214698,200.8051418,1.222685174,0.575400165,39010,221.8922558,0.763625592,0.991284286,0.95975093,0.903759073,0.006349146,0.002612797,0.816780461,0.998665361,5
143603,1405.207,516.0199144,356.2938031,1.448298876,0.723365593,145400,427.5991328,0.77369388,0.98764099,0.913887564,0.828648509,0.003593378,0.001045115,0.686658352,0.994486519,1
68552,1014.755,390.4415269,226.0322675,1.727370748,0.815388241,69827,295.437163,0.761485826,0.981740587,0.836580224,0.75667454,0.005695553,0.001151734,0.57255636,0.989017108,2
40504,740.479,245.5417356,210.4261872,1.166878224,0.51533727,40946,227.0931406,0.763189629,0.989205295,0.928287036,0.924865747,0.00606216,0.002736037,0.855376649,0.998120386,5
40494,760.31,286.9312509,180.2077172,1.592225101,0.778171454,40982,227.0651055,0.786596737,0.988092333,0.880276559,0.79135718,0.007085772,0.001714183,0.626246186,0.997124897,6
28278,612.547,221.3212684,163.2194988,1.355973214,0.67537149,28550,189.7489601,0.79539829,0.990472855,0.947064853,0.857346252,0.007826624,0.00260843,0.735042597,0.996698072,3
64783,1059.216,355.2919274,232.7027318,1.526806001,0.755661765,66071,287.2007615,0.730855144,0.980505819,0.725607654,0.808351498,0.005484339,0.001444458,0.653432144,0.997664118,0
33972,672.812,232.9882693,185.9156247,1.25319359,0.602708675,34349,207.9771473,0.785661425,0.989024426,0.943069114,0.892650724,0.006858244,0.00268608,0.796825316,0.998576378,5
42044,777.85,294.5178513,182.9759506,1.609598695,0.783594297,42486,231.3700141,0.789514206,0.989596573,0.873216995,0.785589101,0.007004991,0.00164577,0.617150236,0.993364214,6
145163,1449.277,535.8624458,346.3839439,1.547018721,0.762994828,146814,429.9154243,0.704613189,0.988754478,0.868486354,0.802286907,0.003691453,0.0009434,0.643664281,0.995760693,1
55736,935.811,384.3437562,185.117194,2.076218572,0.876366493,56347,266.3930916,0.605220866,0.989156477,0.799777846,0.693111537,0.00689579,0.000981694,0.480403603,0.997422882,4
65159,974.379,332.8213221,250.3496317,1.32942605,0.658929952,65995,288.0330111,0.840576906,0.987332374,0.862439112,0.86542836,0.005107833,0.001767425,0.748966247,0.99569524,0
42116,766.156,291.4779223,184.2718623,1.58178204,0.774806584,42500,231.568039,0.800319246,0.990964706,0.901617987,0.794461677,0.006920836,0.001700709,0.631169356,0.998372352,6
101496,1239.9,480.4816111,270.0436282,1.779274017,0.8271189,102579,359.4839646,0.668326024,0.989442284,0.829631954,0.748174241,0.004733996,0.000914995,0.559764695,0.995974777,2
40731,739.522,256.7799444,202.1768771,1.270075728,0.616500359,41145,227.7286102,0.759396674,0.989938024,0.935907096,0.886862916,0.006304288,0.002405702,0.786525831,0.998947368,5
36474,713.319,259.3227454,179.5186179,1.444545131,0.721648717,36885,215.4997428,0.811290538,0.988857259,0.900794392,0.8310098,0.007109797,0.002091518,0.690577288,0.997570059,6
39145,716.674,252.7945232,197.7307919,1.278478283,0.623052664,39458,223.2508947,0.765208382,0.992067515,0.957729497,0.883131849,0.006457901,0.002423111,0.779921862,0.997113163,5
29833,626.445,229.6467641,165.5129616,1.387485076,0.693217476,30095,194.8962681,0.746571572,0.991294235,0.955302463,0.848678486,0.007697743,0.002463292,0.720255173,0.999343303,3
33037,678.063,263.7833569,160.0818022,1.647803519,0.794802277,33357,205.0951361,0.820835818,0.990406811,0.902963871,0.777513557,0.007984483,0.001799942,0.604527331,0.996142263,3
37220,697.179,246.030186,192.8818788,1.275548473,0.620790529,37513,217.6923881,0.762454933,0.992189374,0.962271534,0.884819833,0.006610161,0.002499259,0.782906137,0.998634728,5
50914,843.481,313.330817,207.4562818,1.510346249,0.749415646,51386,254.6089515,0.816976893,0.990814619,0.899283187,0.812588286,0.006154119,0.001655114,0.660299723,0.997281209,6
60147,957.495,384.5000616,200.8289821,1.914564609,0.852754486,60778,276.7336967,0.770384507,0.989617954,0.82442434,0.719723413,0.006392672,0.001058095,0.518001791,0.991747897,4
66554,1025.341,429.9036152,197.9089856,2.172228886,0.887734059,67248,291.0999565,0.823005676,0.98967999,0.795513179,0.677128422,0.006459471,0.000837647,0.4585029,0.995973243,4
33507,676.021,250.494547,170.667151,1.467737321,0.731984929,33882,206.5488742,0.797975709,0.988932176,0.921350839,0.824564354,0.007475887,0.002131772,0.679906373,0.997923959,3
26917,606.429,218.7678977,157.4198455,1.389709773,0.694415037,27369,185.1264131,0.744262567,0.983484965,0.919764399,0.846222938,0.008127499,0.002570845,0.71609326,0.995161802,3
46562,840.976,337.6311552,176.1020662,1.917246983,0.853201642,47115,243.4842494,0.811523982,0.988262761,0.827321454,0.721154566,0.007251217,0.001209774,0.520063909,0.99709096,4
33078,659.456,235.5600775,178.9312328,1.316483846,0.650391531,33333,205.2223615,0.787721471,0.992349923,0.955822961,0.871210282,0.007121352,0.002530662,0.759007355,0.999220922,5
42428,774.635,284.8893188,190.1533835,1.498207991,0.744642007,42844,232.4241971,0.724484743,0.990290356,0.888522015,0.815840334,0.006714654,0.001834949,0.665595451,0.997200424,6
72546,1026.063,378.8428222,246.1145886,1.539294458,0.760234904,73752,303.9217597,0.777989876,0.983647901,0.865915037,0.802237081,0.005222105,0.001334247,0.643584333,0.990665798,2
132254,1358.189,497.7676684,339.6363418,1.465590124,0.731054561,133553,410.3547523,0.727117787,0.990273524,0.900944965,0.824390129,0.003763725,0.001072331,0.679619085,0.996043019,1
76135,1047.656,409.3399353,237.5633729,1.723076795,0.814362043,76684,311.3488281,0.812297286,0.992840749,0.871679449,0.760611905,0.005376501,0.001110023,0.57853047,0.996852429,2
67284,1042.588,416.6992868,206.1230776,2.021604236,0.869088481,68146,292.6920729,0.654386306,0.987350688,0.777850656,0.702405985,0.006193141,0.000929916,0.493374167,0.997407307,4
23923,577.153,211.0184768,144.8463817,1.456843273,0.727209445,24305,174.5271028,0.711655164,0.984283069,0.902492475,0.827070243,0.008820736,0.002545975,0.684045186,0.996546628,3
30681,649.881,245.5032812,159.9887395,1.534503503,0.758496955,31092,197.6468125,0.759167615,0.986781166,0.912875801,0.805067906,0.008001802,0.002073469,0.648134333,0.994564404,3
89042,1128.166,436.5462293,261.1475299,1.671646021,0.801337307,89791,336.7072847,0.8158512,0.991658407,0.879141449,0.771298117,0.0049027,0.001070297,0.594900785,0.994463531,2
68056,1054.621,359.7313547,242.2025444,1.485250106,0.739380986,69299,294.3664221,0.716801483,0.982063233,0.768924066,0.818295148,0.005285814,0.001461947,0.669606949,0.994533792,0
87301,1149.522,453.1338178,248.9393821,1.820257663,0.835577379,89077,333.3992884,0.700886334,0.980062193,0.830222516,0.735763422,0.005190477,0.000938296,0.541347813,0.985392505,2
36289,704.438,262.904149,176.0537875,1.4933172,0.74267675,36635,214.9525293,0.775837003,0.99055548,0.918965726,0.817607976,0.007244734,0.001997021,0.668482803,0.998256868,3
46137,804.134,301.8584982,195.156389,1.546751811,0.762900314,46601,242.3704868,0.774110738,0.990043132,0.896607496,0.802927492,0.006542656,0.00167741,0.644692557,0.99717938,6
35322,697.666,259.1475488,173.8459387,1.490673585,0.741604218,35710,212.069251,0.710346908,0.989134696,0.911926913,0.818334003,0.007336718,0.00202957,0.66967054,0.998260185,3
63336,990.209,386.0225949,212.8307846,1.813753568,0.83427879,64839,283.9751746,0.63284107,0.976819507,0.811720954,0.735643919,0.006094837,0.001101064,0.541171976,0.981552602,4
44593,778.735,294.6919305,193.1196497,1.525955183,0.755345092,44946,238.2804462,0.696199963,0.992146131,0.924053605,0.808574723,0.00660848,0.001742457,0.653793083,0.997658944,5
46371,810.787,281.3781027,210.3387961,1.337737535,0.664227155,46994,242.984343,0.738626951,0.986742988,0.886426584,0.863551004,0.006067976,0.002081496,0.745720336,0.997578084,5
64734,1032.092,372.8922116,224.1463197,1.663610681,0.799172181,66426,287.0921258,0.691802122,0.974528046,0.763669567,0.769906469,0.005760376,0.001248483,0.59275597,0.986115164,0
37445,703.374,241.2379712,197.8564002,1.219257861,0.572118387,37798,218.3493869,0.750460959,0.990660882,0.951110722,0.905120308,0.006442462,0.002667208,0.819242772,0.99886819,5
37008,691.802,242.2470916,194.6144489,1.244753887,0.595477935,37288,217.0715299,0.79334591,0.992490882,0.971721592,0.896074865,0.006545803,0.002603274,0.802950163,0.999475336,5
67546,985.555,356.6686962,241.4833998,1.476990536,0.735934804,68376,293.2613822,0.801713906,0.987861238,0.873871888,0.822223496,0.005280382,0.001488691,0.676051477,0.998521633,0
30455,659.854,250.9167134,155.1456934,1.617297316,0.785929985,30828,196.9175217,0.736535345,0.98790061,0.878967385,0.784792368,0.008238933,0.001927835,0.615899061,0.996091898,3
48947,834.814,315.1635105,198.6220033,1.586750235,0.776417496,49509,249.642256,0.785893195,0.988648529,0.882584905,0.792103933,0.006438873,0.001563573,0.62742864,0.995572542,6
29047,694.716,230.9578509,160.5771097,1.438298717,0.718752655,29737,192.3116977,0.77894878,0.976796583,0.756304259,0.832670104,0.007951177,0.002357779,0.693339502,0.997229316,3
37574,712.47,253.4993159,188.9044447,1.341944686,0.666855337,38001,218.7251761,0.748113489,0.988763454,0.93017386,0.862823536,0.006746668,0.002306519,0.744464454,0.999030119,5
26439,604.923,228.2848809,147.9001309,1.543506956,0.761746429,26738,183.4752853,0.769649511,0.988817413,0.907934867,0.803711944,0.008634399,0.002222356,0.645952888,0.997032777,3
36373,706.208,260.7169424,178.2056931,1.463011298,0.729930173,36774,215.2011663,0.759226017,0.989095557,0.916481538,0.82542072,0.00716787,0.002052444,0.681319365,0.996777928,3
69673,1063.011,390.0669854,228.7240767,1.705404131,0.810042421,70866,297.8429432,0.744488967,0.983165411,0.774816495,0.763568706,0.005598539,0.001173943,0.583037168,0.994313996,0
29847,661.797,238.7327093,159.5771914,1.496032781,0.743770967,30349,194.9419931,0.752799637,0.983459093,0.856369047,0.816570103,0.00799855,0.002193638,0.666786734,0.997534811,3
64222,977.412,337.0460686,243.183425,1.385974676,0.692399946,65307,285.9545244,0.716299717,0.983386161,0.844769756,0.848413766,0.00524814,0.00167732,0.719805919,0.997632774,0
51604,920.072,352.4904552,189.0325785,1.864707439,0.84404195,52966,256.3284094,0.676082172,0.974285391,0.766036745,0.727192483,0.006830681,0.00117826,0.528808907,0.986073903,4
67848,1001.425,388.5368326,222.9781567,1.742488315,0.818931036,68623,293.9162408,0.800566372,0.98870641,0.850178379,0.756469442,0.005726578,0.001156753,0.572246016,0.997131997,0
73674,1092.816,378.1779296,249.5971542,1.515153211,0.751266248,75048,306.2754483,0.813897481,0.981691717,0.775229024,0.809871291,0.005133126,0.001362152,0.655891509,0.993776125,0
46338,798.429,301.6286942,197.0381277,1.530813847,0.75714462,46746,242.8978675,0.782842276,0.99127198,0.91342847,0.805287667,0.006509316,0.001688571,0.648488227,0.992714757,6
77043,1083.127,409.9881519,242.6333065,1.689743909,0.806080683,78995,313.199927,0.76544694,0.975289575,0.82524763,0.763924337,0.00532155,0.001117942,0.583580392,0.986101413,2
52266,903.64,366.5211214,182.9456302,2.003442886,0.86652092,53045,257.9673197,0.733990563,0.985314356,0.804337347,0.703826614,0.007012611,0.001061505,0.495371902,0.992449313,4
34700,690.412,233.6301362,189.501815,1.2328649,0.58488132,35154,210.1937492,0.747877064,0.987085396,0.914792671,0.899685942,0.006732857,0.00272109,0.809434794,0.997923747,5
47979,835.28,322.8308784,190.4265884,1.695303587,0.807501985,48790,247.161405,0.799996665,0.983377741,0.864165433,0.765606457,0.006728587,0.001426021,0.586153247,0.993707702,6
31479,670.537,255.180817,157.8175133,1.616935989,0.785821262,31964,200.2006684,0.779453276,0.98482668,0.879802714,0.784544351,0.008106383,0.001894423,0.615509838,0.995240009,3
39984,729.801,254.4318151,200.5811621,1.268473133,0.615227815,40353,225.6306937,0.820891845,0.990855698,0.943381151,0.886802201,0.006363341,0.002427571,0.786418144,0.997550287,5
45147,807.574,309.4261227,186.5771932,1.658434868,0.797757696,45655,239.7560129,0.788979763,0.98887307,0.869909561,0.774840892,0.006853747,0.001523905,0.600378408,0.995688486,6
181118,1654.091,632.3590715,370.3584898,1.707424263,0.810544168,185974,480.21516,0.770472277,0.973888823,0.831864671,0.759402658,0.00349142,0.000716259,0.576692398,0.984658592,1
63988,1012.38,342.8844413,238.8867326,1.435343175,0.717365036,65339,285.4330955,0.81523761,0.979323222,0.784551192,0.832446915,0.005358574,0.001587286,0.692967867,0.994646698,0
150169,1496.077,562.8234368,342.7948749,1.641866545,0.793121922,151971,437.2654905,0.779026276,0.988142475,0.843106155,0.776914147,0.003747934,0.000842294,0.603595592,0.99102341,1
31870,659.448,245.5347346,165.481144,1.483762613,0.738765779,32159,201.4401755,0.783624293,0.991013402,0.920938898,0.82041417,0.007704259,0.002152996,0.67307941,0.998690064,3
93615,1163.399,438.859731,272.5946707,1.609935109,0.783697208,94533,345.2453041,0.743802638,0.990289105,0.869156402,0.786687134,0.004687921,0.001107563,0.618876647,0.996351243,2
98399,1207.523,475.4600796,267.2661418,1.778976104,0.827054939,99895,353.9569154,0.715785262,0.985024275,0.848027089,0.744451386,0.00483196,0.000915479,0.554207867,0.985922551,2
24257,574.672,204.5871172,151.7031407,1.348601725,0.67094318,24688,175.7412064,0.721934524,0.982542126,0.923011002,0.859004266,0.008434148,0.002832711,0.737888329,0.995117473,3
44517,757.197,261.8157548,216.6867686,1.208268306,0.561272971,44812,238.0773085,0.771257796,0.993416942,0.975703773,0.909331483,0.005881253,0.002480496,0.826883745,0.999097422,5
34856,697.267,265.273145,167.9044084,1.579905778,0.77419338,35226,210.665701,0.793606703,0.989496395,0.90092614,0.794146354,0.007610545,0.001867229,0.630668432,0.9963967,3
53749,877.19,340.096155,202.3696457,1.68056901,0.803698634,54241,261.6015143,0.82179989,0.990929371,0.877794607,0.769198682,0.006327488,0.00136636,0.591666613,0.994336574,6
35674,712.727,258.2219167,176.3050191,1.464631682,0.730637568,36178,213.1233153,0.719233871,0.986068882,0.882501088,0.825349444,0.007238379,0.002071918,0.681201704,0.997709598,3
45226,814.984,314.1255195,183.97133,1.707469961,0.810555494,45806,239.9656885,0.744215896,0.987337903,0.855657334,0.763916567,0.006945684,0.001459078,0.583568521,0.99642572,6
24370,570.256,209.9727832,148.080925,1.417959694,0.708969976,24649,176.1500715,0.737948159,0.988681082,0.941728397,0.838918592,0.008616035,0.002632489,0.703784403,0.997937917,3
40841,727.572,248.9160626,209.2592311,1.189510548,0.541529247,41171,228.03591,0.788618985,0.991984649,0.969514429,0.916115688,0.006094759,0.00264812,0.839267954,0.998318084,5
36241,709.994,263.2216995,176.0769763,1.494924009,0.743325113,36678,214.8103218,0.811959493,0.988085501,0.903442838,0.816081357,0.007263092,0.00198717,0.665988782,0.99560262,3
65301,1011.629,357.962786,232.5992193,1.538968132,0.760117168,66437,288.3466933,0.773177201,0.982901094,0.801838961,0.805521424,0.005481735,0.00142366,0.648864765,0.998582195,0
44487,782.475,299.631194,189.5121477,1.581065898,0.774572848,44833,237.9970748,0.80643524,0.992282471,0.913065729,0.794300058,0.006735253,0.001653758,0.630912583,0.997514369,6
44935,785.847,289.9400126,198.5056873,1.460613127,0.728877635,45472,239.1924308,0.821721162,0.988190535,0.914362931,0.824972133,0.006452432,0.001843573,0.680579021,0.994062652,6
41229,758.932,278.9910223,188.7135974,1.478383254,0.736521083,41675,229.1165494,0.71488764,0.98929814,0.899511946,0.821232696,0.006766864,0.001898594,0.674423141,0.997055877,6
179166,1593.298,584.1270946,392.7594104,1.487238954,0.74019987,181118,477.6203893,0.765614317,0.989222496,0.886893435,0.817665186,0.003260256,0.000898946,0.668576356,0.9943328,1
26322,598.134,218.2334017,153.7430217,1.419468665,0.709714949,26631,183.0688704,0.771272855,0.988396981,0.924552908,0.838867327,0.008290913,0.002532534,0.703698392,0.998877817,3
31497,664.096,237.1334746,169.4922012,1.399081921,0.699375512,31860,200.2578986,0.728085992,0.988606403,0.897464597,0.84449443,0.007528764,0.002362058,0.713170843,0.997784434,3
37521,703.561,250.2426206,191.5465257,1.306432574,0.6435034,37927,218.5708603,0.792786511,0.989295225,0.952534586,0.873435787,0.006669402,0.002394366,0.762890074,0.996664443,3
52829,846.266,298.2441132,226.0495163,1.319375144,0.65233061,53408,259.3529871,0.746805202,0.989158928,0.926975954,0.869599686,0.005645462,0.001991392,0.756203613,0.997716251,5
47634,870.581,355.0814366,174.0811234,2.039746928,0.87157798,48581,246.2711767,0.618109623,0.980506782,0.789784392,0.693562522,0.007454369,0.001063979,0.481028972,0.981177368,4
59157,950.086,383.9193001,197.2966269,1.945898955,0.85784932,59796,274.446774,0.715147485,0.989313666,0.823550374,0.714855372,0.006489837,0.001045409,0.511018202,0.994389786,4
35869,705.532,264.8164878,172.8495435,1.532063565,0.757604032,36265,213.7050052,0.70792216,0.989080381,0.905515107,0.806992823,0.007382879,0.001931453,0.651237417,0.997737119,4
64033,1005.371,354.1202439,230.9060098,1.533612071,0.758171341,65141,285.5334442,0.768703481,0.982990743,0.796087868,0.806317767,0.005530277,0.001441955,0.650148341,0.997075343,0
24796,583.933,218.4702547,144.8632265,1.508113963,0.748548659,25139,177.6829979,0.758681884,0.986355861,0.913830088,0.813305217,0.008810706,0.002377961,0.661465376,0.99756517,3
39578,756.026,276.6045894,182.5620716,1.515126264,0.751255935,40028,224.4822369,0.710926694,0.988757869,0.870142228,0.811563674,0.006988847,0.001870147,0.658635598,0.997916092,6
33705,670.292,239.8365502,179.2830338,1.337753747,0.66423735,34020,207.1582459,0.739923604,0.990740741,0.942705679,0.863747605,0.007115756,0.002443139,0.746059926,0.998044461,3
37108,707.857,265.8743068,177.9248265,1.494306961,0.743076442,37379,217.3646085,0.736664483,0.99274994,0.930649931,0.817546498,0.007164878,0.001974415,0.668382277,0.998768289,3
80728,1107.051,425.1260411,244.0028531,1.742299468,0.818887441,81858,320.6026855,0.788829283,0.986195607,0.827749258,0.754135608,0.005266154,0.001050681,0.568720515,0.990881451,2
47369,800.778,272.1428992,222.1526616,1.225026508,0.577615646,47880,245.5851868,0.746344615,0.989327485,0.928281754,0.902412621,0.005745169,0.002350191,0.814348538,0.997598545,5
40690,760.969,290.702356,180.4945831,1.610587703,0.78389662,41649,227.613965,0.672395274,0.976974237,0.883005937,0.78297943,0.007144319,0.001656312,0.613056788,0.987381724,3
49163,834.536,314.3580357,200.2984146,1.569448447,0.770726171,49827,250.1924774,0.740384326,0.986673892,0.887070401,0.79588383,0.0063942,0.001582576,0.63343107,0.99413741,6
45407,835.028,341.11958,170.1408075,2.004925126,0.866733378,46053,240.4453951,0.639085151,0.985972684,0.818334002,0.70487128,0.007512489,0.001143939,0.496843522,0.99613406,4
38713,734.278,269.888704,183.1876498,1.473290936,0.734367045,39159,222.0155907,0.726322702,0.988610537,0.902288992,0.822619055,0.006971526,0.001969258,0.67670211,0.996979084,6
58706,952.554,376.1521502,200.3910905,1.877090191,0.846279313,59417,273.3986114,0.611852253,0.988033728,0.813042306,0.726829851,0.006407389,0.001103041,0.528281633,0.991632271,4
30996,652.345,245.1105175,161.6665388,1.51614873,0.751646742,31424,198.6588355,0.751673295,0.986379837,0.915294474,0.810486786,0.007907811,0.002104844,0.65688883,0.995941166,3
139686,1402.293,508.6819485,350.946932,1.449455465,0.723891089,141092,421.7270907,0.76540274,0.990034871,0.892658229,0.829058495,0.00364161,0.001061241,0.687337988,0.996265803,1
48130,840.554,331.5392572,185.5027974,1.787246671,0.828816947,48617,247.5500339,0.64725659,0.989982928,0.856040846,0.746668844,0.006888412,0.001320721,0.557514363,0.996415689,6
75312,1054.801,405.325841,239.7280027,1.690773863,0.806345233,77102,309.6614548,0.774416452,0.976784,0.850614887,0.763981527,0.005381956,0.001130971,0.583667773,0.986850215,2
26817,600.994,221.4533403,154.5299008,1.433077606,0.716293705,27147,184.7822093,0.790013257,0.987843961,0.932996004,0.834406964,0.008257946,0.002469241,0.696234981,0.99775876,3
48945,826.904,304.1505097,206.8839091,1.470150632,0.733024341,49527,249.6371557,0.742581017,0.988248834,0.899514175,0.820768494,0.006214128,0.001739573,0.67366092,0.990383028,6
83127,1093.874,410.1196953,259.0515289,1.583158752,0.775254831,83960,325.3314981,0.695140614,0.990078609,0.873006288,0.793259875,0.004933652,0.001205064,0.629261229,0.996220422,0
58778,968.674,329.3700469,227.6504993,1.446823301,0.72269278,59726,273.5662149,0.719304901,0.984127516,0.787171537,0.830574054,0.005603628,0.001644987,0.689853258,0.998095769,0
47114,818.382,315.0707499,190.7427445,1.65180988,0.795924003,47544,244.9232694,0.777612729,0.990955746,0.883990717,0.777359591,0.006687412,0.001506349,0.604287934,0.99816878,6
58121,933.902,376.1395319,198.0311247,1.899396029,0.850185565,58785,272.0330046,0.770018548,0.988704602,0.837414219,0.723223648,0.006471663,0.00109216,0.523052446,0.993483738,4
43634,772.146,257.3974491,216.4794615,1.189015564,0.540985555,44106,235.7043366,0.778816978,0.989298508,0.919678512,0.915721338,0.005899011,0.002558658,0.83854557,0.997043734,5
33631,669.076,224.8894003,190.753366,1.178953771,0.52966059,34009,206.9307109,0.762884493,0.988885295,0.94405814,0.92014435,0.006686967,0.002956874,0.846665624,0.998179631,5
39106,752.94,281.2942918,178.0082033,1.580232183,0.774300248,39692,223.139655,0.778507724,0.98523632,0.86682718,0.793260516,0.007193124,0.001756955,0.629262246,0.994380453,6
43028,782.027,301.8236234,182.6130415,1.652804317,0.796200926,43603,234.0618532,0.794695626,0.986812834,0.884132853,0.775492159,0.007014586,0.001564918,0.601388088,0.993976828,6
35872,684.086,232.5520303,196.5917462,1.182918585,0.534186405,36214,213.7139419,0.769785408,0.990556139,0.963261161,0.918994092,0.006482829,0.0028523,0.84455014,0.999034057,5
37848,697.327,240.9621294,200.1462736,1.203930131,0.556850132,38105,219.5212297,0.795778053,0.993255478,0.978092293,0.911019629,0.006366575,0.002705182,0.829956764,0.999209956,5
39102,715.945,254.5845493,195.9298469,1.299365836,0.638518834,39444,223.1282427,0.751932618,0.99132948,0.958626686,0.87644063,0.006510781,0.002369752,0.768148177,0.998105498,5
35923,684.665,229.9818299,199.1153587,1.155018033,0.500412098,36239,213.8658088,0.771012191,0.991280113,0.962999824,0.929924807,0.006402077,0.002953194,0.864760147,0.998813564,5
47465,817.221,307.6463843,196.9547854,1.56201528,0.768209443,47955,245.8339175,0.70487689,0.989782087,0.893108686,0.799079495,0.006481542,0.001630114,0.63852804,0.997390555,6
35249,706.381,272.6598718,165.2835727,1.649648948,0.795320184,35703,211.8499958,0.751609877,0.987283982,0.8877254,0.776975337,0.007735251,0.001738934,0.603690674,0.995877686,6
59802,1015.517,375.2640085,206.2712911,1.819274057,0.835382017,61962,275.9388904,0.665361208,0.965139924,0.728704039,0.73531936,0.006275108,0.001131631,0.540694561,0.983671587,0
28024,616.129,229.6359093,155.5564939,1.47622194,0.735610345,28292,188.8948517,0.784458627,0.990527358,0.927676782,0.822584117,0.008194259,0.002314252,0.67664463,0.998877648,3
46602,810.528,306.2855741,194.3222826,1.576173201,0.772965512,47100,243.5888119,0.761470588,0.989426752,0.891411792,0.795299656,0.00657237,0.001621903,0.632501543,0.996931982,6
36362,701.998,258.6351721,179.4211654,1.44149756,0.720241911,36721,215.168623,0.786035452,0.990223578,0.927226589,0.831938755,0.007112787,0.002101769,0.692122091,0.997692306,3
70249,1056.843,378.126483,237.3059218,1.593413599,0.778549302,71505,299.0715713,0.706233035,0.982434795,0.790367475,0.790929979,0.00538266,0.001299358,0.625570232,0.996792115,0
48761,883.692,368.3732966,169.4301711,2.174189486,0.887949213,49263,249.1674807,0.718870706,0.989809796,0.784658387,0.676399411,0.007554671,0.000975457,0.457516163,0.99472683,4
37832,720.476,263.0344964,183.3849805,1.434329549,0.716886544,38289,219.4748242,0.725167721,0.988064457,0.915862186,0.834395591,0.006952699,0.002078841,0.696216003,0.998603186,3
44392,802.513,289.8278573,195.488756,1.482580703,0.738275269,45107,237.742823,0.773110414,0.984148802,0.86618453,0.820289758,0.006528831,0.00182341,0.672875287,0.997591916,6
68843,1007.263,391.8923946,225.7392283,1.736040286,0.817433134,69852,296.0635573,0.807561468,0.985555174,0.852675705,0.755471557,0.005692553,0.001143824,0.570737273,0.990822898,2
42515,763.56,237.0209156,228.6913629,1.036422681,0.262774375,43038,232.6623718,0.769864552,0.987847948,0.916359125,0.981611143,0.005574995,0.003192877,0.963560435,0.99865589,5
43897,790.024,303.3674891,184.6128481,1.643263144,0.793519165,44412,236.4136128,0.780307878,0.988404035,0.883820631,0.779297786,0.006910893,0.001572272,0.60730504,0.997961989,6
68164,1012.348,352.5717043,250.020105,1.410173411,0.705075097,69862,294.5998987,0.792088872,0.975694941,0.835805594,0.835574424,0.005172403,0.001555295,0.698184618,0.984561384,0
30287,646.141,242.6682283,159.0700861,1.525542824,0.755191373,30639,196.373639,0.779227128,0.988511374,0.911615126,0.809226821,0.00801229,0.002119422,0.654848048,0.99899874,3
69354,1088.995,373.5001394,237.3093375,1.573895673,0.772211035,70740,297.1603193,0.758464567,0.980407125,0.7349023,0.795609661,0.005385416,0.001331065,0.632994733,0.996267671,0
28752,638.213,243.6536926,150.4666239,1.619320526,0.786537148,29057,191.3326511,0.684424766,0.98950339,0.887047,0.78526473,0.008474322,0.001987692,0.616640696,0.998538936,3
70380,1081.527,369.9593546,244.26955,1.514553716,0.751036661,71769,299.3502951,0.80008185,0.98064624,0.756108978,0.809143738,0.005256598,0.001389912,0.654713589,0.991598899,0
33844,669.837,239.1680949,180.3396663,1.326209036,0.656841191,34202,207.5849685,0.763800497,0.989532776,0.947879835,0.867945905,0.00706678,0.002473842,0.753330093,0.999073177,3
37115,710.104,264.5461903,178.785431,1.47968539,0.737067312,37525,217.3851092,0.791398354,0.989073951,0.924943939,0.821728368,0.007127743,0.002004679,0.675237511,0.99913908,3
47500,827.373,308.7520765,196.3719694,1.572281815,0.771673978,48005,245.924538,0.712250712,0.989480262,0.871968478,0.796511365,0.006500044,0.001613853,0.634430355,0.99750331,6
31652,681.395,237.6383411,170.2652748,1.395694697,0.697598314,32135,200.7500388,0.790430526,0.984969659,0.856669167,0.844771251,0.007507846,0.002358585,0.713638467,0.996021424,3
40484,733.501,254.4467838,202.7484452,1.254987596,0.604215932,40856,227.0370669,0.758681434,0.99089485,0.945566026,0.892277212,0.00628512,0.002457494,0.796158623,0.999169196,5
65781,1039.257,409.7138586,204.9928316,1.998674077,0.865833812,66762,289.4045101,0.642549451,0.985306012,0.765357634,0.70635763,0.006228453,0.000956442,0.498941101,0.997220646,4
45816,814.284,311.1600595,188.0015362,1.655093175,0.796836048,46428,241.525864,0.699747995,0.986818299,0.868310857,0.77621101,0.006791515,0.001520777,0.602503532,0.997199484,6
28047,627.089,236.2464809,151.5729929,1.558631762,0.767049133,28352,188.9723512,0.702298678,0.989242381,0.896268046,0.799894883,0.008423235,0.002127112,0.639831824,0.997262203,3
54349,908.396,368.6042693,188.93584,1.95094943,0.858644876,54969,263.0575907,0.756170521,0.988720915,0.827658149,0.713658556,0.006782172,0.001085202,0.509308535,0.993635196,4
46696,862.883,354.9810266,168.0544527,2.112297656,0.880837827,47259,243.8343573,0.778227755,0.988086925,0.788107968,0.686894056,0.007601958,0.001043913,0.471823445,0.996631556,4
35481,679.09,237.9018822,190.0844881,1.251558634,0.601326085,35754,212.5460239,0.789010207,0.992364491,0.966832064,0.893418841,0.00670505,0.002635131,0.798197226,0.99899063,5
37096,715.828,265.4873786,178.4071265,1.488098507,0.740552486,37521,217.3294599,0.779098584,0.98867301,0.909744802,0.818605619,0.007156766,0.001982419,0.67011516,0.997197369,3
191584,1634.627,580.6355825,421.0280125,1.379090144,0.688626991,193466,493.8950546,0.771318719,0.990272193,0.901014467,0.850611071,0.00303071,0.000978697,0.723539194,0.997825771,1
48382,870.465,354.044197,175.2687838,2.020007154,0.868865768,49171,248.1972515,0.781653392,0.983953957,0.802400248,0.701034655,0.007317684,0.001090213,0.491449588,0.992731682,4
78657,1149.889,399.2833715,251.5902539,1.587038311,0.776510337,80316,316.4635885,0.785094023,0.979344091,0.747541665,0.792578933,0.00507626,0.001235645,0.628181365,0.996947892,0
45576,804.721,310.5935738,187.3781201,1.657576528,0.797521597,46053,240.8924355,0.7922403,0.989642369,0.884413577,0.775587314,0.006814849,0.001521104,0.601535681,0.997091426,6
36473,690.992,232.6367254,199.7496676,1.164641364,0.512590135,36858,215.4967886,0.785531218,0.989554506,0.9599206,0.926323169,0.006378327,0.002896921,0.858074613,0.999349188,5
44522,784.973,296.3863498,191.9265767,1.544269454,0.762018388,44897,238.0906781,0.790167717,0.991647549,0.90797751,0.803311888,0.006657076,0.001710016,0.645309989,0.996532504,6
78474,1172.352,423.8044852,236.3142944,1.793393354,0.830108328,80373,316.0952389,0.714634368,0.976372662,0.717496186,0.745851566,0.005400572,0.00103093,0.556294558,0.997654964,0
53609,893.456,354.7254337,193.354325,1.83458753,0.838382964,54085,261.2605955,0.795385757,0.991199039,0.843919906,0.736514979,0.006616901,0.001201049,0.542454315,0.995179922,2
30612,652.526,241.3117547,161.9323696,1.49020085,0.74141166,31020,197.4244386,0.768759417,0.986847195,0.903453754,0.818130218,0.007882914,0.002178494,0.669337054,0.997446647,3
62555,975.486,392.8875999,203.5628662,1.930055355,0.855308024,63275,282.2188862,0.687629161,0.988621098,0.826094652,0.718319658,0.006280675,0.001031471,0.51598313,0.995876004,4
33890,686.205,261.3653216,165.6031664,1.578262828,0.773654228,34228,207.725993,0.707811195,0.990125044,0.904427328,0.794772588,0.007712166,0.001898138,0.631663466,0.996930968,3
207673,1755.004,659.2733366,405.1692712,1.627155324,0.788862697,210788,514.2153984,0.733686858,0.985222119,0.847293119,0.779972994,0.003174574,0.000724742,0.608357872,0.98989275,1
45606,791.464,283.6137233,205.3790132,1.380928454,0.689641998,46088,240.9717051,0.789440886,0.989541746,0.914891338,0.84964755,0.006218781,0.001999126,0.721900959,0.996893576,5
35478,704.863,266.3310211,170.1117344,1.565624042,0.769436806,35885,212.5370381,0.697973638,0.988658214,0.897345244,0.798018335,0.007506934,0.001877993,0.636833263,0.997041468,3
30057,633.911,234.2013462,163.7145135,1.430547244,0.715089227,30379,195.6265856,0.777108434,0.989400573,0.939937376,0.835292319,0.007791907,0.002339793,0.697713259,0.998111779,3
69839,1005.156,392.7669525,228.6643822,1.717656894,0.81305388,70663,298.1975462,0.801199982,0.988339018,0.868642226,0.759222598,0.005623891,0.001152639,0.576418954,0.99008999,2
43002,787.286,299.6776008,183.3594577,1.634372203,0.790969382,43584,233.9911257,0.802635508,0.986646476,0.871833317,0.780809527,0.006968922,0.001597812,0.609663517,0.996417106,6
46411,807.342,307.584525,192.4194619,1.598510473,0.780158109,46925,243.0891205,0.793350427,0.989046351,0.894778825,0.790316484,0.006627406,0.001594878,0.624600146,0.998429874,6
33231,668.878,246.1755997,172.2440199,1.429225815,0.714456857,33609,205.6964349,0.729517914,0.988753013,0.933382063,0.835567924,0.007408011,0.002227452,0.698173756,0.997847956,3
60061,976.479,391.6625718,195.9880485,1.998400284,0.865794196,60896,276.5357848,0.806296147,0.986288098,0.791546818,0.706056194,0.00652108,0.000999669,0.498515349,0.996233216,4
92169,1153.456,398.911407,295.7132143,1.34898066,0.671173309,93378,342.5685561,0.78178888,0.987052625,0.870547905,0.858758486,0.004328043,0.001451963,0.737466138,0.994827557,0
70938,1026.906,403.3067677,226.2540259,1.78253963,0.8278176,72261,300.534635,0.792638777,0.981691369,0.845332218,0.745176275,0.005685342,0.001081365,0.555287681,0.989822298,2
52464,862.895,330.908772,202.9529485,1.630470385,0.789834571,52899,258.4554884,0.748523327,0.991776782,0.885432295,0.781047558,0.006307349,0.001447893,0.610035288,0.994644471,6
41869,754.125,267.6579501,199.4233859,1.34215929,0.666988461,42316,230.8879956,0.78113806,0.98943662,0.925157717,0.862623342,0.006392748,0.002183495,0.744119031,0.99872627,5
71342,1075.003,391.5659601,232.5245225,1.683977053,0.804588824,72680,301.3892095,0.723872722,0.981590534,0.775775021,0.769702273,0.005488576,0.001188312,0.592441589,0.997658041,0
43114,823.478,336.2022065,165.314818,2.033708839,0.870757627,43778,234.295646,0.600481901,0.984832564,0.798958422,0.696889079,0.007797982,0.001134532,0.485654388,0.987679622,4
35772,693.316,245.5102084,185.6779934,1.322236437,0.654231454,36140,213.4158499,0.746416275,0.989817377,0.93517016,0.869274851,0.006863195,0.002417322,0.755638767,0.999133111,5
42974,755.268,253.4677285,216.2708893,1.171991891,0.521505003,43417,233.9149337,0.764335515,0.989796623,0.946702392,0.922858839,0.005898165,0.00263899,0.851668437,0.998148502,5
67085,1019.709,369.7382109,232.5206522,1.590130629,0.777503063,68180,292.2589175,0.770233188,0.983939572,0.810742208,0.790448238,0.005511489,0.001327218,0.624808418,0.993527002,0
80340,1105.488,428.2028752,240.5628595,1.780004096,0.827275491,81292,319.8313071,0.749734038,0.988289131,0.826101909,0.746915366,0.005329884,0.001023253,0.557882563,0.993033248,2
73550,1024.467,397.5079681,237.351059,1.674768041,0.802168586,74442,306.0175951,0.813570196,0.988017517,0.880636322,0.769840153,0.005404595,0.001170968,0.592653862,0.992557747,2
185950,1641.868,622.9177351,383.0486918,1.626210319,0.788584341,188551,486.5787638,0.813920915,0.986205324,0.86682129,0.781128448,0.003349921,0.000769315,0.610161652,0.992251175,1
51777,915.659,368.0685743,179.4390997,2.051217236,0.873114386,52587,256.7577144,0.687353972,0.984596954,0.776031251,0.697581191,0.007108727,0.001038366,0.486619518,0.998162343,4
54954,917.472,347.6613338,204.8505384,1.697146303,0.807969439,56139,264.5176855,0.832510226,0.97889168,0.820396002,0.760848733,0.006326406,0.001307766,0.578890795,0.982462373,4
42745,756.589,252.4223434,215.9330997,1.168984022,0.51789584,43206,233.2908578,0.798449612,0.989330186,0.938372215,0.924208431,0.005905307,0.002657675,0.854161223,0.998500822,5
54340,939.694,383.1179338,182.1098958,2.103773286,0.879804135,55162,263.0358091,0.787501993,0.985098437,0.773315278,0.686566161,0.007050385,0.000966323,0.471373094,0.991662122,4
32114,648.566,222.6575074,183.8290361,1.211220556,0.564236127,32393,202.2098285,0.760670804,0.991387028,0.9593916,0.908165329,0.006933347,0.002909259,0.824764265,0.998971432,5
90795,1174.332,456.3173442,255.7139802,1.784483366,0.828231377,92018,340.0055653,0.72803156,0.986709122,0.8273514,0.745107697,0.005025798,0.000955567,0.55518548,0.990719254,2
30161,639.838,232.6757118,165.4373625,1.406427837,0.703170578,30509,195.9647364,0.794505031,0.98859353,0.925796516,0.842222572,0.007714456,0.002394377,0.70933886,0.997633919,3
41982,766.608,284.0844061,189.2769573,1.500892714,0.745710466,42506,231.1993568,0.686586204,0.987672329,0.897689808,0.813840365,0.006766814,0.001831137,0.66233614,0.994095486,6
90231,1159.796,445.2509806,259.2653122,1.717356544,0.812980963,91068,338.9478977,0.692975854,0.990809066,0.842951177,0.761251322,0.004934568,0.001022212,0.579503576,0.995214258,0
58167,968.803,395.9403402,189.7185607,2.086987898,0.877727867,59322,272.1406339,0.652520697,0.980529989,0.778781416,0.687327373,0.006806958,0.000937103,0.472418918,0.985932563,4
46957,809.342,305.0926079,196.6425461,1.551508633,0.764575684,47315,244.5148447,0.822234674,0.992433689,0.900836657,0.801444671,0.006497276,0.001653504,0.64231356,0.996555034,6
50824,899.867,366.8201927,178.4143389,2.056001749,0.87374688,51974,254.3838175,0.73872093,0.977873552,0.78871855,0.693483681,0.00721746,0.001029696,0.480919616,0.988771571,4
162019,1575.185,596.6920015,350.2521852,1.703606792,0.809594246,164165,454.1904862,0.715631625,0.986927786,0.82056441,0.761180785,0.003682852,0.000762632,0.579396188,0.987063281,1
40824,736.42,257.1585532,202.3097591,1.271112943,0.617320005,41179,227.9884453,0.749339207,0.991379101,0.945963261,0.886567615,0.0062992,0.00240056,0.786002137,0.999097489,5
67056,1031.766,336.4785036,255.1696498,1.318646257,0.65184352,68817,292.1957407,0.776542524,0.974410393,0.791562265,0.868393486,0.005017873,0.001760215,0.754107247,0.994400698,0
60621,934.49,324.5452044,239.376276,1.355795194,0.675265737,61608,277.8219834,0.733590687,0.983979353,0.872335695,0.856034782,0.005353676,0.001773362,0.732795548,0.993520682,0
52546,907.578,357.7144636,187.8422717,1.904334207,0.851029482,53222,258.6573895,0.701062013,0.987298486,0.80164411,0.723083397,0.006807644,0.001147969,0.522849599,0.995680376,4
43128,792.5,295.2992816,186.8277565,1.580596412,0.774419405,43758,234.3336832,0.688934682,0.985602633,0.862920211,0.793546405,0.006847043,0.001674835,0.629715896,0.995326686,6
81940,1222.335,396.7937766,263.548622,1.505580919,0.747558961,84256,323.0003844,0.722574956,0.972512343,0.689168357,0.814025832,0.004842492,0.0013116,0.662638056,0.997655213,0
43144,765.795,258.0336328,213.190144,1.210345037,0.563361258,43652,234.3771467,0.752240471,0.988362503,0.924496387,0.908320145,0.005980754,0.002511259,0.825045486,0.998589709,5
59758,953.234,350.9536995,220.0849284,1.594628501,0.778934484,60714,275.8373592,0.763836695,0.984254044,0.826431513,0.785965099,0.005872916,0.001382441,0.617741137,0.985067623,2
38325,720.488,263.1013581,186.158153,1.413321705,0.706660289,38695,220.9002163,0.806842105,0.990438041,0.927766152,0.839601201,0.006865006,0.002104325,0.704930177,0.996293119,3
55838,950.359,399.4419258,178.7464609,2.234684389,0.894288693,56472,266.6367373,0.588915256,0.988773197,0.776898592,0.667523162,0.007153586,0.000876131,0.445587172,0.995746697,4
73097,1028.668,376.5884966,249.0108788,1.512337527,0.750184951,74018,305.0737468,0.731606498,0.987557081,0.868078415,0.810098422,0.005151901,0.001368669,0.656259453,0.992485799,0
37861,712.99,253.5201789,190.3512936,1.331854248,0.660492197,38226,219.5589269,0.747871605,0.990451525,0.935912111,0.866041227,0.006696077,0.002323563,0.750027408,0.998927189,5
39419,742.776,274.0830961,184.586766,1.484846948,0.739214478,39978,224.0308675,0.817143449,0.98601731,0.897841636,0.817383015,0.006953071,0.001914515,0.668114994,0.992048509,6
65272,960.989,373.0239357,223.751843,1.667132349,0.800125672,65819,288.2826591,0.739995012,0.99168933,0.888177876,0.772826169,0.005714915,0.001257526,0.597260287,0.995711946,2
32015,653.676,212.9299893,191.8101346,1.110108127,0.43420694,32375,201.897905,0.761880964,0.988880309,0.941538949,0.948189147,0.006650945,0.003316218,0.899062659,0.998056765,5
71208,1024.261,397.9936478,229.7154394,1.732550711,0.81661435,72235,301.1060303,0.748541454,0.985782515,0.852937833,0.75655989,0.00558917,0.001129537,0.572382867,0.991682343,2
71795,1062.443,425.8795882,215.518181,1.976072674,0.862501642,72633,302.3445603,0.737948402,0.988462545,0.799268661,0.709929681,0.005931884,0.000929466,0.504000152,0.995940928,2
37784,702.271,242.22684,198.8715078,1.218006755,0.570908765,38106,219.3355488,0.801799508,0.991549887,0.962738472,0.905496471,0.006410831,0.002658527,0.819923859,0.998672799,5
55232,923.946,382.3744189,184.4490183,2.073062911,0.875963149,55782,265.1859094,0.603727387,0.990140189,0.813031654,0.693524191,0.006923059,0.000987926,0.480975803,0.997093098,4
74880,1059.737,367.6958053,259.6779415,1.415968577,0.707982116,75991,308.7720472,0.758063536,0.985379848,0.837875525,0.839748626,0.004910467,0.00150626,0.705177754,0.998509541,0
78063,1076.48,422.1019174,237.8848449,1.774396001,0.82606691,79341,315.266393,0.740565411,0.983892313,0.846531592,0.746896378,0.005407196,0.00103799,0.557854199,0.989854259,2
76655,1079.305,423.9748356,232.0597877,1.82700691,0.836908183,78011,312.4102708,0.798522855,0.982617836,0.826917102,0.736860409,0.005530948,0.00100582,0.542963262,0.991997632,2
32631,680.271,260.416177,159.8152776,1.629482368,0.789545661,33004,203.8310074,0.803600453,0.98869834,0.886086934,0.78271254,0.007980637,0.001847679,0.612638921,0.998284319,3
35495,704.595,253.8907406,178.39469,1.423196736,0.711542022,35963,212.5879527,0.756226431,0.986986625,0.898458311,0.837320621,0.007152859,0.002168835,0.701105823,0.997811519,3
57105,953.054,346.2734018,210.2189885,1.647203254,0.794633369,58126,269.6448483,0.696062896,0.982434711,0.790039823,0.778705055,0.006063802,0.001375361,0.606381562,0.998833682,0
91235,1158.807,457.3964108,256.6972405,1.781851686,0.827670778,92679,340.828417,0.802206981,0.98441934,0.853786179,0.745148866,0.005013388,0.000953418,0.555246833,0.989367506,2
36115,695.367,251.9558192,183.4432137,1.373481276,0.685495454,36515,214.4365784,0.763353131,0.989045598,0.938575752,0.851088017,0.006976487,0.002257951,0.724350812,0.994882277,3
57371,905.574,352.9530277,209.0918517,1.68802861,0.805638828,58240,270.2721331,0.67492118,0.985078984,0.879132618,0.765745331,0.006152116,0.001304793,0.586365912,0.989802436,4
37810,712.632,241.1020938,200.0346228,1.205301815,0.558257544,38253,219.4110006,0.797679325,0.988419209,0.935590711,0.910033576,0.006376675,0.002697763,0.828161109,0.998184088,5
62958,978.83,336.8552,243.3110501,1.384463221,0.691578194,64609,283.1265005,0.777259259,0.974446285,0.825745554,0.840499124,0.005350475,0.001647105,0.706438777,0.978038505,0
34629,698.608,262.3566926,168.4610468,1.55737304,0.766615098,35042,209.9785994,0.755695705,0.988214143,0.891625961,0.800355414,0.007576213,0.001917624,0.640568789,0.997604562,3
31701,645.0,228.2634373,177.0681921,1.289127283,0.63107897,31990,200.9053678,0.799561138,0.990965927,0.957554269,0.880146948,0.007200512,0.002665409,0.774658651,0.998633601,3
42586,746.12,247.4483837,219.3118287,1.128294744,0.463124497,42974,232.8565637,0.780950285,0.990971285,0.961300904,0.941030853,0.005810557,0.00281069,0.885539067,0.999149075,5
44074,841.284,338.6638549,167.2181202,2.025282035,0.869599132,44765,236.8897627,0.634194774,0.984563833,0.782540949,0.699483453,0.007683983,0.001134687,0.489277102,0.990924124,4
38066,704.695,236.66274,205.1389633,1.153670352,0.498658155,38393,220.1525301,0.79569398,0.991482822,0.963262663,0.930237392,0.006217169,0.002871756,0.865341606,0.998318955,5
28182,620.635,223.3039122,161.3848343,1.383673461,0.691147353,28548,189.4266002,0.800807002,0.987179487,0.91940984,0.848290558,0.007923636,0.002530946,0.71959687,0.995687092,3
32961,666.479,245.0399644,171.4582154,1.429152659,0.714421781,33235,204.8590946,0.778299882,0.991755679,0.932475229,0.836023198,0.007434239,0.002240215,0.698934787,0.998884509,3
41944,762.595,287.6225867,186.0092921,1.546280744,0.762733359,42351,231.094698,0.744783991,0.990389837,0.906341366,0.803465057,0.0068573,0.001762791,0.645556098,0.998210964,6
37117,699.991,249.5144267,189.7779774,1.314770186,0.649233451,37429,217.3909662,0.750050519,0.991664218,0.951914229,0.8712561,0.006722376,0.002389384,0.759087191,0.998025207,5
48335,828.946,315.5246544,196.0655896,1.609281134,0.78349708,48874,248.0766684,0.759411136,0.988971641,0.883932509,0.786235449,0.006527871,0.001538728,0.618166182,0.994803174,6
34006,683.253,262.5657106,165.2160008,1.589226886,0.777213665,34321,208.0811956,0.707618037,0.990821946,0.915381898,0.792491888,0.007721158,0.001878631,0.628043392,0.998103444,3
156208,1462.0,518.8727299,385.1703268,1.347125398,0.670043993,157666,445.9710784,0.810796221,0.990752604,0.918371485,0.859499937,0.003321678,0.001118203,0.738740141,0.995175607,1
40596,735.327,255.3608197,202.755831,1.259449942,0.607921132,41023,227.3509018,0.780392157,0.989591205,0.943478661,0.890312391,0.006290295,0.002437926,0.792656153,0.998310746,5
48813,813.947,288.045974,216.1629714,1.332540778,0.660931679,49316,249.3003046,0.736155517,0.98980047,0.925876604,0.865487898,0.005901009,0.002042444,0.749069302,0.99816539,5
37851,726.205,263.247378,184.7009001,1.425263103,0.712546546,38379,219.5299296,0.769172932,0.986242476,0.901921526,0.833930166,0.006954833,0.002074843,0.695439522,0.991184291,6
35758,682.303,239.4353205,190.4997504,1.25687997,0.605794808,36049,213.3740838,0.745890697,0.991927654,0.965224912,0.891155421,0.006695993,0.002605005,0.794157984,0.998161263,5
27892,618.906,216.3091409,164.9016059,1.311746721,0.647174035,28262,188.4494558,0.806850068,0.986908216,0.915040117,0.87120431,0.00775524,0.002755847,0.758996949,0.99561176,3
51515,896.279,375.9801827,174.9073548,2.149596185,0.885203683,52000,256.1072727,0.804293521,0.990673077,0.805855411,0.681172265,0.00729846,0.000969257,0.463995655,0.99740329,4
59338,940.712,352.1829755,215.7836786,1.632111278,0.790313002,59999,274.8663095,0.793076717,0.98898315,0.842615415,0.780464499,0.005935201,0.0013584,0.609124834,0.994159511,2
148827,1503.932,532.8745985,364.5403018,1.461771431,0.729386841,153846,435.3072728,0.749169418,0.967376467,0.826866108,0.816903778,0.003580497,0.000983573,0.667331783,0.975486535,1
30124,635.442,233.4415315,164.7367681,1.417057856,0.708523231,30459,195.8444997,0.74842236,0.989001609,0.937498691,0.838944546,0.007749354,0.002367981,0.703827951,0.997364928,3
37228,716.026,257.9078533,184.4985353,1.397885641,0.698749842,37686,217.7157821,0.719381643,0.987846946,0.912477122,0.844161119,0.006927792,0.002170081,0.712607995,0.996144484,3
37240,731.308,276.0085871,172.8292023,1.597002031,0.779683925,37848,217.7508683,0.709941855,0.983935743,0.87502183,0.788927876,0.007411616,0.001771095,0.622407193,0.993985551,6
40448,764.621,285.7263709,181.7786159,1.571837092,0.771525626,40980,226.9360992,0.696418733,0.987018058,0.869389665,0.794242752,0.007064042,0.001733988,0.630821549,0.991548709,6
42670,791.457,293.8811775,185.5367529,1.583951281,0.775512226,43350,233.0861029,0.707135992,0.984313725,0.856008068,0.793130424,0.006887302,0.001681153,0.62905587,0.996393851,4
46908,807.242,302.7978818,197.7989432,1.530836702,0.757153034,47372,244.3872349,0.811332503,0.990205184,0.90458479,0.80709691,0.006455144,0.001689618,0.651405423,0.997195329,6
44853,784.542,285.0377739,201.008548,1.418038072,0.709008749,45369,238.974085,0.7791037,0.988626595,0.915733208,0.838394441,0.006354932,0.001936798,0.702905238,0.996746389,6
41035,765.015,294.1168061,177.9955825,1.652382615,0.796083567,41374,228.5768683,0.803977273,0.991806448,0.881098375,0.777163574,0.007167462,0.001612853,0.603983221,0.998011375,6
39175,719.195,259.1594304,192.8686345,1.343709572,0.667947455,39457,223.336426,0.756390948,0.992852979,0.95175584,0.861772329,0.006615429,0.00225065,0.742651548,0.997907993,5
85226,1104.753,427.749008,256.5457649,1.667339971,0.800181661,86404,329.4132867,0.821455422,0.986366372,0.877509023,0.770108827,0.005018997,0.001088943,0.593067605,0.988845323,2
64001,971.208,358.8447694,228.1479985,1.572859599,0.771866485,64745,285.4620887,0.703965242,0.988508765,0.852652602,0.795502995,0.005606862,0.001385055,0.632825015,0.995344899,0
69281,1030.131,385.9841557,231.346096,1.668427357,0.800474494,70522,297.003887,0.734134427,0.982402654,0.820425402,0.769471707,0.005571284,0.001204774,0.592086707,0.987853661,4
31746,661.676,241.9665261,167.461571,1.444907776,0.721815346,32126,201.0479112,0.723209404,0.988171574,0.911188251,0.830891423,0.007621953,0.002240903,0.690380556,0.997536235,3
49241,884.82,367.9592519,171.0191744,2.151567233,0.88542752,49773,250.3908713,0.659333449,0.989311474,0.790363484,0.680485326,0.007472619,0.000988388,0.463060278,0.996305322,4
39282,750.197,269.8512008,185.8198303,1.452219606,0.725140361,39865,223.6412211,0.70901018,0.985375643,0.877107469,0.828757554,0.006869589,0.001999036,0.686839084,0.997441184,5
71717,1062.753,415.6042125,220.5620776,1.884295873,0.847558349,72675,302.180278,0.679138258,0.986818025,0.797934603,0.727086658,0.005795059,0.000999039,0.528655009,0.996142451,0
33162,675.641,249.8353951,169.6200147,1.472912236,0.734205709,33617,205.4827725,0.804200213,0.986465181,0.912890288,0.822472622,0.007533786,0.002126566,0.676461214,0.996367999,3
69144,997.499,383.3073234,231.6006247,1.655035792,0.796820163,70302,296.7100859,0.744508571,0.983528207,0.873251672,0.774078834,0.005543609,0.001227759,0.599198041,0.991694205,2
39642,748.914,278.4701824,182.1280998,1.528979783,0.756467846,40182,224.6636642,0.726962645,0.986561147,0.88818109,0.80677817,0.007024625,0.001835775,0.650891016,0.995199204,6
44193,808.541,308.8719473,183.4686893,1.68351313,0.804468022,44887,237.2093489,0.724748676,0.984538953,0.849491923,0.767986057,0.00698916,0.001499747,0.589802583,0.992940393,6
26953,608.637,219.6100826,156.5977666,1.402383235,0.701090968,27315,185.2501699,0.757511031,0.986747208,0.914324327,0.843541279,0.00814789,0.00254478,0.711561889,0.997882464,3
48335,812.408,293.9535048,209.524802,1.402953263,0.701385522,48862,248.0766684,0.734730794,0.989214523,0.920286824,0.843931657,0.006081587,0.001902943,0.712220642,0.999212274,5
47791,873.56,368.740375,165.7711303,2.224394407,0.893249854,48367,246.6766934,0.806122965,0.988091054,0.786992335,0.668971206,0.007715687,0.0009532,0.447522475,0.99546649,4
47639,809.7,300.6238998,202.4460449,1.484958128,0.739260414,48092,246.2841015,0.799312081,0.990580554,0.913112361,0.819243253,0.006310458,0.001753445,0.671159507,0.996643765,6
37885,720.469,269.5969499,179.1802581,1.504613024,0.747179122,38301,219.6285049,0.720548518,0.989138665,0.917163067,0.814655006,0.007116192,0.001933403,0.663662779,0.99855566,3
35915,685.086,238.6370697,191.8374385,1.243954629,0.594780918,36222,213.8419937,0.799390135,0.991524488,0.961602424,0.896097132,0.006644496,0.002642787,0.80299007,0.998883214,5
57641,938.653,333.5431815,223.8544724,1.490000079,0.74132981,59171,270.9073653,0.779775433,0.974142739,0.822112451,0.812210773,0.005786561,0.001553371,0.65968634,0.982932699,0
37693,709.359,252.2616301,190.4736717,1.324391072,0.655651111,38032,219.0712627,0.775002056,0.991086454,0.941322419,0.868428792,0.006692533,0.002348049,0.754168567,0.998814116,5
43211,786.913,297.8738532,185.6527057,1.60446815,0.782015095,43797,234.5590629,0.785797418,0.986620088,0.876901355,0.787444283,0.006893473,0.001634922,0.620068499,0.994880158,6
79319,1078.159,420.1419992,242.0722468,1.735605815,0.817331505,80092,317.7925226,0.73840067,0.990348599,0.857475005,0.756393132,0.005296865,0.00106952,0.57213057,0.992993144,2
42302,748.595,263.1169071,205.0787113,1.283004489,0.626501145,42695,232.0788211,0.760923138,0.990795175,0.948586459,0.8820369,0.006219964,0.00232228,0.777989093,0.998163499,5
36181,708.853,260.122131,177.3401998,1.466797327,0.731578283,36623,214.6324299,0.796797921,0.987931082,0.904853075,0.825121757,0.007189468,0.002055648,0.680825915,0.998633631,3
46331,822.692,309.5139071,191.806998,1.613673694,0.784835642,47058,242.8795202,0.746551724,0.98455098,0.860214957,0.784712786,0.006680493,0.00156254,0.615774156,0.993658557,6
35755,709.456,263.2737943,173.2182828,1.519896111,0.75307061,36162,213.3651329,0.784307274,0.988745092,0.892679814,0.810430576,0.007363272,0.001959358,0.656797719,0.998264299,3
40965,745.06,255.4926019,204.4643427,1.249570456,0.599633154,41428,228.3818249,0.785311709,0.988823984,0.927342848,0.893888211,0.006236851,0.002456281,0.799036134,0.998451946,5
42273,747.197,263.3474917,204.5506204,1.287444111,0.629830327,42638,231.9992571,0.778150023,0.991439561,0.95148664,0.880962471,0.006229685,0.002314598,0.776094876,0.999178777,6
64474,983.303,381.6531652,216.7944165,1.760438167,0.823000671,65241,286.5150021,0.789281036,0.988243589,0.837953174,0.750720885,0.005919489,0.001159786,0.563581848,0.992150995,2
35414,697.42,258.9546893,174.6907701,1.482360454,0.738183696,35770,212.3452501,0.701267327,0.990047526,0.914947241,0.820009287,0.007312212,0.002039406,0.672415231,0.996761747,3
56074,937.773,355.6386083,202.0103966,1.760496561,0.823013675,56916,267.199615,0.653200536,0.985206269,0.801264593,0.751323419,0.006342309,0.001246622,0.564486879,0.993777209,6
77787,1082.712,399.5687474,249.7240302,1.600041242,0.780637648,79288,314.7085707,0.751637839,0.981069014,0.833855862,0.787620585,0.005136703,0.001219362,0.620346186,0.992579482,2
29059,622.307,225.3313696,164.4132381,1.37051841,0.683819826,29372,192.3514178,0.799444276,0.989343593,0.942933698,0.853637992,0.007754271,0.002539895,0.728697821,0.998693778,3
69473,1021.704,351.0587716,252.6363032,1.389581653,0.694346281,70650,297.4151491,0.756893678,0.98334041,0.836326253,0.847194752,0.005053168,0.001605745,0.717738948,0.997356874,0
30450,662.971,247.1067354,157.2833668,1.571092611,0.771276936,30869,196.9013564,0.781671159,0.986426512,0.870578821,0.796827153,0.008115164,0.002018058,0.634933511,0.997539348,3
87822,1143.406,443.3108289,254.1225911,1.744476266,0.81938895,88552,334.3926484,0.789908257,0.991756256,0.844135672,0.754307422,0.005047833,0.001008041,0.568979687,0.992571559,2
45606,855.192,342.0626726,171.3851827,1.995870747,0.86542734,46331,240.9717051,0.784416925,0.98435173,0.783618333,0.704466533,0.007500388,0.001139475,0.496273097,0.990496956,4
54646,906.199,364.4915248,191.2253057,1.906084152,0.85132677,55258,263.7753744,0.664591061,0.988924681,0.836221029,0.723680405,0.006670049,0.001128486,0.523713329,0.998241677,6
34343,691.87,252.1328573,173.9987887,1.449049497,0.723706825,34794,209.1096977,0.706646091,0.987037995,0.901569258,0.829363138,0.007341608,0.002142643,0.687843215,0.996718865,3
42687,753.464,265.3042472,205.0371062,1.29393285,0.634603809,43021,233.1325298,0.767199856,0.99223635,0.944888328,0.878736516,0.006215106,0.002285931,0.772177864,0.999146305,5
52461,899.967,370.1090198,181.3182961,2.041211658,0.87177577,53069,258.4480988,0.748929306,0.988543217,0.813941625,0.698302622,0.007054936,0.001034779,0.487626551,0.995349001,4
63883,988.366,394.5898114,207.6139591,1.900593839,0.850390948,64528,285.1988111,0.770835596,0.990004339,0.821787578,0.722772871,0.006176758,0.001039795,0.522400624,0.992871407,4
43638,767.847,268.2718852,207.6756619,1.291782979,0.633034186,44135,235.7151401,0.741474521,0.988739096,0.930090735,0.878642724,0.006147667,0.002260161,0.772013037,0.997273301,5
41058,753.867,281.6904735,186.2009275,1.512830668,0.750374879,41476,228.6409177,0.805564276,0.989921883,0.907858552,0.811674299,0.006860794,0.001836882,0.658815168,0.996675791,6
43673,806.661,290.7959339,193.1948458,1.505195093,0.747407659,44349,235.8096492,0.720569552,0.984757266,0.843413928,0.810911095,0.006658483,0.001776021,0.657576804,0.989781379,6
47502,868.421,344.3308603,177.1429657,1.943802052,0.857516972,48109,245.9297153,0.822089924,0.987382818,0.791518601,0.714225019,0.007248766,0.001163547,0.510117378,0.991567206,4
48684,824.604,310.8519173,199.784761,1.555934075,0.766117317,49108,248.9706689,0.727310755,0.991365969,0.899715585,0.800930138,0.006385094,0.001620786,0.641489085,0.998114727,6
103801,1235.37,470.0347856,282.9014051,1.661479148,0.798591564,105041,363.5430346,0.773335817,0.988195086,0.854707078,0.773438575,0.00452823,0.000999566,0.598207229,0.993908837,2
67407,990.057,386.6966178,223.5914566,1.729478504,0.815888703,68200,292.9594818,0.743022487,0.988372434,0.864160608,0.757595149,0.005736743,0.001165719,0.57395041,0.992634896,2
39392,746.64,265.9159705,189.1446635,1.405886719,0.702893747,39836,223.9541296,0.725290912,0.988854303,0.887964063,0.842198869,0.006750507,0.002094955,0.709298935,0.997193952,6
30916,663.031,247.4947087,159.5767298,1.550944859,0.764378117,31324,198.4023028,0.697941123,0.986974844,0.883741997,0.801642604,0.008005392,0.002039321,0.642630865,0.996685036,3
39046,762.103,293.4847372,170.0652844,1.725718087,0.814994336,39616,222.9684087,0.794748626,0.985611874,0.84481005,0.759727442,0.007516384,0.001544614,0.577185786,0.99605995,6
38532,775.776,316.7127725,155.3148449,2.039166139,0.871499422,39015,221.4959732,0.675005255,0.987620146,0.804560554,0.699359143,0.008219474,0.0012129,0.489103211,0.997362706,4
33359,680.514,250.2176681,170.3707644,1.468665525,0.732385487,33781,206.0922075,0.705801456,0.987507771,0.905208782,0.823651699,0.007500754,0.002129409,0.678402121,0.996345808,3
38348,705.689,241.9954291,201.8432332,1.198927629,0.551645466,38638,220.9664908,0.771279163,0.992494436,0.967666903,0.91310192,0.00631051,0.002705959,0.833755115,0.999612044,5
36711,701.528,244.5579162,191.2965493,1.27842304,0.623010231,37042,216.198744,0.755152837,0.991064197,0.937380812,0.884039034,0.006661707,0.002509869,0.781525014,0.999119585,5
59921,984.477,389.4781891,198.9683629,1.957488031,0.859664632,61068,276.2132994,0.808956151,0.981217659,0.776922623,0.709188106,0.006499861,0.001014214,0.50294777,0.984514241,4
31608,664.008,240.693095,167.722809,1.435064775,0.717233747,31977,200.6104572,0.699292035,0.988460456,0.900866126,0.83346993,0.007614942,0.002266763,0.694672125,0.996899496,3
71468,1024.863,405.7050301,226.234134,1.793297161,0.830088236,72169,301.6552399,0.786486189,0.990286688,0.855046757,0.743533399,0.005676737,0.001070238,0.552841915,0.991409837,2
41468,760.467,287.5059106,183.8840322,1.563517545,0.768721644,41863,229.7796715,0.776903477,0.99056446,0.90107763,0.799217209,0.006933199,0.001744909,0.638748147,0.998693935,6
43900,839.181,347.1792098,162.2413926,2.139892934,0.884091888,44449,236.4216911,0.745103364,0.987648766,0.78336308,0.680978827,0.00790841,0.001049067,0.463732163,0.992337179,4
47760,817.968,300.7705221,202.8335896,1.482843757,0.73838457,48238,246.5966761,0.802230658,0.9900908,0.897018819,0.819883127,0.00629754,0.001755329,0.672208342,0.996779943,6
47255,816.125,310.6785606,193.8306752,1.602834846,0.781508498,47667,245.2894916,0.780248993,0.991356704,0.891547052,0.789528222,0.006574512,0.001575847,0.623354814,0.999134817,6
151590,1499.481,569.2305202,341.2910881,1.667873965,0.80032555,153708,439.3294693,0.791175411,0.986220626,0.847224454,0.771795351,0.003755066,0.000821875,0.595668064,0.993499256,1
71929,1036.972,392.3252891,234.905763,1.670139055,0.800934078,73002,302.6265805,0.695671938,0.985301773,0.840581499,0.771366488,0.005454341,0.001191146,0.595006259,0.993743192,2
74923,1101.567,385.5329639,248.4430483,1.551796142,0.764676336,76197,308.8606909,0.774253886,0.983280182,0.77589542,0.801126544,0.005145722,0.001307467,0.64180374,0.995948567,0
59508,928.142,343.7419182,222.095662,1.547720091,0.763242897,60177,275.2597661,0.783783784,0.988882796,0.868073237,0.80077451,0.005776398,0.001465136,0.641239816,0.992459746,0
48234,852.728,333.6436452,184.745709,1.80596154,0.832701829,48884,247.8173444,0.806588629,0.986703216,0.833570038,0.742760571,0.006917188,0.001298688,0.551693266,0.99633682,4
65901,989.689,320.0917194,262.7408681,1.218279142,0.571172656,67032,289.6683608,0.767120258,0.983127462,0.845482031,0.904954247,0.00485716,0.002009411,0.818942189,0.997700187,0
45504,793.417,295.4698306,196.3118225,1.505104618,0.747372158,45972,240.7020819,0.737779075,0.98981989,0.908356725,0.814641825,0.006493272,0.001764047,0.663641303,0.998849589,2
64222,958.611,365.0574836,224.9765328,1.622646945,0.787529461,64957,285.9545244,0.804444222,0.988684822,0.878231224,0.78331369,0.005684306,0.001320079,0.613580337,0.995624259,2
52645,909.85,373.0269822,180.4283802,2.067451815,0.875240929,53307,258.9009383,0.741980494,0.987581368,0.799148328,0.694054185,0.007085706,0.00101423,0.481711212,0.99591472,4
41962,755.945,286.8703906,186.5889366,1.537445873,0.759566714,42349,231.1442791,0.764711242,0.99086165,0.922753382,0.805744638,0.006836433,0.001777457,0.649224422,0.998147409,3
34792,684.517,244.6265211,181.5074662,1.347749083,0.670424368,35172,210.4722078,0.734705944,0.989195951,0.933084085,0.860381805,0.007031114,0.002376669,0.74025685,0.997680491,3
39058,734.229,270.1982913,184.2637396,1.466367132,0.731391842,39454,223.0026685,0.71755585,0.989962995,0.910451461,0.825329677,0.006917873,0.001979986,0.681169076,0.998843944,6
71764,1081.163,444.4916501,206.6449989,2.150991567,0.885362215,72632,302.2792793,0.820010055,0.988049345,0.771496841,0.680056148,0.006193797,0.000817176,0.462476364,0.994782759,4
42320,750.314,257.711468,209.8106,1.228305281,0.580682857,42728,232.128192,0.760330579,0.990451226,0.944646725,0.900728997,0.00608959,0.002472546,0.811312726,0.996539706,5
70573,1049.016,394.6763972,228.3701261,1.728231288,0.815592825,71745,299.7604617,0.672636294,0.983664367,0.805905684,0.759509471,0.005592456,0.001147929,0.576854637,0.996938232,0
45968,838.333,339.3334067,174.2335254,1.947578148,0.858114597,46698,241.9261776,0.705030675,0.984367639,0.8219253,0.712945359,0.007381948,0.001176456,0.508291085,0.989936611,4
48686,874.501,351.8705181,176.9531072,1.988495843,0.864348861,49362,248.9757829,0.648161461,0.986305255,0.800006173,0.707577845,0.007227345,0.00111752,0.500666407,0.995573069,4
39185,733.664,267.9939766,186.3403169,1.43819642,0.718704814,39655,223.3649291,0.789065646,0.988147775,0.914819254,0.833469961,0.006839198,0.002035845,0.694672175,0.999075035,6
62459,993.163,381.2807377,210.1410879,1.814403559,0.834409285,63358,282.0022495,0.635165506,0.985810789,0.795726511,0.739618401,0.006104496,0.001126835,0.547035379,0.992542938,4
44738,798.099,293.9916683,194.417472,1.512166912,0.750119186,45304,238.6675318,0.707767758,0.987506622,0.882618235,0.811817332,0.006571408,0.001760644,0.659047381,0.996589643,6
37190,738.964,243.8296133,194.384226,1.25436934,0.603697651,37707,217.6046384,0.785659963,0.986289018,0.855833889,0.892445489,0.006556322,0.002565469,0.79645895,0.999053688,5
28581,627.368,236.7231605,153.9600203,1.537562544,0.759608974,28927,190.7628356,0.78467494,0.988038856,0.912520349,0.805847789,0.008282536,0.002154543,0.649390659,0.998478754,3
74142,1067.775,425.3361911,223.1012909,1.906471224,0.851392402,74872,307.2466864,0.806452315,0.990250027,0.817174233,0.722361964,0.005736778,0.000963535,0.521806807,0.994809663,2
35633,694.529,250.3810957,181.9653698,1.375982122,0.686898219,35992,213.0008091,0.799466021,0.990025561,0.928285321,0.850706434,0.007026663,0.002270115,0.723701438,0.99580024,3
76661,1076.239,420.8536815,237.3808893,1.772904646,0.825743281,78917,312.4224972,0.722671569,0.971413004,0.831700366,0.742354198,0.005489802,0.001028445,0.551089755,0.977029587,2
45684,799.811,293.4970999,199.0398848,1.474564258,0.734908344,46175,241.1776842,0.72120485,0.98936654,0.897427227,0.821737878,0.006424505,0.001806977,0.675253141,0.995704146,6
78962,1104.024,428.4865065,235.1973086,1.821817218,0.835886392,79957,317.0765537,0.777200339,0.987555811,0.814087291,0.739991923,0.00542649,0.001003706,0.547588045,0.99760533,0
38307,710.914,253.1995398,192.8264566,1.313095435,0.64809527,38617,220.8483354,0.780469419,0.991972447,0.952475629,0.872230398,0.006609746,0.002359877,0.760785867,0.998984449,5
48910,846.382,323.6907308,193.684338,1.671228217,0.801225642,49661,249.5478834,0.678852987,0.984877469,0.857975111,0.770945411,0.006618089,0.001442138,0.594356826,0.993305899,6
66931,1037.359,341.6177344,250.189667,1.365435026,0.680909758,68309,291.9232707,0.779699914,0.979826963,0.781590045,0.854531956,0.005104029,0.001678828,0.730224863,0.997074605,0
26572,611.198,231.7289188,146.2521117,1.584448362,0.775673425,26894,183.9361878,0.792815372,0.988027069,0.893861555,0.793755862,0.008720793,0.002135421,0.630048369,0.998279106,3
34850,674.295,230.4335815,192.7521882,1.195491391,0.548003376,35119,210.6475685,0.7725046,0.992340329,0.96319178,0.914135723,0.006612154,0.002848167,0.835644119,0.99900535,5
38713,711.163,242.9600789,203.0492489,1.196557388,0.54913918,39057,222.0155907,0.771928775,0.99119236,0.96189659,0.913794528,0.00627593,0.002699306,0.835020439,0.999149876,5
51115,894.887,362.4449754,180.9520376,2.002989192,0.866455784,51725,255.1110333,0.630240185,0.988206863,0.802087653,0.703861415,0.007090775,0.00107355,0.495420892,0.992322691,4
80434,1189.016,418.6575903,245.5096372,1.705259293,0.810006367,82457,320.0183581,0.715477673,0.975466,0.714947469,0.764391631,0.005204983,0.001096132,0.584294565,0.996373737,0
33399,664.701,221.5599425,192.0898879,1.153418042,0.498328415,33752,206.2157306,0.761491108,0.989541361,0.949927944,0.930744648,0.00663373,0.003070858,0.866285599,0.99918944,5
36166,693.373,226.8299222,203.3922504,1.115233849,0.442693642,36553,214.5879339,0.775428816,0.989412634,0.94531487,0.946030099,0.006271911,0.003098842,0.894972949,0.998104127,5
40547,725.149,259.024364,199.592115,1.297768521,0.637375395,40819,227.2136524,0.761989777,0.993336436,0.968978378,0.877190272,0.00638825,0.002333119,0.769462774,0.998584566,5
71970,1065.618,379.3781848,241.8672178,1.568539087,0.770420637,73218,302.7128178,0.74290846,0.982955011,0.79644955,0.797918357,0.005271338,0.001318058,0.636673704,0.99864759,0
45186,802.143,290.1222046,198.5274085,1.461371035,0.729210999,45793,239.8595465,0.714380573,0.986744699,0.882490759,0.826753495,0.006420622,0.00185038,0.683521341,0.99887829,6
41923,731.342,250.714385,213.0186626,1.176959718,0.527352253,42167,231.03684,0.787286385,0.994213484,0.984965881,0.921514096,0.005980354,0.002660202,0.84918823,0.99946034,5
39365,732.258,274.7656908,182.9285611,1.502038223,0.746164147,39803,223.8773653,0.794963448,0.988995804,0.922554156,0.814793741,0.006979949,0.001897679,0.663888841,0.997186415,3
26499,602.783,227.5733876,148.3837847,1.533680975,0.758196535,26808,183.6833544,0.748728526,0.98847359,0.916468111,0.807138991,0.008587999,0.002248356,0.651473351,0.999152284,3
62077,1010.414,392.3739397,209.5070806,1.872843336,0.845517638,65406,281.1385623,0.771698864,0.949102529,0.764085353,0.716506714,0.006320762,0.001027615,0.513381872,0.961483817,4
33647,689.085,249.2471898,172.1904723,1.447508602,0.723005588,34096,206.9799289,0.789984035,0.9868313,0.890452217,0.830420311,0.007407709,0.002172979,0.689597893,0.998198882,3
69845,1050.03,416.1572514,218.2519252,1.906774711,0.851443831,72211,298.2103553,0.783604277,0.967234909,0.796052611,0.716580942,0.005958297,0.000969087,0.513488247,0.979106403,2
95892,1194.897,470.8680745,261.5597391,1.800231473,0.831527143,96906,349.4187837,0.744873229,0.989536252,0.843978337,0.742073635,0.0049104,0.000918512,0.55067328,0.99133937,2
38612,742.726,276.8687886,178.3913017,1.552030766,0.764758421,39059,221.7257885,0.765625,0.988555775,0.879579112,0.800833455,0.007170537,0.001819283,0.641334223,0.995370445,6
75074,1042.762,400.9554644,239.8480528,1.671706148,0.801353369,75864,309.1717736,0.765600302,0.989586629,0.867618947,0.771087567,0.005340803,0.001164665,0.594576036,0.993956415,2
40479,743.365,260.4392873,198.3173472,1.313245114,0.648197253,40965,227.0230463,0.766125369,0.988136214,0.920524646,0.871692779,0.006433936,0.002291449,0.759848302,0.99786707,6
39489,747.39,281.8853085,178.9609376,1.575121992,0.772617776,39933,224.2296956,0.775510605,0.988881376,0.888364989,0.795464286,0.007138325,0.001763026,0.63276343,0.996679594,6
81071,1101.594,425.3944329,245.599319,1.732066826,0.816500356,82803,321.2830576,0.778914702,0.979082883,0.839522365,0.755259197,0.005247184,0.00105315,0.570416454,0.987999417,2
35955,683.377,242.604317,188.8736921,1.284479136,0.627612745,36232,213.9610428,0.743624744,0.992354824,0.967494358,0.881934194,0.006747443,0.002518046,0.777807923,0.999078049,5
30917,646.018,233.9420375,168.6486595,1.387156223,0.693039788,31312,198.4055115,0.778883458,0.987385028,0.930932028,0.848096877,0.007566777,0.002414752,0.719268313,0.997737517,3
204635,1706.37,635.1262868,412.6639162,1.539088498,0.760160606,206334,510.4403729,0.807044459,0.991765778,0.883168083,0.803683273,0.003103703,0.000798729,0.645906803,0.994107731,1
63653,1016.303,355.1371706,228.6444147,1.553229153,0.765176974,64755,284.6849429,0.716667793,0.982982009,0.774430281,0.801619674,0.005579268,0.001421119,0.642594102,0.998095893,0
39954,765.008,283.6796592,180.5479036,1.57121547,0.771318006,40716,225.5460325,0.731115503,0.981284999,0.857902979,0.795072982,0.007100157,0.001750152,0.632141046,0.993229791,6
70873,1041.884,406.9148243,225.2563867,1.806451885,0.832801757,72616,300.3969145,0.703447112,0.975997025,0.820449667,0.738230452,0.005741465,0.00105189,0.5449842,0.984487735,2
67548,1071.834,369.8283631,232.8346137,1.588373641,0.776939885,68736,293.2657238,0.719713598,0.98271648,0.738868752,0.792977914,0.005475045,0.001335401,0.628813972,0.998791537,0
39324,737.773,262.5202419,191.1768577,1.373180023,0.685325764,39758,223.7607469,0.775391896,0.989083958,0.907866595,0.852356166,0.006675828,0.002173548,0.726511034,0.997630439,3
29689,641.296,243.4937652,155.949379,1.561364122,0.767986864,30002,194.4253297,0.736334325,0.989567362,0.907169356,0.798481758,0.008201481,0.002056516,0.637573118,0.995483792,3
34920,711.383,260.898178,171.1994101,1.523943206,0.754593593,35508,210.8590166,0.75745087,0.983440351,0.867115868,0.808204252,0.007471311,0.001966351,0.653194112,0.99543073,3
30851,679.853,269.667569,145.9842504,1.847237413,0.840798034,31209,198.1936255,0.663291194,0.98852895,0.838781944,0.734955361,0.008740967,0.001573197,0.540159383,0.997802621,3
30109,648.076,244.3649465,157.2617062,1.553874446,0.765401856,30471,195.795734,0.787534003,0.988119852,0.900853807,0.801243128,0.00811601,0.002063382,0.641990549,0.997572709,3
36998,721.266,260.1542058,181.4914443,1.433424076,0.716457976,37483,217.0422002,0.754753162,0.987060801,0.893711181,0.83428288,0.007031575,0.002101289,0.696027925,0.997703185,6
50709,850.597,320.7526312,201.9478316,1.588294504,0.776914465,51332,254.0958561,0.706371538,0.987863321,0.880738978,0.79218635,0.006325359,0.001536648,0.627559213,0.996748849,6
52968,924.79,387.708889,174.7193865,2.219037605,0.892702836,53585,259.6939587,0.677097714,0.988485584,0.778282363,0.669816881,0.007319681,0.000908859,0.448654654,0.995581549,4
72937,1113.897,399.2799918,233.2505456,1.711807322,0.811625644,74443,304.7396802,0.784049621,0.979769757,0.738699307,0.763223018,0.005474313,0.001145817,0.582509375,0.997143812,0
44129,777.472,286.7355667,196.7564839,1.457311907,0.727417732,44588,237.0375242,0.748596244,0.98970575,0.91741204,0.826676393,0.006497667,0.001871886,0.68339386,0.995918008,6
30006,652.956,238.6138619,160.4317125,1.487323536,0.740234603,30456,195.4605479,0.729913158,0.985224586,0.884402853,0.819150012,0.007952205,0.00220862,0.671006742,0.998004121,3
87657,1143.783,443.1117397,256.064473,1.730469419,0.816123248,89803,334.0783722,0.744268781,0.976103248,0.841994379,0.753937082,0.005055064,0.001007504,0.568421124,0.983635373,2
44542,789.281,285.5254747,199.032858,1.434564511,0.716997579,45086,238.1441492,0.797729064,0.98793417,0.898496275,0.834055698,0.006410253,0.001913529,0.695648908,0.997953236,5
40304,749.929,291.1140433,176.604156,1.648398599,0.79496951,40623,226.5317784,0.694034991,0.992147306,0.900570502,0.778154759,0.007222957,0.001633649,0.60552483,0.998146281,3
41239,763.911,292.3460259,179.9561481,1.624540362,0.788091017,41657,229.1443335,0.723186728,0.989965672,0.888039865,0.783812035,0.007089067,0.001650504,0.614361306,0.998054739,3
56437,949.365,371.1457281,194.1292488,1.911848577,0.852299559,57210,268.0630899,0.760657726,0.986488376,0.786877905,0.72225832,0.006576284,0.001103902,0.52165708,0.997329347,4
43197,766.806,285.2327442,193.2649859,1.475863529,0.735458821,43571,234.5210622,0.739067205,0.991416309,0.923192878,0.822209466,0.006603068,0.001861467,0.676028405,0.997725668,6
68404,994.109,380.6200061,230.6562067,1.650161561,0.795463677,69150,295.1180744,0.766792216,0.989211858,0.869807907,0.775361436,0.005564295,0.001240528,0.601185356,0.992052965,2
55820,894.312,344.3845312,207.1708844,1.662321094,0.798821222,56387,266.5937572,0.744981849,0.989944491,0.8770444,0.774116527,0.006169554,0.001366655,0.599256397,0.99615655,6
36369,689.67,236.845565,195.647267,1.21057436,0.563590725,36716,215.1893329,0.76844574,0.990549079,0.960856548,0.908563911,0.006512292,0.002737383,0.825488381,0.999315068,5
52701,883.087,347.8866213,194.3650849,1.7898617,0.829368221,53463,259.0386018,0.651160205,0.985747152,0.849222979,0.744606392,0.006601139,0.001251716,0.554438679,0.992368556,6
40531,751.011,280.3221733,184.9779241,1.515435826,0.751374361,40966,227.1688183,0.712921269,0.989381438,0.903035008,0.810384764,0.006916241,0.001839988,0.656723466,0.995222268,6
30706,643.256,236.0177787,166.0463135,1.421397282,0.710662517,31055,197.727321,0.788546482,0.988761874,0.932535595,0.837764519,0.007686373,0.00233555,0.70184939,0.997606816,3
43550,790.199,306.3924445,181.5248344,1.687881691,0.805600909,44001,235.4773496,0.782822836,0.989750233,0.876445816,0.768548161,0.007035418,0.001514098,0.590666275,0.996974791,6
49618,835.229,319.838187,198.1987476,1.613724561,0.784851066,50167,251.3475676,0.801479615,0.989056551,0.89379514,0.78585853,0.006446011,0.001516521,0.61757363,0.996593734,6
49937,847.634,326.3601227,196.0422388,1.664743908,0.799479786,50586,252.1542447,0.785691809,0.987170363,0.873404801,0.772625781,0.006535437,0.001436585,0.596950598,0.993769871,6
45036,798.409,304.8503246,188.7481536,1.615116857,0.785272546,45420,239.4610952,0.793655829,0.991545575,0.887807535,0.785503822,0.006769036,0.001589644,0.617016255,0.996553354,6
32213,666.867,252.246997,162.9644259,1.547865405,0.763294242,32551,202.5212716,0.744017923,0.989616294,0.910253973,0.80286891,0.007830596,0.002007027,0.644598487,0.997751698,3
45422,801.81,298.1707362,194.3573935,1.534136319,0.758362919,45910,240.4851068,0.740592187,0.989370508,0.887836878,0.806534906,0.006564456,0.001713449,0.650498555,0.997953459,6
171566,1554.742,575.3363956,381.6426689,1.507526392,0.748319647,173000,467.3805898,0.828037221,0.991710983,0.891916973,0.812360548,0.003353441,0.000900877,0.65992966,0.99486138,1
50759,901.471,375.8414823,172.8330145,2.174593109,0.887993428,51308,254.2210968,0.810743036,0.989299914,0.784909167,0.676405104,0.00740443,0.00095609,0.457523864,0.994928242,4
38495,797.002,250.9540171,195.9506676,1.280699985,0.624752309,39373,221.3896029,0.765429889,0.977700455,0.76154464,0.882191907,0.006519133,0.002435689,0.778262561,0.99672085,5
31757,655.887,240.6649408,168.4837496,1.42841634,0.714068338,32129,201.0827397,0.731054328,0.988421675,0.927665247,0.835529841,0.007578327,0.002278248,0.698110115,0.997191895,3
63911,998.424,406.0416808,203.4580273,1.995702437,0.865402875,64828,285.2613057,0.792960123,0.985854878,0.805666773,0.702541929,0.006353236,0.000954693,0.493565162,0.985009197,4
31768,666.528,247.9793566,164.2668421,1.509612978,0.749131389,32247,201.1175623,0.719481814,0.985145905,0.898592815,0.811025422,0.007805948,0.002083259,0.657762235,0.992966406,3
27351,606.399,223.2634276,156.2566103,1.428825489,0.714264824,27646,186.6129009,0.718722901,0.989329379,0.934686824,0.835841781,0.008162898,0.002457652,0.698631483,0.99822247,3
35680,703.303,257.4026315,176.840615,1.455562861,0.726639024,36100,213.1412371,0.787429379,0.988365651,0.906462349,0.828046069,0.007214199,0.002092117,0.685660292,0.998021657,3
68616,1034.512,369.4588388,237.8680867,1.55320894,0.765169925,69973,295.5750406,0.778948324,0.980606805,0.805682992,0.800021571,0.005384442,0.00136059,0.640034514,0.994107329,0
37720,706.226,238.2536324,201.9647666,1.179679191,0.530494959,38103,219.1497105,0.755427381,0.989948298,0.950373118,0.919816871,0.006316374,0.002789029,0.846063076,0.998083004,5
39520,731.357,272.9724152,184.912273,1.476226595,0.735612312,39910,224.3176917,0.798093623,0.990228013,0.928470169,0.82175956,0.006907197,0.001942946,0.675288774,0.996879247,3
40551,746.337,280.6973935,184.7203999,1.519579827,0.752950944,40961,227.2248595,0.723969864,0.989990479,0.914832295,0.809501138,0.006922083,0.001833523,0.655292093,0.995768645,3
64149,943.894,351.2026644,233.2841519,1.505471596,0.747516105,64831,285.7919585,0.7712812,0.989480341,0.904801483,0.813752251,0.005474796,0.001480868,0.662192725,0.996912339,2
27280,603.203,223.0210859,156.1554337,1.428199331,0.713964034,27550,186.3705309,0.760418118,0.990199637,0.942165602,0.835663274,0.00817526,0.002459272,0.698333108,0.997358878,3
42158,762.389,273.0256377,197.0926525,1.385265428,0.692014797,42624,231.6834753,0.735241284,0.989067192,0.911457915,0.848577728,0.006476247,0.002071427,0.72008416,0.997507693,5
43263,788.422,296.9104121,186.1736814,1.594803357,0.778989834,43762,234.7001543,0.708532591,0.988597413,0.874599102,0.790474651,0.006862918,0.001652876,0.624850173,0.996513154,6
35815,713.667,269.7371754,169.9114488,1.587516187,0.776664212,36226,213.5440804,0.726971948,0.988654558,0.883656728,0.791674637,0.007531402,0.001824915,0.626748731,0.994973756,6
39546,744.512,268.3643429,188.342414,1.424874712,0.712358179,40022,224.3914683,0.777210015,0.988106541,0.89653866,0.836144869,0.006786131,0.002046106,0.699138242,0.996184401,6
35014,697.961,269.3574839,165.9067717,1.623547256,0.787796774,35396,211.1426281,0.796732428,0.98920782,0.903211127,0.783875113,0.007692851,0.001791656,0.614460193,0.99760516,3
59471,957.54,361.3700973,211.6221386,1.707619532,0.810592557,60328,275.1741793,0.668965129,0.985794324,0.815081911,0.76147468,0.006076409,0.001260226,0.579843689,0.990152409,4
28196,624.647,233.9070745,153.8845783,1.520016346,0.753116076,28486,189.4736451,0.818984547,0.98981956,0.908088235,0.810038113,0.008295754,0.002203218,0.656161744,0.997376577,3
147288,1469.066,560.8730875,336.8898228,1.664856133,0.799510208,149204,433.0506969,0.774213896,0.987158521,0.857619434,0.772101045,0.003808003,0.000834783,0.596140023,0.992487374,1
60537,989.384,396.8484782,195.4644119,2.030285075,0.870288862,61405,277.6294335,0.605975976,0.985864343,0.777143097,0.699585481,0.00655547,0.000968605,0.489419845,0.993661807,4
39170,748.606,290.2576325,172.1830428,1.685750396,0.805049505,39644,223.322173,0.806564533,0.988043588,0.878328203,0.769392939,0.007410203,0.001601779,0.591965495,0.997906068,3
32112,674.896,257.48397,159.8626883,1.610657075,0.783917801,32489,202.2035318,0.808438861,0.988396073,0.885938369,0.785305321,0.00801831,0.001881121,0.616704448,0.993299382,3
40510,759.176,283.7997614,182.0486253,1.558922848,0.767149322,41001,227.1099601,0.790516148,0.988024682,0.88325716,0.800247184,0.007005672,0.001772255,0.640395556,0.998327265,6
64980,1023.482,413.5677157,200.7404751,2.060210904,0.874299301,65896,287.6371075,0.60099889,0.986099308,0.779523393,0.695501841,0.006364539,0.000918628,0.48372281,0.996571009,4
168514,1547.595,567.0395457,381.1117797,1.487856256,0.740453186,170385,463.204802,0.823023199,0.989018986,0.884160718,0.816882712,0.00336494,0.000924264,0.667297366,0.99284256,1
81515,1194.963,416.0416065,251.2564253,1.655844646,0.797043885,83485,322.1616388,0.730192144,0.976402947,0.717362186,0.774349569,0.005103866,0.00113195,0.599617255,0.992873022,0
32034,671.505,256.5395092,159.6311076,1.607077173,0.78282045,32454,201.9578064,0.759549496,0.987058606,0.892734942,0.787238609,0.008008351,0.001897354,0.619744628,0.995977445,3
25084,590.532,219.2852822,145.9218272,1.50275861,0.746448785,25369,178.7118931,0.788111097,0.988765817,0.903898745,0.814974408,0.008742038,0.002378857,0.664183287,0.998107152,3
79180,1108.719,380.7458768,267.2953435,1.424438869,0.712146555,80955,317.513948,0.704479737,0.978074239,0.809435749,0.833926163,0.004808612,0.001434531,0.695432845,0.990601575,0
68008,996.629,371.7058809,234.4417579,1.58549349,0.776011749,69070,294.2625952,0.725465096,0.984624294,0.860404805,0.791654398,0.00546562,0.001324225,0.626716685,0.993655224,2
49084,824.934,298.3111669,210.0329701,1.420306378,0.710127163,49637,249.9913795,0.74061109,0.988859117,0.906382276,0.838022197,0.006077564,0.001848977,0.702281203,0.997454471,6
26579,599.102,216.4623815,156.4822114,1.383303441,0.690945149,26857,183.9604138,0.730573651,0.989648881,0.930565532,0.849849348,0.008144113,0.002620543,0.722243914,0.999082492,3
171708,1535.096,552.1854312,397.3292133,1.389742845,0.694432781,172804,467.5739682,0.735067103,0.993657554,0.915649608,0.846769838,0.00321584,0.001019849,0.717019159,0.996472245,1
36553,691.653,231.2505752,201.4553836,1.147899704,0.491005896,36884,215.7329949,0.777591048,0.991025919,0.960188191,0.932897117,0.006326446,0.002955797,0.870297031,0.999013704,5
53957,927.991,379.4051851,182.4842573,2.079111868,0.876734529,54461,262.1072035,0.640971727,0.990745671,0.787354167,0.690837168,0.007031621,0.000987957,0.477255992,0.992268597,4
77331,1106.588,387.4660743,255.2800454,1.517807918,0.752278807,78870,313.7847785,0.691146504,0.980486877,0.793581578,0.809838072,0.005010488,0.001329391,0.655837703,0.995435658,0
52034,865.331,320.3232941,210.4183111,1.522316629,0.753983317,52543,257.3941461,0.663775178,0.990312696,0.87323785,0.80354489,0.006156038,0.001583148,0.64568439,0.982936085,6
28412,623.016,227.3089876,159.4720664,1.425384349,0.712605308,28735,190.1980072,0.809504815,0.988759353,0.919842072,0.836737734,0.008000457,0.00241909,0.700130036,0.997954395,3
73257,1055.446,415.2978813,227.1072646,1.828641994,0.837228055,74835,305.4074481,0.775830297,0.97891361,0.826393623,0.735393706,0.005669054,0.001022751,0.540803903,0.988936728,2
33777,699.5,247.2041231,174.5063749,1.416590788,0.708291411,34437,207.3793917,0.765154947,0.980834567,0.867472069,0.838899405,0.007318712,0.002235908,0.703752211,0.996928899,3
47389,809.933,299.2201545,202.106707,1.480505813,0.737410523,47888,245.6370265,0.732849808,0.989579853,0.907797996,0.820924068,0.006314127,0.001768907,0.673916326,0.997737038,6
46901,834.492,312.8108532,193.4572292,1.616950964,0.785825769,47989,244.3689994,0.744637612,0.977328138,0.846345348,0.781203711,0.006669599,0.001532275,0.610279238,0.986791603,6
45928,858.374,353.5691897,167.984051,2.104778327,0.879926726,46692,241.8208961,0.801745658,0.983637454,0.783311115,0.683942219,0.007698336,0.001039093,0.467776959,0.984566805,4
23913,579.246,215.5886664,141.4866385,1.523738698,0.754516998,24269,174.4906222,0.737236404,0.985331081,0.895607746,0.809368253,0.009015542,0.002386472,0.655076969,0.998166127,3
84080,1114.181,437.0809816,248.0983867,1.7617244,0.823286763,85529,327.1910465,0.76743337,0.983058378,0.851120538,0.748582209,0.005198394,0.001006948,0.560375323,0.98722688,2
80336,1096.541,428.615314,241.0316076,1.778253559,0.826899655,81366,319.8233451,0.787607843,0.98734115,0.839595918,0.746178064,0.005335283,0.001020251,0.556781703,0.990099045,2
26809,660.12,223.0581288,153.5727292,1.452459235,0.725248225,27318,184.7546453,0.699024823,0.981367596,0.773116063,0.828280262,0.00832027,0.002415608,0.686048192,0.996457032,3
180261,1594.528,578.0660713,401.3581787,1.440274802,0.719674178,182710,479.0776905,0.774716349,0.986596245,0.890937708,0.8287594,0.003206828,0.000933188,0.686842143,0.989241432,1
38191,703.597,249.3851018,195.2092877,1.277526826,0.622320642,38438,220.513699,0.778566041,0.993574067,0.969444467,0.884229641,0.006529944,0.002462348,0.781862058,0.998849753,5
32620,657.383,237.1041582,175.3426743,1.352233044,0.673137332,32951,203.7966485,0.757617986,0.989954781,0.948542693,0.859523722,0.007268674,0.002447183,0.738781029,0.999004119,3
36568,704.099,254.652469,183.0498596,1.391164514,0.695193915,36970,215.7772548,0.778208129,0.989126319,0.926922912,0.847340124,0.006963806,0.002214407,0.717985286,0.998835652,3
72503,1048.874,409.7482505,229.4829452,1.785528115,0.828453137,74347,303.831675,0.697915965,0.975197385,0.82816944,0.741508169,0.005651466,0.001053913,0.549834365,0.981744717,2
48610,819.362,307.9601725,201.640009,1.527277122,0.755836831,49068,248.7813785,0.760077556,0.990666015,0.909879432,0.80783621,0.006335325,0.00166434,0.652599342,0.996700044,6
45183,812.943,316.5425687,182.3013359,1.736369989,0.817510197,45753,239.851584,0.705763824,0.987541801,0.859141575,0.757722998,0.007005789,0.001424553,0.574144141,0.996926656,6
45478,838.042,331.8432701,176.2767668,1.882512801,0.847243394,46206,240.6333061,0.608010909,0.98424447,0.813728734,0.725141438,0.007296787,0.001244521,0.525830105,0.989881905,4
62336,993.784,413.4590243,193.7600151,2.133871759,0.883393631,62932,281.7244403,0.613187224,0.99052946,0.793167287,0.681384185,0.006632749,0.000881945,0.464284408,0.990723385,4
180012,1635.838,628.6451234,365.2951232,1.720923942,0.813844155,181815,478.7466939,0.801132191,0.990083326,0.84533867,0.761553182,0.00349224,0.000724577,0.579963249,0.99807264,1
47894,858.581,346.9975704,177.5266606,1.954622304,0.859219103,48717,246.9423713,0.67503876,0.983106513,0.816447807,0.711654468,0.007245116,0.001146309,0.506452082,0.989922534,4
60182,984.867,413.149554,186.3514503,2.217045015,0.892498261,60972,276.8142017,0.615162883,0.987043233,0.779688824,0.670009683,0.006865002,0.000853385,0.448912975,0.995260274,4
33812,690.959,258.0554163,168.0326884,1.535745329,0.75894938,34281,207.486808,0.750310669,0.986318952,0.889971641,0.804039733,0.007632066,0.001967578,0.646479892,0.992828474,3
45183,782.681,293.2475521,196.5511515,1.491965577,0.742129293,45524,239.851584,0.800435799,0.992509446,0.926862571,0.817915042,0.006490219,0.001791727,0.668985016,0.998102616,6
41949,774.378,296.4984314,180.7257045,1.640599118,0.792760369,42497,231.1084716,0.788307588,0.987104972,0.879074058,0.77945934,0.007068069,0.001609364,0.607556863,0.996757253,6
31040,661.234,248.6290777,159.5083561,1.558721335,0.767079971,31424,198.7997874,0.74699781,0.987780041,0.892115785,0.799583819,0.008009957,0.002019603,0.639334283,0.996543987,3
92819,1169.482,453.5816889,262.1580846,1.730183868,0.816055708,94031,343.7743756,0.822695727,0.987110634,0.852824495,0.757910612,0.004886733,0.00099465,0.574428496,0.993866918,2
41874,757.202,250.8892141,212.7029533,1.179528588,0.530321972,42388,230.9017815,0.749409407,0.987873927,0.917763556,0.920333631,0.005991527,0.002651542,0.847013993,0.999077219,5
51453,910.397,378.8176307,174.850002,2.166529176,0.887104961,52043,255.9531096,0.668785338,0.988663221,0.780115541,0.675663139,0.007362401,0.000946499,0.456520678,0.989065368,4
37117,716.438,267.9398947,176.6428244,1.516845621,0.751912539,37537,217.3909662,0.788347989,0.98881104,0.908710414,0.811342284,0.007218792,0.001929571,0.658276302,0.998503526,3
41114,803.231,339.5572132,154.6684699,2.19538742,0.890235543,41547,228.796789,0.791445291,0.989578068,0.800790058,0.673809244,0.008258919,0.001050149,0.454018897,0.996747374,4
84664,1143.2,396.7575391,272.9980833,1.453334523,0.725641632,86180,328.3253764,0.759134559,0.982408912,0.814074621,0.827521456,0.00468626,0.001355574,0.68479176,0.995231506,0
39964,738.327,261.7453629,195.9004504,1.336114145,0.663203581,40451,225.5742564,0.780242093,0.987960743,0.921258087,0.861808033,0.006549529,0.002228599,0.742713086,0.992349461,6
76673,1061.077,363.0571425,269.5013743,1.347143937,0.67005531,77754,312.4469485,0.791014134,0.986097178,0.855772879,0.860599922,0.004735137,0.001602203,0.740632226,0.997738213,0
31543,657.103,249.883935,161.1579807,1.550552656,0.764240518,31863,200.4040792,0.698564911,0.989957003,0.918006931,0.801988648,0.007922009,0.002021566,0.643185792,0.997293438,3
36527,691.877,238.3143596,195.398766,1.219630832,0.572477778,36865,215.6562562,0.765283889,0.990831412,0.958884021,0.904923466,0.006524334,0.002698754,0.818886479,0.998739198,5
28249,626.229,223.0909265,161.6006147,1.380507908,0.689410286,28599,189.6516383,0.722998567,0.98776181,0.905204265,0.850109151,0.007897303,0.002544236,0.722685569,0.997673144,3
41097,763.983,278.3884278,188.8697156,1.473970704,0.734656244,41603,228.7494821,0.719787726,0.987837416,0.884815241,0.821691778,0.006773936,0.001904832,0.675177378,0.995191675,6
38276,706.425,242.7626416,200.9557407,1.208040341,0.561042606,38627,220.7589564,0.752812525,0.990913092,0.963838543,0.909361321,0.006342425,0.002675352,0.826938011,0.998974478,5
64571,973.638,367.600901,225.4166781,1.63076177,0.789919656,65393,286.7304495,0.802094332,0.987429847,0.855957783,0.780004751,0.005692972,0.001299894,0.608407412,0.992167549,2
70145,1006.802,390.7835906,230.0279791,1.698852427,0.808400648,71034,298.8501094,0.785322436,0.987484866,0.869597824,0.764745799,0.005571083,0.001175406,0.584836138,0.993550292,2
58170,971.247,401.0663216,185.4691827,2.162441846,0.886650483,58930,272.1476517,0.612961012,0.987103343,0.774906934,0.678560221,0.006894728,0.000901676,0.460443973,0.995683315,4
43539,796.581,295.2576881,189.7175074,1.556301747,0.766244668,44192,235.4476089,0.660803181,0.98522357,0.862240518,0.797430917,0.006781453,0.001691511,0.635896067,0.98964616,6
33146,684.369,265.2515198,159.3188124,1.664910225,0.799524869,33479,205.4331958,0.6881332,0.990053466,0.889324654,0.774484519,0.00800252,0.001776059,0.599826271,0.998656891,3
172351,1588.837,601.4149897,367.8191115,1.63508358,0.791175231,173929,468.4486191,0.83275433,0.990927332,0.857955933,0.778910781,0.003489478,0.000792303,0.606702004,0.992008485,1
37342,716.591,265.585855,179.6523607,1.478332119,0.736499594,37779,218.0488731,0.705631141,0.988432727,0.913828587,0.821010867,0.007112256,0.001993346,0.674058844,0.996482839,3
56644,961.412,343.1227678,210.5020018,1.630021401,0.78970336,57622,268.5542418,0.79567355,0.983027316,0.770095705,0.782676835,0.006057531,0.001402185,0.612583027,0.998523444,0
28734,638.018,200.5247957,182.7344194,1.097356461,0.411785251,29172,191.2727505,0.783968133,0.984985603,0.887033637,0.953860842,0.006978659,0.003563624,0.909850506,0.998430331,5
37576,721.428,270.5733023,177.4508206,1.524779098,0.754906261,37992,218.7309972,0.696290257,0.989050326,0.907265555,0.808398299,0.007200695,0.001896949,0.653507809,0.996455048,6
37064,710.701,265.110185,178.2092278,1.487634441,0.740362208,37390,217.2357026,0.706142356,0.991281091,0.922121819,0.819416661,0.007152768,0.001989175,0.671443665,0.99886272,3
78951,1107.357,432.4657715,236.1056935,1.831661766,0.837816244,80711,317.0544674,0.742034625,0.978193803,0.809081346,0.733131934,0.005477648,0.000976118,0.537482432,0.984486021,2
81085,1135.253,411.8972213,251.3405916,1.638801033,0.792245714,82646,321.3107973,0.767327201,0.981112214,0.790615034,0.780075176,0.00507982,0.00116031,0.60851728,0.997238747,0
27448,615.37,228.7343413,152.9701422,1.495287499,0.743471416,27761,186.9435183,0.716003652,0.98872519,0.910852236,0.817295371,0.00833337,0.002293594,0.667971723,0.998809766,3
71492,1045.688,403.9154676,228.2627449,1.769519891,0.825005266,73300,301.7058858,0.73874451,0.975334243,0.821604979,0.746953038,0.0056498,0.001084891,0.557938842,0.987283879,2
35719,692.482,254.454012,178.9644871,1.421812876,0.710866037,36039,213.2576922,0.729673966,0.99112073,0.936035193,0.838099154,0.007123772,0.00216806,0.702410192,0.998695855,3
37348,702.527,242.7609094,196.6162257,1.234694179,0.586544285,37715,218.0663902,0.815013639,0.990269124,0.950935749,0.898276377,0.006499971,0.002610544,0.806900449,0.996275288,5
72318,1038.352,399.2766927,232.7000454,1.71584278,0.812612775,73244,303.4437961,0.752246817,0.987357326,0.842882551,0.759983745,0.005521125,0.001136121,0.577575292,0.991028395,2
198281,1725.184,650.6859375,392.475928,1.657900246,0.797610692,201595,502.453192,0.708956665,0.9835611,0.837182461,0.772190028,0.003281635,0.000719725,0.596277439,0.988568512,1
203657,1685.938,605.7621375,432.3898213,1.400962991,0.70035497,206515,509.2191532,0.807355343,0.986160812,0.900380347,0.840625588,0.002974423,0.000916206,0.70665138,0.989992431,1
81614,1097.739,428.14004,243.8713866,1.755597678,0.821917476,82452,322.3572121,0.787901606,0.989836511,0.85109167,0.752924702,0.005245914,0.001039937,0.566895607,0.995240611,2
37660,721.007,271.8475263,176.7023918,1.538448481,0.759929489,38035,218.9753439,0.716841785,0.99014066,0.910355913,0.805507951,0.007218469,0.001874581,0.648843059,0.998211619,3
48467,836.742,318.3429999,194.5731646,1.636109484,0.791471525,49001,248.4151787,0.754937695,0.989102263,0.869907079,0.780338122,0.006568242,0.001502312,0.608927585,0.996272196,6
44138,787.612,293.7839602,192.2025882,1.528511988,0.756294741,44620,237.0616946,0.711995096,0.989197669,0.894124233,0.806925247,0.006656032,0.001740718,0.651128354,0.995257494,6
38210,705.63,236.731011,205.9160211,1.149648336,0.493349441,38529,220.5685449,0.782158356,0.991720522,0.964345878,0.931726452,0.006195525,0.002880127,0.868114181,0.998026024,5
43844,826.338,338.9045386,165.7581755,2.044572086,0.872227774,44434,236.2708501,0.822619986,0.98672188,0.806871886,0.697160478,0.007729781,0.001126362,0.486032732,0.993728956,4
39600,736.956,276.151578,183.0653099,1.508486661,0.748693747,39961,224.5446191,0.757749713,0.990966192,0.91626676,0.813120898,0.006973525,0.00188041,0.661165595,0.99735948,6
33222,679.444,256.3828441,165.4872051,1.549260826,0.763786379,33590,205.6685784,0.792566262,0.989044358,0.90433284,0.802193217,0.007717261,0.001971328,0.643513957,0.996970964,3
55718,913.737,351.3318444,207.7851271,1.690842118,0.806362745,57302,266.3500722,0.798721312,0.972356986,0.838615646,0.758115373,0.006305536,0.001284822,0.574738918,0.97179277,4
49399,828.257,308.5149092,205.0391494,1.504663427,0.747198925,49909,250.7922652,0.789550235,0.989781402,0.904894173,0.812901606,0.006245368,0.001682247,0.660809021,0.994295166,6
68496,991.032,385.057987,228.0131804,1.688753195,0.805825673,69171,295.3164673,0.777709653,0.990241575,0.876394652,0.766940246,0.005621613,0.001199739,0.588197341,0.993320139,2
39943,754.976,269.4805753,189.2457042,1.423971955,0.711919558,40487,225.5149821,0.737826954,0.986563588,0.880611297,0.836850603,0.006746628,0.002041072,0.700318932,0.997234519,6
36136,705.488,261.8104952,176.0212238,1.487380269,0.740257895,36507,214.4989142,0.797264203,0.989837565,0.912369334,0.819290739,0.007245143,0.002013627,0.671237316,0.998385139,3
36521,730.156,278.2900716,168.3759448,1.652789964,0.796196933,36941,215.6385434,0.7749321,0.988630519,0.86083756,0.774869697,0.007620001,0.001694531,0.600423047,0.992373186,3
38602,712.975,246.9570943,199.2321307,1.239544513,0.590895708,38979,221.6970746,0.751596573,0.990328125,0.954269551,0.897714946,0.006397521,0.00256298,0.805892125,0.998939161,5
180089,1610.86,609.1865542,377.714964,1.61282081,0.784576773,181809,478.8490747,0.715274689,0.990539522,0.872130461,0.78604669,0.003382697,0.000796593,0.6178694,0.996512625,1
35873,702.091,263.6200054,173.4729962,1.519660185,0.752981356,36216,213.7169207,0.734650829,0.990529048,0.914514824,0.810700692,0.007348703,0.00195809,0.657235611,0.99877479,3
84791,1111.688,440.9227214,246.9561704,1.785429053,0.828432129,85718,328.571536,0.685745018,0.989185469,0.862171744,0.745190756,0.005200112,0.00098915,0.555309262,0.99146529,2
33163,676.418,251.0718558,168.5556793,1.489548479,0.741145548,33561,205.4858706,0.800729187,0.988140997,0.910821687,0.818434508,0.007570843,0.002095365,0.669835043,0.99775177,3
50761,901.822,380.1711848,170.3955307,2.231110072,0.893929608,51229,254.2261051,0.696940989,0.990864549,0.784329196,0.668714819,0.007489435,0.000923831,0.44717951,0.997706708,4
80933,1117.231,428.6117334,243.6083048,1.759429892,0.822775895,83214,321.0094953,0.767130169,0.972588747,0.814797237,0.748951721,0.005295883,0.001027859,0.56092868,0.986914687,2
82762,1112.693,438.5255345,242.3317215,1.809608465,0.833442806,83578,324.6164679,0.769392384,0.990236665,0.840020973,0.740245305,0.005298634,0.000981401,0.547963111,0.991598684,2
51945,842.218,308.3532301,215.0230763,1.434047152,0.716752997,52345,257.1739259,0.770788818,0.992358391,0.920247352,0.834023778,0.005936148,0.001771733,0.695595662,0.997516978,6
41229,744.176,270.6902769,194.4244689,1.392264453,0.695780633,41609,229.1165494,0.796788033,0.99086736,0.935537813,0.846415881,0.006565531,0.002078667,0.716419844,0.997445883,5
42780,801.214,322.594105,169.394536,1.904394986,0.851039823,43293,233.3863486,0.800763702,0.988150509,0.837439778,0.723467494,0.007540769,0.001274299,0.523405215,0.996770266,4
45163,798.896,299.1589708,193.0184595,1.549898241,0.764010636,45735,239.7984937,0.777305428,0.987493167,0.889226002,0.801575473,0.006623984,0.001686851,0.64252324,0.995845639,6
98270,1195.813,465.2029826,271.949324,1.710623787,0.811334579,99879,353.7248225,0.719905644,0.983890508,0.863583387,0.760366627,0.004733927,0.000976098,0.578157407,0.989009813,2
73688,1059.474,415.6538966,228.3115046,1.820556075,0.835636577,75227,306.3045471,0.720411395,0.97954192,0.82494696,0.736922111,0.005640727,0.001026127,0.543054198,0.98866062,2
21602,558.343,208.5232304,132.1875207,1.577480455,0.77339676,21932,165.8448692,0.745282042,0.984953493,0.870766423,0.795330424,0.009652959,0.002382487,0.632550483,0.997836024,3
20464,528.408,191.249312,136.3684624,1.402445321,0.701123073,20772,161.4173908,0.747406866,0.985172347,0.921004226,0.844015537,0.009345647,0.002925438,0.712362227,0.999049071,3
73490,1079.891,374.5447781,251.8095533,1.487412901,0.740271291,74875,305.8927494,0.805246318,0.981502504,0.791914451,0.816705418,0.005096541,0.001398676,0.667007739,0.992115916,0
36262,701.915,256.2079586,180.7591999,1.417399273,0.708692492,36681,214.8725491,0.762431404,0.988577193,0.924895296,0.838664616,0.007065467,0.002156125,0.703358338,0.996939597,3
29928,645.731,241.6901588,158.1128904,1.528592376,0.756324502,30331,195.2063347,0.714510815,0.986713264,0.901953787,0.807671838,0.00807572,0.002119829,0.652333797,0.997152469,3
41454,740.397,264.3767519,199.850382,1.322873388,0.654652174,41778,229.7408803,0.78842862,0.992244722,0.950269973,0.868990479,0.006377593,0.002243348,0.755144453,0.9989605,5
107911,1298.822,498.5977794,279.3503372,1.784847601,0.828308741,110337,370.6704095,0.731897721,0.978012815,0.803852392,0.743425713,0.004620454,0.000870592,0.55268179,0.986452768,2
56706,924.217,374.9073997,193.7054087,1.935451376,0.856181401,57307,268.7011753,0.718944139,0.989512625,0.834239929,0.716713448,0.006611424,0.001076111,0.513678167,0.994199115,4
36914,706.663,256.9977983,183.2535424,1.402416537,0.701108189,37304,216.7956747,0.770004172,0.989545357,0.928915621,0.843570163,0.006962069,0.002174718,0.71161062,0.997974502,3
30199,635.705,227.2218621,169.6701943,1.339197277,0.665143032,30525,196.088146,0.790136054,0.989320229,0.939055307,0.862980983,0.007524152,0.0025742,0.744736178,0.997348661,3
45391,800.164,303.9192783,191.1524829,1.589931105,0.777439223,45944,240.4030286,0.795998176,0.987963608,0.890884901,0.791009475,0.006695585,0.001616944,0.625695989,0.994813515,6
40003,737.418,273.0494328,187.2578285,1.458146957,0.727788232,40438,225.6842961,0.805505215,0.989242791,0.924431972,0.826532741,0.006825724,0.001965028,0.683156372,0.996142385,3
179496,1606.14,594.6168788,386.020211,1.540377581,0.760625022,181511,478.0600436,0.781402638,0.988898744,0.874375223,0.803979942,0.003312703,0.000853774,0.646383747,0.995675032,1
47927,812.697,302.5370979,202.052435,1.497319732,0.744286895,48298,247.027431,0.707200826,0.992318523,0.911869723,0.81651947,0.006312456,0.00173079,0.666704046,0.998269123,6
63948,996.497,412.2971781,198.877557,2.073120689,0.875970552,64641,285.343867,0.777908886,0.98927925,0.809253971,0.692082998,0.006447382,0.000912422,0.478978876,0.992981017,4
41930,752.911,273.0777325,195.7285355,1.395186102,0.697329955,42323,231.0561276,0.757542909,0.990714269,0.929495822,0.846118523,0.006512705,0.002059046,0.715916554,0.998836827,5
35020,692.668,254.0299223,176.1222532,1.442349946,0.720636561,35432,211.1607181,0.794050291,0.988372093,0.917224733,0.831243485,0.007253853,0.002136296,0.690965732,0.996614386,3
168405,1546.583,584.3296465,370.0301966,1.579140438,0.773942481,170625,463.0549703,0.756138957,0.986989011,0.884745539,0.792455035,0.003469788,0.000844075,0.627984982,0.991676479,1
60086,972.189,406.3188207,189.3601883,2.145745757,0.884764474,60884,276.593332,0.653677111,0.986893108,0.798880373,0.680729806,0.006762288,0.00089572,0.463393069,0.994323711,4
45423,807.251,299.1624058,193.9286378,1.542641712,0.761437218,45929,240.487754,0.730990199,0.988982995,0.875928173,0.803870237,0.006586144,0.001696504,0.646207358,0.996866425,6
34390,680.24,245.0146708,178.97451,1.368991991,0.682950707,34759,209.252737,0.793932958,0.989384044,0.933937272,0.854041663,0.007124591,0.002338061,0.729387163,0.998525184,5
36059,692.057,237.0532471,193.8591292,1.222811885,0.575520609,36417,214.270261,0.791670326,0.990169426,0.946106031,0.90389085,0.006574038,0.002706923,0.817018669,0.999060138,5
52319,892.41,362.4719118,184.5235704,1.964366455,0.860725131,52908,258.0980816,0.757543728,0.988867468,0.825544412,0.712049881,0.006928112,0.001098592,0.507015033,0.995963323,4
75846,1055.133,416.8471545,233.1112729,1.788189603,0.829016047,76592,310.7573435,0.759424469,0.990260079,0.856107168,0.745494698,0.005495968,0.001047134,0.555762344,0.993808446,2
42965,771.052,274.0402662,200.5162301,1.366673741,0.681623022,43491,233.8904381,0.804783936,0.987905544,0.908149492,0.853489311,0.006378221,0.002087717,0.728444005,0.995545293,6
41159,776.186,308.2623358,171.1813675,1.800793745,0.831642981,41653,228.9219658,0.669469746,0.98814011,0.858505473,0.742620616,0.007489549,0.001405088,0.55148538,0.993111422,3
30930,649.455,241.7903192,164.0129055,1.474215206,0.734760138,31278,198.44722,0.852841426,0.988873969,0.921492181,0.820740965,0.00781734,0.00218808,0.673615732,0.993054555,3
52108,911.035,381.8636585,174.4580801,2.188856248,0.889538814,52662,257.5771073,0.692373107,0.989480081,0.788940307,0.67452637,0.007328312,0.000935792,0.454985823,0.995898562,4
39822,749.984,279.064832,182.239523,1.531307959,0.75732643,40271,225.1731448,0.700425652,0.988850538,0.889669978,0.806884706,0.007007806,0.001832347,0.651062928,0.996977844,6
66026,1010.329,348.7042819,242.2920323,1.439190049,0.719168933,67246,289.9429499,0.771412882,0.981857657,0.812829044,0.831486635,0.005281318,0.001557196,0.691370024,0.995012858,0
42522,778.928,288.8558062,188.1173901,1.535508259,0.758863116,43001,232.6815247,0.694236735,0.988860724,0.880701865,0.805528294,0.006793091,0.001764292,0.648875832,0.996354199,6
77523,1152.75,363.0595402,272.6594791,1.331549306,0.660296676,79065,314.1740747,0.802756521,0.980497059,0.733111738,0.865351382,0.004683249,0.001619933,0.748833014,0.99710808,0
52423,914.234,382.9034002,175.4288082,2.182671159,0.88887272,53020,258.3544787,0.732307993,0.988740098,0.788164732,0.674724953,0.007304111,0.000933801,0.455253762,0.993669257,4
30545,651.016,239.356224,163.1079262,1.467471444,0.731870011,30898,197.2082703,0.705736928,0.988575312,0.90566309,0.823911186,0.007836183,0.00222744,0.678829642,0.996163115,3
35842,679.664,232.1107485,196.7334531,1.179823487,0.530660587,36127,213.624558,0.77145932,0.992111163,0.975020092,0.920356163,0.006475943,0.0028662,0.847055467,0.999375935,5
45608,820.748,307.8064073,190.3045773,1.617440903,0.785973166,46407,240.9769889,0.746570633,0.98278277,0.850807336,0.782884902,0.006748956,0.001563897,0.612908769,0.991343713,6
35838,704.329,258.3012597,177.1988444,1.457691559,0.727586281,36246,213.6126373,0.820316792,0.988743585,0.907825732,0.826990304,0.007207469,0.002079525,0.683912963,0.996934153,3
35277,676.858,238.5525485,188.7741821,1.263692661,0.611387126,35527,211.9341205,0.787556091,0.992963098,0.967623431,0.88841692,0.006762269,0.0025986,0.789284624,0.997413187,5
47601,824.036,317.1441581,191.7213931,1.654192852,0.796586597,48185,246.1858557,0.723529412,0.987880046,0.880914117,0.776258523,0.006662552,0.001492265,0.602577294,0.996779053,6
44937,775.198,275.443937,208.5318545,1.320872236,0.653327404,45290,239.1977538,0.774175209,0.992205785,0.939698757,0.868408128,0.006129558,0.002150327,0.754132677,0.996112916,5
40326,730.663,254.9126039,201.7151454,1.263725654,0.611413865,40661,226.5935963,0.792991564,0.991761147,0.949206664,0.888906993,0.006321297,0.002434508,0.790155643,0.998539956,5
168165,1588.556,614.8503149,350.5733646,1.753842069,0.821522035,170374,462.7248946,0.813523163,0.987034407,0.837414386,0.752581374,0.003656232,0.000723481,0.566378724,0.993338833,1
28998,636.943,247.521561,149.9010298,1.651233226,0.795763148,29307,192.1494219,0.810294241,0.989456444,0.898207695,0.776293674,0.008535815,0.001912181,0.602631868,0.995085763,3
52238,892.863,366.3339732,182.3641738,2.008804501,0.867286963,52775,257.8982112,0.772522922,0.989824728,0.823430127,0.703997527,0.007012787,0.001062564,0.495612518,0.995588657,4
61377,993.965,352.8614992,222.8756912,1.583221111,0.775275101,62512,279.5489645,0.769193172,0.981843486,0.78068051,0.792234248,0.005749084,0.001396989,0.627635104,0.993685146,0
37688,710.5,238.5816472,201.47174,1.184194107,0.535624687,38083,219.0567323,0.777649389,0.989627918,0.938177019,0.918162545,0.006330441,0.002775185,0.843022458,0.998302227,5
71898,1074.336,369.3024779,249.1299837,1.482368651,0.738187105,73105,302.5613604,0.750940007,0.983489501,0.782792068,0.819277905,0.005136478,0.00142748,0.671216285,0.99498998,0
33154,677.082,250.9869383,168.489217,1.489632054,0.741179665,33500,205.4579856,0.741584092,0.989671642,0.908789416,0.81860031,0.007570337,0.002096923,0.670106468,0.998212075,3
35149,682.373,238.9292213,187.4223342,1.274817232,0.620222204,35509,211.5492774,0.782549648,0.989861725,0.948591369,0.885405629,0.006797611,0.002576945,0.783943127,0.999384208,5
49687,833.732,311.1420374,204.0146941,1.525096213,0.755024711,50102,251.5222719,0.801222305,0.991716898,0.898255114,0.808384087,0.006262041,0.001649555,0.653484832,0.996627243,6
33026,677.312,256.758086,164.1744967,1.563934053,0.768863332,33373,205.060989,0.756089744,0.989602373,0.904666066,0.798654454,0.007774423,0.001951118,0.637848937,0.997553673,3
63470,1010.976,421.4157199,193.4167283,2.178796651,0.88845231,64320,284.2754191,0.776448424,0.986784826,0.780363002,0.674572413,0.006639605,0.000848079,0.455047941,0.991456929,4
43220,747.775,252.0251914,218.8593068,1.15153975,0.495859954,43537,234.5834886,0.77958153,0.992718837,0.971298557,0.930793812,0.005831217,0.002699932,0.86637712,0.997667692,5
59618,927.753,340.2482659,224.5974328,1.514925,0.751178891,60538,275.5140562,0.780595745,0.984802934,0.870407315,0.809744189,0.00570714,0.001513525,0.655685652,0.993314587,2
90861,1154.126,443.925665,262.0564228,1.694007955,0.807172237,92080,340.12912,0.7537267,0.986761512,0.857197561,0.766184852,0.004885767,0.001038596,0.587039228,0.994449122,2
63096,1010.607,402.1450405,202.8656443,1.982322053,0.863435707,64321,283.4366284,0.708052788,0.980954898,0.776331285,0.704811946,0.006373543,0.000970183,0.496759879,0.984738063,4
31365,650.732,237.174518,168.624629,1.406523587,0.703219518,31670,199.8378301,0.740858844,0.990369435,0.930788113,0.842577153,0.007561757,0.002350938,0.709936258,0.998542092,3
32485,674.716,248.4793207,167.6708249,1.481947267,0.738011766,32838,203.3744984,0.743806384,0.989250259,0.896707324,0.818476555,0.007649048,0.002117445,0.669903871,0.992762211,3
44020,822.517,335.1188114,168.1587301,1.99287192,0.864990409,44553,236.7445982,0.798853078,0.98803672,0.817655075,0.706449743,0.007612876,0.001169644,0.499071239,0.994585059,4
58078,935.784,352.7123243,211.0881507,1.670924318,0.801144357,58934,271.9323561,0.722120681,0.985475277,0.833432219,0.77097492,0.00607308,0.001323579,0.594402327,0.993201304,0
69714,1023.301,370.4865925,240.0561473,1.543333077,0.761684342,70851,297.9305651,0.73056327,0.983952238,0.836610034,0.80416018,0.005314379,0.00137089,0.646673596,0.998032751,0
45375,786.539,267.8203172,216.1716257,1.238924472,0.590344073,46073,240.3606547,0.729372619,0.984850129,0.921692341,0.897469831,0.005902376,0.002362034,0.805452097,0.997894314,5
47767,817.143,297.5671709,205.6393808,1.447033976,0.722789005,48461,246.6147468,0.761275619,0.985679206,0.898962759,0.828770009,0.006229555,0.001812896,0.686859727,0.993909362,6
50978,881.559,323.1062346,201.1006885,1.606688853,0.782700884,51805,254.7689257,0.70891392,0.98403629,0.824308712,0.788498947,0.00633815,0.001511286,0.621730589,0.998927607,0
75775,1074.69,414.5542193,234.1175855,1.770709442,0.825265194,76841,310.6118583,0.71496641,0.986127198,0.824459627,0.74926715,0.005470857,0.001063609,0.561401262,0.994078515,2
29293,632.174,236.2322465,158.1206683,1.493999798,0.742952509,29665,193.1243278,0.757355603,0.98745997,0.921086581,0.817518906,0.008064461,0.002222012,0.668337162,0.998495586,3
48522,834.031,318.451684,194.4800817,1.63745141,0.791858085,49091,248.5560886,0.774542668,0.988409281,0.876565091,0.780514286,0.006563037,0.001502478,0.60920255,0.997539574,6
185149,1647.795,645.0968411,368.5878257,1.750184884,0.820693835,186539,485.5296371,0.83314134,0.992548475,0.856889603,0.752646124,0.003484204,0.000689678,0.566476188,0.991438062,1
25539,593.522,223.7580605,146.1151222,1.531381948,0.757353635,25766,180.3254412,0.693090534,0.99118994,0.911045588,0.805894727,0.008761426,0.002279648,0.649466312,0.994580986,3
58515,948.901,380.5550537,197.1139591,1.930634723,0.855402192,59253,272.9534978,0.780366478,0.987544934,0.816648681,0.717251013,0.006503547,0.001061732,0.514449016,0.993213133,4
50551,828.646,291.6220792,221.0689942,1.319145094,0.652177002,51124,253.6996891,0.78359065,0.988791957,0.925127389,0.869960497,0.005768869,0.002038302,0.756831267,0.998370253,5
47532,811.908,277.2422688,218.4199373,1.269308435,0.615892018,48007,246.0073618,0.786380782,0.99010561,0.906112895,0.887337139,0.00583275,0.002230528,0.787367199,0.999411828,5
43491,789.611,296.0230025,187.9130537,1.575318993,0.772683008,44080,235.3177873,0.807857342,0.986637931,0.876562481,0.79493075,0.006806535,0.001676575,0.631914897,0.995467539,6
61804,1010.042,407.5027047,193.8611398,2.102033987,0.879591525,62593,280.5196906,0.729922525,0.987394757,0.761285541,0.68838731,0.006593468,0.000913324,0.473877088,0.996105745,4
29254,645.809,252.1643015,148.2014928,1.701496367,0.809065869,29558,192.9957244,0.804698245,0.989715136,0.881428188,0.765357044,0.008619823,0.00182446,0.585771405,0.996687917,3
49068,841.14,326.3957289,191.9415712,1.700495244,0.808814414,49477,249.9506311,0.821826952,0.991733533,0.871508542,0.765790141,0.006651906,0.001411123,0.586434539,0.997229145,6
47360,860.079,346.142513,175.0021106,1.977933362,0.862780782,48026,245.5618554,0.802902384,0.986132512,0.804534866,0.709424142,0.007308752,0.001141949,0.503282614,0.995459472,4
42454,764.421,285.0157506,190.0534166,1.499661283,0.745221287,42869,232.4954013,0.770168532,0.990319345,0.912984198,0.815728257,0.006713519,0.001833631,0.665412589,0.997893496,6
45988,774.279,268.1410248,218.6060795,1.226594546,0.579087603,46335,241.9788011,0.799819124,0.992511061,0.963960916,0.902431104,0.005830674,0.002385364,0.814381898,0.998916394,5
53184,879.152,336.7654739,202.4573121,1.663390028,0.799112199,53971,260.2229274,0.789525252,0.985418095,0.864694955,0.772712607,0.006332082,0.00139251,0.597084773,0.993184858,6
78654,1071.536,413.2990984,244.978922,1.68708024,0.805393848,79570,316.4575535,0.701222285,0.988488124,0.860829507,0.765686532,0.005254648,0.001114108,0.586275866,0.989094428,2
39834,723.396,258.4963084,196.3030168,1.316822902,0.650619884,40145,225.2070692,0.774980545,0.992253083,0.956558592,0.871219673,0.006489338,0.002306168,0.759023718,0.999499816,5
114004,1279.356,451.3612558,323.7479961,1.394174671,0.696795094,115298,380.9913399,0.748986604,0.988776909,0.875280258,0.844094027,0.00395917,0.001239788,0.712494726,0.9933421,1
37637,703.354,250.5441029,191.5283756,1.308130465,0.644683323,37959,218.9084666,0.786332108,0.991517163,0.95604193,0.873732265,0.006656856,0.002393109,0.763408072,0.998637355,5
74155,1093.586,393.0563417,240.7041059,1.632944067,0.790555154,75479,307.2736215,0.800464162,0.982458697,0.779191883,0.781754646,0.00530047,0.00122117,0.611140327,0.997957972,0
57644,917.251,360.3840144,204.8277878,1.759448844,0.822780124,58495,270.9144151,0.677479256,0.985451748,0.860969141,0.751738158,0.006251891,0.001231566,0.565110258,0.99428259,6
59516,939.011,353.4800427,216.6419379,1.631632574,0.790173606,60643,275.2782678,0.760102171,0.981415827,0.848207756,0.778766082,0.005939244,0.001347532,0.60647661,0.989546993,2
31561,670.206,250.332706,161.1729478,1.553193072,0.76516439,32017,200.4612513,0.753857546,0.985757566,0.882966032,0.800779309,0.00793171,0.002011861,0.641247501,0.995981177,3
42766,779.989,292.3472836,186.7611719,1.565353658,0.769345209,43256,233.348157,0.685583289,0.988672092,0.883347409,0.798188217,0.006835974,0.001711597,0.63710443,0.997293749,6
44460,774.803,264.3375604,214.7831933,1.230718085,0.582914127,44927,237.9248414,0.745998188,0.98960536,0.930672187,0.900079584,0.005945514,0.002407093,0.810143258,0.997057959,5
37606,696.136,238.3559836,201.098675,1.185268792,0.536829925,37883,218.8182952,0.780612351,0.992688013,0.975166602,0.918031475,0.006338243,0.00277702,0.842781789,0.998922953,5
45125,819.391,324.6529651,177.6021302,1.827979004,0.837098472,45672,239.6975896,0.810871518,0.988023297,0.844587598,0.738319422,0.007194526,0.00131874,0.545115569,0.996459815,6
34955,694.579,264.6942925,168.5005963,1.57088045,0.771205985,35305,210.9646612,0.772793597,0.99008639,0.910491453,0.797012505,0.00757243,0.001884845,0.635228934,0.997868713,3
29664,639.039,237.7824776,159.1750173,1.493842951,0.742889188,29981,194.3434533,0.735915056,0.989426637,0.912819374,0.817316126,0.00801586,0.00220643,0.668005649,0.99789553,3
41626,760.147,283.7511809,187.1176498,1.516431941,0.751754815,42103,230.2170048,0.774149154,0.988670641,0.905272593,0.811334085,0.006816681,0.001822014,0.658262998,0.998211035,3
35465,692.525,257.3349865,175.7158153,1.464495304,0.730578148,35843,212.4980952,0.73977889,0.989454008,0.92926358,0.825764495,0.007256027,0.00208115,0.681887001,0.998620312,3
38509,733.994,272.1738968,180.7717392,1.505621941,0.74757504,38979,221.4298571,0.763295078,0.987942225,0.898229027,0.813560226,0.0070678,0.001909954,0.661880242,0.996541415,6
31811,642.092,223.9846829,180.9171228,1.238051321,0.589564969,32052,201.2536289,0.773877293,0.992480968,0.969600136,0.898515141,0.007041108,0.002830886,0.807329459,0.999515303,5
33323,666.635,238.2342886,178.4807274,1.334789991,0.662364736,33687,205.9809733,0.769300028,0.989194645,0.942275142,0.864615142,0.007149245,0.002464514,0.747559344,0.99783473,3
172746,1599.927,601.7414307,369.4322407,1.628827602,0.789353849,176302,468.9851153,0.79651967,0.979830064,0.848042327,0.779379799,0.003483389,0.000792827,0.607432871,0.989403427,1
165366,1566.762,592.0672143,360.1940718,1.643745027,0.793655948,168206,458.8578544,0.85841985,0.983115941,0.846544955,0.775009734,0.003580344,0.00079677,0.600640088,0.987299158,1
41329,746.891,268.1760967,196.6919139,1.363432239,0.679750826,41744,229.3942396,0.727725736,0.990058452,0.931001346,0.8553866,0.006488812,0.002142864,0.731686235,0.997604603,3
38628,720.599,251.4163481,196.6785032,1.278311274,0.622924354,39014,221.771723,0.74025526,0.990106116,0.934813072,0.882089509,0.006508656,0.002430646,0.778081902,0.994630867,5
167563,1560.256,576.8638252,372.7615058,1.5475413,0.7631797,169787,461.8959167,0.819703648,0.986901235,0.864960487,0.800701823,0.003442668,0.000872887,0.64112341,0.992164955,1
42811,752.58,266.8535388,204.8105217,1.302928857,0.641047013,43170,233.4708936,0.778353514,0.99168404,0.949860638,0.874902745,0.006233294,0.002252872,0.765454813,0.997333164,5
39139,714.71,254.9119117,195.7036086,1.302540682,0.640773069,39431,223.2337845,0.79408781,0.992594659,0.962852743,0.875729122,0.00651299,0.002362867,0.766901494,0.998920395,5
37436,733.92,266.1868579,179.6784402,1.481462426,0.737809785,37929,218.3231449,0.714359317,0.98700203,0.873377214,0.820187543,0.007110451,0.001984859,0.672707605,0.99659104,6
71259,1009.897,377.4913807,240.6039061,1.568932886,0.770553029,71833,301.2138389,0.72059582,0.992009244,0.878001834,0.797935673,0.005297455,0.001324703,0.636701338,0.998941667,2
25159,605.833,223.3010635,144.1408577,1.549186449,0.76376019,25592,178.9788639,0.710625918,0.98308065,0.861385164,0.80151371,0.008875594,0.002259545,0.642424227,0.995234907,3
40079,757.652,269.4326172,191.5959774,1.40625404,0.703081711,40819,225.8985784,0.685732373,0.981871187,0.877378915,0.838423279,0.006722538,0.002049115,0.702953595,0.988531333,6
72756,1090.293,366.1897586,253.5604934,1.444190906,0.721485799,74089,304.3613253,0.809677491,0.982008125,0.769116681,0.831157393,0.005033121,0.001481666,0.690822613,0.997679735,0
38934,733.244,281.1043348,176.7996396,1.589959886,0.777448434,39309,222.6483964,0.736939733,0.9904602,0.910000965,0.792048961,0.007220022,0.001752776,0.627341557,0.997447911,3
39375,746.118,271.9917683,184.9159144,1.470894321,0.733343321,39868,223.9057996,0.79091676,0.987634193,0.888823229,0.823208,0.006907727,0.001956831,0.677671411,0.99678303,6
56313,926.125,370.4449996,194.9357486,1.900344099,0.850348163,56975,267.7684419,0.80254532,0.988380869,0.825048184,0.722829144,0.006578321,0.001107739,0.522481971,0.992895531,4
27073,604.727,218.0702417,158.3461335,1.377174401,0.687563298,27423,185.6620968,0.729180134,0.987236991,0.930309655,0.85138667,0.008054898,0.002610641,0.724859261,0.998257619,3
64214,1087.234,373.9952469,219.543195,1.703515551,0.809571451,66325,285.9367135,0.675823019,0.968171881,0.682642837,0.764546384,0.005824201,0.001227528,0.584531173,0.995757943,0
26324,604.623,228.0825518,147.7138272,1.544083963,0.761952276,26599,183.0758252,0.821469808,0.989661265,0.904882978,0.802673522,0.008664434,0.002218583,0.644284784,0.994829802,3
66294,1109.72,348.0218186,243.3940844,1.429869668,0.714765262,68370,290.5307942,0.725714286,0.969635805,0.676483583,0.834806264,0.005249673,0.001572732,0.696901498,0.996478314,0
77164,1062.542,421.4478913,235.1611547,1.792166278,0.829851748,77868,313.4457788,0.812338141,0.990959059,0.858879792,0.743735549,0.005461716,0.001030821,0.553142567,0.991323455,2
42552,771.434,283.1626199,191.9019416,1.475558911,0.735329927,42998,232.7635906,0.760617761,0.989627425,0.898529395,0.822013833,0.006654508,0.001874184,0.675706742,0.997045104,6
36411,717.877,273.4817534,169.9713275,1.608987571,0.783407149,36843,215.3135506,0.749290036,0.98827457,0.88785571,0.787304995,0.007510965,0.001780113,0.619849156,0.997329587,3
48924,872.833,364.5109008,171.2664204,2.128326732,0.882744848,49469,249.5835962,0.763840749,0.988982999,0.806992514,0.684708182,0.007450554,0.001010161,0.468825294,0.997813407,4
39266,742.046,269.8232313,185.9702506,1.450894594,0.724542673,39665,223.5956707,0.696650344,0.989940754,0.896117316,0.828674646,0.006871676,0.001998843,0.686701669,0.99633174,6
33303,675.312,254.3762143,166.9242842,1.523901783,0.754578082,33627,205.9191505,0.72270567,0.990364885,0.917665252,0.80950631,0.007638237,0.00202327,0.655300466,0.998613548,3
48212,826.362,309.6394622,199.2858107,1.553745653,0.765357,48777,247.760822,0.677001713,0.988416672,0.887205725,0.800159063,0.006422456,0.001624001,0.640254527,0.994792688,6
39228,732.295,270.6813656,185.2663027,1.461039389,0.729065208,39620,223.4874512,0.714093276,0.990106007,0.919250538,0.825647716,0.006900208,0.001977976,0.68169415,0.995982005,3
183093,1626.402,606.628063,386.8273814,1.568213865,0.770311209,185169,482.8263124,0.775817797,0.98878862,0.869812822,0.795918194,0.003313224,0.000820171,0.633485772,0.993441171,1
43688,763.553,263.2435126,211.4883312,1.244718851,0.595447427,44089,235.8501415,0.781818182,0.990904761,0.941658979,0.895939046,0.006025534,0.00239491,0.802706773,0.999144253,5
30552,642.087,230.1569689,169.3469472,1.359085432,0.677210948,30906,197.2308662,0.778990311,0.988545913,0.931240285,0.856940666,0.007533286,0.00250592,0.734347305,0.998040724,3
45328,795.88,295.0024359,195.9358849,1.50560698,0.747569176,45823,240.2361382,0.778671064,0.989197565,0.89925164,0.814353066,0.006508172,0.00176559,0.663170916,0.99847476,5
189236,1659.042,616.7189285,394.2323971,1.564353749,0.769005963,191867,490.8592043,0.69624277,0.986287376,0.863970397,0.795920446,0.003258994,0.000806755,0.633489356,0.991001449,1
72775,1047.307,372.3997455,249.1056703,1.494946884,0.743334324,73788,304.4010642,0.786892868,0.98627148,0.833765778,0.817404061,0.005117138,0.00140914,0.668149398,0.998847861,0
43976,786.271,297.269179,188.8597632,1.574020712,0.772252561,44457,236.6262501,0.737654321,0.989180556,0.893883812,0.795999945,0.006759805,0.001674041,0.633615912,0.997324569,6
37322,695.359,240.9624354,197.3288105,1.221121411,0.573908559,37630,217.9904729,0.772712215,0.991815041,0.969966226,0.904665794,0.006456311,0.002667576,0.818420199,0.999390428,5
34413,692.24,260.3677665,169.1386536,1.539374714,0.760263846,34875,209.3226993,0.801812717,0.986752688,0.902441413,0.803950128,0.007565971,0.001949669,0.646335809,0.994953001,3
25380,582.891,216.6782868,149.4362833,1.449971065,0.724124823,25623,179.7632322,0.792258467,0.990516333,0.938699923,0.829631962,0.008537364,0.002494856,0.688289192,0.997999413,3
29393,633.927,239.9994363,156.2160337,1.536330366,0.759162049,29685,193.4536894,0.744673304,0.990163382,0.919126483,0.806058932,0.00816519,0.002126245,0.649731003,0.998201469,3
46439,819.656,297.4877235,199.469655,1.491393382,0.741896963,47043,243.1624379,0.711403536,0.987160683,0.868619308,0.817386462,0.006405989,0.001763907,0.668120629,0.996430685,6
54598,885.313,342.1234187,203.9047123,1.677859304,0.802986267,55145,263.6595014,0.786850752,0.990080696,0.875372533,0.770656105,0.006266226,0.001363416,0.593910832,0.996498816,6
43314,792.262,302.6735269,182.6473133,1.657147436,0.797403405,43769,234.8384501,0.691541335,0.989604515,0.867162531,0.775880377,0.006987891,0.001562086,0.601990359,0.99758678,6
56724,933.793,383.3593112,188.7220645,2.031343353,0.870434037,57387,268.7438184,0.75931677,0.988446861,0.817476891,0.701023324,0.006758326,0.001006813,0.4914337,0.99827058,4
39833,720.171,247.1659123,205.3478178,1.203645186,0.556556713,40184,225.2042424,0.762850467,0.99126518,0.965120681,0.911146041,0.006205054,0.002638015,0.830187108,0.999250715,5
27262,667.055,234.9685608,149.093208,1.575984339,0.7729031,28168,186.3090349,0.738087503,0.967835842,0.769917675,0.792910482,0.008618904,0.002101495,0.628707033,0.990832437,3
33373,680.142,251.939614,169.003413,1.490736841,0.741629966,33766,206.135449,0.705769149,0.988361073,0.906579562,0.818193875,0.007549205,0.00208692,0.669441217,0.997960685,3
53174,876.633,330.7512978,205.7273237,1.607716913,0.783017202,53778,260.1984619,0.714589045,0.988768641,0.869507965,0.786689164,0.00622017,0.001469585,0.61887984,0.994983586,4
37503,766.505,308.1607301,155.3628758,1.983490126,0.863609203,38070,218.5184263,0.676949458,0.985106383,0.802132087,0.709105363,0.008216962,0.001281546,0.502830416,0.997359164,4
45851,800.555,294.8902233,198.5318377,1.485354826,0.739424208,46409,241.6181002,0.749787415,0.98797647,0.899034437,0.819349308,0.006431489,0.001788001,0.671333288,0.997168139,6
34728,686.081,250.8484378,176.6801865,1.419788165,0.70987228,35055,210.2785365,0.717654109,0.990671801,0.927126196,0.838269269,0.007223233,0.002200116,0.702695367,0.997678565,3
44699,767.062,264.3649451,215.4349162,1.227122092,0.579580718,45085,238.5634809,0.756943033,0.991438394,0.954655622,0.902402097,0.005914337,0.00241928,0.814329545,0.999281775,5
54651,924.038,369.5577504,188.9731861,1.955609459,0.859372822,55315,263.7874416,0.647347287,0.987996023,0.804318975,0.713792205,0.006762141,0.001082807,0.509499312,0.996381675,4
41066,779.348,298.579887,175.5292485,1.701026408,0.808947893,41557,228.6631915,0.723476974,0.988184903,0.849629174,0.765835883,0.007270732,0.001542768,0.5865046,0.997659813,6
33796,689.612,257.0214392,167.8566113,1.531196401,0.757285401,34210,207.4377103,0.69658058,0.987898275,0.893028965,0.807083296,0.007605085,0.001990477,0.651383447,0.99739599,3
205889,1779.422,687.7230434,384.4723515,1.788745122,0.829133175,208651,512.0019694,0.786183959,0.986762584,0.817118601,0.744488605,0.003340261,0.000632984,0.554263283,0.991435744,1
53802,929.21,374.2964004,184.6069103,2.027531904,0.869910004,54493,261.7304606,0.6068351,0.987319472,0.783033846,0.699259892,0.006956924,0.00102601,0.488964397,0.991390914,4
50436,850.438,331.0326391,194.3291145,1.70346394,0.809558554,50908,253.4109502,0.75668377,0.990728373,0.876324967,0.765516509,0.00656342,0.001390363,0.586015525,0.998256316,6
41116,783.226,296.7691431,177.1638335,1.675111321,0.802259653,41778,228.8023538,0.692188552,0.98415434,0.842260686,0.770977573,0.007217851,0.001573094,0.594406419,0.995696921,6
31953,662.338,245.4183625,166.1746785,1.47686979,0.735883875,32346,201.7023133,0.716370729,0.987850121,0.915297253,0.821871319,0.007680605,0.002161675,0.675472465,0.997584877,3
49157,848.793,328.4144891,191.2522156,1.71718005,0.812938093,49734,250.1772098,0.745525965,0.988398279,0.857416143,0.761772754,0.00668093,0.001387773,0.580297729,0.996475682,6
90481,1198.799,409.7641323,281.977795,1.453178724,0.725571675,92264,339.4171287,0.791146047,0.98067502,0.791178564,0.828323179,0.004528731,0.00131509,0.686119289,0.997053952,0
45369,834.295,338.9924603,171.6009778,1.975469281,0.862410933,45987,240.3447626,0.760484763,0.98656142,0.81908654,0.708997369,0.007471896,0.001164633,0.50267727,0.993023505,4
54349,929.772,383.4831858,181.573601,2.111998571,0.880801791,55056,263.0575907,0.816198114,0.987158529,0.790038935,0.685969034,0.007055938,0.000963724,0.470553516,0.993808354,4
88773,1139.829,433.4571416,264.0923336,1.641309066,0.792963016,90305,336.1982958,0.756222847,0.983035269,0.858640474,0.775620618,0.004882759,0.00109004,0.601587342,0.987390759,2
39336,729.453,236.7284437,211.6749802,1.118358171,0.447731762,39808,223.7948854,0.780941036,0.988143087,0.928978001,0.945365423,0.006018112,0.002965097,0.893715784,0.999494349,5
37834,743.388,286.8789789,168.8360245,1.699157391,0.808477564,38479,219.4806254,0.758987321,0.98323761,0.860322004,0.765063464,0.007582571,0.001602456,0.585322104,0.99455438,6
30780,649.115,244.5675909,160.8532001,1.520439697,0.753276057,31178,197.9654343,0.708759326,0.987234588,0.917984164,0.809450809,0.007945666,0.002104127,0.655210612,0.996208225,3
52487,925.347,377.1397585,178.2679188,2.1155784,0.881232014,53280,258.5121351,0.620237758,0.985116366,0.770286651,0.685454475,0.007185394,0.000978464,0.469847837,0.993999935,4
30129,635.077,231.3592631,165.9779656,1.393915525,0.6966578,30433,195.8607522,0.775521236,0.990010843,0.93873241,0.846565422,0.007678956,0.002432899,0.716673014,0.99898164,3
202626,1715.46,644.7516591,406.4288112,1.58638276,0.776298976,207843,507.9285737,0.744018506,0.974899323,0.865254454,0.787789479,0.003181979,0.000755993,0.620612263,0.984528595,1
74684,1046.993,398.9439007,240.1066679,1.661527787,0.798604842,75767,308.3676737,0.802553246,0.985706178,0.856150034,0.77295999,0.005341759,0.00117623,0.597467147,0.992708266,2
42247,773.978,290.39389,185.9658951,1.561543797,0.768048315,42686,231.9279005,0.81575238,0.989715598,0.886234202,0.798666599,0.006873716,0.001725176,0.637868337,0.996059344,6
72837,1052.169,371.9103821,250.0233364,1.487502677,0.74030814,73876,304.5307024,0.784450356,0.985935893,0.826781803,0.818828183,0.005106064,0.001415915,0.670479593,0.99734019,0
65525,993.29,391.4727093,215.3432963,1.817900608,0.835108619,66623,288.8408232,0.707445315,0.983519205,0.834573839,0.737831313,0.005974402,0.001092201,0.544395047,0.989656087,2
59409,972.196,385.843523,197.3182953,1.95543714,0.859346007,60157,275.0307039,0.634711538,0.987565869,0.789867867,0.712803734,0.006494698,0.001034233,0.508089163,0.99353642,4
61493,957.394,371.099128,211.8087959,1.752047768,0.821116453,62177,279.8130078,0.753000098,0.988999148,0.843051571,0.754011494,0.006034819,0.00120325,0.568533332,0.996097556,2
57778,937.572,380.0172916,195.4643071,1.944177416,0.857576553,58478,271.2291179,0.625221833,0.988029686,0.825967788,0.713728359,0.006577197,0.001052816,0.50940817,0.990379861,4
66314,1027.756,365.6343653,231.2619774,1.581039691,0.774564287,67453,290.5746155,0.732978159,0.983114168,0.788923781,0.794713635,0.005513683,0.001356639,0.631569762,0.998536861,0
28612,618.909,229.7743407,158.6776529,1.448057345,0.723255647,28897,190.8662617,0.759200785,0.990137385,0.938651728,0.830668303,0.008030698,0.002358542,0.69000983,0.999173802,3
183825,1594.423,582.2252398,402.7620548,1.445581163,0.72212432,185116,483.7905118,0.797851563,0.993025995,0.908672401,0.830933595,0.00316728,0.00093139,0.69045064,0.998102439,1
29741,641.815,237.3907688,160.0058987,1.483637608,0.738713971,30077,194.5955223,0.807872005,0.988828673,0.907289125,0.819726577,0.007981936,0.002223126,0.671951661,0.996932755,3
58542,943.418,386.2558352,194.5732215,1.985143856,0.863854252,59114,273.0164637,0.819640457,0.990323781,0.826549948,0.706828063,0.006597927,0.00101588,0.49960591,0.991789603,4
45750,798.725,304.884846,191.4516133,1.592490346,0.77825587,46099,241.3518369,0.812798692,0.992429337,0.901169338,0.791616376,0.00666415,0.001614298,0.626656487,0.997944406,6
67630,1041.652,353.036461,245.4218902,1.438488069,0.718841173,68870,293.443675,0.713667637,0.981995063,0.783256391,0.831199345,0.005220116,0.001537024,0.690892351,0.993840404,0
28723,620.313,226.5884564,161.8852939,1.39968524,0.699690234,29059,191.2361353,0.784910095,0.988437317,0.938032524,0.843980044,0.007888746,0.002468974,0.712302314,0.996999035,3
56606,933.43,372.8717469,193.9261376,1.922751371,0.854112654,57322,268.464146,0.729317787,0.987509159,0.816410951,0.719990582,0.006587142,0.001091903,0.518386438,0.996728234,4
66266,986.107,374.0023758,227.5559785,1.643562073,0.793604033,67126,290.4694333,0.783202733,0.987188273,0.856352435,0.776651305,0.005643956,0.001266682,0.60318725,0.991375687,2
36109,690.918,236.9183865,194.403861,1.218691776,0.57157185,36461,214.4187649,0.771559829,0.990345849,0.950544188,0.905032184,0.0065612,0.002715308,0.819083255,0.998210026,5
43732,796.006,293.4623129,190.3073847,1.542043749,0.761223146,44378,235.9688788,0.697736012,0.985443238,0.867314328,0.804085801,0.006710471,0.001730383,0.646553975,0.997014515,6
57150,956.504,396.9845225,184.0545577,2.156885043,0.886028085,57820,269.7510704,0.67861214,0.988412314,0.784969021,0.67950022,0.006946361,0.000913473,0.461720549,0.995878146,4
59431,956.785,390.4890726,194.5646448,2.00698885,0.867028314,60276,275.0816231,0.689838889,0.985981153,0.815819695,0.704454087,0.006570461,0.000998128,0.496255561,0.995979377,6
70731,1016.071,381.866283,238.37611,1.601948631,0.781232836,72273,300.0958284,0.823986486,0.978664231,0.860937351,0.785866262,0.005398853,0.001270211,0.617585782,0.989340697,2
50794,859.211,332.7816402,195.9351838,1.698427172,0.808293311,51542,254.3087286,0.818268224,0.985487564,0.864614713,0.764190983,0.006551593,0.00137827,0.583987858,0.991860846,6
39343,716.234,250.6220206,200.3343357,1.251018802,0.600867689,39669,223.8147971,0.74407565,0.991781996,0.963756833,0.893037238,0.006370181,0.002499251,0.797515509,0.997706897,5
40669,796.464,321.7839798,162.7094508,1.977660045,0.862739834,41539,227.555222,0.625436371,0.979055827,0.805640067,0.707167654,0.007912267,0.001220591,0.50008609,0.98900028,4
62650,963.789,349.1235041,229.698731,1.519919168,0.75307933,63464,282.4331027,0.746010955,0.987173831,0.84755328,0.808977624,0.005572602,0.001472258,0.654444795,0.994703189,0
36461,694.029,242.5611765,192.0090373,1.263279999,0.611052403,36805,215.4613354,0.758987489,0.990653444,0.951224887,0.888276263,0.00665262,0.002554846,0.789034719,0.996771779,5
40091,727.083,261.3132862,195.560116,1.336229961,0.663276781,40500,225.9323938,0.786823151,0.989901235,0.952990941,0.864603546,0.006518004,0.00224679,0.747539291,0.998884398,5
48991,868.685,352.6432965,177.5916364,1.985697658,0.863936161,49643,249.7544365,0.652456484,0.986866225,0.815833479,0.708235316,0.007198124,0.001117145,0.501597263,0.996020509,4
46379,795.796,276.5100037,213.9154064,1.292613788,0.63364215,46847,243.0053021,0.789765858,0.990010033,0.920296437,0.878830056,0.005961966,0.002193759,0.772342267,0.998340264,5
45240,800.869,299.9796848,192.4831247,1.558472647,0.766994339,45658,240.0028271,0.718711276,0.990844978,0.886358663,0.800063602,0.006630851,0.001675896,0.640101767,0.997581095,6
36580,705.852,259.442714,179.9459293,1.441781512,0.720373481,37021,215.8126561,0.779342523,0.988087842,0.922627226,0.831831632,0.007092474,0.002094688,0.691943863,0.997631869,6
54440,1027.543,334.1376839,209.8596803,1.592195716,0.778162098,55695,263.2777256,0.728489228,0.977466559,0.647929824,0.787931857,0.006137724,0.00145929,0.620836611,0.988493392,0
48095,874.205,366.3137556,168.4059951,2.175182394,0.888057932,48787,247.4600087,0.827398156,0.985815894,0.790830155,0.675541131,0.007616462,0.000978454,0.45635582,0.992657144,4
31203,639.782,215.067737,184.8748759,1.163315112,0.510946829,31558,199.3210815,0.762984155,0.988750871,0.957948542,0.926782809,0.006892534,0.003136682,0.858926376,0.999202033,5
79395,1108.267,392.8401659,258.9016322,1.517333678,0.752098412,80739,317.9447336,0.74759887,0.98335377,0.812295811,0.809348843,0.004947921,0.001309621,0.655045549,0.993922672,0
76634,1059.047,424.1268957,231.4512985,1.832467126,0.837972551,77236,312.3674747,0.750100328,0.992205707,0.858619782,0.736495322,0.005534448,0.001004463,0.54242536,0.99397664,2
77533,1045.499,400.8005388,247.3014981,1.620695959,0.78694835,78328,314.1943373,0.776712548,0.989850373,0.89135193,0.783916954,0.005169419,0.001204209,0.61452579,0.995959465,2
64439,1008.639,400.830825,205.5377181,1.950157025,0.858520513,65349,286.4372235,0.678712491,0.986074768,0.795952485,0.714608772,0.006220314,0.001000611,0.510665697,0.995878296,4
63357,972.487,330.4497412,245.5370454,1.345824377,0.669248118,64428,284.0222488,0.76490402,0.983376793,0.841854156,0.859502107,0.005215678,0.001755813,0.738743872,0.994219511,0
35509,700.973,253.9294949,178.4380779,1.423067867,0.711479182,35927,212.6298732,0.75160867,0.988365296,0.908125196,0.837357918,0.007151131,0.002168698,0.701168283,0.997810054,3
30530,724.734,270.3348303,144.8744959,1.865993243,0.844276626,31370,197.159842,0.652880544,0.973222824,0.730431335,0.729317202,0.008854727,0.001545328,0.531903581,0.992528488,3
45037,782.176,255.5774683,224.6429349,1.137705348,0.476891438,45554,239.4637538,0.791163812,0.988650832,0.925060944,0.936951741,0.005674833,0.00269775,0.877878564,0.998767137,5
47728,863.9,349.6567152,174.1742676,2.007510754,0.867102741,48248,246.5140503,0.780481423,0.989222351,0.803630021,0.705017349,0.007326029,0.001116471,0.497049462,0.99783214,4
68395,1008.539,381.9192243,230.7822059,1.654890258,0.796779868,69705,295.0986592,0.729780196,0.981206513,0.844984659,0.772672964,0.005584023,0.00122775,0.59702351,0.98800839,2
59718,1001.425,379.2394576,202.104719,1.876450285,0.846164921,60836,275.7450256,0.767267962,0.981622723,0.748304333,0.727100042,0.006350505,0.001094875,0.528674471,0.992031362,4
61884,977.874,332.1090455,237.9380412,1.395779522,0.697643033,62975,280.7011863,0.724569127,0.982675665,0.81324695,0.845207892,0.005366638,0.001689415,0.714376381,0.997111924,0
37202,722.697,259.5978011,183.2721586,1.416460651,0.708226766,37691,217.6397426,0.746803172,0.98702608,0.8950837,0.838372828,0.00697806,0.00212649,0.702868998,0.995586279,6
70657,1076.783,397.1658639,227.278961,1.747481871,0.820077829,72048,299.9388046,0.717038766,0.980693427,0.765788213,0.755197845,0.005621041,0.001127819,0.570323785,0.996630475,0
63640,977.03,380.1375465,214.574044,1.771591472,0.825457536,64680,284.6558705,0.756970216,0.983920841,0.837768905,0.748823349,0.005973249,0.001158532,0.560736407,0.993395837,2
50789,843.161,316.0550121,205.5335759,1.53772935,0.759669374,51382,254.2962116,0.733362212,0.988458993,0.897756391,0.804594776,0.006222903,0.001608724,0.647372753,0.995484083,6
29158,626.228,229.0498289,162.2908031,1.411354337,0.705671364,29440,192.6787966,0.78597229,0.990421196,0.93433503,0.841209083,0.007855471,0.00242643,0.707632722,0.998720511,3
29501,640.635,240.5941928,156.5127729,1.537217623,0.759484003,29826,193.8087712,0.708069316,0.989103467,0.903285997,0.805542183,0.008155459,0.00211827,0.648898208,0.997497761,3
30640,655.654,243.9888038,160.5221912,1.519969307,0.75309829,31034,197.5147074,0.718237225,0.987304247,0.895672406,0.809523652,0.007963081,0.002109498,0.655328543,0.996079271,3
171994,1534.393,568.3886482,387.3556881,1.467355884,0.731820039,173315,467.9632061,0.783425419,0.99237804,0.918015352,0.823315539,0.0033047,0.00093665,0.677848476,0.99464495,1
33121,668.968,240.852119,175.9776495,1.368651756,0.682756434,33476,205.3557084,0.743957772,0.989395388,0.930042119,0.852621556,0.007271885,0.002370566,0.726963517,0.994959894,3
34321,669.531,227.9958451,191.8273267,1.188547268,0.540470046,34652,209.0427095,0.787467878,0.990447882,0.962118171,0.916870698,0.006643042,0.00289587,0.840651876,0.999154491,5
70136,1030.908,396.6158929,226.0338672,1.754674633,0.821709737,70887,298.8309367,0.77050513,0.989405674,0.829298802,0.753451745,0.005654955,0.001124167,0.567689532,0.996110422,2
54130,931.577,377.6274612,183.6459322,2.05628002,0.873783517,54934,262.5270587,0.593504671,0.985364255,0.783809235,0.695201186,0.006976306,0.001005188,0.483304688,0.993809775,4
37533,703.354,237.3881463,201.4126248,1.17861602,0.529271137,37918,218.6058092,0.774067811,0.989846511,0.953400158,0.920879213,0.006324785,0.002805667,0.848018524,0.999488218,5
51782,858.661,311.3287503,212.4263601,1.465584356,0.731052055,52581,256.7701114,0.713663552,0.984804397,0.882561968,0.824755539,0.006012297,0.001716015,0.6802217,0.996922282,0
167176,1594.156,615.1699854,351.0757001,1.752243135,0.821160684,169856,461.3622158,0.659294548,0.984221929,0.826650928,0.749975172,0.003679775,0.000718106,0.562462759,0.985571508,1
66466,1010.092,356.1705845,239.3348154,1.488168714,0.740581253,67508,290.9074416,0.780392157,0.984564792,0.818629789,0.816764366,0.005358688,0.001471043,0.667104029,0.992763346,0
43392,794.102,303.1735207,183.230945,1.654597812,0.796698859,43892,235.0498039,0.758734044,0.988608402,0.864702973,0.775297933,0.006986853,0.001557169,0.601086885,0.994557044,6
23065,556.502,206.1233263,142.8087606,1.443352112,0.721099389,23341,171.3688131,0.805820494,0.988175314,0.935900898,0.831389713,0.008936628,0.002633735,0.691208855,0.997657761,3
31249,648.912,237.887999,167.564227,1.41968249,0.709820258,31551,199.4679486,0.757000969,0.990428196,0.932554833,0.838495214,0.00761266,0.002321232,0.703074224,0.998142164,3
205476,1746.64,679.0974408,386.4526105,1.757259292,0.822290479,207384,511.4881902,0.773850951,0.990799676,0.846377604,0.753188216,0.003304996,0.000656092,0.567292489,0.996879998,1
176570,1601.037,610.4912665,369.668142,1.651457611,0.795825763,178203,474.1475576,0.802714965,0.990836293,0.865613546,0.776665587,0.003457503,0.00077603,0.603209434,0.99617481,1
43543,796.795,304.2525071,183.4273473,1.658708538,0.797832882,44112,235.4584241,0.67465642,0.987101016,0.861856599,0.773891484,0.006987403,0.001546023,0.598908028,0.993413861,6
77837,1082.476,416.2736197,240.6263902,1.729958295,0.816002326,79765,314.8096988,0.719793227,0.975828998,0.834755714,0.756256664,0.005348017,0.00107907,0.571924141,0.989404912,2
42186,821.018,317.6874819,170.1770034,1.866806182,0.844424715,42921,231.7604009,0.81751061,0.982875515,0.786453148,0.729523239,0.007530638,0.001315734,0.532204157,0.99352201,4
45491,798.577,306.5217757,190.3324757,1.610454415,0.783855915,45999,240.6676965,0.663675887,0.988956282,0.896399802,0.78515693,0.006738075,0.001579579,0.616471405,0.992799096,6
34291,687.182,257.9686332,169.9776055,1.517662473,0.752223504,34674,208.9513274,0.693925045,0.98895426,0.912528557,0.809987342,0.007522925,0.001997466,0.656079493,0.995707227,3
29346,631.556,235.8091427,158.6433177,1.486410813,0.739859402,29687,193.2989593,0.716175322,0.988513491,0.924559885,0.819726314,0.008035478,0.002238036,0.67195123,0.998795573,3
65042,1023.506,419.2028581,198.9627741,2.10694116,0.880189888,65748,287.7742978,0.78340259,0.989262031,0.780230575,0.686479809,0.00644511,0.00088292,0.471254528,0.992905561,4
76913,1063.744,412.4984023,238.3707566,1.730490804,0.816128304,77552,312.9355734,0.741473055,0.991760367,0.854152406,0.758634631,0.005363182,0.001095804,0.575526504,0.995943323,2
32641,666.762,240.0642395,173.5236905,1.383466654,0.691034367,33055,203.8622377,0.727781494,0.98747542,0.922638639,0.84919869,0.007354684,0.002359288,0.721138416,0.997670951,3
31273,654.593,242.8069386,164.38683,1.477046176,0.735958267,31595,199.5445321,0.796095003,0.989808514,0.917142239,0.821823846,0.007764108,0.002184672,0.675394433,0.997588765,3
56462,967.154,402.0604631,180.5148428,2.227298635,0.893544636,57430,268.1224556,0.765835662,0.983144698,0.758533659,0.666870981,0.007120904,0.000868725,0.444716906,0.990517357,4
79992,1119.069,402.4864413,253.8281261,1.585665259,0.776067275,81244,319.1378662,0.715108171,0.984589631,0.802680456,0.792915819,0.005031584,0.001226854,0.628715496,0.99693232,0
25997,596.404,220.1283733,151.0490347,1.457330553,0.727426015,26392,181.9351765,0.808289028,0.985033343,0.918442566,0.826495802,0.008467453,0.002437222,0.683095311,0.995495668,3
74509,1092.049,456.7581544,208.7097977,2.188484486,0.889498951,75260,308.0061773,0.797314072,0.99002126,0.78511694,0.674330987,0.006130241,0.000781897,0.454722281,0.995152657,4
38975,730.101,267.0477693,186.4893698,1.431973144,0.715769005,39388,222.7655971,0.780608464,0.989514573,0.918819284,0.834178835,0.006851771,0.002046535,0.695854329,0.996444711,3
52045,906.761,374.8406694,177.5386776,2.111318359,0.880719772,52714,257.4213513,0.672502907,0.987308874,0.79543228,0.686748724,0.007202242,0.000988186,0.471623809,0.995748007,4
32018,669.355,247.7801408,165.0090037,1.501615883,0.745997031,32517,201.9073643,0.795280676,0.984654181,0.898030404,0.814864999,0.007738776,0.002104722,0.664004967,0.997080405,3
75218,1082.347,407.9429151,236.0992561,1.727844983,0.815501029,76163,309.4681439,0.820798778,0.987592401,0.806860788,0.758606492,0.005423475,0.001107959,0.57548381,0.994346814,0
72060,1013.657,399.9968058,230.5185863,1.735204142,0.817237468,72541,302.902033,0.694266473,0.993369267,0.881296558,0.75726113,0.005550885,0.001125964,0.573444418,0.99504313,2
43796,799.068,299.6133411,187.5142577,1.597816319,0.779940102,44443,236.1414811,0.692011124,0.985442027,0.861939599,0.788154093,0.006841112,0.001628362,0.621186874,0.992542525,6
33623,659.408,217.371862,197.0837827,1.102941394,0.421848171,33918,206.9060976,0.793238493,0.991302553,0.97171275,0.951853178,0.006464975,0.003273607,0.906024472,0.999291894,5
37365,702.379,247.3540221,192.7094909,1.283559108,0.626919901,37705,218.1160141,0.784517511,0.990982628,0.951769567,0.881796917,0.006619939,0.002468926,0.777565802,0.998051667,5
51903,908.476,366.5447142,181.1892679,2.022993517,0.869281741,52611,257.0699362,0.708824975,0.986542738,0.79026984,0.701333088,0.00706211,0.00105393,0.4918681,0.995045977,4
56860,958.802,392.4084313,185.0411006,2.120655519,0.881838093,57568,269.0657922,0.605518461,0.987701501,0.777246646,0.685677908,0.006901309,0.000941005,0.470154193,0.997035085,4
47174,808.254,300.4657223,200.6071324,1.497781852,0.744471743,47646,245.0791755,0.751752932,0.990093607,0.907437749,0.815664342,0.006369308,0.001739073,0.665308318,0.996486725,6
43267,784.55,298.7637884,185.3710949,1.611706445,0.78423779,43743,234.711004,0.751946472,0.989118259,0.88333491,0.785607269,0.006905119,0.001622456,0.617178782,0.99471102,6
73451,1081.601,421.2082024,222.8362332,1.890214156,0.848596524,74535,305.8115724,0.644714205,0.985456497,0.788993484,0.726034229,0.005734547,0.000982895,0.527125701,0.996380463,4
32062,665.567,235.1189657,174.9852954,1.343649849,0.667910598,32539,202.0460499,0.809299038,0.985340668,0.909529757,0.859335398,0.007333259,0.002466764,0.738457326,0.992228074,3
66516,974.201,372.3567768,228.9267115,1.626532677,0.788679359,67382,291.0168407,0.779578777,0.987147903,0.880722003,0.781553765,0.005598003,0.001288393,0.610826287,0.993528916,2
44187,796.888,291.0978381,193.9573336,1.500834398,0.745687335,44836,237.1932456,0.735371455,0.985525025,0.874399311,0.81482311,0.006587862,0.001791338,0.6639367,0.996459038,6
30140,620.134,201.8478822,190.2792788,1.06079802,0.333679658,30417,195.896503,0.773098035,0.99089325,0.984877069,0.970515523,0.00669701,0.003664972,0.941900381,0.999166059,5
34664,711.185,274.4216157,161.3739601,1.700532202,0.808823706,35096,210.0846867,0.802407407,0.987690905,0.861238357,0.765554441,0.007916617,0.00167735,0.586073603,0.996637034,3
38491,745.466,278.8028218,176.6623921,1.578167365,0.773622838,39247,221.3781004,0.726341215,0.980737381,0.870388967,0.794031061,0.007243325,0.001776101,0.630485325,0.995011365,6
32057,642.082,215.9182853,189.3033869,1.140593884,0.48097147,32301,202.030295,0.779804909,0.992446054,0.977128658,0.935679416,0.006735449,0.003184598,0.875495969,0.998585347,5
150664,1500.495,582.4382025,332.045178,1.754093241,0.821578695,152581,437.9855737,0.778818518,0.987436181,0.840911423,0.751986343,0.003865809,0.000762535,0.565483459,0.991910714,1
41706,779.458,293.979372,181.3670123,1.620908722,0.787011846,42292,230.4381228,0.67820148,0.986143952,0.862626837,0.783858137,0.007048851,0.001641527,0.614433579,0.995940747,6
46749,854.757,333.3222404,179.2134254,1.859917802,0.84316291,47417,243.9726941,0.671603839,0.985912226,0.804075551,0.731942441,0.00713004,0.001262349,0.535739736,0.996431873,4
24707,590.391,217.5571133,145.3784403,1.49648815,0.743953714,25080,177.3638335,0.76063666,0.985127592,0.890738907,0.815251824,0.008805485,0.002399386,0.664635537,0.994619206,3
87843,1160.9,466.2819801,241.9101475,1.927500706,0.854891665,88804,334.432626,0.742544379,0.989178415,0.819082036,0.717232577,0.005308129,0.000866485,0.514422569,0.991549865,2
37471,763.682,314.3678155,152.4385579,2.062259181,0.874566773,38008,218.4251794,0.624017453,0.985871395,0.807383814,0.694807702,0.00838963,0.001206094,0.482757742,0.995571586,4
27610,614.555,230.2028966,153.3364307,1.501292912,0.745869115,27888,187.4943835,0.688923822,0.990031555,0.918659896,0.814474476,0.008337664,0.002263258,0.663368671,0.995910684,3
26859,606.793,216.9853438,158.1495565,1.372026255,0.684674446,27241,184.9268529,0.721143778,0.98597702,0.916681737,0.85225504,0.008078683,0.002629049,0.726338653,0.996555703,3
54160,929.492,349.4594503,202.9347314,1.722028791,0.81411022,55623,262.5997977,0.749505266,0.973697931,0.787765954,0.75144569,0.006452353,0.001269078,0.564670625,0.972379074,4
41433,749.935,261.1735592,202.5314316,1.289545811,0.63138831,42055,229.6826812,0.747834091,0.985209844,0.925782566,0.879425474,0.006303516,0.002325727,0.773389165,0.997320758,5
39695,736.527,276.0798868,183.393943,1.505392612,0.747485135,40036,224.8137979,0.791730658,0.991482666,0.919535131,0.814307049,0.006955029,0.00188639,0.66309597,0.998219774,3
73240,1042.358,404.7690061,232.4106421,1.741611324,0.818728445,74073,305.3720096,0.709634912,0.988754337,0.84707993,0.754435258,0.005526611,0.0011044,0.569172559,0.991277374,2
35857,710.411,261.0971889,175.4917336,1.487803349,0.74043149,36325,213.6692546,0.712891169,0.987116311,0.892821131,0.818351417,0.007281624,0.0020145,0.669699042,0.996380478,3
42120,742.557,254.8646481,210.6032648,1.210164754,0.563180704,42479,231.5790354,0.787260289,0.991548765,0.959927942,0.908635376,0.006050918,0.002544249,0.825618247,0.999134102,5
24307,574.45,216.8926579,143.1742788,1.514885633,0.751163817,24647,175.9222374,0.721361586,0.986205218,0.925628584,0.811102778,0.008923053,0.002382302,0.657887717,0.99662465,3
33248,660.068,230.9698347,183.4292487,1.259176693,0.607696024,33511,205.7490422,0.787661984,0.992151831,0.958954568,0.890804821,0.006946879,0.002698359,0.793533229,0.999198547,5
164698,1546.544,569.9455173,369.0319236,1.544434183,0.762077076,166443,457.9301328,0.813894188,0.98951593,0.865313797,0.803462996,0.003460549,0.000889587,0.645552786,0.997013789,1
44299,778.783,296.3809195,190.6617954,1.554485097,0.765614346,44663,237.4936601,0.701155429,0.991850077,0.917848201,0.801312245,0.006690465,0.001701544,0.642101315,0.998136924,6
81585,1101.981,408.0632574,258.616079,1.577872725,0.77352591,83500,322.2999352,0.745647306,0.977065868,0.844251748,0.789828365,0.005001695,0.001200682,0.623828846,0.984322521,2
213307,1785.693,664.7511897,414.6074684,1.603326617,0.781661226,219982,521.1438454,0.799933247,0.969656608,0.840623215,0.783968278,0.003116406,0.000726152,0.614606261,0.985414577,1
28707,618.462,222.2300722,164.9902335,1.346928649,0.669923843,29016,191.1828643,0.76028921,0.989350703,0.943130158,0.8602925,0.00774132,0.002615648,0.740103185,0.996866183,3
38595,749.143,291.1087898,169.354207,1.718934504,0.813363553,38986,221.6769727,0.805068836,0.989970759,0.86419442,0.761491856,0.007542656,0.001564462,0.579869847,0.996758288,6
47476,874.832,354.5281331,171.3371483,2.069184276,0.875464609,48173,245.8624018,0.608432654,0.985531314,0.779533286,0.693491937,0.007467523,0.001065423,0.480931067,0.995135002,4
39539,798.227,317.2686272,161.3747082,1.966036876,0.860980799,40420,224.3716077,0.589430531,0.978203859,0.779799079,0.707197588,0.008024195,0.001238067,0.500128428,0.983270932,4
51643,855.523,307.9956112,213.6247263,1.441760121,0.720363573,52139,256.4252519,0.786066547,0.990486968,0.886661697,0.832561383,0.005963937,0.001767575,0.693158456,0.999368219,2
36941,710.755,262.5114866,179.4548092,1.462827816,0.72984988,37298,216.8749456,0.768387553,0.990428441,0.918922033,0.826154118,0.007106237,0.002042038,0.682530626,0.998424785,3
39817,772.004,312.1685131,163.0038188,1.915099384,0.852843802,40310,225.1590082,0.62867293,0.987769784,0.83953595,0.721273923,0.007840081,0.001308884,0.520236072,0.996303782,4
49421,867.521,344.4473359,184.2552716,1.869402883,0.844896274,50025,250.8481045,0.650259204,0.987926037,0.825204143,0.728262577,0.006969655,0.001209325,0.530366381,0.991468442,4
61025,973.886,376.083334,208.2543717,1.805884462,0.832686113,62070,278.7461986,0.721796419,0.983164169,0.808539807,0.741182002,0.006162775,0.001147243,0.549350761,0.992064003,2
57948,970.925,394.0233294,188.9565751,2.085258633,0.87751083,58901,271.6278431,0.603398725,0.983820309,0.772461687,0.68936995,0.006799602,0.000947268,0.475230929,0.990979397,4
79044,1091.785,405.4557524,248.5061191,1.63157251,0.790156106,79952,317.2411489,0.791247072,0.988643186,0.833306035,0.782430998,0.005129494,0.001185874,0.612198266,0.998845862,0
59179,952.913,382.2096414,199.5902141,1.914971849,0.85282251,59861,274.4978015,0.624626621,0.988606939,0.818975637,0.718186492,0.006458535,0.001059895,0.515791837,0.987726848,4
37891,718.675,264.2326231,183.1033861,1.443078845,0.720973312,38300,219.6458959,0.708772914,0.989321149,0.921893718,0.831259567,0.006973493,0.002053888,0.690992468,0.997156613,3
76455,1065.907,370.7141126,263.9559258,1.404454594,0.702159011,77338,312.0024509,0.765215738,0.988582586,0.845623664,0.841625502,0.004848788,0.001500682,0.708333485,0.994822217,0
40363,736.091,268.6974505,191.7105261,1.401579016,0.700674575,40681,226.6975248,0.740388143,0.992183083,0.936117333,0.843690643,0.006657024,0.00208062,0.711813901,0.997663427,5
23878,582.76,223.9356772,136.1406371,1.644884893,0.79397893,24162,174.3628798,0.705468727,0.988246006,0.883544327,0.778629301,0.009378326,0.002126317,0.606263588,0.997233817,3
47165,813.503,314.5014518,191.8888195,1.638977469,0.792296304,47624,245.0557959,0.685717193,0.990362002,0.895594432,0.779188123,0.006668111,0.001516184,0.607134131,0.995079162,6
63137,1006.726,405.3279571,199.1868508,2.034913226,0.870921904,63751,283.5287025,0.604760536,0.990368779,0.782836806,0.699504432,0.006419817,0.000948122,0.489306451,0.995696168,4
190505,1693.703,648.0574493,376.3201004,1.722090977,0.814125178,192570,492.5022837,0.781703289,0.989276627,0.834529569,0.759967013,0.003401787,0.000699948,0.57754986,0.994593403,1
94415,1207.294,481.0232314,252.9364026,1.901755645,0.85058974,96363,346.7173368,0.735176173,0.979784772,0.814000697,0.720791251,0.005094776,0.000848287,0.519540028,0.98803818,2
35354,690.737,250.6471845,180.2388145,1.390639332,0.694913112,35800,212.1652914,0.720627803,0.987541899,0.931157148,0.846469877,0.007089641,0.002245174,0.716511252,0.996408729,3
29986,650.014,246.3149674,155.8957072,1.579998397,0.774223712,30489,195.3953965,0.691208335,0.983502247,0.891831853,0.793274557,0.008214332,0.002006532,0.629284522,0.994268536,3
49175,828.597,310.3548043,202.3293233,1.533909169,0.758279941,49668,250.2230098,0.798165882,0.990074092,0.90005183,0.806248224,0.006311231,0.001645012,0.650036199,0.997096486,6
57271,990.081,355.8043692,206.0400353,1.726870065,0.815269045,58861,270.0364827,0.669640456,0.972987207,0.734181062,0.758946506,0.006212645,0.001271455,0.575999798,0.994676809,0
34102,681.596,245.146993,177.5113487,1.381021522,0.689693237,34442,208.3746985,0.783197832,0.990128332,0.922434734,0.849998998,0.00718864,0.002314729,0.722498297,0.997785698,3
38692,706.244,234.5964057,210.1986918,1.11606977,0.444051364,38959,221.9553659,0.767728878,0.993146641,0.974813423,0.946115799,0.006063176,0.002996796,0.895135106,0.999033232,5
38969,717.524,255.1455089,195.0824167,1.30788573,0.644513665,39368,222.7484496,0.746961855,0.989864865,0.951165876,0.873025163,0.006547397,0.002346148,0.762172936,0.996835107,3
39215,709.517,244.5157546,204.7266034,1.194352617,0.546784053,39488,223.4504168,0.77324263,0.993086507,0.978895816,0.91384875,0.006235261,0.00268245,0.835119538,0.997427206,5
41287,757.54,284.5722259,185.693264,1.532485453,0.757758808,41777,229.2776506,0.810184458,0.988271058,0.904090805,0.805692298,0.006892538,0.001791578,0.649140079,0.994797728,6
45664,802.466,304.9506371,191.3532203,1.593653018,0.778625295,46159,241.1248858,0.703562184,0.989276197,0.891108393,0.790701368,0.006678141,0.00161022,0.625208653,0.996365657,6
34428,688.178,229.7324979,191.3790717,1.20040554,0.553194986,34908,209.3683143,0.777770247,0.98624957,0.913524268,0.911356975,0.006672839,0.002839517,0.830571536,0.997022673,5
47002,847.653,346.9692765,173.4072482,2.000892582,0.866154141,47610,244.6319789,0.70177377,0.987229574,0.822034406,0.705053719,0.007382011,0.001125235,0.497100747,0.994645197,4
27815,625.665,235.4277129,150.6423758,1.562825278,0.76848584,28153,188.1891547,0.743279354,0.987994175,0.8929049,0.799350053,0.008464056,0.002131603,0.638960507,0.998583632,3
37164,720.523,268.0876854,176.8620677,1.515800923,0.751513915,37658,217.5285601,0.751607815,0.986881937,0.899573427,0.811408251,0.007213639,0.001928821,0.65838335,0.99797809,6
57141,945.44,370.0875312,198.5954679,1.863524556,0.843825571,58117,269.7298293,0.699828536,0.983206291,0.803322175,0.728827119,0.006476742,0.001127287,0.53118897,0.98988369,4
28532,614.649,217.4329801,167.7276121,1.296345767,0.636351616,28884,190.5992411,0.79573851,0.987813322,0.949047,0.876588459,0.007620671,0.002775594,0.768407327,0.996121586,3
30095,637.131,236.8262803,162.2537226,1.459604603,0.728432995,30408,195.7502084,0.720665709,0.989706656,0.931637023,0.826556107,0.00786929,0.002265712,0.683194999,0.997194565,3
38374,742.778,272.2549253,180.2852668,1.510134079,0.749333451,38852,221.0413859,0.71644076,0.987696901,0.874035095,0.811891229,0.007094776,0.001901559,0.659167368,0.995431106,3
44258,832.579,334.9047441,169.4686685,1.976204493,0.862521447,44909,237.3837311,0.65856199,0.985504019,0.802325773,0.7088097,0.007567101,0.001178224,0.50241119,0.992867251,4
62599,989.399,363.7363749,221.0639332,1.645389954,0.794121783,63931,282.3181224,0.780614026,0.979165037,0.803589633,0.776161368,0.005810578,0.00130079,0.60242647,0.991226461,0
53711,879.517,328.5702802,208.810849,1.573530695,0.772089756,54301,261.5090231,0.714802837,0.989134638,0.872538554,0.795899809,0.006117374,0.001514183,0.633456505,0.996763255,6
64778,984.123,367.3746149,225.3327197,1.630365157,0.789803831,65656,287.1896781,0.801956051,0.986627269,0.840501776,0.781735228,0.005671287,0.001306472,0.611109966,0.996332396,0
68511,991.58,387.7710402,226.4845074,1.712130532,0.811705007,69130,295.3488013,0.747284031,0.991045856,0.875617945,0.761657707,0.005659982,0.00117499,0.580122463,0.993245381,2
67353,1055.855,437.6707663,197.0169148,2.221488276,0.892953623,68034,292.8421128,0.637269373,0.989990299,0.759203579,0.669092239,0.006498163,0.000803368,0.447684424,0.994525699,4
30279,634.927,212.5605564,181.5101816,1.171066849,0.52040066,30600,196.3477022,0.775688485,0.989509804,0.943851783,0.923725952,0.007020065,0.003152779,0.853269634,0.999235781,5
62596,950.343,363.7792544,221.2839246,1.643947951,0.793713506,63740,282.3113574,0.791172679,0.982052087,0.870954938,0.776051284,0.005811542,0.001300268,0.602255595,0.990076852,2
44141,765.323,271.778025,207.1410008,1.312043603,0.647377176,44515,237.0697508,0.797488708,0.991598338,0.947027306,0.87229183,0.006157043,0.002198868,0.760893037,0.998324842,5
33317,678.124,247.9940224,171.9963205,1.441856556,0.720408236,33707,205.9624284,0.728527071,0.988429703,0.910452982,0.830513681,0.007443468,0.002184451,0.689752974,0.994524848,3
50170,810.208,277.1151484,230.7938036,1.200704456,0.553507164,50599,252.7418208,0.757820643,0.991521572,0.960419371,0.91204621,0.005523523,0.002357563,0.831828289,0.998779933,5
71197,1042.332,408.8520872,223.3958508,1.830168671,0.837525835,72056,301.0827725,0.718160544,0.988078717,0.823492061,0.736410017,0.005742547,0.001041749,0.542299713,0.992499945,2
68888,1079.833,364.5529324,241.5708805,1.509093031,0.748929512,70428,296.1603042,0.742503611,0.978133697,0.742403908,0.812393147,0.005291966,0.001421876,0.659982626,0.995975182,0
44807,810.344,307.6016346,186.8383333,1.646351844,0.794393412,45421,238.8515109,0.764781184,0.986482024,0.857465963,0.776496234,0.006865035,0.001539501,0.602946402,0.992661921,6
155088,1485.027,526.9150884,375.6879369,1.402533956,0.701168898,156676,444.3694122,0.719168649,0.989864434,0.883729515,0.843341597,0.003397523,0.001060123,0.71122505,0.997517282,1
62442,979.857,398.0385809,200.8269665,1.981997676,0.863387466,63257,281.9638694,0.802596401,0.98711605,0.817261932,0.708383265,0.006374533,0.000990151,0.50180685,0.99458001,4
56915,935.831,380.9322352,194.8623613,1.954878473,0.859259019,58613,269.1958928,0.679063164,0.971030318,0.816660875,0.706676589,0.006693002,0.001029636,0.499391802,0.976250283,4
76553,1071.474,423.6968928,231.9948045,1.82632061,0.836773629,77861,312.2023492,0.803587924,0.983200832,0.837932055,0.736853054,0.005534687,0.00100646,0.542952423,0.991605199,2
42049,770.185,290.1634033,185.0516851,1.568012759,0.7702435,42503,231.3837713,0.756005034,0.989318401,0.890790186,0.797425756,0.006900602,0.001721186,0.635887837,0.997080241,3
33539,662.418,223.6835362,191.2006021,1.169889288,0.518987648,33915,206.6474802,0.76426488,0.98891346,0.96049636,0.923838579,0.006669356,0.002996733,0.85347772,0.998474442,5
65824,983.196,374.9335756,225.9208723,1.659579179,0.798071778,66684,289.4990843,0.831804281,0.987103353,0.855685018,0.772134328,0.005696001,0.001248882,0.59619142,0.989426867,2
82346,1149.477,388.1352926,270.9941588,1.432264423,0.715907539,83842,323.799604,0.770597043,0.982156914,0.783162349,0.834244167,0.004713469,0.001408293,0.695963331,0.996803519,0
39019,732.383,268.4644149,185.2726228,1.449023665,0.723695093,39467,222.8913049,0.772041947,0.988648745,0.914133214,0.830245249,0.006880351,0.002016582,0.689307173,0.998822406,3
77285,1062.163,419.576865,236.7517871,1.772222589,0.825594958,78200,313.6914379,0.787337001,0.988299233,0.860840592,0.747637594,0.005428956,0.001046311,0.558961972,0.990605033,2
52161,914.105,378.932703,177.706341,2.132353302,0.883216518,52893,257.7080672,0.582993372,0.98616074,0.784446995,0.680089275,0.007264675,0.000958649,0.462521422,0.986259081,4
31330,647.232,236.1996796,169.2905073,1.395232866,0.697354647,31623,199.7263001,0.800930542,0.990734592,0.939832148,0.845582434,0.00753909,0.002377511,0.715009653,0.997604967,3
44156,793.209,291.1407851,193.8957734,1.501532396,0.745963975,44704,237.1100279,0.727890147,0.987741589,0.881910112,0.814417079,0.006593459,0.001789289,0.663275179,0.995929169,6
61542,965.557,394.991892,199.633769,1.978582551,0.862877967,62150,279.9244685,0.813531091,0.990217216,0.82951766,0.708684087,0.006418249,0.000998636,0.502233136,0.993709719,4
31600,652.992,240.2635835,167.7137214,1.432581553,0.716058242,31941,200.5850683,0.722979775,0.989324066,0.931282035,0.834854227,0.007603278,0.002278365,0.69698158,0.998482955,3
182178,1655.89,635.9195747,368.3386072,1.726453763,0.815169845,183979,481.6183487,0.796302124,0.990210839,0.834916083,0.757357326,0.00349065,0.000708418,0.573590119,0.99027682,1
25396,595.917,219.0418528,148.1542613,1.478471499,0.736558158,25749,179.8198862,0.755046826,0.98629073,0.898677012,0.820938482,0.008625053,0.002416484,0.673939992,0.99640107,3
30579,653.591,243.5735419,160.1447908,1.520958257,0.753471787,30925,197.3179972,0.808177181,0.988811641,0.899541111,0.810096186,0.007965386,0.002116084,0.65625583,0.998137724,3
214138,1763.646,653.1324411,422.1838463,1.547033234,0.762999966,217249,522.157993,0.800456041,0.985680026,0.865128802,0.799467244,0.003050054,0.000768582,0.639147875,0.988783004,1
48094,820.094,296.8403893,206.417061,1.438061311,0.718641608,48614,247.4574361,0.795270773,0.989303493,0.898614649,0.833638026,0.006172088,0.001838747,0.694952358,0.999384098,5
31692,658.62,246.9934071,163.5514985,1.510187369,0.749354099,31994,200.876847,0.792181173,0.99056073,0.918099355,0.813288295,0.007793557,0.002103263,0.661437851,0.998895088,3
74734,1062.473,381.3988414,250.9818411,1.519627236,0.752968887,75706,308.4708805,0.826740121,0.987160859,0.831940538,0.808788195,0.005103418,0.001347039,0.654138344,0.994046444,0
46851,854.53,328.9176038,183.1554803,1.795838176,0.830617735,47631,244.2387068,0.717286464,0.98362411,0.806258119,0.742552858,0.007020503,0.001316611,0.551384747,0.990197779,4
39202,723.947,250.4261713,199.5413702,1.255008779,0.604233668,39642,223.4133761,0.783272393,0.988900661,0.939949547,0.892132699,0.006388097,0.002496141,0.795900753,0.998862432,5
87082,1139.167,449.7991249,249.5827637,1.80220428,0.831933029,88847,332.9808494,0.737046128,0.980134388,0.84326382,0.740287899,0.005165237,0.000956913,0.548026174,0.987655116,2
33896,695.663,257.4012325,168.242884,1.529938304,0.756821921,34357,207.7443804,0.725731169,0.986582065,0.880157724,0.807083861,0.007593853,0.001987543,0.651384358,0.99657788,3
43862,834.968,285.4021766,196.6532656,1.451296401,0.724724145,44938,236.3193452,0.723174833,0.976055899,0.790603316,0.828022225,0.006506821,0.00188676,0.685620804,0.995039006,6
55741,938.383,378.772065,188.2844954,2.011700774,0.867697944,56536,266.4050402,0.690462034,0.985938163,0.79547101,0.703338669,0.006795215,0.001025749,0.494685284,0.995158768,4
42502,758.807,264.6697571,204.6356104,1.293370966,0.634194707,42908,232.626798,0.756721148,0.990537895,0.927591102,0.878932298,0.006227231,0.002292432,0.772521985,0.999157506,5
35464,741.988,278.138932,163.9807355,1.69616834,0.807721576,36088,212.4950993,0.822182037,0.982708934,0.809475706,0.763989053,0.007842853,0.001648171,0.583679273,0.990018304,4
34495,683.225,253.374587,173.69329,1.458747122,0.728054007,34812,209.5719401,0.797572254,0.990893945,0.92862103,0.827122967,0.007345255,0.00212064,0.684132403,0.997976174,3
66833,1018.336,400.3970767,214.3462145,1.867992292,0.844640388,67787,291.7094762,0.759604019,0.985926505,0.80987618,0.728550464,0.005991009,0.001041162,0.530785779,0.991503745,2
44595,791.968,296.6677286,192.2877194,1.542832426,0.761505428,45055,238.2857895,0.784681166,0.989790256,0.893471624,0.803207651,0.006652489,0.00170795,0.645142531,0.995346816,6
38970,749.433,276.1799258,180.1700486,1.532884783,0.75790516,39525,222.7513076,0.78870674,0.985958254,0.871915995,0.806544165,0.007086988,0.001849925,0.65051349,0.99716223,6
81585,1111.999,443.1497149,236.5288534,1.873554573,0.845645608,82719,322.2999352,0.758916113,0.986290937,0.82910854,0.727293563,0.005431755,0.000937473,0.528955927,0.991027796,2
90988,1150.237,448.3195537,259.5863198,1.727053853,0.815312813,91581,340.3667429,0.812291321,0.993524858,0.864210057,0.759205661,0.004927238,0.001009767,0.576393235,0.995462157,2
42070,760.701,276.6916506,193.9453665,1.426647389,0.713216263,42458,231.4415426,0.730813327,0.990861557,0.913596447,0.836460161,0.006576935,0.001986023,0.699665601,0.998176102,3
48788,864.715,356.678164,175.2074713,2.035747456,0.871035502,49393,249.2364558,0.76372061,0.987751301,0.819930221,0.698771276,0.007310777,0.001075186,0.488281296,0.994017407,4
56612,950.496,393.7620692,184.2275062,2.137368504,0.883799923,57282,268.4783736,0.790493744,0.988303481,0.787440549,0.681828938,0.006955452,0.000927271,0.464890701,0.993642743,4
33274,681.892,256.5113796,165.5218787,1.549712833,0.763945441,33685,205.8294746,0.796982036,0.987798723,0.899256707,0.802418493,0.007709064,0.001971447,0.643875438,0.997822029,3
48644,835.917,323.1527042,192.3552368,1.679978719,0.803543797,49179,248.8683676,0.718183429,0.989121373,0.874808167,0.770126211,0.006643218,0.001441471,0.593094381,0.996385938,5
78569,1157.905,411.0149212,244.2806477,1.682552118,0.804217405,80496,316.2865122,0.669572702,0.976060922,0.736402461,0.76952562,0.005231261,0.001131562,0.59216968,0.99635635,0
51552,916.781,386.7688482,170.0737636,2.274124122,0.898130146,52084,256.1992291,0.584980596,0.989785731,0.770768885,0.662409163,0.007502499,0.000891027,0.4387859,0.997853599,4
56430,946.46,330.9432846,217.743578,1.519876212,0.753063084,57314,268.0464652,0.716571429,0.984576194,0.791617499,0.809946833,0.005864669,0.001556859,0.656013872,0.997059879,0
54496,882.834,326.2241745,215.1626174,1.516174968,0.751656758,55707,263.4131019,0.731136632,0.97826126,0.878650963,0.807460398,0.005986204,0.001569698,0.651992295,0.988534397,6
33047,669.803,240.5847349,175.0189891,1.374620754,0.686135911,33411,205.1261739,0.775896882,0.989105384,0.925651966,0.852615084,0.007280078,0.002373164,0.726952482,0.999283969,3
74783,1047.582,395.0915622,244.418388,1.616455969,0.785676688,76817,308.5719898,0.791957894,0.973521486,0.856321192,0.781013869,0.005283173,0.001212578,0.609982664,0.986010118,2
41353,757.504,292.7940147,180.0947381,1.625777731,0.788456725,41666,229.4608352,0.696178451,0.99248788,0.905622126,0.783693736,0.007080357,0.001647481,0.614175872,0.998513455,3
38578,729.92,268.7108882,183.0159138,1.46823783,0.73220104,39002,221.6281461,0.743844359,0.989128763,0.909911273,0.824782902,0.006965392,0.001988309,0.680266835,0.998793502,3
45185,793.741,299.2518691,192.8424075,1.551794924,0.764675909,45569,239.8568924,0.711541187,0.991573219,0.901252583,0.801521785,0.006622814,0.001686101,0.642437172,0.996930743,6
36461,695.283,239.6298858,194.0208167,1.23507307,0.586887217,36845,215.4613354,0.775848495,0.989577962,0.947796756,0.899142169,0.006572225,0.002649754,0.808456641,0.998503026,5
71882,1040.314,408.8236069,226.3429463,1.806213154,0.832753117,73208,302.5276929,0.723515616,0.981887225,0.83464372,0.739995655,0.005687427,0.001051992,0.54759357,0.989070709,2
57862,951.333,372.4370305,201.9925213,1.84381594,0.840150402,59220,271.4262083,0.72654445,0.977068558,0.803411754,0.72878416,0.006436643,0.001120043,0.531126351,0.979299233,2
45940,813.641,302.3962409,194.2711931,1.55656758,0.766336675,46422,241.8524854,0.813846372,0.989616992,0.872037588,0.799786679,0.006582417,0.001661353,0.639658732,0.995672045,6
46323,782.327,262.0060272,225.6030472,1.161358547,0.508502481,46742,242.8585503,0.774917194,0.991035899,0.951108151,0.926919708,0.005656068,0.002575508,0.859180145,0.997816205,5
32920,671.612,219.0931338,191.4622125,1.144315272,0.486132629,33376,204.7316434,0.777974713,0.986337488,0.917134004,0.934450294,0.00665532,0.00313021,0.873197353,0.999213067,5
47089,844.194,343.8945066,176.1705569,1.952054377,0.858818008,47624,244.8582793,0.817602528,0.988766168,0.830318682,0.712015675,0.007303075,0.001157827,0.506966321,0.989625827,4
45582,796.917,301.8024792,192.9652767,1.564024805,0.768894185,46061,240.9082915,0.728554304,0.989600747,0.901938775,0.798231652,0.006621089,0.001658154,0.63717377,0.996555581,6
25799,596.614,227.0118822,144.942118,1.566224403,0.769639981,26040,181.2410191,0.71620121,0.990745008,0.910805944,0.798376796,0.008799251,0.002205246,0.637405508,0.998320062,3
183612,1610.186,590.3071646,396.9258523,1.487197574,0.740182875,185076,483.5101439,0.797979974,0.992089736,0.889936117,0.81908229,0.003214971,0.000892621,0.670895797,0.997754602,1
75332,1064.37,371.6035604,258.655144,1.436675701,0.717992046,76292,309.7025692,0.758821456,0.987416767,0.835610929,0.833421964,0.004932878,0.001468047,0.694592171,0.997903694,0
28260,621.209,224.6269735,160.4957296,1.399582245,0.699636545,28581,189.6885593,0.720918367,0.988768762,0.92025152,0.84446029,0.007948584,0.002493368,0.713113182,0.998060548,3
34951,692.064,264.6335563,168.5722881,1.569852075,0.770861575,35250,210.9525902,0.812927385,0.99151773,0.917016084,0.797149814,0.007571559,0.001885927,0.635447826,0.997559089,3
65990,1010.042,397.5522392,213.4137081,1.862824289,0.843697254,66576,289.8638949,0.765190167,0.991198029,0.812847597,0.729121525,0.006024432,0.001050257,0.531618198,0.990311292,2
42315,759.195,255.1426728,211.4728401,1.206503269,0.559483457,42847,232.1144789,0.760855884,0.987583728,0.922566182,0.909743856,0.006029604,0.002547681,0.827633883,0.998542985,5
29144,628.216,234.7564055,158.7917162,1.478392016,0.736524764,29386,192.6325344,0.696924769,0.991764786,0.92798517,0.820563485,0.008055051,0.002252666,0.673324434,0.995437467,3
94151,1158.189,444.1690204,271.5418786,1.63572935,0.791361816,95228,346.2322579,0.79390684,0.988690301,0.882014915,0.779505643,0.004717624,0.001074435,0.607629047,0.993916667,2
49245,822.642,301.392791,208.3464437,1.446594363,0.72258815,49720,250.4010411,0.777225379,0.9904465,0.914429543,0.830812974,0.006120272,0.00179872,0.690250198,0.998512046,2
41376,733.668,260.7469508,202.3572387,1.288547682,0.630649831,41678,229.5246379,0.762494471,0.992753971,0.965960156,0.880258186,0.006301889,0.002333946,0.774854474,0.998436936,5
68551,1025.494,355.9750129,245.6283703,1.449242254,0.72379434,69684,295.4350081,0.727810337,0.983740887,0.819138637,0.82993187,0.005192849,0.001519691,0.688786909,0.998219092,0
47910,827.291,324.60811,188.5219748,1.72185821,0.81406918,48470,246.983616,0.767788462,0.988446462,0.8796693,0.760867053,0.006775373,0.001400709,0.578918672,0.996815869,6
66041,995.358,361.8370919,233.0117717,1.552870438,0.765051814,67102,289.9758831,0.720719836,0.984188251,0.837654415,0.801398999,0.005478977,0.001394037,0.642240355,0.997316061,0
36313,711.954,269.1708494,172.2493376,1.562681478,0.768436809,36683,215.0235977,0.781933678,0.989913584,0.900260354,0.798836866,0.00741252,0.001861993,0.638140338,0.997210087,3
71992,1052.401,376.4976777,243.9985594,1.543032379,0.76157691,73278,302.7590813,0.773242825,0.982450394,0.816829847,0.804145946,0.005229715,0.001348955,0.646650703,0.997802973,0
50485,869.893,343.1791432,190.4651761,1.801794691,0.831848886,51182,253.5340183,0.62182069,0.986381931,0.838379311,0.738780381,0.006797646,0.001249107,0.545796452,0.983413149,4
41324,733.765,261.7714293,201.2394016,1.300796103,0.639537393,41613,229.380363,0.790511717,0.993055055,0.964491117,0.876262026,0.00633461,0.002303751,0.767835139,0.998796956,5
38071,717.993,264.2306153,183.7717131,1.43781984,0.718528586,38445,220.1669882,0.797081423,0.990271817,0.928033659,0.833237996,0.00694047,0.002063692,0.694285557,0.998257549,3
27460,619.329,235.5165158,148.8726706,1.581999671,0.774877538,27790,186.9843788,0.780490578,0.988125225,0.89963753,0.79393319,0.008576712,0.002102018,0.630329911,0.997181711,3
33954,716.75,277.3684803,156.3563259,1.773951126,0.825970469,34420,207.9220419,0.799481987,0.98646136,0.830549278,0.7496239,0.008168949,0.001591181,0.561935991,0.996846984,4
47282,823.47,309.9764429,194.5419488,1.593365569,0.778534053,47900,245.3595569,0.703078067,0.987098121,0.876213901,0.791542591,0.006555908,0.001587486,0.626539674,0.998306744,6
78992,1106.05,437.3956679,232.0272295,1.885104903,0.84770092,79915,317.1367814,0.64987248,0.988450228,0.811415788,0.725056979,0.005537215,0.000943973,0.525707622,0.991014016,2
27050,607.241,220.9804369,156.4302188,1.41264545,0.706320982,27365,185.583215,0.71903243,0.988488946,0.92183875,0.839817396,0.008169332,0.00250672,0.705293258,0.996329312,3
38860,731.001,269.6498547,183.8466439,1.466710781,0.731540792,39291,222.4367072,0.792349727,0.989030567,0.913853792,0.824909427,0.006939008,0.001981993,0.680475563,0.998060845,3
254616,1985.37,738.8601535,447.4183287,1.651385529,0.795805652,263261,569.3743583,0.783747345,0.967161866,0.811731958,0.770611807,0.002901861,0.000631246,0.593842558,0.980663006,1
45576,791.028,292.9116015,198.7412372,1.473834045,0.734598145,46056,240.8924355,0.715074683,0.989577905,0.915297671,0.822406604,0.006426883,0.001813537,0.676352623,0.996831522,6
40344,760.586,282.7320891,182.5017141,1.549202376,0.763765798,40944,226.6441621,0.70151278,0.985345838,0.876379409,0.801621644,0.007008033,0.001785063,0.64259726,0.995513202,6
40265,729.52,257.4510539,199.6496894,1.289513921,0.631364756,40629,226.4221506,0.798433472,0.991040882,0.950743056,0.879476495,0.006393917,0.002359629,0.773478906,0.997411817,5
52199,919.891,383.7124413,174.2700127,2.201827127,0.890915927,52840,257.801922,0.696209454,0.987869039,0.775174196,0.671862297,0.007350954,0.000923942,0.451398946,0.993902443,4
80378,1110.875,412.633194,248.6089765,1.659767881,0.798123498,81448,319.9069367,0.711832585,0.986862784,0.818496211,0.775281633,0.005133658,0.001144049,0.601061611,0.997622757,0
46711,819.378,313.3485588,190.5359274,1.644564168,0.793888134,47218,243.8735172,0.689685211,0.989262569,0.874299904,0.778281917,0.006708239,0.001518225,0.605722743,0.996149918,6
38231,727.312,274.4947004,177.9160741,1.542832495,0.761505453,38635,220.6291482,0.778001628,0.98954316,0.908205266,0.803764691,0.007179899,0.001848476,0.646037679,0.996727924,3
25881,590.606,219.6603168,150.4233951,1.460280275,0.728731018,26143,181.5288205,0.800451551,0.989978197,0.932384848,0.826406986,0.00848732,0.002441891,0.682948507,0.997296234,3
53743,893.897,350.1538625,196.2892692,1.783866555,0.828100241,54580,261.5869126,0.782798048,0.984664712,0.845194788,0.747062765,0.006515339,0.001251829,0.558102775,0.995580874,6
64437,1082.767,367.789471,223.9394257,1.64236141,0.793262818,65869,286.4327784,0.823349774,0.978259879,0.690677255,0.778795482,0.005707737,0.001295202,0.606522403,0.996128989,0
39733,727.157,256.3330274,197.8357879,1.295685831,0.635875035,40033,224.9213792,0.761051946,0.992506182,0.944288809,0.877457663,0.006451389,0.002359053,0.769931951,0.99758992,5
46130,818.05,317.7058615,185.4007666,1.713616763,0.81206927,46595,242.3520996,0.796649685,0.990020388,0.866230798,0.762819101,0.006887185,0.001438493,0.581892981,0.997141566,6
52341,904.349,289.7805138,230.4202782,1.257617238,0.6064069,53407,258.1523407,0.765723063,0.98004007,0.804229046,0.890854728,0.005536396,0.002150971,0.793622146,0.998072891,0
28997,631.155,224.3568797,165.1091357,1.35883989,0.677066461,29411,192.1461087,0.776358768,0.985923634,0.914725694,0.856430651,0.007737245,0.002567645,0.733473461,0.996672996,3
39746,727.669,233.9385415,216.4976009,1.08055951,0.378878349,40185,224.9581715,0.782740557,0.989075526,0.943268964,0.961612268,0.005885839,0.003104474,0.924698155,0.999191385,5
42218,741.094,249.391578,215.7686594,1.155828556,0.501461059,42547,231.8482847,0.77420183,0.992267375,0.965963964,0.92965563,0.005907233,0.002721776,0.864259591,0.998935915,5
39901,716.133,239.5019006,212.5000815,1.127067335,0.461272663,40196,225.3963866,0.79623643,0.992660961,0.977701475,0.941104793,0.006002403,0.002904403,0.885678231,0.998219004,5
33843,679.602,256.6289266,168.6551559,1.521619219,0.753720904,34225,207.5819017,0.804521466,0.988838568,0.920808716,0.808879593,0.007582925,0.002002406,0.654286196,0.99557445,3
36681,708.962,260.8608183,179.4399778,1.453749725,0.725827926,37056,216.1103879,0.7315716,0.989880181,0.917075551,0.828450931,0.007111606,0.002066401,0.686330945,0.997753423,3
37657,721.8,259.4043624,185.887381,1.39549205,0.697491435,38146,218.966622,0.698334693,0.987180832,0.908284341,0.844113106,0.006888609,0.002157317,0.712526935,0.994325673,3
81701,1069.534,405.4028714,258.9231468,1.565726651,0.769471551,83006,322.5289817,0.750052788,0.984278245,0.897528082,0.795576461,0.004962031,0.001226216,0.632941905,0.991014009,2
40813,743.968,276.8544214,188.3717391,1.469723764,0.732840969,41177,227.9577275,0.801905885,0.991160114,0.926616164,0.823384819,0.006783486,0.001923287,0.677962559,0.996417685,3
27767,618.733,233.1234501,152.147949,1.532215528,0.7576598,28111,188.0267067,0.792437215,0.987762797,0.911448774,0.806554238,0.008395702,0.002191649,0.650529739,0.996751768,3
32213,658.216,221.4811143,185.2954324,1.195286422,0.547784367,32585,202.5212716,0.762907351,0.988583704,0.934338332,0.914395217,0.00687552,0.002964975,0.836118613,0.999401225,5
33940,686.235,261.3401667,165.5894372,1.578241771,0.773647305,34309,207.879172,0.786376274,0.989244805,0.905682493,0.795435216,0.007700064,0.001901487,0.632717183,0.998580688,3
43047,795.871,293.7567022,187.0804044,1.570216309,0.770983655,43603,234.1135252,0.699405342,0.987248584,0.854018727,0.79696403,0.006824092,0.001698164,0.635151665,0.997325503,6
40911,760.088,287.4975581,182.2818543,1.57721436,0.773309085,41291,228.231249,0.726893145,0.990797026,0.889861069,0.793854565,0.00702739,0.001721621,0.630205071,0.993968487,6
34606,685.57,255.5389075,172.8919483,1.478026652,0.73637117,34927,209.9088557,0.709793867,0.990809402,0.92524694,0.821435991,0.007384237,0.002073864,0.674757087,0.997308958,3
40648,728.896,260.1974223,199.1432171,1.306584407,0.64360919,40970,227.4964637,0.754501244,0.992140591,0.961430537,0.874322511,0.006401236,0.002307439,0.764439854,0.998805193,5
35051,700.244,257.7812882,173.8031485,1.483179623,0.738524016,35526,211.254158,0.782388393,0.986629511,0.898279491,0.81950928,0.007354463,0.002046191,0.671595461,0.996096702,3
37350,699.848,238.1729909,199.9543307,1.191136946,0.543307108,37637,218.0722289,0.786282683,0.992374525,0.958281311,0.91560436,0.006376787,0.002764478,0.838331344,0.998567437,5
78476,1114.596,416.1887826,242.2492974,1.718018534,0.813141618,80209,316.0992669,0.677966687,0.978393946,0.79380122,0.759509338,0.005303389,0.001088594,0.576854435,0.99104661,0
199021,1747.665,705.4098964,364.7685377,1.933856195,0.855924066,202063,503.3899159,0.783763242,0.984945289,0.818827445,0.713613345,0.003544399,0.000566989,0.509244006,0.984804677,1
33432,672.646,246.0380294,173.3977662,1.418922716,0.709445781,33785,206.3175816,0.773942635,0.989551576,0.928536744,0.838559722,0.007359357,0.002244686,0.703182408,0.997761492,3
38945,718.24,241.8780857,205.2648012,1.178370984,0.528988202,39299,222.6798466,0.783917069,0.990992137,0.948685791,0.920628448,0.006210761,0.002752087,0.847556738,0.998736268,5
37971,728.233,271.240987,178.9183342,1.516004428,0.751591647,38429,219.877645,0.731055064,0.988081917,0.899748619,0.810635765,0.007143372,0.001902769,0.657130343,0.996212511,3
39451,754.844,275.0376296,183.4299529,1.499415037,0.745123284,39918,224.1217823,0.761602317,0.988301017,0.87006854,0.814876795,0.006971626,0.001896189,0.664024192,0.995647858,6
41616,748.956,256.6675385,206.9151929,1.240448006,0.591697126,42085,230.1893501,0.774784503,0.988855887,0.932304092,0.896838577,0.006167521,0.002461203,0.804319434,0.997716438,5
74407,1041.935,380.5872802,249.8268201,1.523404413,0.754391714,75370,307.7952807,0.737615861,0.987223033,0.861276118,0.808737697,0.005114939,0.001349743,0.654056663,0.996392807,0
44829,766.523,270.2590696,211.4813251,1.277933499,0.622633829,45200,238.9101412,0.783189783,0.991792035,0.958779046,0.884004158,0.006028666,0.002271006,0.781463351,0.998658194,5
37092,706.388,238.3472402,198.4091776,1.201291408,0.554118968,37492,217.3177425,0.793785311,0.989331057,0.934121761,0.911769493,0.00642584,0.002739365,0.831323609,0.998661909,5
67953,991.332,385.5650943,225.9048187,1.706759053,0.810379178,68997,294.1435819,0.727742972,0.984868907,0.86892091,0.762889552,0.005673997,0.001185538,0.582000468,0.993334567,2
45377,802.955,303.4761285,191.0613111,1.588370386,0.77693884,45944,240.3659519,0.696650086,0.987658889,0.884429521,0.792042369,0.006687884,0.001623537,0.627331115,0.996434165,6
51802,871.723,337.3720652,196.1783294,1.719721369,0.813553875,52370,256.8196934,0.792988902,0.989154096,0.856642037,0.761235798,0.006512723,0.001349022,0.579479941,0.996544037,6
36195,699.591,261.4687209,176.6958647,1.479767064,0.737101512,36553,214.6739512,0.79432484,0.990206002,0.929330129,0.821031099,0.007223891,0.002024834,0.674092065,0.997499236,3
48638,874.666,303.607016,204.6563236,1.483496872,0.738655623,49543,248.8530188,0.776865576,0.98173304,0.798915933,0.819655033,0.006242177,0.001737962,0.671834374,0.996664192,0
32826,676.327,263.1153869,159.1207316,1.653558178,0.796410457,33130,204.4391384,0.815593321,0.990824027,0.901808612,0.776994233,0.008015457,0.001802101,0.603720039,0.998286207,3
33459,677.766,253.218602,168.5892635,1.501985339,0.746143231,33813,206.4008768,0.791928994,0.989530654,0.915299581,0.815109455,0.007568027,0.002060754,0.664403424,0.997924202,3
52808,928.664,332.5824783,202.7321462,1.640501936,0.792732605,54100,259.3014344,0.702682563,0.976118299,0.769471189,0.779660539,0.006297956,0.001435495,0.607870557,0.997212825,0
45482,809.278,312.2614048,186.500843,1.674316318,0.80204865,46079,240.6438883,0.756117835,0.98704399,0.872677842,0.770648837,0.006865604,0.001493773,0.593899629,0.99437584,6
44848,785.154,293.4412563,195.2546581,1.502864307,0.746490504,45261,238.9607648,0.812478487,0.990875146,0.914204278,0.81433936,0.006543018,0.001774923,0.663148593,0.99662235,6
59841,936.317,354.6469346,217.6413436,1.629501678,0.789551313,61068,276.0288528,0.692965086,0.979907644,0.857754271,0.778320143,0.005926487,0.00134156,0.605782245,0.987123185,2
54792,929.887,381.4455142,184.2988611,2.069711728,0.875532587,55558,264.1275092,0.624808995,0.986212607,0.796281571,0.692438368,0.006961701,0.000987233,0.479470893,0.992366531,4
45654,828.517,340.1323581,171.8568782,1.979160576,0.862964408,46355,241.0984823,0.705898724,0.984877575,0.835768215,0.708837241,0.00745022,0.001160206,0.502450234,0.994429695,4
45010,802.097,301.8021811,191.1676981,1.578730006,0.773807747,45468,239.3919629,0.66881631,0.989926982,0.879154276,0.793208194,0.006705225,0.001637351,0.629179239,0.993304143,6
59787,1036.442,352.5588679,216.6008809,1.627688985,0.789019632,61185,275.9042817,0.694100028,0.977151263,0.699401595,0.782576491,0.005896915,0.001364306,0.612425964,0.996838996,0
39444,726.844,250.9492076,200.4533686,1.251908158,0.601622381,39776,224.1018978,0.746225737,0.991653258,0.938228011,0.893016957,0.006362164,0.002495879,0.797479286,0.998370824,5
70040,1048.175,363.109535,247.0075134,1.470034372,0.732974419,71356,298.6263513,0.782919741,0.981557262,0.80110309,0.822413962,0.005184317,0.001462962,0.676364725,0.994279394,0
37680,720.633,267.3188703,180.3057567,1.482586442,0.738277654,38077,219.0334816,0.724838412,0.989573758,0.911785048,0.819371567,0.00709445,0.001972523,0.671369764,0.99536371,3
35284,697.212,250.4410685,179.7593409,1.393201974,0.696279229,35717,211.9551464,0.716644663,0.987876921,0.912132585,0.846327432,0.007097865,0.002246266,0.716270123,0.997908948,3
43398,782.63,294.2643333,188.495993,1.561117181,0.767902364,43892,235.066054,0.827574371,0.988745102,0.89036196,0.798826183,0.006780597,0.001703165,0.63812327,0.996185201,6
27875,616.012,222.6462814,159.8193731,1.393111968,0.696231421,28270,188.3920176,0.791071885,0.986027591,0.923094993,0.846149401,0.007987311,0.002525623,0.715968809,0.997424716,3
38294,771.058,306.0067702,160.3861358,1.907937795,0.851640669,38844,220.8108583,0.827191429,0.985840799,0.809406154,0.721588147,0.007990985,0.001336404,0.520689454,0.993443088,4
39118,739.694,283.2010599,176.5391834,1.604182451,0.781926616,39487,223.1738885,0.743236054,0.990655152,0.898426006,0.788040442,0.007239661,0.001722233,0.621007739,0.996209716,3
55941,918.733,379.0385222,188.6620445,2.009087325,0.867327182,56536,266.882546,0.810786133,0.989475732,0.832839774,0.704104017,0.006775684,0.00102726,0.495762466,0.996030088,4
33952,682.496,254.4748596,170.3420586,1.493905038,0.742914257,34261,207.9159182,0.787384045,0.990980999,0.91595683,0.817039131,0.007495136,0.002060301,0.667552942,0.997260703,3
48772,843.596,325.9071828,191.221698,1.70434206,0.80977779,49444,249.195584,0.678066956,0.986408867,0.861214643,0.764621331,0.00668226,0.001408928,0.58464578,0.996436393,6
30689,657.065,233.0480921,168.5126085,1.382971246,0.690763425,31127,197.6725787,0.804725194,0.985928615,0.893255981,0.848205093,0.007593864,0.002424633,0.71945188,0.994981263,3
51723,900.249,364.1938838,182.164427,1.999259075,0.865918394,52482,256.6237888,0.722711268,0.985537899,0.801988748,0.704635087,0.007041237,0.001070744,0.496510605,0.992653333,4
73611,1116.098,390.9581355,240.5775022,1.625081863,0.788251183,75022,306.1444694,0.773891377,0.981192184,0.742587991,0.783062025,0.005311137,0.001231833,0.613186135,0.996477667,0
82710,1143.233,409.4419119,258.2962419,1.585164031,0.775905186,83999,324.5144723,0.701383942,0.984654579,0.7952403,0.792577562,0.004950331,0.001204984,0.628179192,0.99576706,0
46503,780.526,268.3833664,221.3346673,1.212568143,0.565576378,46896,243.3299376,0.757254519,0.991619754,0.959215275,0.90665059,0.005771313,0.002405549,0.822015293,0.996749557,5
45339,765.979,262.8302917,219.8376812,1.195565247,0.548082243,45690,240.2652861,0.759142053,0.992317794,0.971064493,0.9141461,0.005797002,0.002497156,0.835663092,0.999089751,5
66642,1029.494,346.9797215,246.0212561,1.410364807,0.705171872,67731,291.2923441,0.735270753,0.98392169,0.790151277,0.839508265,0.005206622,0.001595276,0.704774128,0.993988627,0
66163,1012.844,359.8474233,234.4064639,1.53514292,0.75873008,67353,290.2436011,0.720855487,0.982331893,0.810475579,0.806574071,0.005438801,0.001419907,0.650561732,0.998705236,0
47562,802.028,290.0399054,209.4093521,1.385037977,0.691891111,47944,246.0849837,0.733981481,0.992032371,0.92916087,0.848452158,0.006098144,0.001949337,0.719871065,0.997048764,5
65521,1015.78,403.4499947,207.3342861,1.945891354,0.857848117,66400,288.8320069,0.795679207,0.986762048,0.797978271,0.715905343,0.006157568,0.000997726,0.51252046,0.997309132,4
69833,1017.734,388.5455472,230.6091543,1.684866103,0.804819997,70911,298.1847366,0.796907452,0.984797845,0.847231309,0.767438306,0.005563925,0.001190515,0.588961554,0.992321358,2
31931,657.459,242.911717,167.6718808,1.448732583,0.72356284,32244,201.6328641,0.717357117,0.990292768,0.928292911,0.83006644,0.007607395,0.002227753,0.689010295,0.998191664,3
59039,930.334,349.7941673,217.0338863,1.611703008,0.784236743,60458,274.1729189,0.763616375,0.976529161,0.857178108,0.783812152,0.005924798,0.001379435,0.614361489,0.99016826,2
36816,722.568,274.5764681,171.3276775,1.602639294,0.781447718,37271,216.5077067,0.702380952,0.987792117,0.886112814,0.788515156,0.007458074,0.00177847,0.621756152,0.99645084,3
65615,972.507,362.6106163,231.9941862,1.563015963,0.768550831,66519,289.0391197,0.749063884,0.986409898,0.8718214,0.79710606,0.005526337,0.0013762,0.635378071,0.993106068,2
30035,634.05,229.5178643,167.224514,1.372513269,0.684949648,30347,195.5549788,0.790186793,0.989718918,0.938837626,0.852025089,0.00764168,0.002484152,0.725946752,0.99637155,3
41714,760.11,284.0140143,187.5961316,1.513965197,0.750810945,42187,230.460223,0.789365124,0.988788015,0.907274717,0.811439617,0.006808602,0.001820801,0.658434252,0.996846542,6
66437,1103.644,383.6814688,221.5038384,1.73216623,0.816523783,68544,290.8439713,0.668380282,0.969260621,0.685428036,0.758034972,0.005775117,0.001176244,0.574617018,0.995332194,0
50645,846.485,327.3981013,197.8106829,1.655108291,0.796840232,51163,253.9354578,0.787917918,0.989875496,0.888194145,0.77561677,0.006464569,0.001443139,0.601581374,0.995682319,5
34572,696.203,268.5661806,164.1571002,1.636031462,0.791449015,34903,209.8057138,0.760476012,0.990516575,0.896318969,0.781206753,0.007768315,0.001784722,0.61028399,0.998443809,3
74077,1088.087,383.2534395,246.6858243,1.553609498,0.765309565,75268,307.1119759,0.749706501,0.984176542,0.786259683,0.801328688,0.005173717,0.001315907,0.642127667,0.997615641,0
22449,554.779,202.2162499,141.8289799,1.425775255,0.712794626,22712,169.0649418,0.787960688,0.988420218,0.91657253,0.836060118,0.009007807,0.002714869,0.698996521,0.996611943,3
46426,819.412,309.011957,191.875701,1.610479885,0.783863695,46844,243.1284004,0.687029227,0.991076765,0.868893386,0.786792857,0.006656011,0.001573386,0.619043,0.996956299,6
70037,1019.075,382.3720768,236.2449618,1.618540662,0.786303437,71309,298.6199558,0.70392482,0.982162139,0.847471504,0.780966953,0.005459572,0.001252763,0.609909382,0.987163135,2
29162,629.597,220.9347571,169.3342726,1.30472558,0.642310306,29644,192.6920123,0.709382374,0.983740386,0.924489259,0.872167036,0.007576118,0.002704115,0.760675339,0.992472573,3
41187,756.309,275.2738998,190.8468223,1.442381363,0.72065109,41706,228.9998191,0.728947648,0.987555747,0.904839366,0.831898045,0.006683514,0.001974536,0.692054357,0.998206307,6
46354,818.771,314.9282143,188.4378882,1.671257396,0.801233444,46927,242.9397988,0.794494721,0.987789545,0.86890476,0.771413255,0.006793981,0.001484064,0.59507841,0.994529194,6
28708,631.768,227.6266361,161.2454747,1.41167767,0.705834271,29132,191.1861942,0.754718965,0.985445558,0.903852477,0.839911346,0.007929031,0.002434074,0.705451069,0.995869521,3
71606,1026.442,386.2098794,236.771031,1.63115343,0.790033936,72418,301.9463377,0.77616632,0.988787318,0.854064066,0.7818193,0.005393541,0.001243023,0.611241418,0.997028536,0
43255,775.342,295.9427576,186.4394666,1.587339649,0.776607387,43605,234.6784534,0.702191558,0.991973398,0.904189709,0.792985966,0.006841816,0.001668834,0.628826742,0.99816162,6
39404,715.247,251.8176115,199.4928233,1.262289075,0.610246541,39719,223.9882386,0.789058432,0.992069287,0.967916926,0.889485994,0.006390661,0.002467641,0.791185334,0.998704604,5
42805,759.767,280.2144236,194.7269448,1.439012068,0.719085891,43198,233.4545324,0.768698931,0.990902357,0.931844643,0.833128179,0.006546301,0.001945463,0.694102563,0.998821964,5
49498,876.898,362.7377273,174.962005,2.073237142,0.875985471,50137,251.0434444,0.683825155,0.987254922,0.80890842,0.692079774,0.007328331,0.001037073,0.478974414,0.993027545,4
137518,1417.944,519.7799999,339.9302724,1.529078291,0.756504273,139153,418.4415798,0.778239315,0.988250343,0.859510632,0.805035938,0.003779723,0.000979266,0.648082862,0.990969434,1
65123,1014.245,402.33864,207.7145894,1.936978241,0.856427049,65895,287.9534318,0.693240366,0.988284392,0.795533572,0.715699173,0.006178134,0.000999906,0.512225306,0.992169272,4
71279,1047.026,418.5897609,218.7153973,1.913855934,0.852635995,72060,301.2561062,0.772362305,0.98916181,0.817064854,0.719692965,0.005872554,0.000971842,0.517957964,0.991296923,2
34911,670.061,232.3946574,191.3768711,1.214329904,0.567317077,35204,210.8318423,0.771070766,0.991677082,0.977110029,0.90721467,0.006656775,0.002781531,0.823038457,0.99944021,5
30537,646.047,245.0354323,159.2101645,1.539069023,0.760153579,30779,197.1824434,0.696428571,0.992137496,0.919407421,0.804709921,0.008024214,0.002075581,0.647558057,0.996636546,3
30288,648.98,242.6674804,159.6031785,1.520442654,0.753277173,30694,196.3768808,0.73372093,0.986772659,0.903686583,0.809242674,0.008012001,0.002119512,0.654873706,0.995697916,3
68485,992.387,383.0813168,228.2138816,1.678606552,0.803183122,69084,295.2927534,0.783401968,0.991329396,0.873862678,0.770835696,0.005593653,0.001218211,0.59418767,0.997407316,2
65911,988.981,380.1439519,221.1101103,1.719251786,0.813440331,66678,289.6903375,0.746190422,0.988496956,0.846821486,0.762054311,0.005767534,0.001199813,0.580726773,0.998415542,0
32775,649.807,220.0250995,189.8094038,1.159189666,0.505764488,33062,204.2802636,0.772630835,0.991319339,0.975402341,0.928440728,0.006713199,0.00307699,0.862002186,0.999224026,5
44274,785.595,298.0852364,189.762754,1.570831104,0.771189478,44701,237.4266363,0.744726661,0.990447641,0.901490602,0.796505856,0.006732738,0.001671581,0.634421578,0.996569148,6
40044,723.751,262.6894735,194.2903007,1.352046255,0.673025073,40340,225.799921,0.781803983,0.99266237,0.960658353,0.859569735,0.006560021,0.00220907,0.738860129,0.99897307,5
45595,801.717,301.0928283,193.505323,1.555992484,0.766137556,46054,240.9426426,0.769925701,0.990033439,0.891425183,0.800227106,0.006603637,0.001670383,0.640363421,0.99640067,6
51043,901.195,373.8465696,174.8966602,2.137528351,0.883818444,51637,254.9312968,0.63846048,0.988496621,0.789784323,0.681914233,0.00732415,0.000976913,0.465007021,0.993965691,4
32401,662.788,247.9392605,167.097536,1.483799621,0.738781113,32760,203.1113844,0.805554174,0.989041514,0.926870382,0.819198154,0.00765221,0.002125801,0.671085615,0.995756581,3
38471,726.154,266.091239,184.4757032,1.44241889,0.720668442,38875,221.3205786,0.806790538,0.989607717,0.916823784,0.831746958,0.006916671,0.002041934,0.691803002,0.997869719,3
52271,912.105,352.1450671,197.893337,1.779469043,0.827160752,54321,257.9796586,0.642307692,0.962261372,0.789552476,0.732594839,0.006736911,0.001197005,0.536695198,0.95503249,4
40552,754.842,276.9097806,187.1582947,1.479548534,0.73700999,41013,227.2276612,0.798613573,0.988759662,0.894355185,0.820583732,0.006828511,0.001909842,0.673357661,0.996265341,6
39560,765.067,283.5270612,178.1061085,1.591899703,0.778067823,40096,224.4311841,0.6975842,0.986632083,0.849311897,0.79156883,0.007167014,0.001735692,0.626581213,0.997454446,3
47762,816.963,293.8713184,207.3700756,1.417134645,0.708561314,48372,246.6018393,0.717804596,0.987389399,0.899264797,0.839149055,0.006152827,0.001881962,0.704171137,0.997905315,5
30065,642.016,239.4651628,160.2928466,1.493922953,0.742921489,30415,195.652618,0.750630415,0.98849252,0.916598979,0.817040006,0.007964915,0.002189446,0.667554371,0.997274797,3
33180,670.488,240.9695005,175.6450402,1.371911784,0.684609702,33564,205.5385319,0.774835365,0.988559171,0.927479302,0.852964925,0.007262492,0.00237132,0.727549163,0.998133271,6
42674,773.888,285.4777868,190.9913447,1.494715833,0.743241261,43160,233.0970277,0.782019095,0.988739574,0.895399798,0.816515465,0.006689736,0.001834199,0.666697504,0.996523315,6
37866,730.356,273.9633121,176.5962002,1.551354513,0.764521701,38306,219.5734242,0.782161448,0.988513549,0.892051837,0.801470177,0.007235074,0.001841502,0.642354444,0.996519465,3
23797,570.158,204.5811072,148.7523829,1.375313142,0.686524007,24089,174.0668879,0.705891077,0.987878285,0.919902141,0.85084537,0.008596928,0.002779237,0.723937843,0.99564123,3
49011,840.74,318.6756123,196.7553529,1.619654091,0.786636988,49596,249.8054109,0.690198564,0.988204694,0.871324663,0.783886188,0.006502124,0.001514423,0.614477556,0.995241087,6
43204,781.451,263.3512758,209.8816264,1.254760983,0.604026104,44006,234.5400633,0.729181435,0.981775212,0.88905846,0.890597786,0.00609553,0.002365471,0.793164417,0.995231764,5
30987,660.269,253.3964873,156.1384317,1.622896327,0.787603559,31388,198.6299921,0.697575471,0.987224417,0.89319767,0.783870346,0.00817751,0.001904486,0.614452719,0.997193061,3
52874,937.519,372.6842184,181.3120031,2.055485639,0.873678887,53584,259.4634226,0.776782041,0.986749776,0.755947917,0.696201797,0.007048535,0.001021455,0.484696942,0.996287604,4
40564,764.684,275.5796198,188.5512833,1.461563215,0.729295422,41107,227.2612789,0.761050657,0.986790571,0.871739312,0.824666494,0.006793699,0.001938204,0.680074827,0.99397235,6
43315,776.747,281.3363017,196.9922018,1.428159588,0.713944924,43863,234.841161,0.707564892,0.987506554,0.902171313,0.834734656,0.006495124,0.001945185,0.696781946,0.995115816,6
28185,618.982,223.9657923,160.5980491,1.394573555,0.697006219,28524,189.4366822,0.797087104,0.988115271,0.924425386,0.845828643,0.007946276,0.00250884,0.715426093,0.99771431,3
53599,881.856,340.7572928,202.001481,1.686904924,0.805348508,54115,261.2362271,0.751950056,0.990464751,0.86610631,0.766634296,0.006357531,0.001354632,0.587728143,0.991441498,6
31947,659.25,247.1904476,164.7648572,1.50026196,0.745460093,32265,201.683375,0.780413328,0.990144119,0.923718558,0.815902786,0.007737517,0.00211512,0.665697357,0.998720422,3
77424,1109.772,397.401991,248.7116453,1.597842315,0.779948272,78571,313.9734041,0.715735759,0.985401739,0.789983358,0.790065,0.005132801,0.001233632,0.624202705,0.997377494,0
52403,931.312,374.2966613,179.7192152,2.082674693,0.877185414,53217,258.3051913,0.739090576,0.984704136,0.759233945,0.69010819,0.007142657,0.000999329,0.476249313,0.991872393,4
41698,754.669,265.8937501,201.3298716,1.32068703,0.653204356,42263,230.4160206,0.810976914,0.986631332,0.920051352,0.866571781,0.006376655,0.00221815,0.750946652,0.991765503,6
71613,1195.63,388.4951893,235.8801426,1.64700252,0.794576836,72987,301.961096,0.780523161,0.98117473,0.629517959,0.777258263,0.005424925,0.001221335,0.604130408,0.995004304,0
66973,1016.147,397.999741,217.2643649,1.831868476,0.837856385,68392,292.014849,0.795026116,0.979251959,0.815073059,0.733706128,0.005942689,0.00106231,0.538324683,0.986140016,2
62839,952.704,360.6232376,222.5298568,1.620561136,0.786908099,63383,282.8587983,0.798706086,0.991417257,0.870007811,0.784360986,0.005738844,0.001339887,0.615222156,0.997005117,0
70288,1013.533,391.7922968,229.3745976,1.708089304,0.810708889,70876,299.1545773,0.795185085,0.991703821,0.859835284,0.763554005,0.005574099,0.001168728,0.583014718,0.995841204,2
79874,1093.895,382.9131867,270.4233379,1.415976852,0.707986233,81979,318.9023916,0.760755479,0.974322692,0.838810819,0.832832095,0.004793965,0.001422671,0.693609299,0.982134712,0
43287,754.888,260.0555796,212.243782,1.225268308,0.577843243,43653,234.7652448,0.753393901,0.991615697,0.954557971,0.90275027,0.006007706,0.002461268,0.814958051,0.998542272,5
68888,1013.834,407.3993055,218.5901052,1.863759135,0.843868519,70240,296.1603042,0.7402536,0.980751708,0.842208726,0.726953385,0.005913937,0.001018785,0.528461224,0.984924434,2
26176,592.528,211.1267898,158.3473757,1.333314107,0.661425565,26477,182.5604511,0.732421165,0.988631643,0.936904641,0.864695813,0.008065663,0.002781463,0.747698849,0.996917423,3
35652,680.437,227.476882,199.8096977,1.138467675,0.477974624,36002,213.057589,0.798978083,0.990278318,0.96764915,0.936612051,0.00638048,0.00302881,0.877242135,0.998711813,5
30066,636.73,226.6510843,168.991579,1.341197506,0.666391138,30438,195.6558718,0.748953766,0.987778435,0.931911975,0.863247014,0.007538452,0.002582274,0.745195407,0.999454222,3
35789,685.127,233.6187674,195.2244366,1.196667648,0.549256353,36146,213.4665549,0.777075734,0.990123388,0.958114167,0.913738897,0.00652767,0.002806896,0.834918772,0.999120284,5
33554,680.837,266.1424712,160.7707735,1.655415754,0.796925306,33834,206.6936856,0.743117844,0.991724301,0.909636473,0.776627964,0.007931766,0.001779925,0.603150995,0.998465659,3
67483,1025.448,387.6268835,224.9648721,1.723055159,0.814356849,69557,293.1245882,0.786606831,0.970182728,0.806449098,0.756202938,0.005744067,0.001158651,0.571842883,0.985316831,2
38233,722.709,274.1696164,177.8508917,1.541570097,0.761053359,38609,220.6349191,0.745282651,0.990261338,0.919859112,0.804738767,0.00717102,0.001855156,0.647604483,0.998327706,3
44711,807.275,314.8345454,181.1543595,1.737935241,0.817875355,45168,238.5955014,0.790114512,0.989882217,0.86214684,0.757844096,0.007041546,0.00143274,0.574327673,0.998144303,6
42289,777.408,295.2316555,182.9460853,1.613763175,0.784862773,42739,232.0431579,0.68488647,0.989470975,0.879304445,0.785969775,0.006981287,0.001643382,0.617748487,0.99689976,6
48373,825.148,313.570417,197.8987002,1.584499629,0.77569004,49026,248.1741657,0.806539282,0.986680537,0.892789726,0.791446362,0.006482344,0.001568909,0.626387343,0.992510513,2
32772,681.677,258.1218911,162.1679349,1.591694999,0.77800259,33242,204.2709141,0.762139535,0.98586126,0.886248531,0.791373848,0.007876294,0.001905585,0.626272567,0.996834913,3
34254,668.704,223.9688286,194.9291861,1.148975344,0.492450072,34575,208.8385677,0.775363303,0.990715835,0.962616531,0.932444792,0.006538472,0.003048938,0.86945329,0.998980392,5
67309,1023.514,401.7107937,214.1820639,1.875557581,0.846005115,68457,292.7464441,0.774976109,0.983230349,0.807412423,0.728749261,0.005968159,0.001038323,0.531075486,0.996062653,0
38042,723.178,243.9204105,198.8758364,1.226495963,0.578995336,38508,220.0831178,0.783886256,0.987898618,0.914077026,0.902274301,0.006411871,0.002621313,0.814098914,0.998489031,5
46160,810.79,308.9523851,190.9210489,1.618220657,0.786207419,46682,242.430892,0.810336353,0.98881796,0.882386585,0.784686909,0.006693076,0.001565277,0.615733544,0.996392741,6
34491,674.657,233.182837,188.5763657,1.236543276,0.588213024,34829,209.5597889,0.785850991,0.990295443,0.952246946,0.898693024,0.006760686,0.002720295,0.807649151,0.998693127,5
68725,1130.424,371.8093491,236.308153,1.573408892,0.772049258,70474,295.8097154,0.692575909,0.975182337,0.675836859,0.795595151,0.005410103,0.001337069,0.632971645,0.995923214,0
35602,688.378,240.6556265,188.5903078,1.276076323,0.621199848,35941,212.9081358,0.780916868,0.990567875,0.944126734,0.884700428,0.00675961,0.002554385,0.782694847,0.998778363,5
30950,664.641,256.7604858,153.8983449,1.668377174,0.800460994,31251,198.5113697,0.784895516,0.990368308,0.880432896,0.773138316,0.008295977,0.001828421,0.597742856,0.997260537,3
77939,1070.502,424.3235346,236.1262881,1.797019459,0.830863013,78917,315.0158994,0.652837459,0.987607233,0.854652815,0.74239554,0.005444303,0.001020149,0.551151137,0.990429318,2
70620,1163.561,391.0394844,230.8622717,1.693821522,0.807124715,72221,299.8602619,0.699263308,0.977831933,0.655479728,0.766828604,0.005537234,0.001181043,0.588026108,0.996011276,0
52578,837.158,309.191422,216.8089582,1.426100769,0.712952116,53008,258.7361374,0.799179207,0.991888017,0.942755474,0.83681538,0.005880623,0.001778778,0.700259981,0.998641297,5
41431,759.449,284.7379608,186.2714646,1.528618253,0.756334082,41945,229.6771377,0.794153728,0.987745858,0.902688793,0.806626335,0.006872582,0.001794689,0.650646044,0.994589419,6
45278,771.915,275.8822277,209.2012554,1.318740784,0.651906755,45666,240.1036029,0.79355732,0.991503526,0.954900539,0.870311962,0.006093075,0.002156334,0.757442911,0.998870859,5
33236,660.788,210.8580025,200.9273673,1.049424005,0.303273094,33611,205.711909,0.76828479,0.988842938,0.956520582,0.975594507,0.006344265,0.003545182,0.951784642,0.998825651,5
34045,681.927,252.1676497,172.3621003,1.463011006,0.729930045,34400,208.200481,0.749460661,0.989680233,0.919999159,0.825643104,0.007406892,0.002123172,0.681686535,0.997314903,3
47091,874.362,353.0329178,171.2696905,2.061269082,0.874437592,47849,244.8634791,0.706806754,0.984158499,0.774043249,0.693599568,0.007496824,0.001070267,0.48108036,0.991636072,4
76005,1051.428,416.8825077,233.7158447,1.783715213,0.828068041,76662,311.0829015,0.794399849,0.991429913,0.863958637,0.746212412,0.005484935,0.001049062,0.556832963,0.993231428,2
37065,719.836,276.1133057,171.9931526,1.605373827,0.782295199,37505,217.2386331,0.809297146,0.988268231,0.898890402,0.786773504,0.007449435,0.001760767,0.619012547,0.993746542,6
78739,1122.368,394.8395595,254.7369628,1.549989272,0.764042635,80486,316.6285024,0.716590826,0.978294362,0.785469285,0.801916867,0.005014536,0.001279169,0.643070661,0.996752626,0
175387,1587.972,603.2318039,372.2073688,1.62068743,0.786945804,176888,472.5565194,0.797228131,0.991514405,0.874020427,0.783374677,0.003439433,0.000798996,0.613675884,0.994576791,1
50819,838.628,309.0626807,210.3212432,1.469479145,0.732735794,51364,254.3713042,0.797949346,0.989389456,0.908023863,0.82304115,0.006081636,0.001721418,0.677396735,0.995420375,6
44315,791.028,305.8141847,185.3080393,1.650301767,0.795502897,44847,237.5365455,0.719399351,0.988137445,0.889973151,0.776734885,0.006900918,0.001549451,0.603317081,0.995655245,6
79639,1109.573,386.1251508,263.5681659,1.464991607,0.730794286,81007,318.4329193,0.760872473,0.983112571,0.812875252,0.824688365,0.004848443,0.00138338,0.680110899,0.996356759,0
49257,867.856,335.8627015,188.9262689,1.77774485,0.826790196,50290,250.431548,0.728438332,0.979459137,0.821830928,0.745636675,0.006818578,0.001300118,0.555974051,0.988380007,6
30042,648.527,246.4217001,155.5109502,1.584593881,0.775720581,30352,195.5777656,0.693554345,0.989786505,0.89759946,0.793671034,0.008202573,0.002007668,0.629913711,0.998157411,3
41267,759.008,272.2771926,193.7132061,1.405568562,0.70273078,41789,229.2221113,0.711070905,0.987508675,0.900160714,0.841870408,0.00659794,0.002044415,0.708745784,0.996190793,3
41629,742.831,262.2108879,202.5202822,1.294738903,0.635189299,42053,230.2253005,0.761153368,0.989917485,0.948038127,0.878015792,0.006298755,0.002309106,0.770911732,0.99812941,5
55076,894.091,342.5249306,205.8840506,1.663678802,0.799190693,55773,264.8111425,0.7025,0.987502914,0.865782511,0.773114944,0.006219132,0.001370521,0.597706716,0.994391993,6
37049,692.49,235.9526183,200.1860404,1.178666693,0.529329606,37347,217.1917399,0.783807227,0.992020778,0.970866111,0.920488789,0.006368664,0.002820344,0.847299611,0.998683831,5
39341,732.772,262.0481189,191.55707,1.367989805,0.68237789,39772,223.8091082,0.768138863,0.98916323,0.920698693,0.854076378,0.006660942,0.002186262,0.72944646,0.99787532,5
42789,773.179,287.9845104,190.243661,1.513766655,0.750734723,43248,233.4108971,0.755615597,0.989386792,0.899460097,0.810498095,0.00673034,0.001791533,0.656907162,0.994404158,6
43372,773.114,280.1265252,197.8736413,1.415683884,0.707840417,43819,234.9956288,0.753928522,0.989798946,0.91186855,0.838891028,0.006458695,0.001973089,0.703738157,0.996270768,6
27950,620.231,229.7810379,155.5633095,1.477090187,0.735976824,28360,188.6452896,0.769548458,0.985543018,0.913029349,0.82097849,0.008221146,0.002303771,0.674005681,0.995567178,3
49362,836.657,325.7739689,193.7052222,1.681802717,0.80402162,49880,250.6983255,0.687607957,0.989615076,0.886150963,0.769546831,0.006599691,0.001427722,0.592202326,0.99596748,6
34911,677.462,235.2555984,189.2799888,1.24289736,0.593855566,35252,210.8318423,0.762515289,0.99032679,0.955877575,0.896182041,0.006738724,0.002681281,0.803142251,0.998223383,5
47134,870.142,360.7750005,167.4884538,2.154029083,0.885706151,47862,244.9752492,0.623688354,0.984789603,0.78228301,0.679025012,0.007654241,0.001003749,0.461074967,0.993168889,4
33159,653.801,222.4440287,189.98042,1.170878708,0.520175444,33415,205.4734778,0.788111423,0.99233877,0.974810341,0.923708669,0.006708406,0.003012584,0.853237706,0.999037863,5
42510,779.552,288.2366105,188.6150841,1.528173698,0.756169435,43051,232.6486902,0.799210378,0.987433509,0.879044354,0.807144831,0.006780442,0.001775185,0.651482778,0.995578845,6
39528,745.166,274.9432,183.3716302,1.499376974,0.74510813,40021,224.3403948,0.802892428,0.987681467,0.894558286,0.815951785,0.006955657,0.001901848,0.665777315,0.998251176,6
28264,631.777,241.2246842,149.8201765,1.61009478,0.783746026,28640,189.7019834,0.720193655,0.986871508,0.889848076,0.786411988,0.008534697,0.002013578,0.618443814,0.995753157,3
35845,683.888,229.295297,199.4579063,1.149592419,0.493274838,36169,213.633498,0.761363636,0.991042053,0.963093567,0.931695943,0.006396856,0.00297333,0.868057331,0.997912127,5
35576,712.571,277.0520732,163.9165902,1.69020154,0.806198299,36029,212.8303786,0.694098137,0.987426795,0.880462155,0.768196304,0.007787612,0.001672911,0.590125561,0.997431132,3
59936,922.98,295.4328604,259.7326001,1.137450056,0.476527657,60869,276.2478694,0.834159105,0.984672001,0.884123713,0.935061418,0.004929139,0.002324403,0.874339855,0.994517917,0
142399,1430.275,524.5884123,347.2617724,1.510642558,0.749530364,143783,425.8028158,0.79619234,0.990374384,0.874737426,0.811689328,0.003683933,0.000986395,0.658839565,0.995271086,1
28008,619.174,231.5665731,154.3039597,1.500716984,0.745640752,28337,188.8409203,0.715585079,0.988389738,0.918050431,0.815493004,0.008267873,0.002255561,0.665028839,0.998020074,3
47300,809.261,281.0139788,214.5581051,1.309733691,0.645791284,47819,245.406256,0.774609829,0.989146574,0.907598526,0.873288429,0.005941099,0.002131461,0.76263268,0.998845714,5
30487,641.545,235.917663,164.9184008,1.430511464,0.715072135,30790,197.0209481,0.736187578,0.990159143,0.930829858,0.835125889,0.007738304,0.002321846,0.697435251,0.997689123,3
40303,744.994,266.9100245,192.8651008,1.383920799,0.691282393,40818,226.5289681,0.755983643,0.987383017,0.912518522,0.848709105,0.006622585,0.002119545,0.720307145,0.996848041,6
45401,838.238,346.701,167.5769192,2.068906636,0.875428804,45999,240.4295085,0.78572912,0.986999717,0.811971139,0.693477978,0.007636418,0.001089432,0.480911706,0.99496142,4
76798,1054.564,407.3923276,241.8851975,1.684238357,0.804656814,77374,312.7015359,0.754341506,0.992555639,0.867788501,0.767568544,0.005304726,0.001135825,0.58916147,0.992288347,2
30638,657.507,247.174919,158.3968419,1.560478833,0.767683702,31063,197.508261,0.706954636,0.986318128,0.890572979,0.799062712,0.008067593,0.002028837,0.638501217,0.996367634,3
56201,881.138,339.0068474,211.7934967,1.600648049,0.780827278,56601,267.5020293,0.784886319,0.992932987,0.90963266,0.789075593,0.006032043,0.001442509,0.622640292,0.996627969,5
60294,973.818,348.1459097,221.5746204,1.571235501,0.771324702,61644,277.0716606,0.751083761,0.978100058,0.798966123,0.795849249,0.005774139,0.001428862,0.633376027,0.995182898,0
189503,1676.898,651.1912386,373.2266916,1.744760633,0.819454304,191559,491.2053679,0.796686342,0.989267014,0.846862028,0.754318146,0.003436311,0.000686263,0.568995866,0.992761587,1
46545,816.724,310.9762572,191.3755468,1.624952939,0.788213067,47125,243.4397967,0.697209365,0.987692308,0.876864046,0.782824383,0.006681196,0.001547716,0.612814015,0.995793934,6
46318,814.578,308.2402148,192.0232097,1.60522374,0.78224882,46793,242.8454431,0.745441378,0.989848909,0.877191287,0.787844776,0.006654869,0.001581546,0.620699392,0.996361399,6
50116,843.528,318.117155,201.0775971,1.58206165,0.774897739,50629,252.605766,0.692736195,0.989867467,0.885089642,0.794065212,0.006347617,0.001556737,0.63053956,0.997552457,6
29840,641.576,233.5530557,162.9628931,1.433167092,0.716336148,30170,194.919132,0.778177646,0.989061982,0.910987596,0.83458181,0.007826845,0.002342298,0.696526798,0.998239286,3
68197,1008.009,368.3233216,238.7370585,1.542799111,0.761493515,69740,294.6712019,0.727830607,0.977874964,0.843424699,0.800034059,0.005400873,0.001364827,0.640054495,0.987475506,2
75515,1109.067,396.8985137,243.9247174,1.627135281,0.7888568,76863,310.078513,0.792350874,0.982462303,0.771485067,0.781253903,0.00525589,0.001207799,0.610357661,0.993134485,0
43795,776.66,288.4664755,194.1309338,1.485937712,0.739664574,44260,236.1387852,0.783592772,0.9894939,0.912373196,0.818600445,0.006586745,0.001824477,0.670106688,0.995736799,6
57737,942.475,382.1272226,194.3005874,1.966680738,0.861079151,58667,271.132867,0.779229368,0.984147817,0.816816309,0.709535597,0.006618411,0.001034738,0.503440763,0.990107252,4
69561,1008.883,339.905328,260.9274305,1.302681467,0.640872466,70592,297.6034542,0.798450413,0.985394946,0.858804028,0.875548071,0.004886435,0.001771299,0.766584425,0.998615323,0
37606,700.716,229.643827,209.019182,1.098673456,0.414194161,37942,218.8182952,0.785733687,0.991144378,0.96246055,0.95285947,0.006106574,0.003105223,0.907941169,0.997530862,5
95349,1276.178,483.6912557,252.0172274,1.919278538,0.853538904,96842,348.4280663,0.692666449,0.984583135,0.735704648,0.720352213,0.005072851,0.000842581,0.51890731,0.995927664,0
29715,653.335,247.3275146,153.2876796,1.613485932,0.784778695,30100,194.5104446,0.772520473,0.987209302,0.874810022,0.786448871,0.008323322,0.001964077,0.618501827,0.997943997,3
43233,784.198,297.147044,186.689074,1.591668102,0.777994017,43729,234.6187657,0.718729219,0.988657413,0.883433322,0.789571259,0.006873153,0.001647787,0.623422774,0.992282143,6
44417,769.784,277.7135197,203.8245272,1.362512763,0.679216384,44833,237.8097577,0.74655439,0.990721121,0.94193585,0.856313218,0.006252415,0.002073758,0.733272327,0.999092904,5
26874,611.538,230.0523741,149.0248277,1.543718437,0.761821908,27164,184.978484,0.777604167,0.989324105,0.903015655,0.80407118,0.008560407,0.002207253,0.646530463,0.998060996,3
34618,693.466,256.5277853,172.4546607,1.487508567,0.740310558,35016,209.9452466,0.699438316,0.988633767,0.904610224,0.818411333,0.007410243,0.002050684,0.669797109,0.996328938,3
40160,758.673,286.042907,179.1858678,1.596347471,0.779477654,40688,226.1267346,0.745692216,0.987023201,0.876787422,0.790534319,0.007122582,0.001715932,0.624944509,0.997628587,6
58485,952.905,394.7246417,189.7468319,2.080269998,0.876881373,59290,272.8835187,0.810131316,0.986422668,0.809384991,0.691326281,0.00674916,0.000950959,0.477932027,0.994227657,4
77559,1070.102,418.6934168,237.6170993,1.762050871,0.823359263,78389,314.2470141,0.754464981,0.98941178,0.851121798,0.750542047,0.005398386,0.001056681,0.563313364,0.992586804,2
88390,1146.525,442.4880225,256.0625676,1.728046495,0.815548922,89104,335.4722691,0.819815057,0.991986892,0.844979047,0.758149943,0.005006087,0.001020231,0.574791337,0.993266154,2
54486,931.932,389.0030545,178.6838967,2.177045955,0.888261546,54956,263.3889326,0.61844928,0.991447704,0.788363195,0.677087055,0.007139505,0.000925605,0.45844688,0.998059927,4
47763,837.149,311.1778794,196.2326909,1.585759631,0.776097772,48554,246.6044208,0.732201987,0.98370886,0.856438014,0.792486989,0.006515041,0.001585132,0.628035628,0.995913546,6
50232,884.495,364.2169784,176.8839824,2.059072695,0.874150288,50868,252.8979415,0.605796018,0.987497051,0.806862571,0.69436066,0.007250696,0.001039681,0.482136726,0.992754568,4
27285,612.003,227.4604476,153.2213987,1.484521415,0.739079904,27594,186.3876095,0.738510258,0.988801913,0.915433329,0.819428659,0.008336465,0.002318496,0.671463327,0.996801688,3
27517,610.178,225.0695203,156.0495214,1.442295486,0.720611374,27787,187.1783442,0.709823041,0.990283226,0.928747928,0.831646791,0.00817929,0.002413521,0.691636385,0.997544036,3
38089,732.053,266.60833,183.8956229,1.449780728,0.724038577,38826,220.2190296,0.705796242,0.981017875,0.893149964,0.826002059,0.006999615,0.002009918,0.682279402,0.989155528,6
66058,992.161,388.3914847,217.5296665,1.785464443,0.828439635,66621,290.0132029,0.790687653,0.991549211,0.84327841,0.746703299,0.005879553,0.001127499,0.557565816,0.99551394,2
63464,954.362,359.2114569,226.2459368,1.587703461,0.776724467,64109,284.2619821,0.738726574,0.98993901,0.875610636,0.791349988,0.005660082,0.001369232,0.626234804,0.994275165,2
85477,1117.431,414.7149833,263.45565,1.574135849,0.772290788,86390,329.8980093,0.791483018,0.989431647,0.86023618,0.795481289,0.004851773,0.001198395,0.632790481,0.99609818,0
52961,909.106,364.0186631,189.9490931,1.916401164,0.853060871,54429,259.6767982,0.615925848,0.973029084,0.805261606,0.713361222,0.006873334,0.001097957,0.508884232,0.975226335,4
54628,943.267,388.2664325,181.3758193,2.140673625,0.884181951,55356,263.731928,0.818397004,0.986848761,0.771535445,0.679255032,0.007107462,0.00093331,0.461387398,0.987679834,4
78695,1086.614,415.8675579,243.8905633,1.705140011,0.809976666,80290,316.5400227,0.761508017,0.980134512,0.837541646,0.761155846,0.005284549,0.001094163,0.579358221,0.987886884,2
39762,743.167,280.9686895,180.9189634,1.553008508,0.765100001,40135,225.0034461,0.808072186,0.990706366,0.904701377,0.800813238,0.007066261,0.001792646,0.641301843,0.995947218,3
55377,921.337,322.9626948,219.5998638,1.470687136,0.733254519,56515,265.5337761,0.714025994,0.979863753,0.819789335,0.822180953,0.005832073,0.001643888,0.675981519,0.994157324,0
42614,804.837,327.2921792,166.7857622,1.962350832,0.860415657,43188,232.9331019,0.726308972,0.986709271,0.82669688,0.711697733,0.007680391,0.001215473,0.506513663,0.993957508,4
47480,809.477,308.1729124,197.1724446,1.562961362,0.768532224,47977,245.8727589,0.811915388,0.98964087,0.910566246,0.797840268,0.006490584,0.001622286,0.636549093,0.994901637,6
57615,954.153,387.9443721,191.1817237,2.029191727,0.870138613,58614,270.8462597,0.714755359,0.98295629,0.79526046,0.698157466,0.006733392,0.000986796,0.487423847,0.989076438,4
49975,846.403,312.3835504,204.6562601,1.526381603,0.755503887,50658,252.250166,0.746095966,0.986517431,0.876613751,0.807501438,0.006250796,0.001639413,0.652058572,0.995290208,6
33424,668.556,243.5825579,175.1560263,1.390660448,0.69492441,33705,206.292895,0.75374346,0.991662958,0.939707526,0.846911605,0.007287654,0.002312703,0.717259266,0.997464093,3
54447,915.829,373.6820442,186.5162056,2.003482985,0.866526674,54965,263.2946515,0.641874447,0.990575821,0.815746157,0.704595405,0.006863226,0.001043439,0.496454685,0.994638515,4
60979,984.025,403.3630037,193.5767818,2.083736489,0.877319295,61683,278.6411208,0.621587735,0.988586807,0.79136693,0.690794937,0.006614785,0.000929163,0.477197645,0.994354146,4
24863,572.216,201.9699423,156.9574395,1.286781582,0.629336811,25144,177.92289,0.762785703,0.988824372,0.954208761,0.88093747,0.008123313,0.00301782,0.776050826,0.99860791,3
65458,1015.938,390.7011898,217.2378056,1.79849538,0.831168689,67706,288.6931141,0.74125494,0.966797625,0.796963049,0.738910251,0.005968731,0.001097561,0.545988358,0.98195754,2
36547,711.425,267.8858265,174.2922348,1.536992321,0.759402314,37015,215.7152884,0.800310953,0.987356477,0.907409564,0.805250846,0.007329899,0.001901089,0.648428925,0.996630278,3
24363,572.785,212.3416305,146.4044966,1.450376426,0.724308356,24612,176.1247712,0.790852431,0.989882984,0.933162669,0.829440608,0.008715742,0.002544634,0.687971723,0.997817968,3
78477,1141.441,382.8720741,262.094354,1.46081771,0.728967686,80301,316.1012808,0.754296424,0.977285463,0.756911878,0.825605476,0.004878781,0.001398239,0.681624402,0.995728997,0
80758,1084.383,418.9334929,248.3350249,1.686969017,0.805365086,82018,320.6622509,0.775885094,0.984637519,0.863038198,0.765425196,0.005187517,0.001098374,0.585875731,0.988354206,2
47371,855.614,354.0188628,170.8794345,2.071746455,0.875794284,47842,245.5903713,0.618872805,0.990155094,0.813142485,0.693721146,0.007473325,0.001067661,0.481249029,0.997025969,4
169553,1587.35,625.2960707,348.7432745,1.792998221,0.830025772,171550,464.6305893,0.781537511,0.988359079,0.845609688,0.743056947,0.003687909,0.000693503,0.552133627,0.98997461,1
69371,996.596,380.2824066,234.1764383,1.623914043,0.787905523,70667,297.196737,0.808143057,0.981660464,0.877706955,0.781515873,0.005481864,0.001261419,0.61076706,0.991833205,2
51939,887.04,362.2827752,183.3290539,1.976133992,0.862510855,52530,257.1590728,0.817705217,0.988749286,0.829501239,0.709829698,0.006975159,0.001092322,0.5038582,0.995691316,4
26031,597.991,227.2733294,146.1657257,1.554901659,0.765759122,26319,182.054109,0.795957681,0.989057335,0.914768962,0.801035957,0.008730872,0.002217407,0.641658605,0.997716029,3
45601,786.993,285.3914353,204.1372873,1.398036778,0.698829008,46050,240.9584953,0.7518466,0.990249729,0.92521463,0.844308783,0.006258447,0.001961786,0.712857321,0.996600752,5
34774,690.766,245.534629,180.7026974,1.358776778,0.677029307,35225,210.4177557,0.806091935,0.987196593,0.915804151,0.85697792,0.007060868,0.002349181,0.734411156,0.997900824,3
42767,767.672,280.7109964,194.8580428,1.440592302,0.719821777,43235,233.3508852,0.757823298,0.989175437,0.911942067,0.831285159,0.006563729,0.001933439,0.691035015,0.995499723,6
78720,1086.768,429.9180172,237.3677806,1.811189438,0.833762433,80443,316.5902983,0.752725186,0.978581107,0.837570293,0.736396907,0.005461357,0.000990668,0.542280405,0.982172542,2
22726,550.994,203.8926238,142.3899858,1.431930923,0.715748915,23071,170.1047968,0.790662074,0.985046162,0.940673971,0.834286173,0.008971778,0.002681134,0.696033418,0.996671775,3
50487,835.946,311.6093704,206.4985208,1.509015024,0.748899202,50978,253.5390402,0.713042864,0.990368394,0.907889474,0.813643825,0.006172071,0.001668584,0.662016275,0.998992505,5
46638,818.779,317.3779332,188.0546445,1.687689948,0.805551402,47238,243.6828798,0.816748976,0.987298361,0.874211251,0.767800323,0.006805136,0.001458847,0.589517337,0.994922483,6
39572,744.104,273.2721788,185.3032621,1.474729456,0.734978438,40306,224.4652206,0.726145038,0.981789312,0.89811218,0.821397998,0.006905695,0.001939107,0.674694671,0.994992105,6
33184,674.669,252.2230287,168.2058201,1.499490497,0.745153322,33518,205.5509208,0.697142857,0.990035205,0.916129964,0.814956992,0.007600742,0.002068114,0.664154899,0.99589396,3
47748,820.144,311.3181263,196.618249,1.583363335,0.77532132,48219,246.5656947,0.801356069,0.990232066,0.892041019,0.792005585,0.006520024,0.001582494,0.627272846,0.993200825,6
66234,1006.478,398.084825,213.5124985,1.864456778,0.843996137,67144,290.3992906,0.763821298,0.986447039,0.821641326,0.729490984,0.006010279,0.001049915,0.532157095,0.992183904,2
73078,1039.637,407.675898,231.4350613,1.761513125,0.82323982,74426,305.0340956,0.689909747,0.98188805,0.849636307,0.748226954,0.005578641,0.001078553,0.559843575,0.986171806,2
76697,1073.671,417.8675727,234.8872183,1.779013672,0.827063007,77405,312.4958454,0.778997725,0.990853304,0.836076073,0.747834639,0.005448291,0.001051144,0.559256647,0.994925221,2
92830,1186.908,467.3913065,254.3213786,1.837797943,0.839001271,94277,343.7947454,0.773196735,0.984651612,0.828064374,0.735560847,0.005034917,0.000909173,0.54104976,0.994340136,2
22687,553.435,204.6909196,141.2405819,1.449235884,0.723791449,22989,169.958776,0.721734428,0.986863282,0.930794253,0.83031908,0.009022388,0.002645339,0.689429774,0.999146368,3
52313,896.732,352.4820889,189.3009514,1.862019637,0.843549607,53085,258.0832817,0.785197526,0.985457285,0.817512034,0.732188358,0.006737944,0.001194534,0.536099791,0.998228338,4
32858,669.885,247.760391,169.1604879,1.46464694,0.730644215,33196,204.5387615,0.765207266,0.98981805,0.920132738,0.825550689,0.007540337,0.002160456,0.68153394,0.9982066,3
65707,1000.653,361.1158225,233.2033591,1.548501805,0.763518892,66803,289.2416823,0.819994759,0.983593551,0.824621207,0.800966516,0.00549585,0.001395314,0.64154736,0.993437245,0
173108,1591.411,572.6616553,388.984863,1.472195218,0.733899802,175235,469.4762519,0.761168566,0.987862014,0.858938939,0.819814366,0.003308118,0.000921771,0.672095595,0.989455921,1
44787,861.814,344.3339029,166.1797321,2.072057155,0.87583417,45406,238.7981983,0.812919737,0.98636744,0.757765358,0.693507657,0.007688256,0.001097015,0.480952871,0.996561836,4
47772,872.287,355.9094486,171.77262,2.07198009,0.875824279,48346,246.6276536,0.603547605,0.988127249,0.788977263,0.692950565,0.007450168,0.001059632,0.480180486,0.994924406,4
35702,689.386,233.5272374,194.8038188,1.19878162,0.551491834,36067,213.2069376,0.783970136,0.989879946,0.944011947,0.912985311,0.006541013,0.002803367,0.833542179,0.999235043,5
83266,1117.778,448.4737097,237.7470978,1.886347778,0.847919542,84030,325.6033844,0.797238685,0.990908009,0.837464586,0.726025578,0.005386036,0.000923117,0.52711314,0.994318701,2
52652,870.84,337.2729061,199.6235398,1.689544762,0.806029465,53257,258.9181502,0.79693649,0.988639991,0.872464969,0.76768144,0.0064057,0.001372368,0.589334793,0.995707513,6
32861,672.026,253.0593984,165.6822772,1.527377597,0.755874141,33210,204.5480987,0.806404908,0.989491117,0.914362672,0.808300739,0.007700904,0.002027745,0.653350084,0.997912282,3
27983,620.189,230.3036902,154.9381159,1.486423717,0.739864713,28323,188.7566216,0.788364558,0.987995622,0.914231158,0.819598771,0.008230129,0.002290823,0.671742146,0.998493458,3
82011,1094.249,427.8073315,247.0302714,1.731801245,0.816437744,83221,323.140292,0.811861487,0.985460401,0.860695743,0.755340706,0.005216463,0.001047436,0.570539583,0.98806116,2
49597,832.939,306.3011502,207.2992828,1.477579402,0.736182952,50237,251.2943726,0.760142229,0.987260386,0.898336152,0.820416027,0.0061758,0.001725876,0.673082457,0.994532774,6
40572,725.331,250.7140143,206.4719349,1.21427648,0.567264482,40900,227.283688,0.767478814,0.99198044,0.969089309,0.906545606,0.006179484,0.002574486,0.821824935,0.997922689,5
73422,1057.58,415.7100274,226.2403521,1.837470741,0.838938423,74671,305.751196,0.738295391,0.983273292,0.824915789,0.73549151,0.005661927,0.001022009,0.540947762,0.993975685,2
68451,1002.041,384.8935977,228.0712058,1.687602766,0.805528886,69370,295.2194439,0.720233586,0.986752198,0.856680098,0.76701573,0.005622907,0.001200488,0.588313131,0.992838866,0
27566,624.367,236.2875497,149.3493441,1.582113073,0.774914496,27953,187.344926,0.715776901,0.986155332,0.888594731,0.792868377,0.008571702,0.002089543,0.628640263,0.994579978,3
49493,833.519,309.5981643,204.0678996,1.517133096,0.752022049,50044,251.0307646,0.714432127,0.988989689,0.89520528,0.810827691,0.006255393,0.001667818,0.657441544,0.997426325,6
47006,807.979,303.1324949,198.0001488,1.530971046,0.757202486,47428,244.6423881,0.800851861,0.991102302,0.904821713,0.807047717,0.006448804,0.001687547,0.651326018,0.997161275,6
62209,977.978,344.174161,231.3978415,1.487369799,0.740253597,63383,281.4373089,0.779874135,0.981477683,0.817344065,0.817717716,0.005532546,0.001525873,0.668662263,0.994548056,0
226806,1812.548,679.9753874,428.6803406,1.586206138,0.776241976,229994,537.381027,0.768229731,0.986138769,0.867531735,0.790294821,0.002998048,0.000721398,0.624565904,0.99069027,1
54605,926.444,373.6009491,186.792518,2.000085191,0.866037699,55165,263.6764027,0.657052439,0.989848636,0.799473236,0.705770163,0.006841882,0.001047149,0.498111523,0.99626548,4
182972,1640.716,587.4675312,398.9277317,1.472616428,0.734079576,185353,482.6667442,0.832504493,0.987154241,0.85413727,0.821605823,0.003210696,0.000902471,0.675036128,0.994069291,1
47245,826.032,316.7318396,190.5824299,1.661915213,0.798710561,47809,245.2635364,0.79954307,0.988203058,0.870105619,0.774357061,0.006704029,0.001486896,0.599628858,0.996532321,6
57551,961.761,412.166493,178.6925799,2.306567476,0.901132084,58028,270.6957869,0.773264719,0.99177983,0.781858954,0.656763205,0.007161761,0.00082193,0.431337907,0.994909988,4
44614,850.425,351.2689862,162.3080891,2.164211212,0.886847566,45243,238.3365458,0.633955722,0.986097297,0.775191478,0.678501533,0.007873515,0.001029323,0.460364331,0.996325646,4
47974,807.211,288.8991216,212.4174442,1.360053656,0.677779624,48520,247.148526,0.760731332,0.988746908,0.925212841,0.855483826,0.006021994,0.001989607,0.731852577,0.995358774,6
25145,599.041,221.5129007,144.9409599,1.528297459,0.75621529,25561,178.9290596,0.759208937,0.983725206,0.88053862,0.807759092,0.008809421,0.00231342,0.652474751,0.997175504,3
61658,1044.245,401.5379991,197.3196671,2.034961872,0.870928532,62813,280.1881579,0.788394901,0.981612087,0.710549746,0.697787404,0.006512342,0.000952378,0.486907261,0.990837711,4
47448,871.679,349.3500382,175.106492,1.99507188,0.865311159,48047,245.7898898,0.634755853,0.987533041,0.784719796,0.703563369,0.007362798,0.001112847,0.495001414,0.987563402,4
31270,653.501,243.827108,163.6435418,1.489989188,0.741325369,31596,199.5349608,0.792950425,0.989682238,0.920121613,0.818346091,0.007797477,0.002157158,0.669690325,0.997831343,3
62033,990.706,348.3721294,227.4652059,1.531540298,0.757411844,63197,281.0389095,0.710865878,0.981581404,0.794224102,0.806720417,0.005615916,0.001467211,0.650797831,0.996723105,0
68590,1012.976,387.9502601,228.0039397,1.701506828,0.809068494,69600,295.5190356,0.746582201,0.985488506,0.839986594,0.761744651,0.005656076,0.001174715,0.580254914,0.987307697,2
74942,1056.788,413.2025059,234.2531319,1.763914542,0.823772241,76553,308.899851,0.776762023,0.978955756,0.843255916,0.74757497,0.005513631,0.001062274,0.558868336,0.985795985,2
40219,756.289,275.0865184,186.4543659,1.475355737,0.735243901,40710,226.2927777,0.733468286,0.987939081,0.883620056,0.82262402,0.006839716,0.001932072,0.676710279,0.998388392,6
41570,762.263,276.3994272,192.3482468,1.436973987,0.718132088,42060,230.0620957,0.745516499,0.988349976,0.899042472,0.832353736,0.006649012,0.00196865,0.692812741,0.995553887,6
50721,860.619,332.1692289,195.4687127,1.699347298,0.808525437,51362,254.1259195,0.775550459,0.987519956,0.860549411,0.765049551,0.006548949,0.001383916,0.585300816,0.99462936,6
73121,1051.673,406.1374795,232.300437,1.748328521,0.820271135,74728,305.1238253,0.785740383,0.978495343,0.830788617,0.751282117,0.005554321,0.001091498,0.564424819,0.986800009,2
37459,699.387,244.5904793,195.1576945,1.253296622,0.602795515,37773,218.3902015,0.754005636,0.991687184,0.962345306,0.89288104,0.006529552,0.002559986,0.797236552,0.999173877,5
40366,778.838,292.8089157,176.8917082,1.655300402,0.796893395,41144,226.7059493,0.668898205,0.981090803,0.836240725,0.774245377,0.00725385,0.001607914,0.599455904,0.992279599,6
31795,664.7,247.7294876,163.8558502,1.511874537,0.750006422,32232,201.2030102,0.733330258,0.986442045,0.904310005,0.812188376,0.007791461,0.002091345,0.659649958,0.997307975,3
45479,772.273,266.0924017,218.0103624,1.22054933,0.57336047,45886,240.6359517,0.752527509,0.991130192,0.95825053,0.904332293,0.005850885,0.002413868,0.817816896,0.998185864,5
36805,699.998,236.5744453,198.473853,1.191967817,0.544210316,37153,216.4753599,0.777099785,0.990633327,0.943893701,0.915041181,0.00642778,0.002779735,0.837300364,0.998035087,5
56899,940.939,378.7677776,192.7922468,1.964642167,0.860767381,57675,269.1580518,0.746510102,0.986545297,0.807591164,0.710614967,0.006656844,0.001047094,0.504973631,0.992092489,4
39661,749.249,287.2370131,176.0801754,1.631285364,0.790072409,40097,224.7174973,0.706642198,0.989126369,0.887812346,0.782341715,0.007242304,0.001673564,0.612058558,0.998442168,3
31431,655.809,238.7027514,168.2668128,1.418596736,0.709284867,31787,200.0479746,0.776841325,0.988800453,0.918360758,0.838063128,0.007594501,0.002310925,0.702349807,0.996351144,3
40067,724.428,245.5094589,208.0580814,1.180004436,0.530868128,40443,225.8647579,0.76456445,0.990702965,0.959414403,0.919983934,0.006127473,0.002707585,0.846370439,0.998720872,5
46515,815.292,298.5064641,199.6252062,1.495334531,0.743490337,47147,243.361331,0.689560602,0.986595117,0.879379886,0.815263186,0.006417424,0.001748766,0.664654063,0.993880171,6
54001,873.397,331.8137708,208.1187729,1.594348103,0.77884568,54503,262.2140512,0.776590543,0.990789498,0.889586686,0.790244632,0.006144586,0.00147815,0.624486579,0.995648992,6
50235,835.312,310.7783498,207.0971068,1.500640712,0.745610484,50710,252.9054933,0.750055991,0.990633011,0.904729663,0.813780926,0.00618649,0.00167361,0.662239396,0.993783398,6
27903,626.565,236.0763095,151.0462383,1.562940674,0.768525173,28254,188.4866123,0.800292549,0.98757698,0.893158427,0.798413923,0.008460607,0.002120771,0.637464792,0.996319651,3
43187,768.92,287.5090596,191.8734278,1.49843083,0.744730969,43584,234.4939151,0.793368237,0.990891153,0.917911025,0.815605308,0.006657306,0.001817182,0.665212018,0.996774197,6
56155,934.742,344.514406,208.1900925,1.654806921,0.796756789,57050,267.3925329,0.770016592,0.984312007,0.80763435,0.776143256,0.006135062,0.001373303,0.602398354,0.996852966,0
53053,899.852,367.3485325,184.9215368,1.986510273,0.864056213,53506,259.9022462,0.697606838,0.99153366,0.823337011,0.707508601,0.00692418,0.001070225,0.50056842,0.994384309,4
63948,996.497,412.2971781,198.877557,2.073120689,0.875970552,64641,285.343867,0.777908886,0.98927925,0.809253971,0.692082998,0.006447382,0.000912422,0.478978876,0.992981017,4
54543,974.042,335.9046656,207.4933402,1.618869624,0.786402071,55730,263.5266675,0.671158035,0.978700879,0.72242625,0.784528155,0.006158529,0.0014391,0.615484426,0.996389041,0
91870,1286.118,439.6443118,266.5793117,1.649206418,0.79519618,93731,342.0124515,0.700228659,0.980145309,0.697946201,0.777929891,0.004785505,0.001081109,0.605174915,0.998058354,0
29970,639.615,239.8071356,159.4309789,1.504143908,0.746994689,30256,195.3432598,0.765321757,0.990547329,0.920575318,0.814584851,0.008001573,0.002173204,0.663548479,0.998072403,3
63408,1005.966,412.5516489,196.3377049,2.101234957,0.879493659,64200,284.1365395,0.798790627,0.987663551,0.787385321,0.688729618,0.006506303,0.000903044,0.474348486,0.996717621,4
44670,798.584,301.3237086,191.0019126,1.577595242,0.773434564,45430,238.4860802,0.74624123,0.983270966,0.880206573,0.791461387,0.00674555,0.001632736,0.626411127,0.988223213,6
79824,1132.927,442.8074608,233.4113427,1.897112007,0.849792717,81949,318.8025618,0.744786661,0.974069238,0.78151892,0.719957521,0.005547297,0.000919367,0.518338832,0.983346822,2
62493,994.395,398.8778744,201.8084816,1.976516899,0.862568365,63814,282.078994,0.758124977,0.979299213,0.794188097,0.707181351,0.006382761,0.000984717,0.500105463,0.988466899,2
31815,674.077,248.142737,164.6193727,1.507372632,0.748259662,32448,201.2662816,0.799934627,0.980491864,0.879878638,0.811090762,0.007799552,0.002082223,0.657868224,0.991652556,3
48669,821.12,305.6859359,203.187362,1.50445349,0.747116426,49183,248.9323109,0.77875384,0.989549234,0.907087174,0.814340084,0.006280917,0.001703829,0.663149773,0.997677991,6
25617,619.412,243.7947675,134.4487057,1.813292038,0.834186033,25959,180.6006019,0.699459371,0.986825378,0.83903273,0.740789492,0.009516913,0.00176789,0.548769071,0.995078587,3
40358,746.391,268.0759661,192.389098,1.393405182,0.69638712,40848,226.6834832,0.799754275,0.988004309,0.910346469,0.845594204,0.006642449,0.002094865,0.715029558,0.996325891,3
48831,828.398,315.8449177,197.5912861,1.598475945,0.780147273,49355,249.3462657,0.793922544,0.989383041,0.894185038,0.789457901,0.006468123,0.001549794,0.623243777,0.996240185,6
37191,698.872,234.8888511,201.7636663,1.164178147,0.512017418,37541,217.607564,0.787361067,0.99067686,0.956868897,0.92642781,0.006315744,0.002869793,0.858268488,0.999177418,5
63766,1027.779,339.7887826,240.0385775,1.415559058,0.707778251,65051,284.9375244,0.76447034,0.980246268,0.758576805,0.838572487,0.005328683,0.001625407,0.703203815,0.99542653,0
35453,706.275,258.3806749,175.1689528,1.475036933,0.735108824,35897,212.4621415,0.708280891,0.987631278,0.893131048,0.822283406,0.007287978,0.002055289,0.676150001,0.997346223,3
164498,1591.267,616.7934563,345.4119747,1.785674793,0.828484235,168989,457.652006,0.793909266,0.973424306,0.816364993,0.741985832,0.00374955,0.000701038,0.550542975,0.983090713,1
58481,926.502,348.7394788,214.4989431,1.625833087,0.788473062,59402,272.8741868,0.697447823,0.984495472,0.856114656,0.78245855,0.005963295,0.001378832,0.612241382,0.995402296,0
28154,633.807,241.4240607,149.182599,1.618312473,0.786234976,28509,189.3324751,0.66799535,0.987547792,0.880716043,0.784232005,0.008575125,0.002000776,0.615019837,0.995294274,3
38375,734.514,281.3899994,174.223088,1.615113144,0.785271424,38760,221.044266,0.686739442,0.990067079,0.893836523,0.785544143,0.007332638,0.001722354,0.617079601,0.996653375,3
39263,742.362,259.6170179,193.875323,1.339092639,0.665077521,39768,223.587129,0.781586543,0.987301348,0.895286174,0.861219079,0.006612256,0.002243799,0.741698302,0.993202736,5
42779,746.717,264.3401439,206.1859322,1.282047427,0.625776591,43102,233.3836209,0.763910714,0.992506148,0.964114057,0.882891329,0.006179203,0.002316014,0.779497098,0.999352249,5
26403,604.917,217.2425108,155.2296667,1.399490931,0.699588932,26789,183.3503305,0.727595899,0.985591101,0.906716587,0.843989189,0.008227948,0.002575247,0.712317752,0.996882233,3
76281,1082.67,426.2175577,231.7805298,1.838884215,0.839209645,78073,311.6472135,0.817614714,0.977047123,0.817775388,0.73119281,0.005587467,0.000985195,0.534642925,0.983146436,2
58238,971.303,397.2026539,186.9455097,2.124697483,0.882317203,58977,272.3066738,0.604755971,0.987469692,0.775723335,0.685561063,0.006820335,0.00092933,0.469993972,0.998595009,4
66461,967.115,363.9556321,233.9336593,1.555807032,0.766073287,67151,290.8964994,0.783414864,0.98972465,0.892936338,0.799263629,0.005476229,0.001378547,0.638822349,0.993884303,2
59442,975.979,402.8874444,190.1494603,2.118793521,0.881616372,60289,275.1070792,0.732468301,0.985951003,0.784191862,0.682838552,0.006777825,0.000908955,0.466268488,0.987926652,4
41567,740.413,241.9091235,219.223754,1.103480435,0.422798779,42016,230.053794,0.801832562,0.989313595,0.952819145,0.950992632,0.00581974,0.002936243,0.904386986,0.997973345,5
39538,739.521,279.1041066,180.8455127,1.543328902,0.761682851,39945,224.3687704,0.771548444,0.98981099,0.908497087,0.803889176,0.007059136,0.001818511,0.646237808,0.997357487,3
68488,1019.038,349.3068275,249.9429178,1.397546411,0.698572026,69675,295.299221,0.761155381,0.98296376,0.828788258,0.845386342,0.005100263,0.001606916,0.714678067,0.998795767,0
37703,716.648,262.6860862,183.0398951,1.435130226,0.717264622,38034,219.1003208,0.728560386,0.99129726,0.922516167,0.834076612,0.006967246,0.002080007,0.695683795,0.998396842,3
88499,1153.301,455.6506422,250.0715978,1.822080741,0.835938518,90225,335.6790528,0.727452818,0.980870047,0.836108985,0.736702688,0.005148653,0.000935497,0.54273085,0.988899429,2
37962,711.351,261.3986642,185.4276561,1.409706997,0.704839046,38338,219.8515854,0.808786245,0.990192498,0.942738094,0.841058565,0.006885798,0.002125392,0.70737951,0.997197844,3
61720,977.621,379.5612911,208.5169476,1.820289888,0.835583773,62412,280.3289937,0.749866356,0.988912389,0.81151161,0.738560544,0.006149729,0.001128704,0.545471677,0.992916578,2
32131,663.45,242.5844506,169.1960022,1.433748123,0.716611473,32562,202.2633427,0.794142363,0.986763712,0.91731334,0.833785274,0.007549857,0.002250792,0.695197884,0.996738661,3
38794,721.177,254.0607593,194.6134395,1.305463589,0.642826979,39179,222.2477332,0.779778894,0.990173307,0.937326057,0.874781819,0.00654897,0.002365657,0.765243231,0.998997175,5
51877,878.699,343.8191404,194.9945121,1.763224701,0.823619554,53063,257.0055405,0.681874343,0.977649209,0.844314899,0.747502132,0.006627583,0.001276394,0.558759438,0.985218442,6
61277,998.285,421.5092818,185.6437814,2.270527343,0.89778876,61794,279.3211406,0.668743861,0.991633492,0.772677503,0.662669015,0.006878752,0.000818231,0.439130223,0.99705718,4
39595,736.146,273.6832994,184.9327727,1.479906971,0.737160079,39975,224.5304429,0.779766828,0.990494059,0.918168308,0.820402426,0.006912067,0.001931503,0.673060141,0.996066395,6
79147,1072.47,408.1812274,250.2303887,1.63122165,0.790053831,80996,317.4477756,0.742996883,0.977171712,0.864717039,0.777712825,0.005157255,0.001163792,0.604837239,0.986623598,2
68807,1031.123,429.0949933,205.3005277,2.090082272,0.878114762,69331,295.9861371,0.800994156,0.992442053,0.813245256,0.689791635,0.006236211,0.000870908,0.4758125,0.994487271,4
28352,636.235,238.1520981,152.0014672,1.566774995,0.769826061,28795,189.9970725,0.704887872,0.984615385,0.880153563,0.797797181,0.008399834,0.002099039,0.636480342,0.997221485,3
53763,922.914,368.9886022,187.0703306,1.972459241,0.861957038,54620,261.6355818,0.630917455,0.984309777,0.793178421,0.709061419,0.006863244,0.00107015,0.502768095,0.991689576,4
36144,690.759,222.6202324,206.9200348,1.075875676,0.368884043,36563,214.5226564,0.783287101,0.988540328,0.951903609,0.963626055,0.006159258,0.003275988,0.928575174,0.999031444,5
50975,894.842,369.4690259,177.7113495,2.079040123,0.876725423,51620,254.7614292,0.602313546,0.987504843,0.799971249,0.689533929,0.007248044,0.001010702,0.47545704,0.988494262,4
86823,1154.004,465.8128577,241.6489628,1.927642694,0.854914855,89133,332.4853034,0.785266585,0.974083673,0.819275606,0.713774422,0.005365086,0.000859014,0.509473926,0.982083691,2
32934,668.197,221.4087308,189.6018111,1.167756413,0.516407505,33401,204.7751722,0.776708646,0.986018383,0.926926508,0.924873972,0.006722801,0.003034312,0.855391863,0.998889334,5
30480,658.655,242.1779027,160.8223199,1.505872462,0.747673193,30893,196.9983282,0.698185816,0.986631276,0.88289456,0.813444687,0.007945469,0.00214591,0.661692259,0.99642415,3
30112,636.557,232.7107658,165.1590886,1.409009748,0.704485584,30434,195.8054881,0.745992816,0.989419728,0.933845153,0.841411387,0.007728174,0.002389407,0.707973122,0.99754103,3
45740,795.417,299.7430061,194.6576994,1.539846649,0.76043392,46104,241.3254582,0.76447386,0.992104807,0.908481916,0.805107887,0.006553192,0.001698435,0.648198709,0.998126611,6
76328,1162.038,415.4142707,235.1720675,1.766426919,0.824326576,78024,311.7432084,0.792705218,0.978263099,0.710318435,0.750439333,0.005442489,0.00106473,0.563159193,0.994779559,0
55722,897.584,318.9323359,225.0086389,1.417422626,0.708704064,56736,266.3596327,0.779274177,0.98212775,0.869133231,0.835160323,0.005723634,0.001717636,0.697492765,0.988642027,2
64244,963.98,342.9316574,239.1408081,1.434015633,0.716738085,65055,286.0034988,0.751268798,0.987533625,0.86877315,0.833995616,0.005337956,0.001592978,0.695548687,0.997427691,0
31967,657.309,238.3352028,171.0704497,1.393199137,0.696277722,32369,201.7464957,0.730941601,0.98758071,0.929763702,0.846482153,0.007455664,0.002361225,0.716532036,0.998271814,3
72840,1060.226,351.3973376,264.6197971,1.327932912,0.657963191,74400,304.5369738,0.757944684,0.979032258,0.814297123,0.866645649,0.004824236,0.001678706,0.751074681,0.997376789,0
50223,840.795,311.9481949,206.6487556,1.509557577,0.749109892,50711,252.8752848,0.785188312,0.990376841,0.892754965,0.810632307,0.006211262,0.001654456,0.657124737,0.991967626,6
35664,695.948,262.8627317,173.1266239,1.518326446,0.752475806,36022,213.0934422,0.724657117,0.990061629,0.925308034,0.810664338,0.007370534,0.001963555,0.657176668,0.997808715,3
74557,1115.534,417.5080508,228.5486525,1.826779752,0.836863666,76068,308.1053728,0.735276134,0.980136194,0.752891971,0.73796271,0.00559985,0.001024457,0.544588962,0.994844089,0
46124,810.047,310.1305162,190.4460252,1.628443103,0.789241082,46664,242.3363381,0.735629984,0.98842791,0.883316599,0.781401137,0.006723843,0.001546299,0.610587738,0.99430739,6
66500,1038.45,424.1090453,202.017289,2.099370046,0.879264764,67430,290.9818374,0.633152433,0.986207919,0.774926171,0.686101465,0.00637758,0.000871744,0.470735221,0.988247422,4
53174,904.614,361.9145741,189.0746055,1.914136344,0.852682897,53848,260.1984619,0.762154569,0.987483286,0.816549629,0.718949941,0.006806232,0.001121711,0.516889018,0.989396056,4
30792,647.984,236.4552024,166.2777626,1.42204946,0.710981788,31118,198.0040203,0.802648385,0.989523748,0.921550623,0.837384918,0.007679112,0.002329117,0.701213501,0.99716028,3
43016,798.253,309.9445226,177.5463546,1.745710428,0.819672318,43531,234.0292124,0.726719827,0.988169351,0.848318169,0.75506807,0.007205331,0.001444702,0.57012779,0.995278028,6
76932,1078.688,429.2529263,230.1362423,1.865212197,0.844134141,78422,312.9742236,0.747144744,0.98100023,0.830854913,0.72911378,0.005579641,0.000972674,0.531606904,0.991559682,2
47891,825.106,321.3005954,190.667231,1.685137995,0.804890609,48361,246.9346372,0.793317652,0.990281425,0.883983745,0.768547089,0.006708997,0.001443841,0.590664628,0.995351406,6
40184,753.08,278.5702406,184.181518,1.512476624,0.750238546,40691,226.1942923,0.795880372,0.987540242,0.890391082,0.811982974,0.006932367,0.00185887,0.659316349,0.997200566,6
93203,1181.392,455.6059166,263.4775625,1.729201957,0.815823162,95176,344.4847533,0.736776784,0.979269984,0.839173391,0.756102458,0.004888318,0.000985512,0.571690927,0.988569069,2
62608,1002.965,365.9264015,218.6033593,1.673928537,0.801945599,64037,282.3384165,0.691694103,0.977684776,0.78211054,0.771571593,0.005844723,0.001277758,0.595322723,0.996527695,0
59897,958.442,373.2062088,207.7961113,1.796021141,0.830655762,60787,276.1579784,0.643652346,0.985358712,0.819376042,0.739960836,0.0062308,0.001152281,0.547542039,0.983397078,4
63320,965.707,378.9902211,215.1549137,1.76147602,0.823231573,64441,283.9393033,0.77526783,0.982604243,0.853218005,0.749199551,0.005985316,0.001163207,0.561299967,0.988716431,2
64346,967.065,376.0208577,220.8809807,1.702368654,0.80928454,65560,286.2304522,0.760231569,0.981482611,0.864609668,0.761208976,0.005843733,0.00121028,0.579439106,0.98641897,2
72924,1041.775,389.4012176,238.9101238,1.629906725,0.789669826,73829,304.7125212,0.725467569,0.987741944,0.844369396,0.782515584,0.005339823,0.001235033,0.612330639,0.998041827,0
31312,659.679,253.2753484,158.0415883,1.602586706,0.781431369,31593,199.6689175,0.79877551,0.991105625,0.904180953,0.788347223,0.008088763,0.001927223,0.621491344,0.995993766,3
39277,720.153,256.9960951,194.8667003,1.318830229,0.651966573,39599,223.6269876,0.772773777,0.991868482,0.951696834,0.870157142,0.00654317,0.002313975,0.757173452,0.998583237,5
68187,1052.896,377.096294,231.8006833,1.626812694,0.788761841,69510,294.6495967,0.757330401,0.980966767,0.77293059,0.781364339,0.005530325,0.001271583,0.610530231,0.99321833,0
26092,590.945,208.1101279,159.8609259,1.301819858,0.640263404,26380,182.2672933,0.78248613,0.989082638,0.93890815,0.875821351,0.007976013,0.002894861,0.767063038,0.998577895,3
76074,1094.85,390.4287458,250.4580578,1.558858794,0.767127281,77592,311.2240754,0.820470233,0.980436127,0.797511347,0.797134122,0.005132223,0.001278236,0.635422808,0.990534432,0
45126,794.998,298.0796216,194.9542388,1.528972253,0.756465061,45761,239.7002455,0.72083959,0.986123555,0.897231745,0.804148382,0.006605496,0.001703845,0.646654621,0.988716972,6
34940,690.354,258.4906996,172.3981294,1.499382276,0.74511024,35264,210.9193915,0.772461974,0.99081216,0.921274549,0.815965107,0.007398131,0.002022964,0.665799057,0.998287305,3
53192,851.357,317.7812988,213.3266018,1.489646843,0.741185701,53597,260.2424982,0.799062613,0.992443607,0.922216231,0.81893585,0.005974231,0.00165753,0.670655927,0.999040484,5
46301,814.862,297.3416074,199.6006052,1.489682895,0.741200415,46852,242.8008735,0.690595868,0.988239563,0.876258218,0.816572143,0.006421926,0.001761259,0.666790064,0.993305753,6
86044,1181.857,437.0365511,251.2670291,1.739331072,0.81820002,87370,330.9903675,0.695574849,0.984823166,0.774106282,0.757351683,0.005079222,0.001030783,0.573581572,0.99764825,0
44876,791.752,297.6297019,192.6908603,1.544596882,0.762135018,45345,239.0353485,0.814446461,0.989657074,0.899592167,0.80313002,0.006632269,0.001702101,0.645017829,0.996292527,6
40225,758.276,269.2926818,190.5246578,1.413426928,0.706713026,40719,226.3096566,0.720335948,0.987868071,0.879126347,0.840385469,0.00669466,0.002059787,0.706247736,0.998229568,6
50169,935.271,382.9921816,173.3579023,2.209257129,0.891692924,52625,252.7393019,0.761520947,0.953330166,0.720726303,0.65990721,0.007634041,0.000893029,0.435477525,0.962081827,4
45778,800.227,297.171505,196.7176486,1.510649945,0.749533223,46287,241.4256819,0.703303119,0.989003392,0.898339048,0.81241195,0.006491579,0.001744357,0.660013177,0.997048869,6
31823,662.532,222.8726889,181.8946963,1.225284154,0.57785815,32274,201.2915846,0.774847821,0.986025903,0.91103962,0.903168466,0.00700351,0.002874555,0.815713278,0.999480554,5
35489,702.532,267.2950921,169.7669948,1.574482086,0.77240568,35815,212.5699842,0.686095967,0.990897669,0.903589976,0.795263327,0.007531773,0.001858321,0.632443759,0.99577137,3
31397,641.386,232.949382,171.9224808,1.354967546,0.674773307,31668,199.9397459,0.801966794,0.991442466,0.959089342,0.858296958,0.007419479,0.002483725,0.736673668,0.998168912,3
29543,644.331,247.9513812,152.0210847,1.631032838,0.78999876,29831,193.9466831,0.727946974,0.990345614,0.894224172,0.782196421,0.008392898,0.001938005,0.611831242,0.997916846,3
66302,1011.15,387.4959487,220.5873487,1.756655361,0.822155049,67497,290.5483235,0.728657464,0.982295509,0.814901882,0.749809964,0.005844408,0.001139528,0.562214983,0.987617963,2
42849,799.79,310.42017,177.4709643,1.749132153,0.820454317,43595,233.5744876,0.7935,0.982887946,0.841780024,0.752446233,0.007244514,0.001432488,0.566175334,0.990315481,6
43336,781.647,277.5343125,199.4550987,1.391462611,0.695353109,43857,234.898082,0.764977935,0.988120482,0.891327602,0.846374922,0.006404244,0.00202721,0.716350508,0.996774948,6
47464,850.356,341.6656557,178.0912551,1.918486427,0.853407547,48004,245.8313278,0.723536585,0.988750937,0.824845555,0.719508454,0.007198417,0.001190037,0.517692416,0.993185873,4
41308,764.195,285.360779,185.2980457,1.540009653,0.760492617,41755,229.3359525,0.679095154,0.989294695,0.888864679,0.803670194,0.006908124,0.001777671,0.64588578,0.994670336,6
36132,715.089,268.4672703,171.8213196,1.562479388,0.768367876,36545,214.4870421,0.757484277,0.988698864,0.887936013,0.79893181,0.00743018,0.001867317,0.638292037,0.99731815,3
72553,1029.989,389.2478023,239.3532822,1.626248025,0.788595459,73700,303.9364221,0.784831898,0.984436906,0.859409333,0.780830156,0.005365013,0.001230203,0.609695732,0.99151648,2
44362,845.277,350.7674002,161.6311911,2.170171474,0.887507598,44851,237.6624764,0.584911133,0.989097233,0.780230418,0.677550069,0.007906934,0.001027906,0.459074097,0.996269509,4
82952,1154.249,404.4525056,261.9958139,1.543736518,0.76182836,84639,324.9888717,0.708918743,0.98006829,0.782415979,0.803527898,0.004875741,0.001253788,0.645657083,0.996724417,0
32557,668.245,247.8792506,167.8410974,1.476868624,0.735883383,32924,203.5997541,0.821938904,0.988853116,0.916184221,0.821366668,0.007613701,0.002137587,0.674643203,0.996359379,3
30064,636.0,235.822793,162.8610319,1.448000115,0.723229585,30319,195.6493641,0.698058884,0.991589432,0.933990364,0.829645691,0.007844026,0.002292395,0.688311973,0.996675816,3
27883,607.37,217.1893724,164.0232263,1.324137912,0.655484826,28169,188.4190495,0.785990134,0.989846995,0.949823016,0.867533468,0.007789311,0.002721597,0.752614319,0.996565153,3
26998,602.311,224.791428,153.1048638,1.468218726,0.732192797,27240,185.4047497,0.730346805,0.991116006,0.935190029,0.824785675,0.008326225,0.002376798,0.68027141,0.998787223,3
28487,628.227,216.449322,168.4747024,1.284758595,0.62782275,28868,190.4488774,0.762336759,0.986801995,0.907033619,0.87987745,0.007598179,0.00280917,0.774184327,0.994639968,3
52113,875.592,335.6408393,198.6782871,1.689368497,0.805984114,52662,257.5894648,0.657693473,0.989575026,0.854185843,0.767455669,0.006440636,0.00137823,0.588988204,0.995018116,6
33686,678.056,246.4267581,174.4051059,1.412956099,0.70647693,34106,207.0998486,0.790194699,0.987685451,0.920721282,0.840411367,0.007315406,0.002251054,0.706291266,0.997958552,3
63378,1013.251,419.846597,194.5330664,2.158227414,0.88617892,64232,284.0693152,0.628313671,0.986704446,0.775736653,0.676602638,0.006624485,0.00085638,0.45779113,0.988017368,4
22205,564.439,206.9064294,137.691618,1.50267992,0.746417718,22532,168.1436412,0.725274366,0.985487307,0.875843707,0.812655468,0.009318011,0.002506853,0.66040891,0.992383207,3
41276,743.692,266.9985935,197.2979578,1.353276012,0.673762949,41632,229.2471056,0.733795556,0.991448885,0.937823796,0.858607915,0.006468616,0.002168556,0.737207551,0.997645296,5
44579,785.7,289.9130585,196.272241,1.477096593,0.735979525,45033,238.2430391,0.760098211,0.989918504,0.907458305,0.821774087,0.006503355,0.001829477,0.675312651,0.997502016,6
59664,982.497,410.2849482,185.6243139,2.210297453,0.891801038,60327,275.6203262,0.623898108,0.989009896,0.776711551,0.671777815,0.006876591,0.000863884,0.451285433,0.997475043,4
39623,764.058,289.4156804,176.0836099,1.64362646,0.793622306,40333,224.6098183,0.695506407,0.982396549,0.852912666,0.776080335,0.007304234,0.001634486,0.602300687,0.989957346,4
34244,682.961,254.4737841,171.6017364,1.482932454,0.738421407,34616,208.8080817,0.764494452,0.989253524,0.922576831,0.820548499,0.007431193,0.002078047,0.67329984,0.998458184,3
38217,713.032,242.9114813,200.5515465,1.211217193,0.564232773,38593,220.5887479,0.75827381,0.990257301,0.94460103,0.908103424,0.006356111,0.002666321,0.824651829,0.998832473,5
66997,978.189,381.1363,226.2628141,1.684484928,0.804720936,68032,292.0671666,0.788422613,0.984786571,0.879872351,0.766306349,0.005688856,0.001210081,0.587225421,0.98917237,2
36988,706.21,260.267543,181.534837,1.433705769,0.716591417,37378,217.0128666,0.738991449,0.989566055,0.931972263,0.833806875,0.00703654,0.002097977,0.695233905,0.996760859,3
39588,728.106,262.788948,192.125264,1.367800062,0.682269243,39978,224.5105946,0.768400621,0.990244635,0.938391804,0.85433804,0.006638096,0.002181435,0.729893486,0.998348355,3
40074,783.028,325.4723144,157.6263883,2.064833928,0.874901751,40557,225.8844871,0.820768049,0.988090835,0.821330544,0.694020588,0.008121783,0.001162306,0.481664577,0.99455736,4
45982,803.092,261.3146512,224.2230512,1.165422778,0.513553275,46659,241.9630152,0.77270283,0.985490473,0.895915647,0.925945079,0.005682977,0.002576894,0.857374289,0.999203525,5
38179,717.156,252.9001208,192.6070069,1.31303697,0.648055422,38587,220.4790525,0.808260649,0.989426491,0.932839958,0.871802875,0.006624064,0.002360356,0.760040253,0.997960952,3
214563,1765.021,659.112828,417.5290886,1.578603374,0.773766151,217833,522.6759,0.737771038,0.9849885,0.865495757,0.792999131,0.003071885,0.000749334,0.628847622,0.992700978,1
37804,723.857,262.0789411,184.8432281,1.417844428,0.70891294,38421,219.3935909,0.732295057,0.983941074,0.906655001,0.83712789,0.006932572,0.002100107,0.700783104,0.993601419,3
29507,629.187,230.8329439,163.3726833,1.412922523,0.706460081,29835,193.8284789,0.815425855,0.989006201,0.936645906,0.839691578,0.007822989,0.002399008,0.705081946,0.996226163,3
30848,647.564,241.4743515,163.1920414,1.47969441,0.73707109,31184,198.1839889,0.741093093,0.989225244,0.924424575,0.820724801,0.007827877,0.002190857,0.673589198,0.996706171,3
48207,872.255,361.3120609,170.7479672,2.116054831,0.881289091,48804,247.7479742,0.704863142,0.987767396,0.796219912,0.685689743,0.007495012,0.001022028,0.470170424,0.994906397,4
38065,721.784,269.2781625,180.2845543,1.493628578,0.742802602,38399,220.1496384,0.726431298,0.991301857,0.918165979,0.817554741,0.007074167,0.001949496,0.668395754,0.998335,3
87149,1189.561,428.9654936,259.2231934,1.654811392,0.796758027,88604,333.1089208,0.811783336,0.983578619,0.773924932,0.776540131,0.004922208,0.001104067,0.603014575,0.997875389,0
51870,932.88,378.4835542,174.7860994,2.165409924,0.886980788,52550,256.9882005,0.591637011,0.987059943,0.748987461,0.678994365,0.007296772,0.000956699,0.461033347,0.998326186,4
67055,1011.117,396.7678305,217.68541,1.822666161,0.836054222,68471,292.193562,0.797362538,0.979319712,0.82421062,0.736434609,0.005917051,0.001073549,0.542335933,0.988497353,2
30548,651.594,251.1338491,155.4382209,1.615650563,0.785433763,30917,197.2179546,0.739481966,0.988064819,0.904145849,0.785310126,0.008220959,0.00192871,0.616711993,0.996391079,3
40276,750.386,281.7426336,182.7189954,1.541944957,0.761187749,40803,226.4530766,0.761850717,0.987084283,0.898849023,0.803758642,0.006995298,0.001800896,0.646027955,0.996139547,6
23482,572.86,207.7726742,144.5310198,1.437564576,0.718409026,23791,172.9109915,0.712547413,0.987011895,0.899182716,0.832212379,0.008848168,0.002618001,0.692577444,0.9956248,3
71703,1088.317,372.3093685,246.4826821,1.510488953,0.749470906,73141,302.150782,0.774665082,0.980339345,0.760740197,0.811558364,0.005192382,0.001389394,0.658626978,0.994848775,0
159247,1521.882,550.010344,369.7737525,1.487423973,0.740275836,161350,450.2883274,0.780163629,0.986966222,0.864010783,0.818690652,0.003453819,0.000957103,0.670254384,0.996952439,1
38819,730.463,249.1774369,198.9668858,1.25235632,0.602001716,39314,222.3193331,0.780281407,0.987409065,0.914234829,0.892212938,0.006418956,0.002509101,0.796043927,0.996930643,5
39306,754.754,288.626822,174.0137534,1.658643736,0.797815083,39751,223.7095294,0.697211579,0.988805313,0.867077401,0.77508226,0.007343073,0.00163474,0.600752509,0.996434386,3
30748,660.344,247.1110262,159.3799699,1.550452207,0.764205255,31187,197.8625016,0.697803195,0.985923622,0.886107198,0.800702844,0.008036654,0.002037701,0.641125045,0.994033741,3
38833,768.636,299.9610879,166.7458641,1.798911712,0.831254758,39550,222.3594191,0.790413189,0.981871049,0.825979682,0.741294215,0.007724386,0.001438819,0.549517113,0.98853277,4
66166,974.533,364.3490237,232.0846216,1.569897312,0.770876743,66906,290.2501813,0.711768503,0.988939706,0.875490917,0.796626757,0.00550659,0.001367987,0.63461419,0.996279112,0
45116,796.691,293.5128954,196.2453819,1.495642305,0.743614094,45643,239.673685,0.800553623,0.98845387,0.893224506,0.816569523,0.006505738,0.001784223,0.666785786,0.99727303,6
45161,814.448,302.9709841,190.2388073,1.592582441,0.778285168,45836,239.793184,0.699259879,0.985273584,0.855552553,0.79147244,0.006708686,0.001623904,0.626428623,0.997639226,6
36000,691.429,221.6979749,207.2346239,1.069792155,0.355277139,36450,214.0948939,0.779406352,0.987654321,0.946274601,0.965705231,0.006158277,0.003303827,0.932586592,0.99767382,5
43282,822.236,311.418956,177.8458297,1.751061335,0.820892864,44083,234.7516858,0.663936187,0.98182973,0.804496594,0.753813091,0.007195115,0.001433086,0.568234176,0.995012895,6
65653,1142.436,351.9454687,237.8849058,1.479477933,0.736980411,67253,289.1228041,0.785069415,0.97620924,0.632121672,0.821498868,0.005360691,0.001506012,0.67486039,0.998441055,0
26443,618.475,240.3803512,140.9441706,1.705500485,0.8100664,26783,183.4891639,0.774977287,0.98730538,0.86871294,0.763328463,0.00909051,0.001903767,0.582670342,0.993744551,3
39861,758.014,277.8342398,183.7648954,1.511900514,0.750016444,40324,225.2833804,0.681151743,0.988518004,0.871773373,0.810855352,0.006970077,0.001858621,0.657486402,0.99405403,6
57582,944.376,393.3217704,187.3394792,2.099513526,0.879282398,58126,270.7686826,0.673473684,0.990641021,0.811347171,0.688415193,0.006830638,0.00094633,0.473915478,0.994991957,4
32706,660.328,237.9122873,175.4114305,1.356310057,0.675571433,32998,204.0651184,0.745079278,0.991150979,0.94257924,0.857732573,0.00727427,0.002428716,0.735705167,0.997844317,3
43197,772.169,283.2982591,194.6266275,1.455598665,0.726655001,43722,234.5210622,0.769643303,0.987992315,0.910413578,0.827823873,0.006558286,0.001899861,0.685292365,0.997510652,6
51712,899.975,368.8724141,179.9895824,2.0494098,0.872874176,52345,256.5964991,0.736155795,0.987907154,0.802306494,0.695623986,0.007133207,0.001030298,0.48389273,0.991694503,4
37120,766.299,278.8773535,171.3882963,1.627166845,0.788866087,38054,217.3997514,0.673403117,0.975455931,0.794367219,0.779553265,0.00751286,0.001711466,0.607703293,0.98883465,3
97818,1209.324,466.1825802,271.1977325,1.718976689,0.813373764,99498,352.9103934,0.698814805,0.983115238,0.840510802,0.757021837,0.004765816,0.000965496,0.573082062,0.985114706,2
34402,687.484,251.7270771,174.2104339,1.44495982,0.721839245,34827,209.289242,0.746554979,0.987796824,0.914678277,0.831413308,0.007317222,0.002156721,0.691248089,0.998825715,3
31882,665.703,250.2462061,162.5029564,1.539948637,0.760470648,32220,201.478096,0.708362958,0.989509621,0.904054044,0.805119483,0.007849138,0.002034431,0.648217381,0.998221472,3
31321,656.643,246.8815538,161.8460624,1.525409702,0.755141715,31617,199.6976109,0.803885837,0.990637948,0.912823571,0.808880242,0.007882301,0.002081468,0.654287245,0.998056111,3
45238,790.656,295.9579903,195.1976664,1.516196355,0.751664921,45667,239.9975219,0.738736385,0.990605908,0.909364756,0.810917528,0.006542243,0.001745071,0.657587237,0.997031372,6
35384,701.617,268.7483673,168.0076422,1.599619897,0.780505821,35749,212.2552898,0.76615278,0.989789924,0.903267915,0.789791923,0.007595195,0.001822928,0.623771282,0.997796953,3
53419,877.594,343.4271618,198.6831325,1.728516948,0.815660658,53925,260.7972071,0.684297499,0.990616597,0.871602219,0.759395983,0.006428933,0.001318839,0.576682259,0.996805058,6
33721,679.686,255.8912522,168.1760555,1.52156769,0.753701497,34076,207.2074098,0.75135918,0.989582111,0.917262545,0.809747922,0.007588484,0.002012492,0.655691698,0.997679302,3
74623,1049.888,404.9169924,236.8822831,1.709359548,0.811022884,75557,308.2417145,0.771536394,0.987638472,0.850739553,0.761246676,0.005426169,0.001124022,0.579496502,0.990567878,2
37209,725.482,266.9757992,178.4850517,1.495788004,0.743672646,37627,217.6602174,0.803858451,0.988890956,0.888391878,0.815280703,0.007175033,0.001955385,0.664682625,0.994224297,6
46180,850.826,344.0814557,172.3668752,1.996215661,0.865477454,46881,242.483406,0.619084645,0.985047247,0.801645367,0.70472675,0.007450876,0.001133627,0.496639792,0.991400131,4
38825,721.732,249.2813549,198.6156567,1.255094181,0.604305159,39189,222.3365137,0.760201284,0.990711679,0.936632894,0.891909922,0.00642064,0.002506352,0.795503308,0.998431573,5
42415,784.924,295.5216002,183.4763231,1.610679761,0.783924726,42928,232.3885868,0.692535023,0.988049758,0.865115551,0.786367517,0.006967384,0.001643432,0.618373871,0.996002279,6
40153,735.215,273.8529659,186.8850704,1.465354965,0.730952347,40539,226.1070265,0.721255232,0.990478305,0.933467377,0.825651188,0.006820237,0.001955085,0.681699884,0.998932309,3
35316,682.911,237.7766302,189.2416271,1.256471073,0.605454602,35637,212.0512385,0.76056338,0.990992508,0.951597201,0.891808578,0.00673283,0.002627024,0.79532254,0.999299765,5
34506,679.737,246.0529156,178.6716941,1.37712309,0.687534724,34887,209.6053523,0.760513092,0.989079027,0.938474899,0.851871037,0.007130728,0.002316376,0.725684263,0.999356556,3
50170,872.199,355.3250143,180.1931522,1.971911862,0.861874248,50757,252.7418208,0.769053897,0.988435093,0.828748578,0.711297574,0.00708242,0.001118322,0.505944239,0.997677447,4
71433,1030.846,413.6810252,221.7943565,1.865155777,0.84412384,72292,301.5813661,0.682772266,0.988117634,0.844736332,0.729019094,0.005791175,0.001009025,0.531468839,0.991272175,2
43567,753.988,262.8868698,211.4872104,1.243039091,0.593979834,43956,235.5233051,0.77115194,0.991150241,0.963027418,0.895911254,0.006034082,0.00239801,0.802656974,0.997733996,5
49335,837.331,300.584812,209.2387931,1.436563496,0.717939337,49944,250.6297527,0.755952928,0.987806343,0.884241017,0.833807108,0.00609273,0.001816578,0.695234293,0.998748206,5
57812,1003.281,403.8888811,183.3383752,2.202969676,0.891035966,58805,271.3089098,0.603717627,0.983113681,0.72174317,0.671741468,0.006986246,0.00087747,0.4512366,0.994060546,4
34853,687.382,252.5148524,176.1422122,1.433585109,0.716534272,35228,210.656635,0.716270371,0.989355058,0.926944474,0.834234632,0.00724514,0.002164609,0.695947421,0.997699859,3
26217,599.714,222.9190747,150.1628473,1.484515503,0.739077459,26534,182.7033693,0.73796656,0.988053064,0.916019003,0.819595046,0.008502845,0.00236669,0.671736039,0.997202564,3
66693,985.429,373.9074215,227.7686069,1.641610873,0.793049068,67361,291.4037834,0.808302024,0.990083283,0.863056921,0.779347418,0.005606397,0.001275816,0.607382397,0.997085547,2
44828,800.491,302.9480844,190.0700505,1.593875961,0.778696019,45542,238.9074765,0.68385404,0.984322164,0.879116275,0.788608639,0.00675801,0.001612296,0.621903585,0.991237174,6
42948,778.088,285.0214146,193.0020563,1.47677916,0.735845638,43496,233.8441617,0.789427248,0.98740114,0.891446683,0.820444183,0.00663643,0.001854857,0.673128658,0.994062374,6
41239,815.069,336.2166192,157.1966026,2.138828788,0.883968951,41825,229.1443335,0.619874339,0.985989241,0.780062209,0.681537796,0.00815288,0.001085052,0.464493767,0.993472641,4
85083,1129.571,375.3635055,289.2597977,1.297669114,0.637304027,86711,329.1368107,0.760702024,0.981224989,0.837964443,0.876848191,0.004411733,0.001608743,0.76886275,0.997729444,0
50218,822.578,284.8714973,224.792585,1.267263764,0.614262562,50719,252.8626968,0.797820285,0.990122045,0.932642273,0.887637757,0.005672697,0.002172263,0.787900787,0.998478117,5
74466,1030.978,399.0801854,239.7014623,1.664905093,0.799523478,75530,307.9172875,0.789001907,0.985912882,0.880377823,0.771567466,0.005359227,0.001171595,0.595316355,0.991145232,2
60037,957.698,371.1089976,208.8762781,1.776692887,0.826563501,61069,276.4805283,0.646226212,0.983101082,0.822567764,0.745011655,0.006181338,0.001174666,0.555042366,0.986139823,4
30446,649.126,245.6234234,158.2712836,1.551914016,0.764717581,30759,196.8884232,0.794540567,0.989824117,0.907992158,0.801586512,0.00806751,0.00205457,0.642540936,0.997168285,3
38090,805.266,234.8940708,207.5429714,1.131785235,0.468318247,39006,220.2219205,0.792386104,0.976516433,0.738145729,0.937537162,0.006166817,0.002938968,0.87897593,0.99481198,5
31561,651.027,234.7007196,171.7635206,1.366417729,0.681475828,31856,200.4612513,0.808737988,0.990739578,0.935755996,0.854114344,0.007436416,0.002441223,0.729511313,0.996817192,3
41038,731.336,253.31928,206.6018061,1.22612326,0.578646181,41382,228.5852236,0.762802283,0.991687207,0.964188943,0.90236015,0.006172798,0.002524535,0.814253841,0.998375573,5
41676,751.209,272.2269285,195.4033289,1.393153996,0.696253746,42073,230.3552284,0.742887701,0.99056402,0.928056311,0.846188251,0.006531983,0.002065821,0.716034556,0.997546403,3
26695,617.57,226.5564046,150.6986145,1.503374171,0.746691595,27118,184.3614104,0.695019396,0.984401505,0.879563923,0.813755015,0.008486848,0.002295625,0.662197224,0.995530203,3
40005,739.199,269.1613974,189.5539267,1.419972681,0.709963077,40461,225.6899377,0.722268361,0.988729888,0.920028747,0.838492963,0.006728194,0.002051521,0.703070449,0.998340831,6
40643,761.662,284.2379578,182.4919251,1.557537177,0.766671769,41193,227.4824714,0.694752137,0.986648217,0.880381775,0.800324043,0.006993528,0.001769863,0.640518573,0.99763149,3
74919,1054.072,399.5951864,240.235669,1.663346613,0.799100394,75690,308.8524461,0.736304668,0.989813714,0.847346972,0.77291333,0.005333696,0.001174171,0.597395015,0.993674975,2
37393,696.723,244.0433475,195.2365176,1.249988222,0.599989949,37667,218.1977229,0.782280335,0.992725728,0.968010077,0.894094124,0.006526445,0.002572701,0.799404302,0.999245962,5
53874,913.878,326.2558272,210.6497576,1.548807038,0.763626518,54878,261.9055311,0.736587367,0.981704873,0.810611276,0.802761236,0.006055905,0.001551331,0.644425602,0.998090908,0
55758,939.249,364.6314431,196.1522228,1.858920781,0.842978957,56627,266.4456615,0.782239057,0.984653964,0.794246974,0.730725961,0.006539536,0.001150124,0.533960429,0.992590138,4
38137,731.632,275.4013263,176.7358042,1.558265613,0.766923011,38565,220.3577467,0.69973579,0.988901854,0.895304992,0.800133208,0.007221368,0.00182578,0.64021315,0.997622137,3
62326,949.778,358.0348016,222.5335143,1.608902833,0.783381179,63269,281.7018421,0.798539398,0.985095386,0.86823024,0.786800168,0.00574455,0.00135798,0.619054505,0.995998546,2
33459,655.414,219.1299474,194.5431002,1.12638252,0.460233577,33765,206.4008768,0.786308517,0.990937361,0.978794213,0.941910858,0.006549208,0.003179858,0.887196064,0.999322138,5
51142,898.882,357.5199985,182.7376403,1.9564661,0.859506006,51746,255.1784019,0.783629315,0.9883276,0.795393805,0.713745813,0.006990732,0.00111912,0.509433085,0.996688561,4
34952,707.965,272.4792931,163.7276213,1.664223122,0.799338516,35404,210.955608,0.692173638,0.987233081,0.876311115,0.774207851,0.007795814,0.001727713,0.599397797,0.997531674,4
25642,592.4,216.8463443,151.0528411,1.435566142,0.717470111,26019,180.6887058,0.801888858,0.985510588,0.918188101,0.833256868,0.008456686,0.002514754,0.694317009,0.996737989,3
39104,724.99,257.1793952,194.0677002,1.325204529,0.65618449,39594,223.1339489,0.791450777,0.987624388,0.934903995,0.867619853,0.006576805,0.002298861,0.752764209,0.997566538,3
32580,667.271,243.627789,171.221475,1.422881031,0.711388037,32877,203.6716582,0.791929995,0.990966329,0.919509971,0.835995184,0.007477833,0.002253049,0.698887947,0.994434403,3
71775,1027.656,353.4174388,259.7694409,1.36050429,0.678043723,72769,302.3024451,0.815032249,0.986340337,0.854058345,0.855369351,0.004923963,0.001625958,0.731656726,0.995422114,0
41608,760.435,288.4697885,184.8417065,1.560631494,0.767736025,42168,230.1672239,0.762889622,0.986719788,0.90419585,0.797890223,0.006933037,0.001733308,0.636628808,0.993542968,6
35320,693.884,257.0634918,175.4273827,1.465355567,0.730952609,35700,212.063247,0.807886731,0.989355742,0.921842681,0.824945018,0.007278128,0.002079215,0.680534283,0.997224701,3
36986,693.771,232.7137695,202.5916367,1.148683989,0.492059713,37350,217.0069994,0.771747522,0.990254351,0.965639328,0.932506056,0.006291942,0.00293475,0.869567545,0.998858317,5
29548,662.921,256.8856508,146.5285233,1.753144337,0.821364493,29911,193.9630946,0.763336692,0.987863997,0.844917686,0.755056166,0.008693842,0.001743045,0.570109814,0.999484792,3
64440,1013.402,415.4249883,198.4248228,2.093614006,0.878554039,65219,286.4394461,0.703263123,0.988055628,0.788500334,0.689509428,0.006446694,0.00089883,0.475423251,0.995352778,4
62987,1008.734,368.7900642,218.0330556,1.691441067,0.806516305,64219,283.1917005,0.740413777,0.980815646,0.777870801,0.767894062,0.005855019,0.001255779,0.589661291,0.997377323,0
28332,625.573,233.953523,154.457718,1.514676806,0.751083829,28659,189.9300471,0.77946517,0.988589972,0.909768938,0.811828113,0.008257572,0.002212526,0.659064885,0.998270295,3
41704,778.258,292.0013691,182.6032013,1.599103231,0.780343999,42191,230.4325975,0.72747571,0.988457254,0.865247571,0.789149031,0.007001759,0.001675032,0.622756193,0.99585144,6
34594,691.238,248.4744093,179.3429155,1.385471005,0.692126516,35137,209.8724584,0.763361137,0.984546205,0.909819907,0.844644159,0.007182587,0.002255048,0.713423755,0.988427927,3
24374,581.041,214.8628575,144.9249853,1.482579813,0.738274899,24661,176.1645273,0.717494333,0.988362191,0.90724193,0.819892881,0.008815248,0.002457213,0.672224336,0.99662623,3
75025,1071.293,406.2694496,238.5373274,1.703169286,0.8094849,76620,309.0708606,0.706929368,0.979182981,0.821484425,0.760753389,0.005415121,0.001118828,0.578745719,0.985701932,2
29123,626.011,229.1810558,162.0426957,1.414325125,0.707162554,29432,192.5631202,0.797628177,0.989501223,0.933860584,0.840222677,0.007869418,0.002419357,0.705974147,0.998476973,3
49491,873.331,352.2892904,180.184391,1.955159869,0.859302845,49949,251.0256925,0.726612051,0.990830647,0.815414332,0.71255556,0.00711825,0.001131952,0.507735426,0.992703929,4
55890,928.849,353.6603059,203.0297382,1.741913816,0.818798362,56877,266.7608632,0.715822639,0.982646764,0.814054981,0.754285564,0.006327792,0.0012635,0.568946712,0.991056137,6
34459,698.401,254.0993138,173.0599093,1.468273702,0.732216518,35078,209.4625539,0.752544224,0.982353612,0.887774832,0.82433341,0.007373961,0.002100353,0.679525571,0.997729526,6
77026,1133.607,396.3590173,248.1558386,1.597218182,0.779751973,78612,313.1653703,0.703562294,0.979824963,0.753220569,0.790105325,0.005145782,0.001237004,0.624266425,0.997089685,0
40201,740.834,270.1332037,189.9135511,1.422400887,0.711153587,40625,226.2421334,0.769470763,0.989563077,0.920459976,0.837520639,0.006719564,0.002039403,0.701440821,0.997730046,3
44806,785.824,291.877525,195.8439983,1.490357261,0.741475396,45256,238.8488456,0.803306022,0.990056567,0.911791337,0.81831873,0.006514251,0.001801915,0.669645544,0.998011099,6
58604,965.098,398.5784151,189.1945252,2.106712203,0.880162072,59291,273.160997,0.600161807,0.988413081,0.790668237,0.685338158,0.006801215,0.00092552,0.469688391,0.989498266,4
30731,670.479,249.4778692,157.2158612,1.586849236,0.776449409,31184,197.8077967,0.76162978,0.98547332,0.859045559,0.79288715,0.008118118,0.001979159,0.628670033,0.997604561,3
50683,840.605,314.9159657,205.3137847,1.533827678,0.758250161,51240,254.0307065,0.767006159,0.989129586,0.901339159,0.806661885,0.006213444,0.00162285,0.650703397,0.99806688,6
27993,615.568,227.0331657,157.1875328,1.444345882,0.721557096,28289,188.7903456,0.740555556,0.989536569,0.928340372,0.831554037,0.008110355,0.002392112,0.691482117,0.998739348,3
61442,992.086,337.9085988,232.4402151,1.453744132,0.725825418,62709,279.6969505,0.709164358,0.979795564,0.784470408,0.827729604,0.005499635,0.001592457,0.685136297,0.996012871,0
49031,838.858,275.6479027,226.8446395,1.215139592,0.568112766,49761,249.856375,0.779494762,0.985329877,0.875595888,0.906433071,0.005621911,0.002341028,0.821620912,0.9983841,5
36592,698.499,239.8121644,194.3987173,1.233609808,0.585559966,36953,215.8480517,0.779083631,0.990230834,0.94246327,0.900071321,0.006553677,0.002653215,0.810128384,0.99938232,5
62218,969.459,346.4144781,229.7546879,1.507758041,0.748409975,63385,281.4576664,0.794427845,0.981588704,0.831892133,0.812488173,0.005567753,0.001496677,0.660137031,0.995326917,0
52794,931.724,389.1208357,173.2824387,2.245587255,0.895372575,53422,259.2670602,0.798095238,0.988244543,0.764222583,0.666289328,0.00737055,0.000896048,0.443941469,0.996909304,4
58360,1017.74,343.4058788,217.0433676,1.582199367,0.774942614,59984,272.5917457,0.737716315,0.972926114,0.708029674,0.793788815,0.005884268,0.001441093,0.630100684,0.996944903,0
26874,609.355,230.0850987,149.1908917,1.542219475,0.761286089,27275,184.978484,0.788093842,0.985297892,0.90949731,0.803956818,0.008561625,0.002206312,0.646346566,0.996808262,3
26264,599.479,221.7402597,151.2012457,1.466524026,0.731459863,26596,182.8670648,0.800682885,0.98751692,0.918380778,0.824690406,0.008442745,0.002408947,0.680114266,0.997403912,3
37968,721.739,267.353509,181.2776036,1.474829233,0.73502076,38430,219.8689588,0.785891704,0.987978142,0.915940448,0.822390399,0.007041548,0.001986827,0.676325968,0.997465308,3
44515,757.601,265.5904698,213.9674526,1.241265747,0.592420038,44780,238.0719604,0.771744595,0.99408218,0.97461965,0.896387437,0.005966314,0.002376123,0.803510437,0.997369982,5
47224,805.648,300.9224619,200.7813547,1.498757005,0.744861094,47747,245.2090216,0.805760306,0.989046432,0.914285785,0.814857821,0.006372236,0.001733002,0.663993268,0.995164562,6
33382,659.434,222.8701044,190.920249,1.167346605,0.515908654,33730,206.1632423,0.781688327,0.989682775,0.964671718,0.925037671,0.006676356,0.003015483,0.855694693,0.998892294,5
46294,782.096,270.6347841,218.8189766,1.236797595,0.588441583,46720,242.7825189,0.755894455,0.990881849,0.95107429,0.89708542,0.005846001,0.002335468,0.804762251,0.995328016,5
36646,697.989,255.1575678,183.2213236,1.392619389,0.695969557,37017,216.00726,0.755120544,0.989977578,0.945233891,0.846564191,0.006962767,0.002205978,0.71667093,0.998049833,6
26909,600.387,223.3074553,153.6162316,1.453670963,0.725792603,27186,185.0989003,0.721904762,0.989810932,0.938090769,0.828897092,0.008298616,0.002416506,0.687070389,0.998774274,3
33518,683.803,255.8353648,167.3207295,1.52901177,0.756479675,33916,206.5827753,0.785774569,0.988265126,0.90079498,0.807483264,0.007632775,0.002001688,0.652029221,0.996960354,3
49204,897.153,365.4696426,172.4948703,2.118727601,0.881608511,49971,250.296781,0.606244302,0.984651098,0.768205207,0.684863397,0.007427641,0.001007967,0.469037873,0.993763487,4
58879,953.706,346.4185229,218.8363498,1.583002656,0.775204079,60225,273.8011526,0.751793968,0.977650477,0.813469472,0.790376768,0.005883567,0.001416306,0.624695436,0.988894534,0
49227,807.687,289.3830362,216.8052717,1.334760146,0.662345789,49748,250.3552737,0.753017301,0.989527217,0.948259163,0.865134588,0.005878543,0.002031347,0.748457855,0.999011716,5
33587,672.575,240.3770452,178.6807736,1.34528769,0.668918861,34033,206.7953012,0.73419022,0.986895072,0.933038657,0.860295545,0.007156848,0.0024182,0.740108425,0.995658754,6
54046,951.099,364.5190353,193.5998216,1.882847992,0.847302678,55750,262.3232823,0.75635356,0.969434978,0.750796036,0.719642205,0.006744607,0.001115843,0.517884903,0.97509855,4
20420,524.932,183.601165,141.8862155,1.294002834,0.634654708,20684,161.2437642,0.790186518,0.987236511,0.931235461,0.878228437,0.008991242,0.003299358,0.771285188,0.99804522,3
58822,942.558,368.175038,206.6187731,1.781905064,0.827682177,60179,273.6685888,0.782321882,0.977450606,0.832019458,0.74331109,0.006259138,0.001178628,0.552511377,0.98452282,2
32340,664.289,245.9615159,167.6533825,1.467083529,0.731702202,32676,202.9200997,0.730055533,0.989717224,0.920949375,0.825007518,0.007605489,0.002173394,0.680637404,0.998551925,3
44737,765.217,264.9758004,215.2640622,1.230933755,0.583112518,45101,238.6648644,0.785135135,0.991929226,0.960080176,0.900704382,0.005922968,0.00240463,0.811268383,0.998617637,5
36738,690.192,237.9328529,197.0584232,1.2074229,0.560417534,37032,216.2782338,0.746661789,0.99206092,0.969137797,0.908988528,0.006476478,0.002727422,0.826260144,0.99764542,5
47180,850.406,348.6152376,172.9046329,2.016228437,0.868336489,47729,245.0947607,0.71003958,0.988497559,0.819813696,0.703052346,0.007389047,0.001113573,0.494282602,0.996586637,4
70090,1026.526,393.1827706,227.4275671,1.728826349,0.815734085,70820,298.7329237,0.74148127,0.989692177,0.835845515,0.759781318,0.005609684,0.001153115,0.577267651,0.997995526,2
61774,977.266,402.3149117,195.8970224,2.053706109,0.873444014,62439,280.4515995,0.645746004,0.989349605,0.812811817,0.697094717,0.00651269,0.000948653,0.485941044,0.997980091,4
71540,1024.667,404.2473611,228.2414437,1.77113917,0.825358945,73026,301.8071521,0.806993796,0.979651083,0.856235639,0.746590284,0.005650648,0.001082947,0.557397052,0.987227752,2
32279,646.556,218.1816038,188.5531418,1.15713587,0.503143726,32623,202.7286345,0.790183599,0.989455292,0.970325944,0.929173821,0.006759243,0.00310789,0.86336399,0.999029442,5
86715,1120.93,432.8499808,257.0624601,1.68383194,0.80455105,87738,332.2784482,0.798260149,0.988340286,0.867255589,0.767652681,0.004991639,0.001069257,0.589290638,0.992266399,2
37972,727.993,273.15351,177.5132113,1.538778483,0.760048701,38371,219.8805403,0.720476624,0.989601522,0.900365674,0.804970583,0.007193551,0.00186313,0.64797764,0.99709405,6
45215,812.088,306.1473396,189.9813078,1.611460323,0.784162807,45948,239.9365041,0.664740734,0.984047184,0.86156136,0.783728856,0.006770924,0.001575764,0.614230919,0.989808755,6
55277,939.509,386.6178902,183.0291556,2.11232953,0.880841666,55980,265.2939168,0.673059127,0.987441944,0.786959603,0.686191518,0.006994191,0.00095653,0.470858799,0.994608946,4
72205,1061.352,414.1424338,223.9893148,1.848938348,0.841118473,73083,303.2066314,0.705733443,0.987986262,0.805486472,0.732131283,0.005735648,0.001016525,0.536016215,0.991060936,2
32947,668.231,209.6932927,200.2495993,1.047159612,0.296720861,33336,204.8155836,0.765319396,0.988330934,0.927198033,0.97673884,0.006364564,0.003573241,0.954018762,0.999009917,5
183924,1623.448,631.112949,373.1654798,1.691241508,0.806465163,185666,483.9207683,0.76097561,0.990617561,0.876943276,0.766773632,0.003431379,0.000731673,0.587941803,0.994351582,1
51292,914.188,364.0980518,181.2771439,2.008516043,0.867245922,52134,255.5523483,0.6318305,0.983849311,0.771238081,0.701877824,0.007098535,0.001062661,0.49263248,0.989460239,4
41586,745.494,262.3119312,202.0466643,1.298274,0.637737921,42002,230.1063661,0.743762631,0.99009571,0.94030492,0.87722417,0.006307698,0.002304056,0.769522244,0.999050722,5
44390,789.818,291.9659033,193.9742858,1.505178391,0.747401106,44806,237.7374674,0.770418966,0.990715529,0.89421295,0.81426449,0.00657729,0.001783564,0.66302666,0.997973401,6
42379,759.965,251.0375673,215.2179124,1.166434357,0.514794568,42840,232.2899453,0.763585586,0.989239029,0.922090156,0.925319456,0.005923631,0.002678765,0.856216096,0.998719872,5
35683,699.955,237.1640772,192.1409058,1.234323718,0.586208483,36188,213.1501975,0.787495586,0.986045098,0.915231552,0.898745712,0.006646416,0.002674944,0.807743855,0.997017398,5
32061,653.995,237.928599,171.9643956,1.383592215,0.691102974,32411,202.042899,0.71913061,0.989201197,0.94197217,0.8491745,0.007421122,0.00238033,0.721097331,0.997704653,3
34313,671.844,220.9339754,198.103852,1.115243208,0.442708884,34600,209.0183449,0.796975891,0.991705202,0.955282162,0.946067007,0.006438783,0.003181787,0.895042782,0.998190384,5
47134,870.142,360.7750005,167.4884538,2.154029083,0.885706151,47862,244.9752492,0.623688354,0.984789603,0.78228301,0.679025012,0.007654241,0.001003749,0.461074967,0.993168889,4
71260,1017.171,386.7800965,236.4453049,1.635812125,0.791385713,72469,301.2159524,0.796699611,0.983317005,0.865501336,0.778778316,0.005427731,0.001231554,0.606495666,0.992112964,2
41851,775.402,283.086227,190.1253355,1.488945312,0.740899111,42604,230.8383594,0.746699258,0.982325603,0.874705525,0.815434795,0.006764145,0.001844801,0.664933905,0.99005022,6
86975,1181.978,426.6949965,260.5436427,1.637710259,0.791932519,88249,332.7762152,0.784406566,0.985563576,0.782321949,0.779892471,0.00490595,0.001119546,0.608232266,0.996108222,0
48202,815.613,272.3113872,225.9420202,1.205226841,0.558180833,48782,247.7351258,0.756537025,0.988110369,0.910555965,0.909749417,0.005649379,0.002387084,0.827644002,0.997498765,5
41143,767.082,283.1627117,186.665526,1.516952368,0.751953212,41815,228.8774663,0.785141788,0.983929212,0.878662792,0.808289569,0.006882403,0.001812123,0.653332028,0.991073567,6
65563,1033.627,364.1200521,230.6437505,1.57871198,0.773801827,66934,288.924565,0.814447205,0.979517136,0.771153779,0.793487102,0.005553743,0.001358079,0.629621781,0.993991449,0
25955,609.72,230.2726527,144.0560142,1.598493849,0.780152892,26258,181.7881525,0.696965628,0.98846066,0.877344212,0.789447424,0.008871996,0.002125661,0.623227235,0.996224902,3
60563,1005.91,408.4148618,189.8140139,2.151658107,0.885437823,61453,277.6890465,0.621981904,0.985517387,0.752140532,0.679919054,0.006743637,0.000889002,0.46228992,0.994689855,4
45430,811.756,320.7426524,181.3497523,1.768641249,0.824812884,45931,240.5062837,0.666989664,0.989092334,0.866366371,0.749841912,0.007060151,0.001376805,0.562262893,0.994441345,6
40289,734.253,247.6013205,207.3716569,1.193997888,0.546402962,40728,226.4896201,0.772530296,0.989221175,0.939084977,0.914735106,0.006145631,0.002654163,0.836740314,0.999066168,5
38369,731.627,274.2813142,178.9082412,1.533083733,0.757978021,38846,221.026985,0.811939225,0.987720743,0.900763741,0.805840477,0.007148513,0.001859481,0.649378874,0.995552188,6
36852,730.149,279.3413824,168.3601006,1.659189923,0.797965025,37336,216.6135354,0.732498509,0.98703664,0.868656227,0.775443772,0.007580087,0.001690656,0.601313044,0.997692544,6
38945,733.509,269.092946,185.0519588,1.454148055,0.726006455,39451,222.6798466,0.73572751,0.987173963,0.909600475,0.827520193,0.006909563,0.001998687,0.68478967,0.995785566,3
87877,1139.646,451.0175734,251.8874406,1.790552051,0.82951329,89563,334.4973415,0.664466322,0.981175262,0.850247072,0.741650351,0.005132373,0.000957844,0.550045243,0.984884637,2
75389,1081.439,423.1204844,231.3571651,1.828862678,0.837271152,77225,309.8197154,0.76144352,0.976225316,0.810053666,0.732225753,0.005612496,0.000995213,0.536154554,0.980553052,2
39373,745.525,287.8294568,174.8563959,1.646090526,0.794319675,39750,223.900113,0.74381305,0.990515723,0.890192535,0.777891587,0.007310326,0.001651174,0.605115322,0.996074598,6
51484,908.819,362.4071223,181.4522296,1.99725913,0.865628888,52533,256.0302028,0.688629402,0.980031599,0.783298599,0.706471223,0.007039218,0.001081638,0.499101588,0.996835204,4
79669,1142.445,399.2322776,255.9725168,1.559668525,0.76740566,81174,318.4928905,0.771836853,0.981459581,0.767058748,0.797763378,0.005011137,0.001252023,0.636426408,0.992614236,0
55405,935.033,383.5952361,184.6208978,2.077745482,0.876560931,56201,265.6008979,0.643107531,0.985836551,0.796351763,0.692398844,0.006923477,0.000981588,0.479416159,0.996104757,4
36496,698.972,218.3369555,213.0391831,1.024867596,0.218951263,36927,215.5647244,0.771487761,0.988328323,0.938718927,0.987302969,0.00598249,0.003506417,0.974767153,0.999007269,5
51381,857.648,328.4885251,200.838672,1.635584032,0.791319852,51969,255.7739648,0.806077625,0.988685563,0.877797335,0.778638964,0.006393191,0.001449579,0.606278636,0.991619656,6
58303,960.402,393.6627055,189.5666152,2.076645748,0.876420938,58857,272.4585935,0.650253173,0.990587356,0.794318458,0.692111774,0.006752015,0.000955692,0.479018708,0.994752163,4
45460,783.344,267.2120104,217.5853339,1.228079143,0.580472617,45965,240.5856806,0.770338739,0.98901338,0.930966927,0.900355041,0.005877959,0.002382657,0.8106392,0.995529094,5
43947,765.591,266.0595312,210.6660139,1.262944726,0.610780076,44397,236.5482155,0.749322239,0.98986418,0.942205118,0.889080028,0.0060541,0.002333419,0.790463297,0.998311452,5
49464,837.86,316.553254,200.3609223,1.579915137,0.774196445,50060,250.9572092,0.740434705,0.988094287,0.885433976,0.792780381,0.00639967,0.001559369,0.628500732,0.99297782,6
31703,656.305,215.7089067,187.2724497,1.151845384,0.496263281,32093,200.9117052,0.777110501,0.987847817,0.92490856,0.931401991,0.006804053,0.003158611,0.867509669,0.999237008,5
60134,984.152,385.5043376,199.9895086,1.927622805,0.854911607,61079,276.7037889,0.681745006,0.984528234,0.780199376,0.717770883,0.006410755,0.00104962,0.515195041,0.99310171,4
43524,764.419,283.7772267,195.5546114,1.451140552,0.72465378,43869,235.4070474,0.715384615,0.992135677,0.935999721,0.829548763,0.006520017,0.001904567,0.68815115,0.99860404,5
35077,707.652,261.0852171,172.9925206,1.509228354,0.748982079,35566,211.3324952,0.785880719,0.986250914,0.880223238,0.809438763,0.007443203,0.00197095,0.655191111,0.988833002,6
37068,704.024,245.3649806,192.5270994,1.274443865,0.619931442,37452,217.2474245,0.80952173,0.989746876,0.939797076,0.885405179,0.006619321,0.002509351,0.78394233,0.999090493,5
44305,760.743,271.0108236,208.2624982,1.301294405,0.639891088,44628,237.509743,0.788625845,0.992762391,0.962025702,0.876384713,0.006116935,0.002225834,0.768050166,0.999459384,5
25416,585.633,213.7695189,153.075718,1.396495288,0.698019942,25694,179.8906787,0.70845993,0.989180353,0.931249353,0.841516974,0.008410825,0.002601776,0.708150817,0.98892928,3
65987,1008.537,362.3717091,232.4004593,1.559255563,0.767263754,67136,289.857306,0.77998818,0.982885486,0.815238304,0.799889447,0.005491562,0.001386742,0.639823127,0.997647771,0
41196,756.365,274.9410719,191.2819573,1.437360197,0.71831324,41620,229.0248377,0.779562873,0.98981259,0.904903078,0.832996089,0.006673975,0.001982148,0.693882485,0.997359066,6
42210,747.163,268.8365871,200.0457671,1.343875409,0.668049763,42536,231.8263168,0.770536692,0.992335904,0.950155096,0.862331721,0.006369026,0.002172452,0.743615997,0.999327252,5
43298,778.205,296.6967505,186.3900285,1.591805918,0.77803794,43736,234.7950719,0.685713381,0.989985367,0.898441215,0.791363813,0.006852435,0.00165779,0.626256685,0.996879098,6
68020,1007.399,396.924249,221.0941039,1.795272882,0.830500162,69372,294.2885554,0.75388469,0.980510869,0.842254734,0.741422466,0.005835405,0.001087712,0.549707273,0.986874559,2
50537,848.108,320.9636265,201.476975,1.59305363,0.778434969,51199,253.6645558,0.725189416,0.98707006,0.882911151,0.790321815,0.006351062,0.001528418,0.624608571,0.995034952,6
33250,670.611,245.8324785,172.6497789,1.423879486,0.711874568,33588,205.7552305,0.81567069,0.989936882,0.929095096,0.83697334,0.007393458,0.002238071,0.700524371,0.997462281,3
48082,821.099,301.0241639,204.2069938,1.4741129,0.734716674,48524,247.4265624,0.711946221,0.990891105,0.896192576,0.821949173,0.006260641,0.0017627,0.675600442,0.995911327,6
37513,706.094,232.9818929,205.4078221,1.134240608,0.471909209,37951,218.5475578,0.754151421,0.988458802,0.945511072,0.938045249,0.006210697,0.002966301,0.87992889,0.998051079,5
39133,730.282,279.2811897,178.6378419,1.563393214,0.768679322,39423,223.216673,0.751704796,0.992643888,0.92208682,0.799254233,0.007136718,0.001796462,0.638807329,0.998707043,3
32723,672.774,255.5404439,163.4189813,1.563713357,0.768788273,33022,204.1181462,0.701608062,0.99094543,0.908499259,0.798770414,0.0078092,0.001960985,0.638034175,0.997702561,3
32360,659.906,243.1000201,170.0215219,1.429819104,0.714741062,32697,202.9828359,0.713278081,0.989693244,0.933800759,0.834976631,0.007512362,0.002252442,0.697185975,0.996849826,3
51561,858.03,333.29467,198.3860735,1.68003058,0.803557408,52271,256.2215919,0.816989114,0.986416942,0.880088306,0.768753943,0.006464085,0.001392632,0.590982626,0.992868883,6
28861,634.629,235.6350971,156.5353289,1.505315758,0.747454994,29245,191.694983,0.736400286,0.98686955,0.900495219,0.813524748,0.008164481,0.002205929,0.661822515,0.996251861,3
41574,749.958,269.3261119,196.742213,1.368928955,0.682914729,42006,230.0731641,0.752470588,0.989715755,0.928876106,0.854254949,0.006478234,0.002128073,0.729751518,0.998977983,5
47096,807.722,255.1785001,235.3415611,1.084289995,0.386564204,47740,244.8764782,0.795271868,0.986510264,0.907131113,0.959628175,0.005418263,0.002834339,0.920886233,0.998507729,5
38998,747.763,281.3657909,177.618235,1.584104193,0.775561834,39652,222.8313168,0.768009768,0.983506507,0.876444167,0.791963075,0.007214877,0.001750767,0.627205511,0.993558881,6
40586,754.38,288.2094559,180.1851852,1.59951805,0.780473937,41079,227.3228985,0.786367511,0.987998734,0.896201741,0.788741985,0.007101204,0.00169532,0.622113919,0.995082443,6
40202,726.182,251.7947693,203.4919059,1.237369949,0.588955124,40556,226.2449473,0.756757774,0.991271329,0.958002326,0.898529179,0.00626324,0.0025183,0.807354685,0.998996426,5
41288,775.396,281.8674001,189.3925711,1.488270625,0.740623,42388,229.2804273,0.708806867,0.974049259,0.862951916,0.813433647,0.00682686,0.001843696,0.661674298,0.984750421,6
32026,661.84,244.0595844,167.5041642,1.457035923,0.727295101,32428,201.9325869,0.719410562,0.987603306,0.918769439,0.827390522,0.00762067,0.002203003,0.684575076,0.997450477,3
36775,691.274,244.7388893,191.479912,1.278143941,0.622795716,37039,216.3871167,0.755179991,0.992872378,0.967079328,0.884155016,0.006655034,0.002508671,0.781730093,0.999163582,5
48973,835.903,303.0129595,207.0413164,1.463538606,0.730160708,49584,249.7085506,0.687581608,0.987677477,0.880754367,0.824085382,0.006187347,0.001760245,0.679116717,0.993913534,6
45308,789.661,290.3709124,199.177094,1.457852942,0.727657876,45780,240.1831328,0.766892349,0.989689821,0.913068535,0.827159755,0.006408822,0.001850613,0.68419326,0.997453158,6
44693,807.608,296.4135837,192.9371202,1.536322214,0.759159088,45329,238.547469,0.706921641,0.985969247,0.861089209,0.80477914,0.006632215,0.00171611,0.647669465,0.995028986,6
27291,612.194,229.6139293,151.7313612,1.513292489,0.750552533,27618,186.4081018,0.743461916,0.988159896,0.91506338,0.811832725,0.00841354,0.002254368,0.659072373,0.997369271,3
65289,1017.247,395.7167381,211.9548364,1.866986122,0.844457464,66261,288.3201981,0.716996672,0.985330738,0.792860981,0.728602483,0.006061002,0.001053627,0.530861579,0.9911112,2
57419,942.998,371.3359336,198.0167964,1.875274929,0.845954462,58234,270.3851723,0.770714487,0.986004739,0.811416707,0.728141685,0.006467126,0.001121385,0.530190313,0.994252602,4
29708,641.595,226.5666379,167.6910498,1.35109559,0.67245272,30162,194.4875327,0.710887772,0.984947948,0.906904042,0.858412053,0.007626452,0.00255438,0.736871252,0.9955835,3
24567,583.214,220.8598819,141.9189579,1.556239456,0.7662231,24838,176.8606115,0.759811957,0.989089299,0.907624287,0.800781971,0.008990104,0.002280351,0.641251765,0.997941297,3
29293,646.903,230.4747612,162.4538894,1.418708792,0.709340198,29751,193.1243278,0.713767057,0.984605559,0.879620587,0.837941329,0.007867913,0.00239273,0.702145671,0.996140237,3
62728,981.369,371.758835,217.0091579,1.713102058,0.811943246,63882,282.6088643,0.770993117,0.981935443,0.818477292,0.760194077,0.005926521,0.001220893,0.577895034,0.989993172,2
35049,679.396,228.9631987,195.0752162,1.173717518,0.523551942,35349,211.2481309,0.777484472,0.991513197,0.954200246,0.922629192,0.00653266,0.002919971,0.851244625,0.999120729,5
89597,1132.549,436.6656108,262.2302404,1.665199293,0.799603187,90416,337.7550051,0.808878095,0.990941869,0.877787375,0.773486615,0.004873663,0.001076085,0.598281543,0.996258003,2
35291,723.178,276.2396963,163.1613077,1.693046593,0.806926986,35849,211.9761703,0.71922638,0.984434712,0.847975719,0.767363175,0.007827483,0.001674194,0.588846242,0.996944124,6
35354,681.226,237.2896852,189.8898462,1.249617554,0.599673407,35666,212.1652914,0.768565217,0.991252173,0.957339529,0.894119318,0.00671182,0.002646074,0.799449354,0.999005947,5
42008,773.158,294.4922025,181.8473586,1.619447237,0.786575083,42547,231.2709381,0.69223037,0.987331657,0.883090802,0.785321092,0.007010384,0.001644791,0.616729218,0.998760428,3
78419,1078.779,424.1695852,237.9201791,1.782823075,0.827878036,79787,315.9844488,0.736840622,0.98285435,0.84677143,0.744948388,0.005409015,0.001027549,0.554948101,0.98937428,2
37420,704.994,238.9729806,199.7897404,1.196122384,0.548676341,37757,218.2764847,0.755898513,0.991074503,0.946112555,0.913393992,0.006386237,0.002741936,0.834288584,0.997911251,5
63970,1006.279,411.2312671,199.4364923,2.061966004,0.874528543,64756,285.3929461,0.619144406,0.987862129,0.79387001,0.693996223,0.006428502,0.000919852,0.481630757,0.993106248,4
32138,665.691,251.4435063,163.2265641,1.540457019,0.760653593,32461,202.2853739,0.795278513,0.990049598,0.9113461,0.804496313,0.007823869,0.002021611,0.647214318,0.997005839,3
42156,746.626,253.2988918,213.2475744,1.187816051,0.539662903,42571,231.6779796,0.754456296,0.99025158,0.950305058,0.91464269,0.006008608,0.002593938,0.83657125,0.993692758,5
35174,694.662,254.4179748,176.1312788,1.444479234,0.721618421,35543,211.624497,0.753803952,0.989618209,0.915976936,0.831798529,0.007233126,0.002135888,0.691888792,0.999418993,3
47142,839.093,327.1550577,183.9536544,1.778464575,0.826945028,47669,244.996038,0.694132371,0.988944597,0.84139063,0.748868257,0.006939779,0.001346316,0.560803667,0.997369455,6
35734,704.049,255.609616,178.9039583,1.428753273,0.71423016,36235,213.3024657,0.718704747,0.986173589,0.905911401,0.834485295,0.007153121,0.002139686,0.696365707,0.994934783,6
46053,798.158,301.2435026,195.9604243,1.537267046,0.759501916,46641,242.1497486,0.727604512,0.987393066,0.908427031,0.80383393,0.006541235,0.001684631,0.646148987,0.993303545,6
208502,1770.466,674.4861852,401.0171551,1.681938482,0.804057113,212629,515.2407122,0.679936996,0.980590606,0.835881873,0.763901061,0.003234915,0.000679502,0.58354483,0.981486506,1
26161,602.251,230.1195599,144.9688198,1.58737279,0.776618056,26488,182.5081361,0.800324278,0.987654787,0.906377561,0.793101361,0.008796283,0.002146811,0.629009768,0.998472991,3
43841,785.132,300.7763356,186.6696678,1.611275892,0.784106591,44336,236.2627666,0.735587248,0.988835258,0.893727165,0.785509825,0.006860618,0.0016112,0.617025685,0.99419861,6
86321,1117.68,437.5317131,252.7078941,1.73137335,0.816336793,86882,331.5227153,0.77873304,0.993542966,0.86834312,0.757711282,0.005068659,0.001030595,0.574126387,0.994027126,2
38938,781.143,241.3352881,205.8768154,1.1722315,0.521790248,39426,222.6598334,0.788138852,0.987622381,0.801904064,0.922616146,0.006197937,0.0027702,0.851220552,0.997827545,5
57822,960.638,398.2196633,185.7767932,2.143538257,0.884511503,58383,271.3323736,0.728833428,0.990391038,0.787378314,0.681363575,0.006886992,0.000915641,0.464256322,0.995151187,4
44598,783.045,263.6465646,216.4566255,1.218011063,0.570912941,45129,238.2938044,0.791727321,0.98823373,0.914011806,0.903838079,0.005911623,0.002433599,0.816923273,0.995021584,5
58500,935.208,380.0832217,196.9932454,1.929422609,0.855205072,58982,272.9185105,0.77295069,0.991828015,0.840522423,0.718049351,0.006497149,0.001065417,0.51559487,0.994800399,4
74363,1060.382,406.0462531,234.6359025,1.730537607,0.81613937,75179,307.704261,0.802787404,0.989145905,0.831078548,0.757805936,0.005460326,0.001110786,0.574269837,0.993795549,2
72611,1084.358,421.7584937,221.2070214,1.906623448,0.851418201,73817,304.0578836,0.68156304,0.9836623,0.776009264,0.720928892,0.005808466,0.000967856,0.519738467,0.990945549,2
80789,1130.935,383.9689235,268.6870597,1.429056256,0.714375547,82025,320.7237902,0.783294551,0.984931423,0.793755609,0.835285802,0.004752738,0.001427132,0.697702371,0.997055938,0
42139,759.321,281.5399279,191.1879789,1.472581747,0.734064781,42569,231.6312612,0.729932444,0.989898753,0.918424091,0.822729703,0.00668122,0.001888271,0.676884164,0.996767264,3
76904,1129.184,398.3228726,246.6602823,1.614864253,0.785196175,78367,312.9172637,0.707013689,0.981331428,0.757930461,0.785586983,0.005179482,0.001216867,0.617146908,0.996608481,0
26622,600.457,222.1114152,152.9317327,1.452356625,0.725202046,26951,184.109161,0.746571693,0.987792661,0.927869115,0.828904542,0.008343153,0.002429562,0.68708274,0.99788917,3
37982,720.626,270.6916541,179.0020612,1.512226464,0.750142144,38363,219.9094914,0.709466527,0.990068556,0.919110736,0.812398491,0.00712684,0.001914931,0.659991308,0.998056322,3
85618,1109.054,420.1109726,261.33371,1.60756518,0.782970562,87049,330.1699916,0.74806906,0.983560983,0.874721009,0.785911374,0.004906807,0.00115471,0.617656687,0.992923384,2
48754,823.52,313.2937855,198.7324424,1.576460198,0.773060302,49218,249.1495952,0.758935243,0.990572555,0.903382795,0.795258657,0.006426012,0.001585459,0.632436332,0.997010705,6
57812,906.071,289.5485579,254.9310128,1.135791816,0.474151929,58725,271.3089098,0.769390471,0.984452959,0.88491875,0.9370066,0.005008451,0.002381517,0.877981369,0.997204053,0
23684,571.022,207.23373,145.8234678,1.42112743,0.710530241,23967,173.653118,0.768162948,0.988192097,0.912765538,0.837957788,0.008749946,0.002661177,0.702173254,0.997877672,3
51316,891.313,364.4540241,180.8641254,2.015070835,0.868173684,51913,255.612129,0.676965292,0.98849999,0.811712397,0.701356309,0.007102152,0.001060046,0.491900672,0.991214697,4
43840,785.843,294.2730489,190.4179492,1.54540604,0.762422846,44514,236.260072,0.705958132,0.984858696,0.89209033,0.802860041,0.006712433,0.001720359,0.644584245,0.996144386,6
34304,690.332,261.5908535,167.3115206,1.563495763,0.76871423,34717,208.9909312,0.693514475,0.988103811,0.904562578,0.79892293,0.007625666,0.00191636,0.638277848,0.997944712,3
182755,1630.171,616.8017129,379.60729,1.624841591,0.788180139,184677,482.3804443,0.824029903,0.98959264,0.864197102,0.78206729,0.00337502,0.000778812,0.611629247,0.993800638,1
60108,921.726,351.5022062,218.5511185,1.608329477,0.783205329,60547,276.6439635,0.80944814,0.992749434,0.889075137,0.787033363,0.005847844,0.001384038,0.619421515,0.996233882,2
51321,868.552,319.725866,205.8437782,1.553245227,0.76518258,52228,255.6245815,0.738166127,0.982633836,0.854896078,0.799511734,0.006229923,0.001570225,0.639219013,0.99286388,6
38426,721.068,230.7192919,212.3871881,1.086314547,0.390639625,38886,221.1911001,0.777319254,0.98817055,0.928715293,0.958702232,0.00600425,0.003128769,0.919109969,0.99844253,5
32741,664.125,246.1955442,169.5651659,1.45192288,0.725006698,33053,204.1742783,0.730173952,0.990560615,0.93282923,0.829317521,0.007519488,0.002194075,0.68776755,0.998585443,3
34397,681.261,248.865816,176.3313768,1.411352991,0.705670686,34709,209.2740324,0.725185529,0.991010977,0.931329533,0.840911121,0.007235102,0.002231644,0.707131514,0.998012177,3
26930,606.008,216.3814134,158.8763773,1.361948309,0.678887552,27253,185.1711126,0.723457984,0.988148094,0.921487615,0.855762562,0.008034958,0.002658132,0.732329562,0.997395008,3
64478,974.289,361.6608793,227.7020864,1.58830727,0.776918566,65268,286.5238897,0.687325445,0.987896059,0.85358313,0.79224463,0.005609059,0.001363035,0.627651555,0.996903527,0
57109,969.163,407.1832607,178.9490305,2.275414734,0.898252218,57833,269.6542919,0.737670826,0.987481196,0.76404822,0.662243068,0.007129932,0.000845931,0.438565881,0.997919269,4
41674,782.985,305.316673,174.2483853,1.752192266,0.821149169,42098,230.3497011,0.779623602,0.989928263,0.854216915,0.754461585,0.007326311,0.001464245,0.569212283,0.997369361,6
41389,738.976,257.1531925,205.2238431,1.253037604,0.602577136,41854,229.5606924,0.769240777,0.988889951,0.952432332,0.892700146,0.006213081,0.002433936,0.79691355,0.998562645,5
37970,703.416,246.4983607,196.4891967,1.254513555,0.603818654,38241,219.8747496,0.750039507,0.992913365,0.964330662,0.891992746,0.006491924,0.00253512,0.795651059,0.998155038,5
28192,625.45,233.6954694,154.2326296,1.515214192,0.751289582,28568,189.4602049,0.712783172,0.986838421,0.905629492,0.810714069,0.008289425,0.002208895,0.657257302,0.995885592,3
77063,1129.944,402.7253779,245.2669919,1.641987676,0.793156424,78491,313.2405769,0.691024032,0.981806831,0.75847616,0.777801932,0.005225924,0.001179829,0.604975845,0.993362882,0
36013,716.004,276.2403999,166.6764974,1.657344641,0.797457738,36429,214.1335465,0.672511671,0.988580527,0.882751101,0.775170998,0.007670575,0.001708432,0.600890076,0.995881948,3
73874,1035.476,403.2854111,234.6111253,1.718952631,0.81336794,74671,306.6908837,0.777293771,0.989326512,0.865807621,0.760480978,0.005459098,0.0011263,0.578331317,0.99412414,2
60459,986.59,415.3971136,187.4495707,2.216047292,0.892395602,61167,277.4505175,0.703715343,0.988425131,0.780544028,0.667916335,0.006870724,0.000843472,0.44611223,0.988605799,4
51494,864.097,325.3516274,202.6147673,1.605764633,0.782415889,52079,256.0550666,0.691956247,0.988767065,0.866645523,0.787010253,0.006318243,0.001495194,0.619385138,0.994586749,6
61348,949.061,356.9393556,219.2460922,1.628030639,0.789120006,62159,279.4829147,0.73998842,0.986952815,0.855898014,0.782998317,0.005818272,0.001349016,0.613086364,0.998123385,0
30164,656.289,241.6225794,159.2013424,1.517716972,0.752244229,30597,195.9744821,0.767863962,0.985848286,0.880052429,0.811076856,0.008010296,0.002138338,0.657845667,0.998423533,3
29948,636.964,231.1941469,165.4664022,1.397227134,0.69840451,30305,195.2715491,0.733803783,0.988219766,0.927572604,0.844621508,0.007719853,0.002423468,0.713385492,0.996761567,3
57948,969.322,396.5740546,186.8907844,2.121956178,0.881992593,58675,271.6278431,0.691066509,0.987609715,0.77501869,0.684935991,0.006843619,0.000929107,0.469137312,0.995488817,4
46031,799.941,299.0824108,196.6011495,1.521264812,0.753587378,46446,242.091903,0.773682264,0.991064893,0.903949899,0.809448815,0.006497413,0.001720592,0.655207384,0.996743938,6
45079,825.34,305.376345,188.834906,1.617160468,0.785888818,45895,239.5753857,0.741162737,0.982220285,0.831607409,0.784525028,0.006774248,0.001582953,0.61547952,0.995329149,6
44399,828.051,341.5438095,166.3586461,2.05305716,0.873358194,44950,237.7615666,0.796109019,0.987741935,0.813708552,0.696137831,0.007692601,0.001114382,0.484607879,0.994927676,4
39670,722.087,249.9397668,202.2636017,1.235713024,0.587465266,40041,224.7429926,0.796346482,0.990734497,0.956077311,0.899188614,0.006300473,0.002540716,0.808540164,0.999123612,5
34999,688.989,250.4135016,178.2378358,1.404940205,0.702408486,35406,211.0973965,0.759922703,0.988504773,0.926490399,0.842995267,0.007154876,0.002228858,0.71064102,0.99840814,3
52004,905.142,367.7977173,181.8281888,2.022776114,0.869251528,52771,257.3199357,0.639183874,0.985465502,0.797651487,0.699623526,0.007072489,0.001045225,0.489473077,0.99009445,4
52184,888.581,332.9882035,200.1934012,1.663332565,0.799096574,53114,257.7648781,0.678154646,0.982490492,0.830525907,0.774096125,0.00638104,0.001413354,0.599224811,0.996710142,0
51015,859.253,327.8575096,198.507869,1.651609638,0.795868169,51718,254.861365,0.777418814,0.986407054,0.868291682,0.777354056,0.006426688,0.00144758,0.604279329,0.998033563,0
41556,774.665,275.4594852,194.3070651,1.417650383,0.70881688,42272,230.0233521,0.753590599,0.983062074,0.870193294,0.8350533,0.006628633,0.001988202,0.697314014,0.988547478,6
33809,669.341,230.2474971,187.1642998,1.230189184,0.582426873,34143,207.4776031,0.784067718,0.990217614,0.948303455,0.901106877,0.006810243,0.002769795,0.811993604,0.998905748,5
72092,1062.088,346.6950133,265.1115142,1.307732764,0.644407553,73330,302.969281,0.752840434,0.983117414,0.803111665,0.873878393,0.004809064,0.001729993,0.763663446,0.998667708,0
25625,595.454,217.114084,150.8703958,1.439076784,0.719116091,25960,180.6287998,0.746127417,0.987095532,0.908191231,0.831953398,0.008472745,0.002503801,0.692146456,0.996051896,3
21570,538.454,196.5372798,139.8773025,1.40506913,0.702474661,21820,165.721987,0.81245998,0.988542621,0.934894907,0.843208918,0.009111603,0.002841288,0.711001279,0.999005949,3
54637,936.34,384.6716817,182.1209184,2.112177365,0.880823335,55389,263.7536521,0.600406593,0.986423297,0.783122237,0.685659134,0.007040498,0.000959878,0.470128448,0.992994667,4
30890,654.345,244.9321114,160.9467478,1.521820818,0.753796806,31203,198.3188582,0.775293025,0.989968913,0.906596829,0.809689089,0.007929172,0.002102232,0.655596421,0.997700282,3
42528,781.67,293.0467026,186.3169009,1.572840151,0.771860009,43237,232.6979402,0.802536232,0.983602008,0.874657319,0.794064353,0.006890677,0.001689913,0.630538196,0.991735792,6
41283,737.859,265.0457183,198.5290071,1.335047821,0.662528349,41610,229.2665438,0.767113869,0.992141312,0.95287154,0.865007537,0.006420215,0.00221722,0.748238038,0.998933563,5
44356,813.005,321.6274764,176.3942958,1.823343974,0.836188029,44858,237.6464038,0.650934813,0.988809131,0.843287778,0.738887133,0.007251048,0.001333193,0.545954195,0.995462291,6
30197,651.906,242.9028407,158.8431898,1.52919896,0.756548883,30602,196.0816527,0.748933532,0.986765571,0.892901817,0.807243144,0.008043939,0.002107007,0.651641493,0.996489493,3
35554,704.375,261.7226379,173.377499,1.509553658,0.749108371,35942,212.7645618,0.714653266,0.98920483,0.900513992,0.812939085,0.007361271,0.001983191,0.660869956,0.99761866,3
64517,989.617,358.2773488,230.0473935,1.557406686,0.766626717,65672,286.6105297,0.713715209,0.982412596,0.827846343,0.799968322,0.005553224,0.001402866,0.639949317,0.996661345,0
30414,661.067,257.336229,150.7779075,1.706723706,0.810370405,30745,196.784927,0.799274677,0.989234022,0.874565718,0.764699661,0.008461111,0.001784723,0.584765571,0.998033263,3
37149,713.446,266.1961182,177.8854551,1.49644679,0.743937124,37584,217.4846566,0.770246734,0.988425926,0.917138188,0.817009121,0.007165633,0.001969436,0.667503904,0.998884074,3
33666,676.104,253.0098956,169.8646451,1.489479435,0.741117358,34016,207.03836,0.765693231,0.989710724,0.92549563,0.818301433,0.007515294,0.002078639,0.669617235,0.9973811,3
42745,767.781,285.6236225,191.0934163,1.494680602,0.743227066,43142,233.2908578,0.722239119,0.99079783,0.911214169,0.816777183,0.006682036,0.001834438,0.667124967,0.997138747,6
37112,713.042,262.3894128,180.8135592,1.451160046,0.724662583,37509,217.3763234,0.740581098,0.989415874,0.917263263,0.828449293,0.007070204,0.002054355,0.68632823,0.995972106,3
28615,628.078,226.9721739,161.1857974,1.408140032,0.704043706,29028,190.8762677,0.815799977,0.985772358,0.911541512,0.840967703,0.00793193,0.002447236,0.707226677,0.995874196,3
27098,622.92,236.0994315,146.5264842,1.611308923,0.784116661,27476,185.7477999,0.691363694,0.986242539,0.877571585,0.786735482,0.008712799,0.002058981,0.618952718,0.997324038,3
44716,801.453,304.0559021,188.1908571,1.615678396,0.785442166,45234,238.608842,0.80301697,0.988548437,0.874815952,0.784753199,0.006799712,0.001590753,0.615837584,0.99499548,6
28379,630.568,242.7688596,149.0451782,1.628827329,0.789353769,28697,190.0875194,0.784470367,0.988918702,0.896898086,0.78299795,0.008554525,0.001983436,0.61308579,0.99861089,3
71054,1020.761,404.5474784,225.7110946,1.792324294,0.829884823,71910,300.7802564,0.794449786,0.988096231,0.85693969,0.743498038,0.005693522,0.001073198,0.552789332,0.99077775,2
53663,914.023,378.6001395,181.6477771,2.084254184,0.87738449,54314,261.3921454,0.63802492,0.98801414,0.807180318,0.690417457,0.007055143,0.000988855,0.476676264,0.993514499,4
55272,938.937,389.9998783,180.8831036,2.15608794,0.885938373,55781,265.2819182,0.596053057,0.990875029,0.787847456,0.680210259,0.007056012,0.000931777,0.462685996,0.997591697,4
32859,675.504,252.4447767,166.2080841,1.518847763,0.752673608,33272,204.541874,0.718700787,0.98758716,0.904916186,0.810244033,0.007682668,0.002042468,0.656495393,0.997116559,3
31972,639.974,213.6874805,190.6449473,1.120866215,0.451705439,32246,201.7622728,0.772270531,0.991502822,0.980968377,0.944193232,0.006683582,0.003276669,0.891500859,0.999253193,5
42668,769.467,286.4961935,190.0116094,1.507782574,0.748419538,43127,233.0806403,0.732183612,0.989357015,0.905591114,0.813555802,0.006714545,0.001814453,0.661873042,0.997960639,6
68272,1007.016,398.6198542,219.9548112,1.812280677,0.83398249,68885,294.8331905,0.656663589,0.991101111,0.846018281,0.739634986,0.005838702,0.001077869,0.547059913,0.99142611,2
56069,932.592,374.0643532,191.5440162,1.952889788,0.858948688,56798,267.1877019,0.776578947,0.987165041,0.810119905,0.714282715,0.0066715,0.001071233,0.510199797,0.996363974,4
66991,1056.519,357.1544817,239.7330337,1.489800868,0.741248554,68096,292.054088,0.813352921,0.983772909,0.754174252,0.817724831,0.00533138,0.001470443,0.668673898,0.996190955,0
190062,1654.448,631.5148944,384.6502895,1.641789728,0.793100038,191654,491.9293185,0.763718336,0.991693364,0.872567264,0.778967088,0.003322678,0.000754648,0.606789725,0.996221137,1
53221,899.204,358.7929793,193.0317977,1.858724747,0.842942748,54412,260.3134299,0.677629234,0.978111446,0.827135069,0.725525428,0.006741568,0.001152262,0.526387147,0.978408817,4
61786,966.634,327.7161336,241.1030575,1.359236739,0.677299928,62957,280.4788379,0.734219032,0.981400003,0.830951757,0.855859108,0.005304052,0.001755483,0.732494814,0.995633862,0
57618,957.302,389.6199391,189.4927963,2.056120057,0.873762459,58319,270.853311,0.772659613,0.987979904,0.790078258,0.695173126,0.006762122,0.00097417,0.483265675,0.993652247,4
35128,707.671,266.3311549,168.2013897,1.583406388,0.775335308,35534,211.4860722,0.722203947,0.988574323,0.8814557,0.794071847,0.007581734,0.001859463,0.630550099,0.998417054,3
31376,650.947,234.1331124,171.0998,1.368400854,0.682613043,31698,199.8728695,0.782912466,0.98984163,0.930499578,0.853671945,0.007462172,0.002444607,0.72875579,0.997230045,3
39082,719.5,247.5161406,201.4585114,1.228620915,0.580975979,39529,223.0711722,0.749328936,0.988691846,0.948691584,0.901238892,0.006333252,0.002577307,0.81223154,0.997924658,5
59953,933.665,343.388397,223.7786425,1.534500314,0.758495791,60713,276.2870435,0.804986774,0.987482088,0.864248483,0.804590504,0.005727627,0.001480656,0.64736588,0.993383145,0
40204,750.526,278.1242637,184.4035791,1.508236797,0.748596493,40650,226.2505749,0.779086892,0.98902829,0.896907477,0.813487367,0.006917826,0.001868756,0.661761696,0.998093341,3
158140,1564.995,536.7652652,378.4083166,1.418481681,0.709228037,160990,448.7205161,0.829286711,0.982297037,0.811382599,0.835971597,0.003394241,0.001022559,0.698848511,0.991303812,1
78027,1183.251,366.68607,273.4072184,1.341171869,0.666375191,79713,315.1936896,0.752553456,0.978849121,0.70032723,0.859573666,0.004699477,0.001582565,0.738866888,0.990947485,0
65757,997.586,392.3467629,214.5200565,1.828951425,0.837288479,66564,289.3517111,0.811213916,0.98787633,0.830330831,0.737489737,0.005966616,0.001088759,0.543891113,0.994750426,2
70765,1035.257,396.4028105,229.6777805,1.725908399,0.815039764,71792,300.167947,0.802160557,0.985694785,0.829720888,0.757229613,0.005601679,0.001136078,0.573396688,0.989630159,4
22158,542.436,198.7751249,142.1554953,1.39829364,0.698963474,22424,167.9655972,0.743656867,0.98813771,0.946331753,0.845003102,0.008970806,0.002821269,0.714030242,0.998423947,3
76932,1049.061,410.2193065,239.7367078,1.711124301,0.811457756,77480,312.9742236,0.814353763,0.992927207,0.878446674,0.762943671,0.005332232,0.001114445,0.582083045,0.996016443,2
39712,744.546,276.4276649,184.1283399,1.501277126,0.74586286,40142,224.8619328,0.808140008,0.989288028,0.900219786,0.813456688,0.006960809,0.001880084,0.661711783,0.993412764,6
34681,693.865,257.8931422,172.4620361,1.495361809,0.743501309,35083,210.1361955,0.690856574,0.988541459,0.905214523,0.814818857,0.007436151,0.002021958,0.66392977,0.992815223,3
71658,1057.001,417.3026137,221.0092016,1.888168505,0.848238927,72678,302.0559539,0.742885578,0.985965492,0.805979045,0.723829528,0.005823531,0.000986078,0.523929186,0.989266587,2
36190,699.611,249.2849209,185.1673625,1.346268141,0.669519948,36545,214.6591231,0.755847953,0.990285949,0.929148625,0.861099509,0.006888227,0.002336149,0.741492365,0.998247548,3
35610,678.391,234.4285953,193.8260159,1.209479513,0.562493166,35888,212.9320553,0.756806155,0.992253678,0.972347904,0.908302398,0.006583224,0.002764014,0.825013247,0.99783662,5
29883,640.661,239.1823428,159.5339073,1.499257098,0.745060393,30178,195.0595225,0.704206433,0.990224667,0.914908125,0.815526432,0.00800396,0.002183921,0.665083361,0.997130949,3
48044,859.196,342.7250561,180.0213843,1.903801915,0.850938871,48842,247.3287704,0.73863846,0.983661603,0.817832809,0.7216536,0.007133566,0.001193443,0.520783918,0.99146942,4
54388,942.313,390.0364557,178.241173,2.188251173,0.889473922,55086,263.1519568,0.64954856,0.987328904,0.769701951,0.67468554,0.00717137,0.000916616,0.455200578,0.996093198,4
39635,717.433,251.5773744,200.855151,1.252531355,0.602149694,39904,224.6438278,0.764121843,0.993258821,0.967667217,0.8929413,0.006347354,0.002489225,0.797344166,0.998698568,5
163401,1564.022,572.7285071,367.5948999,1.558042582,0.766846133,166883,456.1234645,0.687674127,0.979135083,0.839419123,0.796404333,0.003505049,0.000869778,0.634259861,0.988203872,1
34650,699.603,263.1405922,168.5458752,1.561240178,0.767944458,35039,210.0422582,0.69058296,0.988898085,0.889630731,0.798213063,0.007594245,0.00190169,0.637144094,0.994734959,3
73064,1093.025,382.3034483,243.989139,1.566887157,0.769863938,74538,305.0048755,0.723334323,0.980224852,0.768516361,0.79780833,0.005232446,0.001307612,0.636498131,0.997320747,0
44920,804.369,304.9769235,188.5395975,1.617574916,0.786013455,45476,239.1525044,0.68465173,0.987773771,0.872446816,0.784165902,0.006789335,0.001583576,0.614916162,0.99467296,6
41619,741.44,261.1093812,203.272934,1.284526061,0.627648022,41975,230.1976468,0.796383467,0.991518761,0.951370062,0.88161385,0.006273802,0.002337891,0.777242981,0.998388864,5
56521,936.644,346.8323709,208.2229249,1.665678124,0.799732811,57353,268.2625063,0.81489331,0.985493348,0.809600169,0.773464442,0.006136345,0.001354724,0.598247243,0.996487346,0
72714,1034.73,405.8395078,230.1383268,1.763459019,0.82367144,73432,304.273463,0.793335952,0.990222246,0.85344162,0.749738399,0.005581312,0.001087815,0.562107667,0.991253835,2
137890,1410.302,522.1875739,338.3644715,1.543269515,0.76166164,139207,419.0071608,0.782239216,0.990539269,0.871201054,0.802407376,0.003786987,0.000968396,0.643857597,0.993645801,1
40064,721.433,241.5127855,211.386698,1.142516477,0.483651069,40450,225.8563019,0.794463503,0.990457355,0.967324446,0.935173272,0.006028175,0.002844028,0.874549049,0.999186699,5
33576,666.339,224.5887253,190.4630178,1.179172355,0.529912303,33927,206.7614349,0.761792399,0.989654258,0.950272923,0.920622505,0.006688966,0.002963911,0.847545797,0.999402573,5
36036,681.481,236.1718703,194.5500554,1.213938849,0.566931813,36286,214.2019146,0.780658998,0.99311029,0.975077058,0.906974714,0.006553776,0.002735597,0.822603132,0.9985899,5
61955,941.725,356.2676132,221.8502492,1.605892328,0.782455301,62655,280.8621655,0.74689572,0.988827707,0.877885803,0.78834605,0.005750426,0.001370084,0.621489494,0.99804521,0
51566,854.573,325.2615844,202.5634397,1.605727,0.782404272,52189,256.2340148,0.776572995,0.988062619,0.887309178,0.78777829,0.006307675,0.001498529,0.620594635,0.996505561,6
35008,700.041,259.0779891,172.4323102,1.50249097,0.746343096,35424,211.1245367,0.704669887,0.988256549,0.897697904,0.81490727,0.007400537,0.002013148,0.664073858,0.997764975,3
43149,782.843,295.418889,187.0161151,1.579644027,0.774107621,43698,234.3907275,0.692833861,0.987436496,0.884771763,0.793418214,0.006846483,0.001673617,0.629512463,0.994405602,6
47795,889.182,376.445991,162.5241974,2.316245808,0.902001399,48380,246.6870164,0.769744895,0.987908227,0.759645562,0.655305202,0.007876263,0.000895931,0.429424908,0.994653644,4
38496,727.03,268.6302011,182.6817648,1.470481749,0.733166439,38871,221.3924784,0.801198801,0.990352705,0.915210104,0.824153344,0.006978133,0.001985871,0.679228734,0.998793457,6
80580,1081.249,423.2753599,244.2341912,1.733071679,0.816736955,81322,320.3086676,0.805477809,0.990875778,0.866135201,0.756738279,0.005252859,0.001062572,0.572652824,0.992448391,2
49010,875.33,353.2947436,177.314677,1.99247321,0.864932151,49635,249.8028624,0.783407928,0.987408079,0.803805438,0.707066456,0.007208626,0.001111407,0.499942974,0.996122982,4
22688,561.892,207.3482325,139.5295371,1.486052608,0.739711911,22982,169.9625217,0.746463118,0.98720738,0.90302626,0.819696024,0.009139115,0.002545043,0.671901571,0.998481082,3
25216,587.728,221.2922092,145.4352474,1.521585813,0.753708323,25496,179.1814956,0.814470284,0.989017885,0.917346265,0.809705395,0.008775865,0.002326901,0.655622826,0.997586391,3
40143,754.065,292.7986201,175.1340193,1.671854624,0.801393023,40550,226.0788691,0.82277106,0.989963009,0.887160348,0.772130924,0.00729389,0.0015992,0.596186164,0.996736595,6
30626,670.667,242.8937507,161.4059465,1.504862466,0.747277101,31255,197.4695782,0.795914655,0.97987522,0.85563052,0.812987479,0.007930966,0.002137181,0.660948642,0.994636803,3
44048,763.489,271.0824375,207.2220042,1.308173997,0.644713487,44378,236.8198798,0.761614939,0.992563883,0.949577661,0.873608346,0.006154251,0.00221117,0.763191542,0.99838733,5
48461,826.543,314.9194878,196.7834302,1.600335391,0.780729604,48973,248.3998019,0.706140351,0.98954526,0.891397335,0.788772405,0.006498411,0.00155165,0.622161907,0.995667719,6
144704,1442.997,545.1107486,338.9575733,1.608197579,0.783164843,145929,429.2351979,0.759708725,0.991605507,0.873292125,0.787427507,0.003767075,0.00089336,0.620042079,0.99715017,1
25994,612.498,226.9005514,146.6524853,1.547198814,0.763058566,26369,181.9246787,0.704444444,0.985778755,0.870710193,0.801781563,0.008728959,0.002225187,0.642853675,0.994622443,3
29580,693.583,247.4153091,152.5909797,1.621428145,0.787166732,30358,194.0680956,0.759337697,0.974372488,0.77270043,0.784381922,0.008364277,0.001953073,0.615254999,0.997591772,3
44648,833.623,350.2937625,162.9104514,2.150222773,0.885274913,45149,238.4273457,0.805339105,0.988903409,0.807369793,0.680649704,0.007845676,0.001038735,0.463284019,0.996163849,4
30908,668.164,256.5755796,153.9429864,1.666692232,0.800006902,31300,198.3766313,0.788167793,0.987476038,0.869990725,0.773170352,0.008301268,0.00182989,0.597792394,0.996335939,3
29646,641.1,239.1682056,158.2154422,1.511661581,0.749924237,29965,194.284481,0.698753152,0.989354247,0.906409429,0.812334066,0.00806747,0.002166984,0.659886635,0.997525275,3
34014,679.824,250.3738108,173.3372172,1.444431928,0.721596669,34338,208.10567,0.813809934,0.990564389,0.924856997,0.831179864,0.007360905,0.00216716,0.690859966,0.997900192,3
87083,1132.608,441.0428336,252.7778618,1.744784256,0.819459731,87801,332.9827612,0.729417776,0.991822417,0.853068678,0.75498962,0.005064626,0.001015059,0.570009326,0.994543298,2
69100,1011.142,377.8914472,233.9976046,1.614937246,0.785218248,70276,296.6156647,0.774828719,0.98326598,0.849304864,0.784922937,0.005468762,0.001280492,0.616104017,0.994969325,2
36136,711.044,234.6393277,196.2778303,1.195444882,0.547953699,36663,214.4989142,0.775583791,0.985625835,0.898166783,0.914164374,0.006493229,0.002797291,0.835696503,0.999029108,5
34125,678.726,242.355486,179.681698,1.348804517,0.671066371,34511,208.4449555,0.784302459,0.98881516,0.930879684,0.860079377,0.007101992,0.002397254,0.739736535,0.997759981,3
213022,1849.699,721.2160984,384.3779694,1.87632007,0.846141626,218065,520.7955782,0.737513762,0.976873868,0.782406047,0.722107534,0.003385641,0.000567843,0.521439291,0.978387006,1
26228,596.962,216.9663513,154.2756388,1.406355228,0.703133457,26582,182.7416941,0.705053763,0.986682718,0.924872072,0.842258226,0.008272318,0.002567959,0.709398919,0.997666879,3
50157,895.924,364.3883505,176.4633496,2.064952022,0.874917082,50878,252.7090735,0.674570299,0.985828845,0.785233963,0.693515787,0.007264955,0.001036664,0.480964146,0.993167886,4
54087,873.614,325.2931179,212.0609615,1.533960403,0.758298661,54762,262.4227644,0.769286568,0.987673934,0.890560825,0.806727071,0.006014257,0.001571333,0.650808568,0.998314573,5
80170,1078.862,416.0825942,247.7927835,1.679155415,0.803327516,81325,319.4927453,0.758991546,0.985797725,0.865545603,0.767858953,0.005190004,0.001112944,0.589607372,0.990042412,2
67889,1009.017,381.7257559,229.9273035,1.660201942,0.798242385,69235,294.005033,0.761019191,0.980558966,0.837938816,0.770199622,0.005622792,0.00122052,0.593207458,0.984844175,2
37430,699.619,245.261315,194.8503787,1.258716132,0.607316084,37742,218.3056485,0.736898059,0.991733347,0.960962633,0.890094096,0.006552533,0.002537071,0.7922675,0.997239883,5
77947,1073.069,401.0536846,248.347756,1.614887491,0.785203203,78874,315.0320663,0.80095152,0.988247078,0.850656004,0.785510964,0.00514521,0.001208348,0.617027474,0.99642995,0
35952,711.106,273.0062527,167.9219844,1.625792202,0.788460996,36347,213.9521164,0.727125637,0.989132528,0.893437615,0.783689437,0.007593632,0.001766873,0.614169133,0.998511387,3
50590,883.694,350.7994657,184.2973553,1.903442755,0.850877684,51232,253.7975346,0.720932552,0.98746877,0.814086834,0.723483242,0.006934166,0.001171893,0.523428001,0.996315236,4
42515,803.074,312.7763644,174.0957739,1.796576432,0.83077109,43105,232.6623718,0.716609358,0.986312493,0.828401576,0.743861744,0.007356847,0.001389442,0.553330294,0.994100165,6
22333,545.278,201.0372975,142.0385806,1.415371068,0.707684588,22596,168.6275741,0.799434422,0.988360772,0.943889116,0.83878751,0.009001804,0.002748636,0.703564486,0.995804819,3
31339,654.642,245.7888293,163.0658133,1.507298338,0.74823067,31665,199.7549852,0.813155163,0.989704721,0.918940238,0.812709779,0.007842906,0.002110565,0.660497185,0.995566309,3
45936,813.788,317.4172711,184.6966737,1.718586831,0.813279362,46307,241.8419561,0.691598916,0.991988252,0.871646672,0.761905473,0.006909989,0.001436354,0.58049995,0.997639569,6
60590,952.177,359.0646751,216.0327705,1.662084295,0.798756672,61579,277.7509388,0.798339812,0.98393933,0.839799174,0.773540139,0.005926138,0.001308829,0.598364347,0.994531984,0
36458,731.111,283.698962,164.9206882,1.720214517,0.813672998,36979,215.4524711,0.679223489,0.985910922,0.857109025,0.759440463,0.007781528,0.001596686,0.576749817,0.992133409,4
38426,711.412,246.6966084,198.5557555,1.242455087,0.593467347,38799,221.1911001,0.752094261,0.99038635,0.954097306,0.89661184,0.006420044,0.002559385,0.803912792,0.998825538,5
47518,785.966,276.5853784,218.976221,1.263084079,0.610893307,47854,245.9711298,0.795706487,0.992978643,0.966630509,0.889313568,0.005820644,0.002245797,0.790878622,0.998946197,5
34432,692.106,245.361171,178.9749008,1.370925029,0.684050674,34914,209.3804767,0.745281385,0.98619465,0.90328934,0.8533562,0.007125963,0.002331013,0.728216805,0.998330644,3
40560,753.898,287.4563604,180.7057961,1.590742337,0.777698605,41072,227.2500736,0.697314582,0.987534086,0.896773215,0.790555037,0.007087188,0.001707584,0.624977266,0.994177797,6
29811,638.922,240.3819415,158.8579206,1.513188266,0.750512458,30123,194.8243929,0.76995196,0.989642466,0.917678852,0.81047849,0.008063532,0.002146204,0.656875382,0.993976121,3
106806,1263.899,494.7270017,276.1764695,1.791343783,0.829679425,108109,368.7677085,0.705451087,0.987947349,0.840196318,0.745396365,0.004632015,0.000882061,0.55561574,0.995298802,2
81997,1141.172,407.5545701,258.7221266,1.575259818,0.772663417,83673,323.1127094,0.822874748,0.979969644,0.791235224,0.792808456,0.00497036,0.001211269,0.628545248,0.990122072,0
79101,1086.698,419.8599918,242.9088866,1.728466989,0.815648798,80579,317.3555124,0.808654849,0.981657752,0.841732512,0.755860331,0.005307897,0.001068731,0.57132484,0.987516126,2
33538,658.284,227.5186814,187.9440519,1.210566012,0.563582376,33800,206.6443995,0.760516111,0.992248521,0.972569007,0.908252449,0.006783907,0.002847646,0.82492251,0.998623154,5
47184,856.996,302.866706,199.1193805,1.521030777,0.75349914,47992,245.1051502,0.736881559,0.983163861,0.80732245,0.809283904,0.006418843,0.001698401,0.654940437,0.996184562,6
64429,952.229,358.2573631,229.9439759,1.558020217,0.766838421,65054,286.4149972,0.731781836,0.990392597,0.892911564,0.799467162,0.005560499,0.001401187,0.639147743,0.995805104,2
81131,1065.688,402.6578485,257.9605814,1.560927822,0.767837535,81950,321.4019252,0.791028041,0.990006101,0.89771099,0.798201069,0.004963058,0.001242734,0.637124947,0.994506055,2
40949,760.643,291.1129726,179.542455,1.621415796,0.787163052,41434,228.3372202,0.724145858,0.988294637,0.889388314,0.784359481,0.00710916,0.001659811,0.615219796,0.997527095,3
35615,692.536,233.0035907,195.2246498,1.193515219,0.54588345,36004,212.9470037,0.74334196,0.989195645,0.933164276,0.913921554,0.006542288,0.002815432,0.835252607,0.996886698,5
44278,776.522,279.8073491,201.8910878,1.385932148,0.692376875,44719,237.4373613,0.71996748,0.99013842,0.922763337,0.848574428,0.006319331,0.002021206,0.720078561,0.997980027,6
73777,1027.678,389.143248,243.14149,1.600480642,0.780774989,74836,306.4894678,0.742821184,0.985849057,0.87784277,0.787600631,0.005274588,0.001251966,0.620314755,0.992801757,2
44642,802.456,297.3153679,192.0522386,1.548096341,0.763375802,45289,238.4113247,0.713518524,0.98571397,0.871186325,0.801880261,0.006659992,0.001698602,0.643011953,0.995444451,6
42598,785.173,294.274185,184.9867064,1.59078558,0.777712417,43156,232.8893689,0.682452458,0.987070164,0.868297118,0.791402647,0.006908169,0.001671601,0.626318149,0.99633788,6
47571,852.287,330.8592135,185.3330451,1.78521436,0.828386586,48377,246.1082656,0.646960424,0.98333919,0.822963202,0.743845888,0.006955061,0.001313447,0.553306706,0.987771076,6
90264,1178.124,408.9285283,281.858841,1.450827396,0.724512304,91447,339.0098734,0.789020979,0.987063545,0.817226484,0.829019865,0.004530361,0.001319995,0.687273937,0.997115856,0
49660,838.807,318.760141,198.7129786,1.604123411,0.781908324,50174,251.4539238,0.690489433,0.98975565,0.886936417,0.788849958,0.006418851,0.001533256,0.622284256,0.998220743,6
52948,942.553,370.4330203,182.8715928,2.025645507,0.869649432,53826,259.6449256,0.626099707,0.98368818,0.748941445,0.700922735,0.006996166,0.001041647,0.49129268,0.99518481,4
43305,778.579,255.2154301,216.4162888,1.179280134,0.530036322,43833,234.8140509,0.79191354,0.987954281,0.897723379,0.920062125,0.00589344,0.002605057,0.846514314,0.998277513,5
39981,746.035,277.1788318,184.0560693,1.505947796,0.747702696,40469,225.622229,0.80042042,0.987941387,0.902703468,0.813995165,0.006932764,0.001877472,0.662588129,0.997823133,6
68894,1040.782,369.5564513,238.5738341,1.549023398,0.76370276,70189,296.1732013,0.783197863,0.981549815,0.799229894,0.801428849,0.005364131,0.00136502,0.6422882,0.99491945,0
28547,632.851,224.4680577,163.4534937,1.373283939,0.685384315,28958,190.6493359,0.725003175,0.985807031,0.895709948,0.849338378,0.007863105,0.002524043,0.72137568,0.990653635,3
47843,826.176,311.096945,196.5396369,1.582871272,0.775161348,48357,246.8108578,0.699264824,0.989370722,0.880811789,0.793356739,0.006502455,0.001589027,0.629414915,0.996282787,6
61129,964.969,369.3481688,210.9473449,1.750902193,0.820856751,61796,278.9836198,0.750113507,0.989206421,0.824955328,0.755340471,0.00604211,0.00121322,0.570539227,0.998958384,2
76098,1073.575,385.8250106,251.6534766,1.533159867,0.758005894,77155,311.2731644,0.714052472,0.986300305,0.829694722,0.806772904,0.005070107,0.001324958,0.650882519,0.997906956,0
154568,1481.09,526.7970164,375.0376977,1.404650838,0.70225987,156202,443.6238158,0.75938372,0.989539186,0.885455117,0.842115278,0.003408189,0.001057279,0.709158141,0.996119577,1
45030,842.585,343.6325296,168.215351,2.042813141,0.87199149,45623,239.4451434,0.630760611,0.98700217,0.797047794,0.696805811,0.007631191,0.001109735,0.485538338,0.991864097,4
47171,860.849,348.027196,174.3526498,1.996110735,0.865462212,47961,245.0713826,0.80899705,0.983528283,0.799891328,0.70417308,0.007377991,0.001119014,0.495859727,0.989790924,4
47160,817.827,311.8671938,193.785565,1.609341717,0.783515632,47702,245.0428063,0.807534247,0.988637793,0.886055186,0.785728064,0.00661296,0.001554765,0.61736859,0.993557027,6
85613,1142.861,446.1686199,246.7936591,1.807860954,0.833088391,86801,330.1603507,0.795992748,0.986313522,0.823688029,0.739990075,0.005211459,0.000963924,0.547585312,0.989958104,2
23179,559.315,205.1829928,144.0200511,1.424683516,0.712265375,23473,171.7917909,0.735561056,0.987474971,0.931089923,0.837261356,0.008852107,0.002683309,0.701006579,0.998712518,3
84160,1124.141,439.6609796,247.1911519,1.778627496,0.826980046,85880,327.3466665,0.704385671,0.979972054,0.836900862,0.744543368,0.005224109,0.000990266,0.554344827,0.985972951,2
43066,762.089,276.4788318,198.4456029,1.393222262,0.696290004,43430,234.1651858,0.776061846,0.991618697,0.931822116,0.846955206,0.006419886,0.002037741,0.71733312,0.999404472,5
67397,1000.63,385.2596558,225.6963263,1.706982396,0.810434599,68657,292.9377504,0.786420228,0.981647902,0.845869549,0.760364461,0.005716273,0.001178637,0.578154113,0.986898893,2
50665,882.366,351.3239063,184.9755796,1.899298854,0.850168884,51397,253.9855932,0.635903808,0.985757924,0.817749676,0.722938544,0.006934253,0.001168382,0.522640138,0.992649815,4
40842,745.5,245.315108,212.2850518,1.155592944,0.501156588,41338,228.0387017,0.776301534,0.988001355,0.923467402,0.929574634,0.006006442,0.002766522,0.864109,0.998558263,5
64762,1000.168,385.8340559,214.5390567,1.798432704,0.831155726,65876,287.1542084,0.709642779,0.983089441,0.813549918,0.744242775,0.005957723,0.001127505,0.553897308,0.996147033,0
47261,817.568,301.8159504,200.1357114,1.50805645,0.748526258,47738,245.3050634,0.692042992,0.99000796,0.888515486,0.812763749,0.006386152,0.001719002,0.660584912,0.996199337,6
35632,710.37,276.1867325,164.8450123,1.675432752,0.802344863,36011,212.9978203,0.717230274,0.989475438,0.887321162,0.771209458,0.007751087,0.001691343,0.594764028,0.996487132,3
27616,614.614,232.0924254,152.0382049,1.526540159,0.75556289,27919,187.5147548,0.805671441,0.989147176,0.918683129,0.807931385,0.008404274,0.002208909,0.652753124,0.996453857,3
34697,703.876,258.2965128,171.4685928,1.506377982,0.747871065,35135,210.1846628,0.696782874,0.987533798,0.880054312,0.813734032,0.007444347,0.002013429,0.662163075,0.997467876,3
47705,803.672,283.6167927,214.3764565,1.322984796,0.654725672,48140,246.4546459,0.778539372,0.990963855,0.928145554,0.86897057,0.005945222,0.002091068,0.755109851,0.998998852,5
51695,880.771,306.3289695,216.056113,1.417821349,0.708901517,52714,256.5543184,0.773483556,0.980669272,0.837398908,0.837512426,0.005925698,0.001798392,0.701427063,0.994498265,0
66011,987.176,383.905545,221.0017304,1.737115562,0.817684275,66822,289.9100129,0.768660192,0.987863279,0.851210553,0.755159744,0.005815781,0.001166657,0.570266238,0.990618357,2
78297,1070.184,423.8361758,236.3450423,1.793294124,0.830087602,78943,315.7385574,0.782852572,0.991816881,0.859088843,0.744954243,0.005413185,0.001028374,0.554956824,0.995200812,2
67412,1052.897,377.4220072,228.3895581,1.652536177,0.796126315,68526,292.9703469,0.792150411,0.983743397,0.764144162,0.776240763,0.005598736,0.001253879,0.602549723,0.995735215,0
37138,707.772,252.2560643,187.5939608,1.344691818,0.668552642,37506,217.4524551,0.750353578,0.990188237,0.931626043,0.862030634,0.006792398,0.002313629,0.743096814,0.999236206,5
60733,1004.11,409.1103494,189.7280564,2.156298637,0.885962097,61522,278.0785092,0.607944023,0.987175319,0.756958402,0.679715166,0.006736212,0.000886959,0.462012707,0.996237371,4
51052,848.581,311.0051784,209.5399055,1.484228876,0.738958873,51644,254.9537708,0.712718135,0.988536907,0.89091448,0.819773395,0.006091929,0.00169711,0.672028418,0.997443984,6
39569,726.291,258.1734881,195.817456,1.318439599,0.651705203,39908,224.456712,0.734118738,0.991505463,0.942635114,0.869402639,0.00652464,0.00229943,0.755860949,0.996557007,5
39926,723.237,248.2750461,205.0050383,1.211068021,0.564083939,40308,225.4669866,0.781025039,0.990522973,0.959189452,0.908133903,0.00621838,0.002608895,0.824707186,0.9987765,5
56270,920.481,374.09942,194.0923458,1.927430052,0.854880123,57445,267.6661898,0.766621253,0.979545652,0.834559148,0.7154948,0.006648293,0.001074771,0.511932809,0.986714681,2
29322,625.847,223.6875615,167.0670972,1.33890853,0.664962203,29700,193.2199005,0.758164189,0.987272727,0.94073457,0.863793673,0.00762866,0.0026198,0.74613951,0.999012554,3
31516,657.536,242.2357999,166.095756,1.458410532,0.727905005,31883,200.3182905,0.799188538,0.988489164,0.916013523,0.826955762,0.007686121,0.002217257,0.683855832,0.997342548,3
67884,1089.592,423.7583854,206.0546751,2.05653371,0.873816903,69188,293.9942062,0.799915158,0.981152801,0.718537564,0.693777908,0.00624239,0.000892098,0.481327786,0.989866817,4
25940,597.074,223.8816165,147.6995476,1.515790808,0.75151005,26225,181.7356151,0.798473235,0.989132507,0.914373258,0.811748717,0.008630749,0.002311611,0.65893598,0.998809102,3
30605,643.371,233.1947529,167.5795038,1.391546983,0.695398141,30904,197.4018649,0.75653829,0.990324877,0.929135996,0.846510749,0.007619499,0.002413438,0.716580448,0.997155361,3
42447,770.203,289.5305183,187.1340598,1.54718237,0.763052747,42916,232.4762331,0.725403743,0.989071675,0.899179617,0.802942068,0.006820989,0.001748896,0.644715965,0.997493174,6
35022,670.696,231.8361853,192.6036331,1.203695806,0.556608864,35293,211.1667477,0.791779707,0.992321424,0.978361547,0.910844644,0.00661973,0.002810589,0.829637966,0.99863174,5
36867,722.956,274.2793231,171.4343172,1.599909094,0.780596316,37308,216.6576154,0.715864078,0.988179479,0.886388127,0.789915962,0.007439697,0.001786729,0.623967227,0.998290841,3
140313,1432.029,517.4259023,347.2543044,1.490048923,0.741349726,141966,422.6725213,0.721240439,0.988356367,0.85981328,0.816875459,0.003687655,0.001012869,0.667285515,0.994288063,1
46962,817.837,307.4881494,195.4133679,1.573526687,0.772088423,47650,244.5278624,0.803057508,0.985561385,0.88231353,0.795243208,0.006547595,0.001615331,0.63241176,0.995116782,6
60398,998.835,411.9341501,189.101314,2.178378042,0.888406742,61168,277.3105155,0.845200112,0.987411719,0.760755179,0.673191372,0.006820328,0.000864051,0.453186623,0.987211788,4
45554,854.451,358.5586783,162.2078287,2.210489353,0.891820963,46189,240.8342879,0.702343509,0.986252138,0.784083034,0.671673292,0.007871069,0.000988202,0.451145011,0.997251244,4
64072,962.35,355.0873662,232.2669191,1.528790099,0.756397678,65356,285.6203846,0.761773413,0.980353755,0.869384801,0.804366508,0.005542005,0.001431076,0.647005479,0.989135569,2
40964,736.147,246.4204137,212.0015761,1.162351801,0.509746366,41354,228.3790374,0.766255144,0.990569232,0.949911463,0.926786194,0.006015536,0.002737615,0.858932649,0.998381912,5
46399,804.141,303.3887804,195.734698,1.549999992,0.764046403,46960,243.057692,0.817718797,0.988053663,0.901683398,0.801142652,0.006538692,0.001661537,0.641829548,0.994835795,6
34936,682.571,232.0235561,192.0522539,1.208127223,0.561130429,35353,210.9073179,0.786846847,0.988204679,0.942296065,0.908990973,0.006641389,0.0027969,0.826264588,0.998232742,5
47189,804.934,304.3901522,197.8968625,1.538125205,0.759812614,47596,245.1181366,0.810640418,0.991448861,0.915229677,0.805276172,0.006450447,0.001673204,0.648469713,0.997427611,6
44042,774.452,266.9780244,210.135433,1.270504553,0.616839608,44538,236.80375,0.773480857,0.988863442,0.922758141,0.886978434,0.006061896,0.002314411,0.786730743,0.99954499,5
63300,1005.304,417.1709039,193.8576201,2.151944833,0.885470324,63872,283.8944578,0.764825286,0.991044589,0.787079775,0.68052315,0.006590378,0.00087189,0.463111758,0.996590955,4
52085,888.297,366.1065719,181.5337377,2.016741221,0.868408507,52484,257.5202549,0.806281831,0.992397683,0.829480425,0.703402437,0.007029021,0.001061427,0.494774988,0.997833115,4
49783,911.096,374.9938875,171.0159513,2.192742166,0.88995417,50523,251.7651371,0.850744228,0.985353205,0.753637757,0.671384642,0.007532569,0.000944079,0.450757338,0.988394622,4
35845,691.866,237.5296825,193.3277871,1.228637053,0.580990955,36310,213.633498,0.780936819,0.987193611,0.941010504,0.89939706,0.006626578,0.002674699,0.808915071,0.993863029,3
72707,1017.465,385.5659854,241.5449444,1.596249453,0.779446739,73595,304.2588168,0.721070692,0.987933963,0.882565876,0.789122558,0.005303011,0.00126847,0.622714412,0.994007539,2
47610,832.665,320.1035233,191.3630171,1.672755416,0.80163333,48271,246.209128,0.743673852,0.986306478,0.862913822,0.769154696,0.006723451,0.001451533,0.591598946,0.989600341,6
66086,1045.614,358.6010989,235.8286936,1.520599946,0.753336569,67353,290.0746603,0.72976435,0.981188663,0.759585299,0.808906222,0.005426279,0.001433094,0.654329277,0.994973063,0
74590,1060.781,410.7803943,233.0399802,1.762703524,0.82350406,75598,308.1735512,0.782325055,0.986666314,0.832988502,0.750214848,0.005507178,0.001076097,0.562822318,0.992088884,2
77878,1093.529,427.3748936,233.5378483,1.830002703,0.837493504,78711,314.8925996,0.800793822,0.989416981,0.818397029,0.7368065,0.005487749,0.000997672,0.542883819,0.993478855,2
42164,784.8,296.8464935,181.6844468,1.633857486,0.790820239,42724,231.6999615,0.692586935,0.986892613,0.860267825,0.780537977,0.007040283,0.001611929,0.609239534,0.995410573,6
33607,690.171,214.7652972,199.5241432,1.076387518,0.369995763,34162,206.8568621,0.770802752,0.983753879,0.886596875,0.963176382,0.006390493,0.003392637,0.927708744,0.998574112,5
38016,727.694,280.5845032,172.9070904,1.622747237,0.787559266,38416,220.0078965,0.728680685,0.989587672,0.902149878,0.784105658,0.007380695,0.001720978,0.614821683,0.997700187,3
35703,677.734,230.1138772,197.7162664,1.163859107,0.51162219,35987,213.2099235,0.785544554,0.992108261,0.976778354,0.92654092,0.006445225,0.002930058,0.858478076,0.999147527,5
26181,595.879,218.6640839,153.2090351,1.42722708,0.713495952,26459,182.5778862,0.702657005,0.989493178,0.926573626,0.834969707,0.008352014,0.002504113,0.697174412,0.995026201,3
55423,943.28,384.2642551,184.4970294,2.082766624,0.877197014,56077,265.6440387,0.682549261,0.988337465,0.782742007,0.691305619,0.006933299,0.000976787,0.477903459,0.995361373,4
52774,870.492,325.5621972,207.852404,1.566314322,0.769670387,53331,259.2179464,0.670716673,0.989555793,0.875185892,0.796216356,0.006168988,0.001529389,0.633960486,0.992981389,6
34800,691.605,252.7980166,175.7859771,1.438101154,0.71866025,35212,210.4964041,0.727424749,0.988299443,0.91426661,0.832666359,0.007264311,0.002154062,0.693333266,0.99708337,3
64412,974.54,327.9948214,250.7908825,1.307841889,0.644483258,65298,286.3772085,0.746243411,0.986431437,0.852270212,0.87311503,0.005092138,0.001825433,0.762329856,0.997006919,0
34990,700.748,257.018073,174.0215042,1.476932832,0.735910467,35507,211.0702529,0.768335529,0.985439491,0.895426767,0.82122728,0.007345472,0.002060881,0.674414245,0.996064541,6
37114,702.71,238.4466035,198.3914395,1.201899659,0.554751318,37525,217.3821806,0.762532873,0.989047302,0.944485641,0.911659791,0.006424708,0.002737564,0.831123574,0.99892714,5
85330,1118.881,426.9344592,258.2929912,1.652907642,0.796229665,87158,329.6142144,0.80369589,0.979026595,0.856532431,0.772048747,0.005003334,0.001096524,0.596059268,0.98523092,2
49639,833.546,298.8035974,211.8542236,1.410420771,0.705200159,50048,251.4007513,0.734576397,0.991827845,0.897787893,0.841357847,0.006019533,0.001860654,0.707883026,0.998412924,5
54314,925.054,368.7790787,191.6399818,1.924332675,0.854372748,56010,262.9728743,0.678585707,0.969719693,0.79760429,0.713090545,0.006789761,0.001082961,0.508498126,0.978519559,4
44090,789.911,289.9401635,194.4578348,1.491018162,0.741744426,44729,236.9327574,0.72089601,0.985713966,0.887960484,0.817178119,0.006576098,0.001808902,0.667780078,0.995672225,6
62713,1018.346,393.4393746,203.9844917,1.928771012,0.855098933,63714,282.5750724,0.720143769,0.984289167,0.759935472,0.718217572,0.006273649,0.001029732,0.515836481,0.994930452,0
67087,1017.039,383.655235,223.3964339,1.717374034,0.81298521,67725,292.263274,0.798844963,0.99057955,0.815028924,0.761786227,0.005718772,0.001187996,0.580318256,0.996623505,2
64314,997.796,346.2438026,237.3979323,1.458495443,0.727942606,65360,286.1592705,0.730840909,0.983996328,0.811767889,0.826467559,0.005383646,0.001549386,0.683048627,0.99622331,0
23662,575.093,207.9470169,145.1253317,1.43287884,0.716199395,24014,173.5724463,0.717813372,0.985341884,0.899052703,0.834695534,0.008788227,0.002631439,0.696716634,0.998310522,3
46428,872.732,365.9856889,161.9556522,2.259789542,0.896759087,46913,243.1336373,0.808286908,0.989661714,0.765998712,0.664325531,0.007882866,0.000947082,0.441328412,0.997309329,4
64748,960.007,354.7152061,234.3659532,1.513509967,0.750636121,65496,287.1231688,0.796800394,0.988579455,0.882851019,0.809447026,0.005478396,0.001450731,0.655204488,0.991658524,2
35316,686.525,247.0774594,182.1545781,1.356416413,0.67563452,35688,212.0512385,0.764415584,0.989576328,0.941604789,0.858237894,0.00699619,0.002341381,0.736572283,0.999098735,3
36609,688.123,224.3725593,207.9820031,1.078807569,0.375186433,36943,215.8981855,0.764088329,0.990959045,0.971550953,0.962230792,0.006128891,0.003240997,0.925888098,0.998855088,5
35364,692.505,258.7961821,174.2702258,1.485028099,0.739289317,35651,212.1952951,0.760646993,0.991949735,0.926670674,0.819932092,0.007318069,0.002040271,0.672288636,0.998367515,3
41966,746.121,273.5086784,195.4491535,1.399385331,0.699533855,42250,231.1552957,0.751997993,0.993278107,0.947303001,0.845147938,0.006517387,0.002051088,0.714275038,0.999546011,3
49111,857.162,337.4183289,185.796998,1.8160591,0.834740934,49628,250.0601273,0.709040772,0.989582494,0.839968157,0.741098233,0.006870525,0.001278418,0.549226591,0.997427948,6
42657,793.32,304.9521784,179.8564818,1.695530655,0.807559684,43551,233.0505938,0.674418972,0.979472343,0.851732789,0.764220131,0.007148936,0.001504164,0.584032409,0.990244853,6
40113,726.074,251.5681979,203.2981915,1.23743451,0.589012977,40420,225.9943757,0.783579466,0.99240475,0.956165868,0.898342388,0.006271488,0.002519521,0.807019046,0.998633218,5
34278,680.215,249.991193,175.0467014,1.428139982,0.713935497,34637,208.9117161,0.752007371,0.989635361,0.93096409,0.835676303,0.007293051,0.002194024,0.698354884,0.997348532,3
77345,1070.01,406.6499303,244.8217037,1.661004413,0.798461887,78693,313.813181,0.767022353,0.982870141,0.848919354,0.771703516,0.005257611,0.001150191,0.595526317,0.98917184,2
41680,754.927,282.9579343,188.062074,1.504598605,0.747173457,42133,230.3662827,0.779560842,0.989248333,0.919025703,0.814136148,0.006788818,0.001839764,0.662817668,0.997274539,3
49531,833.671,317.5200695,199.0799954,1.594937094,0.779032152,49955,251.127115,0.692605644,0.991512361,0.895565946,0.79090155,0.006410532,0.001547261,0.625525261,0.997673443,6
38383,736.763,273.198418,179.4424356,1.522485008,0.754046605,38823,221.0673052,0.813750848,0.988666512,0.888573107,0.809182231,0.007117693,0.001882367,0.654775882,0.996886464,6
69856,1020.927,366.0105966,243.4048424,1.503711237,0.746824392,70962,298.2338372,0.789761679,0.984414194,0.842217379,0.814822959,0.005239501,0.001424698,0.663936454,0.998368706,0
54677,911.022,308.8539034,226.3985709,1.364204298,0.680198424,55858,263.8501821,0.753012629,0.978857102,0.827859835,0.854287996,0.005648699,0.001855861,0.729807979,0.995607182,0
33257,699.209,257.9021903,164.4426667,1.568341085,0.770354025,33814,205.7768878,0.77630719,0.983527533,0.854828346,0.797887321,0.007754824,0.001938733,0.636624177,0.998443853,3
60832,976.002,404.9057242,192.8126847,2.099995261,0.879341576,61584,278.3050628,0.840755176,0.987789036,0.80249169,0.687332992,0.00665613,0.000916369,0.472426642,0.992093708,4
89673,1159.738,455.8639211,253.0981741,1.801134768,0.831713177,90645,337.8982239,0.821000879,0.989276849,0.837822054,0.741226073,0.005083625,0.000946577,0.549416091,0.989572423,2
60063,942.016,356.0390298,216.2132923,1.646702782,0.794492373,60728,276.540389,0.694707257,0.989049532,0.850550934,0.776713691,0.00592776,0.001330804,0.603284158,0.993429701,2
37900,730.158,264.005899,183.1673026,1.441337484,0.720167695,38413,219.6719799,0.789780779,0.986645146,0.893337116,0.832072241,0.006965855,0.002059673,0.692344214,0.997901667,3
70262,1021.176,405.5603048,222.7263649,1.820890423,0.835702865,71533,299.0992425,0.81017942,0.982231977,0.846699246,0.737496345,0.005772114,0.001053305,0.543900859,0.990383865,2
42450,828.116,347.9515245,156.4693657,2.22376772,0.89318608,42820,232.4844482,0.609388458,0.991359178,0.777866749,0.668151831,0.008196738,0.001007677,0.446426869,0.992749662,4
41274,734.41,258.0502468,203.8045989,1.266164984,0.613381854,41601,229.2415516,0.791933689,0.992139612,0.961632783,0.888360133,0.006252126,0.002401949,0.789183726,0.9992368,5
61302,957.18,335.8778011,232.8607657,1.442397564,0.720658581,62348,279.378114,0.740809668,0.983223199,0.840808855,0.831784992,0.005479068,0.001617822,0.691866272,0.997946226,0
24972,584.063,218.507118,146.3295938,1.493253089,0.742650825,25307,178.3124727,0.694670079,0.986762556,0.919906739,0.816048806,0.008750085,0.002393627,0.665935653,0.994410471,3
26010,593.608,213.916459,155.0789918,1.379403209,0.68880024,26346,181.9806598,0.786465893,0.987246641,0.927578611,0.850709014,0.008224393,0.002657099,0.723705826,0.998282139,3
34254,694.44,267.656699,163.3886421,1.638159762,0.792061676,34608,208.8385677,0.749950739,0.989771151,0.89258935,0.780247864,0.007813882,0.001786393,0.60878673,0.997289924,3
34774,681.562,249.3156726,177.9383454,1.401135163,0.700444353,35096,210.4177557,0.780456055,0.990825165,0.940705702,0.843981261,0.0071696,0.002243912,0.712304369,0.998034698,3
42251,790.637,295.4422462,182.7716596,1.616455455,0.785676533,42813,231.9388799,0.695375247,0.986873146,0.849361531,0.785056582,0.00699255,0.001638397,0.616313837,0.996243863,6
27284,618.535,226.605963,153.9071229,1.472355268,0.733968135,27723,186.3841939,0.796101774,0.984164773,0.896167822,0.822503483,0.008305452,0.002344736,0.67651198,0.996065977,3
39509,734.501,272.7411251,184.6801438,1.47682972,0.73586697,39961,224.2864712,0.769795807,0.988688972,0.920282405,0.822341959,0.006903266,0.001947351,0.676246298,0.998700631,3
39013,745.539,271.5765221,183.4064154,1.480736219,0.737506778,39546,222.8741671,0.759924422,0.986522025,0.882020092,0.820668021,0.00696118,0.001947748,0.673496001,0.997269923,3
32231,665.138,247.4505771,166.3260584,1.487743889,0.740407105,32591,202.5778462,0.797303649,0.988954006,0.915503742,0.818659825,0.007677409,0.0021272,0.670203909,0.997091771,3
137358,1364.645,507.9858904,345.2228517,1.471472378,0.733590829,138093,418.1980839,0.798073348,0.9946775,0.926881995,0.82324744,0.003698262,0.00104785,0.677736348,0.997270315,1
37318,724.77,267.1270422,178.4003095,1.497346294,0.744297525,37722,217.978791,0.820175824,0.989290069,0.892745783,0.816011697,0.007158129,0.001957784,0.665875089,0.997045597,6
66408,967.957,367.4426757,231.0804659,1.59010704,0.777495517,67002,290.7804871,0.798874012,0.991134593,0.890672688,0.791362861,0.005533109,0.001338602,0.626255178,0.995812767,2
50683,861.87,336.1397512,192.7412118,1.743995215,0.81927831,51326,254.0307065,0.733345873,0.987472236,0.857410207,0.755729442,0.006632199,0.001334451,0.571126989,0.996042737,6
69518,1013.957,393.94202,228.4296567,1.724566003,0.814718959,71385,297.5114564,0.748084539,0.973846046,0.849704773,0.755216355,0.005666763,0.001137104,0.570351743,0.983609225,2
38104,722.895,262.025258,185.8117141,1.410165442,0.705071067,38515,220.2623881,0.819141389,0.989328833,0.916283763,0.840615099,0.006876581,0.002118074,0.706633744,0.996470486,6
46827,808.608,300.9674735,198.9589263,1.512711588,0.750329038,47295,244.1761417,0.781765973,0.990104662,0.89997435,0.811304088,0.006427221,0.001717662,0.658214324,0.995688435,6
58910,993.443,358.499459,209.8883902,1.708048066,0.810698681,60140,273.8732217,0.761209459,0.979547722,0.750089315,0.763943194,0.006085545,0.001278567,0.583609204,0.996832571,0
21961,551.696,204.7763134,136.7099579,1.49788879,0.744514487,22267,167.2172648,0.780419332,0.986257691,0.906697265,0.816584995,0.009324544,0.002557484,0.666811053,0.998808802,3
31012,654.663,251.5734549,157.4137566,1.598166896,0.780050248,31404,198.7101023,0.718069834,0.987517514,0.909293416,0.789869116,0.008112133,0.00194776,0.62389322,0.997085491,3
60743,962.318,396.2216487,195.9184927,2.022380038,0.869196456,61406,278.1014018,0.743961885,0.989203009,0.82426884,0.70188341,0.006522919,0.000976521,0.492640321,0.99630595,4
39127,768.735,268.8967365,186.7196758,1.440109273,0.719597176,39977,223.1995602,0.790827876,0.978737774,0.832018734,0.830056783,0.006872409,0.002012426,0.688994264,0.992227028,3
31518,650.724,236.4859992,170.150753,1.389861608,0.694496486,31829,200.3246464,0.780999108,0.990229036,0.935351541,0.847088822,0.007503204,0.0023831,0.717559472,0.997308362,3
53472,886.651,343.8404227,199.100717,1.726967275,0.815292197,54090,260.9265508,0.663037683,0.988574598,0.854733795,0.758859441,0.006430289,0.001315393,0.575867651,0.994504588,6
35272,682.696,232.1302308,193.5975477,1.199034975,0.551758353,35619,211.9191007,0.779922609,0.990258008,0.951010328,0.912931934,0.006581147,0.002819908,0.833444717,0.999329366,5
67796,1020.867,404.659343,215.6127283,1.876787823,0.846225277,69042,293.8035878,0.77715622,0.981953014,0.817477117,0.72605166,0.005968779,0.001023141,0.527151013,0.989350602,2
41759,775.473,304.2975203,175.5608924,1.733287615,0.816787735,42315,230.5844968,0.717360682,0.986860451,0.872622871,0.757760025,0.007286993,0.001482023,0.574200256,0.995254192,3
67502,993.036,371.3870571,234.1842604,1.585875398,0.776135174,69374,293.1658502,0.698474783,0.973015827,0.860194217,0.789380902,0.005501867,0.00131776,0.623122209,0.988194181,2
33352,676.179,246.0430636,173.0059263,1.422165523,0.711038545,33736,206.0705833,0.786882152,0.988617501,0.916660228,0.837538682,0.007377161,0.002239177,0.701471044,0.997607934,3
74604,1089.456,421.2105687,229.6475812,1.834160702,0.83830048,77074,308.2024708,0.640861767,0.967952876,0.789864486,0.731706405,0.005645952,0.000998308,0.535394263,0.981999116,2
81059,1095.035,428.1097552,242.5730438,1.764869453,0.823983257,81937,321.2592789,0.778844306,0.98928445,0.849483807,0.750413358,0.005281459,0.001033085,0.563120207,0.993833652,2
45024,790.438,292.3623177,196.7499382,1.48595888,0.739673296,45489,239.4291905,0.821351041,0.989777748,0.905562268,0.81894682,0.006493477,0.001801689,0.670673894,0.996593829,6
34980,675.203,233.0086827,191.3427601,1.217755417,0.570665001,35276,211.0400893,0.785290948,0.991609026,0.96418627,0.905717705,0.006661197,0.002765053,0.820324561,0.998954677,5
30925,648.757,233.8083006,168.5379707,1.387273738,0.693103304,31292,198.4311793,0.753092733,0.988271763,0.923326837,0.848691765,0.007560495,0.002419524,0.720277712,0.999222354,3
40900,732.606,253.4278762,205.6913592,1.232078378,0.584162567,41235,228.2005639,0.79171506,0.991875834,0.957617843,0.900455654,0.006196281,0.002512813,0.810820384,0.998994264,5
38883,728.545,269.5536264,184.4912404,1.461064633,0.729076309,39263,222.5025241,0.79717484,0.990321677,0.920570101,0.825448083,0.006932429,0.001985291,0.681364537,0.995517627,3
35581,701.666,253.4008656,179.6559955,1.410478202,0.705229183,35975,212.8453341,0.805437342,0.98904795,0.908169993,0.839955039,0.007121803,0.002186723,0.705524468,0.995126884,3
50769,881.294,352.3135317,184.5966435,1.908558709,0.851745585,51334,254.2461375,0.749844918,0.988993649,0.821422976,0.721647381,0.006939541,0.001160942,0.520774943,0.993929553,4
38641,718.184,247.7468033,198.8496914,1.245899863,0.596473563,39027,221.8090378,0.753206503,0.990109411,0.941427261,0.895305347,0.006411501,0.002541114,0.801571665,0.998678028,5
34878,679.271,229.2969816,193.9498701,1.182248699,0.533427616,35217,210.7321732,0.784480432,0.990373967,0.949894318,0.919035967,0.006574258,0.002893054,0.844627109,0.998559301,5
50704,841.018,313.9273193,206.304773,1.521667747,0.753739178,51338,254.0833286,0.782589906,0.987650473,0.900827227,0.809369918,0.006191372,0.001638909,0.655079664,0.996813596,6
38348,739.888,281.1918534,174.7548996,1.609064204,0.783430631,38760,220.9664908,0.814943897,0.989370485,0.880279555,0.785821097,0.007332634,0.001724783,0.617514797,0.993620955,6
83575,1118.077,431.5356315,248.8398063,1.734190514,0.816999826,85300,326.2069818,0.727751654,0.979777257,0.840122898,0.755921314,0.005163454,0.001039983,0.571417033,0.990945999,2
42329,778.504,298.9254323,180.931875,1.652143561,0.796016991,42765,232.1528735,0.734814686,0.989804747,0.877659738,0.776624698,0.007061954,0.001584709,0.603145921,0.99648365,6
30609,643.215,237.9207698,164.0097467,1.450650187,0.724432192,30958,197.4147645,0.728976637,0.988726662,0.929708235,0.829750024,0.007772902,0.002272752,0.688485103,0.998751043,3
28517,616.404,218.1749201,166.6284518,1.309349741,0.645526487,28844,190.549133,0.764982027,0.988663154,0.943154417,0.873377806,0.007650697,0.002745929,0.762788792,0.998757307,3
42547,781.126,292.3764813,185.8781112,1.572947343,0.771895697,43158,232.749915,0.71772942,0.985842717,0.87626733,0.796062371,0.006871847,0.001702322,0.633715299,0.996800796,6
34412,667.199,233.9589857,187.3982909,1.248458481,0.598680683,34677,209.319658,0.787459954,0.992358047,0.971424393,0.894685269,0.006798762,0.002687143,0.80046173,0.999343236,5
37753,720.089,271.4327861,177.6567264,1.527849756,0.756049347,38184,219.2455531,0.703625012,0.98871255,0.91493234,0.807734232,0.007189701,0.001887837,0.65243459,0.996822029,3
35826,699.05,254.24474,180.3120311,1.410026489,0.705000774,36230,213.5768712,0.697872838,0.98884902,0.921280132,0.840044405,0.007096654,0.002179929,0.705674602,0.99501988,3
75799,1096.146,409.7062235,236.3038694,1.733810896,0.816910701,77029,310.661044,0.796877628,0.984031988,0.792750516,0.758253173,0.005405167,0.001102163,0.574947874,0.996850889,0
72716,1030.705,408.9068457,229.8795298,1.778787551,0.827014437,74014,304.2776474,0.814061013,0.982462777,0.860143832,0.744124611,0.005623341,0.001063547,0.553721437,0.984952798,2
23940,658.923,222.7984458,137.9285401,1.615317944,0.785333312,24923,174.5891025,0.701476793,0.96055852,0.69289061,0.783619032,0.009306535,0.00216465,0.614058787,0.991900178,3
34844,702.976,268.7728252,165.4185644,1.624804484,0.788169164,35275,210.6294345,0.7227846,0.987781715,0.886047231,0.783670873,0.007713604,0.001794618,0.614140037,0.997857486,3
52151,904.977,371.8485703,178.9904525,2.077477123,0.876526792,52608,257.6833629,0.811676083,0.991313108,0.800197925,0.692979302,0.007130229,0.001014295,0.480220314,0.997646715,4
76592,1094.186,429.0375007,228.8137347,1.875051344,0.845914377,77712,312.281865,0.66951049,0.985587811,0.803916545,0.727866129,0.005601597,0.000969835,0.529789102,0.993381768,2
42263,770.713,286.8277958,189.5660572,1.513075706,0.750469166,42902,231.9718148,0.777965946,0.985105589,0.894097369,0.808749425,0.006786735,0.001791004,0.654075632,0.989665949,6
39247,771.589,275.1653269,182.2915835,1.509479053,0.749079416,39984,223.5415675,0.788472356,0.981567627,0.828407981,0.812390028,0.007011117,0.001883759,0.659977557,0.996222298,6
174024,1563.305,580.5057916,382.8731952,1.5161829,0.751659786,175448,470.7167285,0.7483487,0.991883635,0.894811541,0.810873441,0.00333578,0.000889589,0.657515737,0.996914117,1
42553,775.735,289.9129425,188.276929,1.539821921,0.760425013,43164,232.7663256,0.730649038,0.985844685,0.888614252,0.802883526,0.006812985,0.001746334,0.644621957,0.99260302,6
87552,1155.741,371.3509385,301.7053564,1.230839727,0.583026045,88998,333.8782242,0.821621622,0.983752444,0.823673123,0.899090832,0.00424149,0.001709671,0.808364324,0.994966924,0
42716,777.283,295.2720553,184.4858443,1.600513343,0.780785204,43147,233.2117072,0.703028308,0.990010893,0.88846864,0.789819772,0.006912446,0.001659295,0.623815272,0.998424665,6
38631,710.756,236.0033248,208.6035706,1.131348443,0.467674089,39019,221.7803347,0.78654179,0.990056127,0.960958749,0.939733942,0.006109169,0.002938878,0.883099881,0.999093676,5
53576,935.254,397.7631863,172.2405901,2.309346397,0.901382894,54159,261.1801712,0.615130257,0.989235399,0.76969914,0.656622282,0.007424279,0.000851327,0.431152822,0.995681216,4
37528,735.285,264.8035443,181.0498978,1.4625998,0.729750045,38049,218.5912478,0.750454936,0.98630713,0.872275895,0.8254846,0.007056159,0.002021082,0.681424825,0.996651813,3
46124,814.407,313.2070315,188.4883408,1.661678543,0.79864599,46525,242.3363381,0.74050765,0.991380978,0.873884088,0.773725727,0.006790544,0.001501179,0.5986515,0.994766353,6
34406,677.742,243.3148259,180.5601345,1.34755563,0.670306464,34818,209.3014089,0.792253845,0.98816704,0.941272237,0.860208202,0.007071872,0.002388518,0.739958151,0.997134772,3
36728,714.376,274.9892243,170.602728,1.611868858,0.784287248,37034,216.2487965,0.679971859,0.991737322,0.90438517,0.786390074,0.007487182,0.001766242,0.618409349,0.996794771,3
74945,1082.572,388.6936409,246.4553637,1.577136058,0.773283275,76519,308.9060337,0.732571551,0.979429946,0.803598186,0.794728808,0.005186385,0.001276205,0.631593878,0.996109479,0
34625,684.401,246.6660149,179.6733466,1.372858132,0.685144279,35064,209.9664717,0.734825976,0.987480037,0.928920132,0.851217675,0.007123928,0.002307076,0.72457153,0.994733917,3
47701,856.953,352.2382779,173.6578246,2.028346714,0.870022306,48228,246.4443132,0.825276817,0.989072738,0.816250275,0.699652277,0.007384295,0.001091485,0.489513309,0.992902711,4
38759,736.821,269.1772997,183.8870658,1.463818559,0.73028297,39185,222.1474544,0.793770096,0.989128493,0.897136316,0.825283019,0.006944898,0.001987272,0.681092061,0.996995199,3
36152,694.2,248.9354742,185.0490033,1.345240827,0.668890084,36582,214.546396,0.761575732,0.988245585,0.942698842,0.861855453,0.006885801,0.002343538,0.742794822,0.999237921,5
35650,700.907,267.4872008,170.1594591,1.571979613,0.771573186,36035,213.0516129,0.803796898,0.989315943,0.911902914,0.796492738,0.007503147,0.001862733,0.634400682,0.997264938,3
30033,637.682,235.9564852,162.3813316,1.45310106,0.725536791,30355,195.5484678,0.785546139,0.989392192,0.928111734,0.828748011,0.007856574,0.002286141,0.686823266,0.998023616,3
48099,857.135,332.6926613,185.4098015,1.794363937,0.830310847,48867,247.4702989,0.726735665,0.984283873,0.822711282,0.74384057,0.006916831,0.00130619,0.553298794,0.992819403,6
44369,780.415,272.2403783,208.0100428,1.308784781,0.645136231,44967,237.6812264,0.789034713,0.986701359,0.915457713,0.87305648,0.006135824,0.002198984,0.762227617,0.997591905,5
25537,597.771,229.8323892,141.7851431,1.620990636,0.787036283,25884,180.3183802,0.722200226,0.986594035,0.898069726,0.784564703,0.008999976,0.002103469,0.615541774,0.997787451,3
57440,964.157,393.173053,187.7485852,2.094146556,0.878620065,58090,270.4346122,0.630280686,0.988810467,0.776477325,0.687825908,0.006844935,0.000945068,0.47310448,0.990750116,4
28058,621.031,235.830118,151.9948737,1.551566262,0.764595865,28351,189.0094049,0.820409357,0.989665268,0.914197472,0.801464234,0.008405094,0.002139237,0.642344919,0.996640704,3
148931,1403.498,496.1268755,382.8269939,1.295955832,0.63607015,149919,435.4593421,0.823961272,0.993409775,0.950104496,0.877717704,0.003331253,0.00121957,0.770388368,0.998389299,1
35197,700.976,263.1297559,170.888144,1.539777715,0.760409089,35571,211.6936755,0.701526748,0.989485817,0.900138245,0.804521993,0.007475914,0.001931949,0.647255637,0.996629805,3
59479,961.314,394.7540886,193.2560099,2.042648448,0.871969331,60261,275.1926868,0.819495729,0.987023116,0.808803437,0.697124348,0.006636865,0.000966905,0.485982357,0.992691108,4
37364,731.173,277.2243955,171.9148118,1.612568415,0.78450007,37787,218.1130953,0.796334186,0.988805674,0.878259661,0.786774537,0.007419559,0.001753715,0.619014171,0.998202701,6
39385,748.882,258.7458213,194.2559154,1.331984258,0.660575497,39895,223.9342302,0.767110748,0.987216443,0.882498406,0.865460277,0.006569654,0.002273583,0.749021491,0.997684836,5
46828,779.434,268.1653772,222.5908282,1.204745853,0.557688109,47157,244.1787489,0.797208035,0.993023305,0.968627469,0.910552851,0.005726603,0.002428273,0.829106495,0.998862612,5
58835,921.619,349.560119,214.554192,1.629239288,0.789474484,59540,273.6988283,0.77516469,0.988159221,0.870447902,0.782980705,0.005941363,0.001377432,0.613058784,0.998819457,0
34820,689.737,258.0894787,172.3748462,1.497257195,0.744261863,35170,210.5568829,0.706646372,0.990048337,0.919753784,0.815829006,0.007412105,0.002025433,0.665576967,0.996539903,3
68774,1136.305,373.3326894,235.5836317,1.584714043,0.775759508,70416,295.9151508,0.686847099,0.976681436,0.669336199,0.792631235,0.005428399,0.00132171,0.628264275,0.995619219,0
80862,1102.815,426.127665,244.8878291,1.740093277,0.818376922,82724,320.8686586,0.784633746,0.977491417,0.835504924,0.752987156,0.005269814,0.001045022,0.566989657,0.986614891,2
81699,1087.782,423.3148575,247.8588311,1.707886927,0.810658787,82699,322.525034,0.791082062,0.987907955,0.867646599,0.761903411,0.005181396,0.001077026,0.580496808,0.99142291,2
33468,685.227,258.233498,165.4107256,1.561165378,0.767918861,33917,206.4286344,0.708557395,0.986761801,0.895716738,0.799387516,0.007715833,0.001943533,0.6390204,0.997616525,3
47681,813.399,303.6207555,200.4927503,1.514372739,0.750967286,48101,246.3926434,0.713915673,0.991268373,0.905624058,0.811514493,0.006367751,0.001703535,0.658555772,0.997298909,6
46092,774.513,268.3126145,219.006491,1.225135444,0.577718211,46436,242.2522592,0.788261249,0.992591955,0.965557172,0.902873164,0.00582124,0.002386175,0.81517995,0.99870585,5
76546,1124.781,410.3366507,238.4400651,1.720921568,0.813843583,77760,312.188075,0.788857514,0.98438786,0.760320013,0.760809629,0.005360654,0.001107903,0.578831292,0.996123254,0
58635,975.011,411.3971919,182.1664326,2.258358941,0.896620703,59215,273.233235,0.69560111,0.990205184,0.775082199,0.664159213,0.007016239,0.000842118,0.44110746,0.996178975,4
184172,1632.704,632.6632699,373.8460925,1.692309436,0.806738598,186777,484.2469137,0.809931748,0.986052887,0.868197548,0.76541019,0.003435176,0.000727287,0.585852759,0.991444152,1
40158,760.511,278.4493429,184.9811308,1.505285116,0.747442975,40687,226.1211039,0.687955048,0.986998304,0.872511057,0.812072679,0.006933845,0.001860088,0.659462036,0.992678388,6
58740,942.69,370.6574503,204.0034152,1.816917869,0.834912559,59701,273.4777703,0.753424658,0.983903117,0.830626927,0.737818085,0.006310137,0.001153495,0.544375527,0.989085623,2
51894,901.802,367.3547664,182.1624611,2.016632649,0.868393264,52605,257.0476472,0.653058656,0.986484175,0.801871214,0.699725907,0.007078945,0.001046791,0.489616345,0.987376307,4
30835,663.731,250.3740472,157.3729139,1.590960229,0.77776819,31272,198.1422251,0.737485351,0.986025838,0.879568389,0.791384839,0.0081198,0.001964609,0.626289964,0.996402424,3
62277,983.008,393.4648661,202.1560316,1.946342452,0.857919457,63069,281.591085,0.766297527,0.987442325,0.809885164,0.715670214,0.00631798,0.001022374,0.512183855,0.996885181,4
42883,784.774,297.8136317,184.0741393,1.617900443,0.78611127,43587,233.667138,0.732892398,0.983848395,0.874995484,0.784608605,0.006944795,0.001623497,0.615610663,0.995996764,6
40778,725.165,254.1433484,204.3979634,1.24337515,0.594274212,41037,227.8599617,0.802779746,0.993688622,0.974455735,0.896580466,0.006232364,0.002484218,0.803856532,0.999495236,5
31521,674.54,252.2699917,159.6053993,1.580585574,0.774415861,31958,200.33418,0.797515434,0.986325803,0.870551432,0.794126082,0.008003236,0.001963375,0.630636234,0.996774533,3
52093,892.816,338.606796,198.1655184,1.708706937,0.810861666,52989,257.5400311,0.670127097,0.98309083,0.821230941,0.760587307,0.006500044,0.001341814,0.578493051,0.98847509,6
97054,1265.438,428.8218966,288.6922782,1.485394411,0.739440543,99061,351.529502,0.774362902,0.979739756,0.761625646,0.819756418,0.004418385,0.001230786,0.672000585,0.998185914,0
43661,755.49,259.7199457,214.3122383,1.211876409,0.564889365,44011,235.7772503,0.79580417,0.992047443,0.961271579,0.907813413,0.005948557,0.002492171,0.824125193,0.998737879,5
58072,965.068,401.4215223,185.4722379,2.164321339,0.886859816,58805,271.9183091,0.815766924,0.987535074,0.783539358,0.677388466,0.00691248,0.000897769,0.458855134,0.993109957,4
96220,1184.057,467.1455145,264.2926467,1.767531259,0.824569374,97317,350.0158696,0.788081314,0.98872756,0.862442197,0.749265183,0.004854973,0.000943863,0.561398315,0.992289071,2
42911,764.207,285.9943826,191.3516456,1.494601114,0.743195035,43321,233.7434108,0.751887999,0.990535768,0.923329001,0.817300706,0.006664827,0.001834409,0.667980444,0.998364315,5
50426,882.89,357.8089918,181.1211586,1.975522874,0.862418993,51061,253.3858269,0.735094318,0.987563894,0.812926326,0.708159473,0.007095724,0.001100781,0.501489839,0.990704647,4
59100,1057.719,351.9312622,215.1271842,1.635921855,0.791417386,60703,274.3145222,0.778707425,0.973592738,0.663829783,0.77945483,0.005954844,0.001355857,0.607549832,0.993904049,0
25757,604.185,237.5441197,138.2016314,1.718822834,0.813336518,26012,181.0934316,0.792084384,0.990196832,0.886676634,0.762357038,0.009222507,0.001921598,0.581188254,0.998959641,3
49805,850.999,332.2215442,191.481999,1.735001441,0.817189984,50287,251.8207607,0.659162498,0.990415018,0.864220789,0.757990459,0.006670446,0.001358281,0.574549536,0.996844272,6
57860,952.872,393.8581405,187.4842472,2.100753245,0.879434599,58360,271.4215173,0.791172127,0.991432488,0.800790961,0.689135223,0.006807088,0.00094702,0.474907355,0.997663167,4
39158,742.484,281.3341448,178.5597857,1.575573938,0.772767383,39590,223.2879623,0.69429078,0.989088154,0.89259853,0.793675302,0.007184589,0.001758544,0.629920485,0.992486299,4
164670,1590.236,632.8435071,337.2340882,1.876570398,0.846186403,167485,457.8912052,0.824574493,0.983192525,0.818278589,0.723545711,0.003843101,0.000649719,0.523518396,0.982419124,1
79866,1106.47,430.9399239,239.5043203,1.799299167,0.831334796,81633,318.886421,0.787648672,0.978354342,0.819770925,0.739978831,0.005395787,0.000997957,0.54756867,0.985239851,2
41798,744.664,259.0496348,206.0168242,1.257419804,0.606243154,42168,230.6921466,0.778883423,0.991225574,0.947206453,0.890532607,0.006197656,0.002404399,0.793048324,0.997194668,5
81835,1085.899,414.7619703,253.5452467,1.635849915,0.791396622,83167,322.7933676,0.766611397,0.983984032,0.872107627,0.778261728,0.005068271,0.001146944,0.605691317,0.990820089,2
35410,704.701,228.5505682,197.4338111,1.15760602,0.5037461,35997,212.3332576,0.765952844,0.983693086,0.896037148,0.92904279,0.006454407,0.002966054,0.863120506,0.999153494,5
131249,1374.898,521.1492464,323.7902564,1.609527267,0.783572436,132831,408.7926333,0.81498845,0.98809013,0.872498937,0.784406072,0.003970691,0.000927277,0.615292886,0.990330677,1
38523,732.182,271.4652247,181.1326167,1.498709784,0.744842262,38880,221.470104,0.782097612,0.990817901,0.903008563,0.81583232,0.007046835,0.001925651,0.665582374,0.997514816,6
32279,670.977,250.8205643,164.181397,1.527703924,0.755995254,32662,202.7286345,0.757189772,0.988273835,0.900979001,0.808261616,0.007770395,0.002045647,0.653286839,0.998028868,3
52452,878.032,342.1508562,198.7842347,1.721217262,0.813914849,53647,258.4259287,0.675362132,0.977724756,0.854970693,0.755298208,0.006523123,0.001309511,0.570475384,0.981912078,4
48467,827.697,307.0635192,202.0145132,1.520007223,0.753112627,49135,248.4151787,0.753939488,0.986404803,0.889023499,0.809002578,0.006335517,0.001674023,0.654485171,0.994822188,6
170021,1556.114,583.2122412,373.5774606,1.561154788,0.767915236,171568,465.2713839,0.791959345,0.990983167,0.882327083,0.797773694,0.003430237,0.000857083,0.636442866,0.993585828,1
153885,1491.351,573.3714139,343.8445245,1.667531029,0.800233162,156047,442.6425955,0.779038333,0.9861452,0.869453607,0.771999763,0.003725973,0.000816372,0.595983634,0.993821202,1
29526,646.0,236.8743741,160.0258018,1.480226135,0.737293606,29989,193.8908734,0.805400982,0.984561006,0.889097611,0.818538832,0.008022569,0.002221521,0.670005819,0.991760124,3
38709,747.193,278.3041772,177.9968145,1.563534594,0.768727447,39155,222.0041205,0.72065011,0.988609373,0.871276954,0.797703156,0.00718965,0.001795779,0.636330325,0.994924477,6
48998,835.087,324.8884105,193.0014002,1.683347427,0.804424845,49426,249.7722787,0.831813938,0.99134059,0.882926946,0.768794056,0.006630646,0.001428814,0.5910443,0.994932902,6
57011,942.7,381.980929,191.5812266,1.993832777,0.865130645,57679,269.422827,0.775364487,0.988418662,0.806160488,0.705330571,0.006700127,0.001022901,0.497491215,0.991914291,4
54672,931.865,386.653982,180.3778484,2.143577969,0.884516061,55205,263.8381178,0.721190376,0.990345077,0.791168203,0.682362345,0.007072249,0.000945796,0.46561837,0.998089279,4
35996,686.723,235.3434819,194.8065986,1.208087835,0.561090618,36312,214.0829994,0.779134199,0.991297643,0.95918178,0.909661902,0.006538045,0.002761517,0.827484777,0.999674292,5
29652,637.766,234.7056284,161.3935243,1.454244397,0.726049607,30044,194.3041404,0.736238361,0.98695247,0.916096302,0.827863148,0.007915339,0.002293419,0.685357392,0.996677148,3
31884,666.0,249.5312721,163.3986859,1.52713145,0.755782722,32277,201.4844154,0.702910053,0.987824147,0.903304567,0.807451562,0.007826222,0.002052097,0.651978025,0.995656146,3
80035,1129.156,385.280099,265.5568751,1.450838352,0.724517255,81623,319.2236316,0.800830498,0.980544699,0.788827278,0.828549495,0.004813895,0.001399427,0.686494266,0.99599221,0
175545,1617.952,628.5570239,358.5796123,1.752907868,0.82131105,177735,472.7693263,0.730831519,0.987678285,0.842688489,0.752150256,0.003580603,0.000706894,0.565730007,0.991672581,1
29067,629.906,230.0918331,161.1475773,1.427833027,0.713787828,29478,192.3778933,0.768155391,0.986057399,0.920573745,0.836091793,0.007915913,0.002386144,0.699049487,0.998125945,3
33903,684.459,256.8778802,168.5016179,1.524483168,0.754795641,34340,207.7658304,0.716856261,0.987274316,0.909396162,0.808811682,0.007576848,0.002000129,0.654176337,0.997280815,3
31534,671.57,236.7196427,169.9273624,1.393063714,0.696205785,31979,200.375487,0.804110567,0.986084618,0.878630657,0.846467512,0.007506807,0.002377257,0.716507249,0.99814025,3
29336,640.593,242.9514106,154.2343178,1.575209811,0.772646859,29693,193.2660221,0.722099148,0.987976964,0.898351679,0.795492488,0.008281682,0.002045703,0.632808298,0.99680584,3
55779,924.817,365.215337,195.4545206,1.868543822,0.844740516,56388,266.4958322,0.807198055,0.98919983,0.819537781,0.729695074,0.006547542,0.001145048,0.5324549,0.994915315,4
73494,1078.935,435.0816095,216.5033815,2.009583437,0.867397687,74356,305.901074,0.701626761,0.988407122,0.793361618,0.703088955,0.005919961,0.000892359,0.494334078,0.993405576,4
30019,643.041,244.227488,157.05247,1.555069385,0.765817374,30350,195.5028846,0.770567549,0.989093904,0.912281266,0.800495007,0.008135764,0.00206069,0.640792256,0.996476419,3
37810,713.014,243.7454539,197.7501503,1.232593015,0.584633117,38222,219.4110006,0.78152129,0.989220868,0.934588487,0.900164483,0.006446587,0.002610941,0.810296097,0.998765309,5
27246,610.019,228.2573583,152.2047616,1.499672913,0.745225914,27561,186.2543547,0.744182235,0.988570807,0.920080639,0.815984011,0.008377647,0.002291017,0.665829906,0.998527074,3
42101,757.499,281.5763923,190.7131365,1.476439419,0.735702218,42494,231.5267977,0.799942998,0.990751636,0.922015342,0.822252163,0.006688116,0.001885835,0.67609862,0.998218654,3
53715,962.027,386.5679918,177.450289,2.178457944,0.888415442,54528,261.5187606,0.668321451,0.985090229,0.729341494,0.676514264,0.007196649,0.000929861,0.45767155,0.997018224,4
51510,889.324,354.6097965,185.4404821,1.912256658,0.85236805,52176,256.0948437,0.770692441,0.987235511,0.818429714,0.722187729,0.00688429,0.001155153,0.521555116,0.997347243,4
32964,685.637,257.1406407,163.631746,1.571459372,0.771399505,33343,204.8684172,0.794389821,0.988633296,0.881173195,0.796717379,0.00780065,0.001938776,0.634758581,0.997497321,3
43005,767.416,291.2970747,188.366899,1.546434518,0.762787881,43390,233.9992877,0.76857776,0.991126988,0.917628972,0.803301193,0.006773563,0.001739845,0.645292807,0.997903071,6
43528,777.324,287.1108126,193.8864537,1.480819352,0.737541494,43983,235.4178645,0.73676371,0.989655094,0.905262277,0.819954715,0.006596003,0.001839162,0.672325734,0.995592958,6
26420,605.129,221.7853347,152.0815434,1.458331693,0.727870085,26769,183.4093476,0.817121826,0.986962531,0.906664778,0.826967878,0.0083946,0.002421778,0.683875871,0.997317857,3
33552,679.815,254.0594706,168.8456593,1.504684643,0.74720726,33963,206.6875255,0.802199641,0.987898596,0.91231915,0.813539936,0.007572111,0.002046031,0.661847228,0.99587136,3
190919,1627.569,596.8968719,408.8116613,1.4600779,0.728641811,192563,493.0371392,0.777129669,0.991462534,0.905691301,0.826000541,0.00312644,0.000897741,0.682276894,0.996177415,1
55647,948.511,376.9934223,188.8955933,1.995776692,0.865413669,56332,266.1803166,0.709584045,0.987839949,0.777260999,0.706060904,0.00677473,0.001038581,0.498522,0.994938589,4
37348,701.625,239.7906149,198.515935,1.207916206,0.560917069,37690,218.0663902,0.785942761,0.990925975,0.953382342,0.909403357,0.006420441,0.002708762,0.827014465,0.998964175,5
35321,682.903,232.9444526,193.4111007,1.204400635,0.557333834,35670,212.066249,0.761491031,0.990215868,0.951754225,0.910372609,0.00659507,0.002794318,0.828778287,0.998181095,5
43533,820.623,333.7998456,167.4809878,1.993061123,0.865018041,44179,235.4313851,0.81696881,0.985377668,0.812346083,0.705307052,0.007667743,0.00117047,0.497458038,0.991464275,4
55080,939.289,394.4555672,178.8741836,2.205212397,0.891271002,55792,264.8207585,0.634562212,0.987238314,0.784522354,0.671357639,0.007161503,0.000897428,0.45072108,0.993935713,4
39524,721.543,248.8682306,202.4588745,1.229228559,0.581539233,39875,224.3290435,0.750693257,0.991197492,0.953995485,0.901396867,0.006296636,0.002564204,0.812516313,0.998768256,5
60516,970.091,391.9072583,199.3084753,1.966335138,0.861026373,61355,277.5812751,0.760757791,0.986325483,0.808081431,0.708283068,0.006476093,0.001005357,0.501664904,0.986441328,4
51527,856.204,331.6249644,198.2840686,1.672474076,0.801558325,52055,256.1371,0.720576719,0.989856882,0.883263364,0.772369778,0.006435946,0.001412841,0.596555074,0.997722895,6
61811,978.904,389.9334902,202.7154975,1.923550469,0.85424418,62553,280.5355762,0.811657956,0.988138059,0.810579148,0.719444683,0.006308481,0.001042543,0.517600652,0.995630976,4
48087,821.859,312.6661311,196.1938183,1.593659442,0.778627333,48487,247.4394269,0.736739697,0.991750366,0.894628886,0.79138545,0.006502093,0.001573204,0.626290931,0.998094455,6
61142,1024.175,361.2581014,216.1530585,1.671306915,0.801246683,62247,279.0132833,0.772970923,0.98224814,0.732489095,0.772337789,0.00590851,0.001296841,0.59650566,0.996944035,0
80339,1107.539,433.0276124,237.3940606,1.824087811,0.836334673,81278,319.8293166,0.654023999,0.988447058,0.823034859,0.738588735,0.005390005,0.000989418,0.54551332,0.995064198,2
58720,978.223,395.6667718,189.5627359,2.087260294,0.877762001,59408,273.431209,0.625406056,0.988419068,0.771116811,0.691064372,0.006738194,0.000947976,0.477569966,0.996812827,4
28313,609.268,222.4884394,162.1504801,1.372110889,0.6847223,28531,189.866351,0.737010621,0.992359188,0.958471085,0.853376254,0.007858173,0.002570772,0.728251031,0.999241169,3
74267,1049.271,408.7938996,232.7689244,1.756221973,0.822057763,75168,307.5055792,0.739070726,0.988013516,0.847677011,0.752226439,0.005504381,0.001087133,0.565844615,0.993748746,2
76278,1083.778,433.5725897,225.4395882,1.923231821,0.854191755,76973,311.6410852,0.821359349,0.99097086,0.816072042,0.718774878,0.005684111,0.000935866,0.516637325,0.993613343,2
39435,735.516,275.860289,182.3901964,1.512473227,0.750237238,39841,224.0763295,0.770877316,0.989809493,0.916025282,0.812281936,0.006995316,0.001878513,0.659801943,0.997932774,6
52303,851.191,319.5957116,208.929805,1.529679844,0.756726529,52806,258.0586133,0.817745466,0.990474567,0.90715692,0.807453304,0.006110466,0.001602226,0.651980838,0.997321947,6
67429,1124.602,393.2619082,219.2954315,1.793297314,0.830088268,68968,293.0072853,0.714668786,0.977685303,0.669975436,0.745069073,0.005832237,0.001108667,0.555127923,0.995509414,0
84005,1170.688,412.4733267,260.4731463,1.583554131,0.7753833,85663,327.0450855,0.798526616,0.980645086,0.770251702,0.792887841,0.004910104,0.001197064,0.628671129,0.995534762,0
42072,806.716,328.7112066,165.7553597,1.983110575,0.863552865,42898,231.4470439,0.677782611,0.980745023,0.812384597,0.704104513,0.007813063,0.00118454,0.495763165,0.983153174,4
23761,564.393,210.0692276,144.2210823,1.456577805,0.72709134,24043,173.9351742,0.725371676,0.988271014,0.937370628,0.827989783,0.008840925,0.00256317,0.685567081,0.998581794,3
48985,827.009,313.0887368,200.4140479,1.562209536,0.768275778,49586,249.7391421,0.766013011,0.987879643,0.900020714,0.797662492,0.006391523,0.001596103,0.636265452,0.993979956,6
32775,686.128,260.6636671,160.7947083,1.621096054,0.787067727,33269,204.2802636,0.700320513,0.985151342,0.874867491,0.783692894,0.007953125,0.001850552,0.614174552,0.995635942,3
24568,574.445,211.3147005,148.6671844,1.42139438,0.710661095,24805,176.864211,0.831488814,0.990445475,0.935583944,0.836970691,0.008601217,0.002603638,0.700519938,0.995715104,3
42927,751.413,260.5172911,210.118087,1.239861331,0.591177056,43276,233.7869841,0.778791727,0.991935484,0.955395065,0.897395267,0.006068845,0.002427845,0.805318266,0.998482977,5
44903,772.654,277.1386431,206.6872579,1.340859837,0.666180995,45351,239.1072464,0.736307884,0.990121497,0.94518127,0.862771224,0.00617194,0.002109522,0.744374186,0.998101449,5
52462,903.657,364.9769654,183.8306827,1.985397432,0.863891766,53123,258.450562,0.809623754,0.987557179,0.807323274,0.70812842,0.006956978,0.001079067,0.50144586,0.995569323,4
57905,945.761,391.2839742,189.3929518,2.065990157,0.875051729,58672,271.5270444,0.7257357,0.986927325,0.813510434,0.693938577,0.006757343,0.000966585,0.481550749,0.994879108,4
202236,1685.383,633.5119695,408.9218693,1.549224967,0.763773753,203633,507.439526,0.79706455,0.993139619,0.894686971,0.800994378,0.003132538,0.000795415,0.641591994,0.993970335,1
68428,1030.695,423.407826,208.5581862,2.030166418,0.870272569,69131,295.1698419,0.745078397,0.989830901,0.809437596,0.697128923,0.00618764,0.000901482,0.485988736,0.986638011,4
21706,546.187,199.3233899,138.8673301,1.435351208,0.717368823,22006,166.2436091,0.791034985,0.986367354,0.914338368,0.834039644,0.009182871,0.002740975,0.695622127,0.99846206,3
82845,1137.84,404.1093684,261.6892488,1.544233744,0.762005663,84027,324.779202,0.757633954,0.985933093,0.804106869,0.803691346,0.004877897,0.001255364,0.645919779,0.997451118,0
49265,845.236,324.3748562,194.3624803,1.668917045,0.800606144,49881,250.4518839,0.73245614,0.987650608,0.866547511,0.772106343,0.006584286,0.001443434,0.596148205,0.9949219,6
36824,689.547,236.3614158,198.577267,1.190274291,0.54236575,37125,216.5312287,0.767198633,0.991892256,0.973224603,0.916102266,0.006418678,0.002788696,0.839243362,0.998929799,5
75795,1060.79,413.5207639,236.4388837,1.748954137,0.820413764,77332,310.6528469,0.799778411,0.980124657,0.846431052,0.751238811,0.005455779,0.001071886,0.564359751,0.987039321,2
49260,824.068,309.0716741,203.6323984,1.51779224,0.752272846,49735,250.4391742,0.765239545,0.990449382,0.911545122,0.810294812,0.006274293,0.001668464,0.656577683,0.996548513,6
203686,1722.932,660.997605,394.6847598,1.674748235,0.80216333,206087,509.2554073,0.790961373,0.988349581,0.862253109,0.770434573,0.003245179,0.00070528,0.593569431,0.994079357,1
43773,782.552,292.6532592,190.9157687,1.532892025,0.757907813,44232,236.0794667,0.721077341,0.989622897,0.898234568,0.806686614,0.006685703,0.00174641,0.650743293,0.997519204,6
45071,791.887,300.0475941,191.8697421,1.563808815,0.768820743,45504,239.5541265,0.729445847,0.990484353,0.903193142,0.798387093,0.006657221,0.001668502,0.637421951,0.996806065,6
44054,791.976,295.810213,189.9812875,1.557049207,0.766503223,44619,236.8360085,0.743640384,0.987337233,0.882614727,0.800634995,0.006714719,0.001701946,0.641016395,0.99809407,6
41980,734.386,253.3075393,211.1406618,1.199709886,0.55246688,42277,231.1938496,0.772941523,0.992974904,0.978145633,0.912700231,0.006034005,0.002582843,0.833021711,0.999384382,5
43085,770.316,280.4798916,196.0695195,1.430512465,0.715072613,43520,234.216835,0.778663341,0.990004596,0.912426992,0.835057492,0.00650992,0.001952634,0.697321016,0.997526405,6
37968,724.161,269.7300926,179.5210501,1.502498412,0.746346036,38324,219.8689588,0.774161977,0.990710782,0.909823858,0.815144342,0.007104143,0.001934771,0.664460298,0.998350542,3
74870,1046.748,406.525872,236.1316288,1.721607029,0.814008724,75593,308.7514287,0.727034376,0.990435622,0.858684093,0.759487772,0.005429757,0.001114406,0.576821675,0.993060251,2
72483,1022.607,402.4616043,231.3031665,1.739974469,0.818349366,73363,303.789766,0.794978942,0.988004853,0.871020751,0.754829188,0.005552497,0.001111892,0.569767103,0.991380213,2
62499,1002.996,353.6828434,225.352307,1.569466264,0.77073215,63749,282.092535,0.723745006,0.980391849,0.780700631,0.797586143,0.005659016,0.001412639,0.636143656,0.998406007,0
28964,624.872,230.7781918,159.910621,1.443169881,0.721015324,29266,192.0367417,0.766547572,0.989680858,0.932151008,0.832126902,0.00796776,0.002356537,0.69243518,0.999301597,3
50976,932.171,327.642954,199.2144344,1.64467477,0.793919452,52067,254.763928,0.792167832,0.979046229,0.737198499,0.777565716,0.006427396,0.001449317,0.604608442,0.994384251,6
86419,1130.087,445.4437584,248.9341961,1.789403647,0.829271859,87179,331.7108503,0.742992984,0.991282304,0.850345353,0.744675044,0.005154466,0.000977756,0.554540921,0.992297546,2
38811,726.395,268.1523399,184.9020916,1.450239624,0.72424644,39206,222.2964237,0.791657318,0.989925011,0.92431288,0.828993041,0.006909184,0.002012844,0.687229462,0.996647396,3
36441,695.92,249.8607413,186.3653533,1.340703822,0.666083825,36828,215.4022336,0.77225142,0.989491691,0.945543502,0.862089148,0.006856583,0.002336126,0.743197699,0.996407995,3
40581,747.872,280.0538784,184.7775286,1.515627363,0.75144759,41011,227.3088955,0.773634544,0.989515008,0.911754806,0.811661302,0.006901108,0.001847558,0.658794069,0.998486317,3
37125,720.143,270.7608164,175.0295199,1.546943719,0.762968276,37570,217.4143926,0.746351172,0.988155443,0.899578028,0.802975835,0.007293221,0.00187029,0.644770191,0.997423197,3
70089,1065.125,438.4463739,207.3544501,2.114477764,0.881099995,71449,298.7307926,0.682343893,0.980965444,0.776351812,0.681339408,0.006255566,0.000831573,0.464223388,0.981590032,4
51610,900.804,375.6367421,175.6908578,2.138055143,0.883879449,52247,256.3433106,0.742333583,0.987807912,0.799250858,0.682423421,0.007278371,0.00097371,0.465701726,0.995695969,4
81641,1118.031,433.6838381,242.0949338,1.791379238,0.829686859,83249,322.4105297,0.673739024,0.980684453,0.820749239,0.743422976,0.005312084,0.001000895,0.552677722,0.990055396,2
162787,1570.975,603.2660979,347.0391861,1.738322708,0.81796557,165512,455.265687,0.814061179,0.983535937,0.828878808,0.754668112,0.003705862,0.000741469,0.569523959,0.990016431,1
30396,639.337,234.7549614,165.0418168,1.422396856,0.711151617,30704,196.7266866,0.755217651,0.989968734,0.934472708,0.838008643,0.007723219,0.002349482,0.702258485,0.998890262,3
33641,684.885,260.5239577,165.0223139,1.578719578,0.773804322,34006,206.9614735,0.820792466,0.9892666,0.901246211,0.794404765,0.007744239,0.001902505,0.631078931,0.996296664,3
44164,791.839,300.4440647,187.9431277,1.598590321,0.780183164,44698,237.1315062,0.694140576,0.988053157,0.885124759,0.789270064,0.006802918,0.001628462,0.622947234,0.995837419,6
30880,640.707,230.455707,171.0007556,1.347688238,0.670387293,31220,198.2867548,0.819380688,0.989109545,0.945296866,0.860411562,0.007462944,0.002522986,0.740308056,0.99770446,3
46925,776.375,256.5118827,233.1686431,1.100113117,0.41680171,47253,244.4315152,0.776454042,0.993058642,0.978297764,0.952905233,0.005466423,0.002780237,0.908028382,0.998933934,5
39436,717.903,242.9095664,207.0273819,1.17332096,0.523083051,39765,224.0791706,0.762401887,0.991726393,0.96154848,0.92247981,0.006159589,0.002751433,0.850968999,0.998459763,5
74312,1025.211,390.6159171,243.8090267,1.602138864,0.781292056,75060,307.5987273,0.808442124,0.990034639,0.888469041,0.787471052,0.005256431,0.001246835,0.620110658,0.993503386,2
68650,1009.473,386.6385507,227.7943899,1.697313752,0.808011828,69527,295.6482619,0.736019384,0.987386195,0.846566328,0.764663175,0.005632026,0.00118775,0.584709772,0.992435937,2
49853,836.362,321.4938387,198.1488348,1.622486647,0.787481811,50255,251.9420787,0.77817495,0.992000796,0.89559689,0.783660675,0.006448836,0.001500284,0.614124054,0.996408077,6
37202,710.557,253.507875,188.0286089,1.348240975,0.670723842,37739,217.6397426,0.770866142,0.985770688,0.925930325,0.858512749,0.006814361,0.002283452,0.73704414,0.99371311,3
51935,864.959,326.225089,203.1088616,1.606158818,0.782537514,52490,257.1491702,0.795572917,0.989426557,0.87232628,0.788256878,0.006281411,0.001495919,0.621348906,0.997985025,6
36503,713.806,266.3914955,174.7192151,1.524683449,0.754870516,36922,215.5853963,0.803889183,0.988651752,0.900280895,0.809280326,0.007297797,0.001930934,0.654934646,0.998568015,6
44371,787.146,296.3200136,191.1799334,1.549953535,0.764030074,44868,237.6865832,0.777293112,0.988923063,0.899908792,0.802128011,0.006678236,0.001705361,0.643409346,0.997254591,6
62278,995.754,404.3694213,197.1457639,2.051118996,0.873101348,63026,281.5933457,0.704263259,0.988131882,0.789296909,0.696376459,0.006492974,0.000941889,0.484940173,0.99467,4
72268,1077.446,395.0114428,233.360339,1.692710272,0.806841072,73750,303.3388788,0.686997357,0.979905085,0.782284767,0.767924283,0.005465925,0.001172511,0.589707704,0.998204288,0
39989,718.723,247.1612238,206.1444571,1.19897099,0.551691071,40283,225.6448009,0.756064359,0.992701636,0.972808422,0.912945799,0.00618073,0.002648497,0.833470031,0.999306388,5
42933,769.443,286.1550205,191.3969976,1.495086256,0.743390433,43310,233.803322,0.728851541,0.991295313,0.911272353,0.817051267,0.006665153,0.00183226,0.667572773,0.998078877,6
29713,633.554,236.4779965,160.3994674,1.474306619,0.734798965,30001,194.5038987,0.775695079,0.99040032,0.930227325,0.822503157,0.007958738,0.002246851,0.676511443,0.997385298,3
69773,1095.057,387.1163104,231.1532909,1.674716847,0.802154999,71055,298.05661,0.762446455,0.981957638,0.731179168,0.769940718,0.005548225,0.001202716,0.592808709,0.992786732,0
54881,913.005,371.3970685,189.5173575,1.959699488,0.86000695,55519,264.3419366,0.716349919,0.988508439,0.827342946,0.711750197,0.006767316,0.001071289,0.506588343,0.992760916,4
70943,1038.435,399.6836586,228.3168419,1.750565816,0.820780382,72323,300.5452263,0.776113688,0.980918933,0.826724444,0.751957754,0.00563387,0.001111118,0.565440464,0.989840747,2
50024,891.268,374.2680755,170.7358507,2.192088387,0.889884457,50626,252.3738001,0.714628571,0.988108877,0.791355549,0.674312923,0.00748177,0.000954179,0.454697919,0.996738027,4
32881,669.786,245.0094933,171.2706411,1.430539944,0.71508574,33236,204.6103357,0.782154666,0.989318811,0.921049031,0.835111868,0.0074514,0.002235611,0.697411833,0.997675484,3
55424,882.65,341.5211885,207.3245725,1.64727791,0.794654389,55894,265.6464352,0.784686828,0.991591226,0.89398592,0.777832955,0.006161973,0.001391377,0.605024106,0.996642844,6
49574,888.851,362.9479577,174.2002293,2.083510217,0.877290784,50172,251.2360985,0.616714769,0.988081001,0.788507622,0.692209704,0.007321337,0.001036862,0.479154275,0.998322828,4
45032,836.404,338.1600975,171.5685993,1.970990607,0.861734735,45647,239.4504608,0.675963314,0.986527044,0.808907566,0.708097917,0.007509329,0.001164539,0.501402661,0.988259934,4
40556,765.979,287.6491875,180.4904587,1.593708551,0.778642915,41153,227.2388677,0.671512542,0.98549316,0.868622854,0.789986127,0.007092642,0.001703985,0.624078081,0.994598575,6
46216,803.234,299.2951436,198.8716455,1.504966396,0.747317906,46840,242.5779025,0.747275491,0.986678053,0.900156562,0.810497289,0.006476007,0.001723826,0.656905856,0.988621238,6
38976,716.184,257.7444621,192.8115845,1.336768549,0.663616833,39281,222.7684549,0.768939394,0.992235432,0.954900019,0.864299675,0.006612902,0.002276299,0.747013929,0.998584726,5
30331,650.478,241.8180385,160.1213989,1.510216874,0.749365531,30699,196.5162299,0.712831962,0.988012639,0.900806202,0.812661583,0.007972637,0.002144967,0.660418848,0.997375689,3
76321,1096.901,418.0260495,234.1250441,1.785481989,0.828443356,77327,311.7289132,0.655949189,0.986990314,0.797111457,0.745716477,0.005477209,0.001044802,0.556093065,0.992894151,2
35294,701.997,268.1594279,168.4372812,1.592043199,0.778113532,35680,211.9851799,0.795447374,0.989181614,0.899995283,0.790519213,0.007597876,0.001830297,0.624920626,0.994900632,3
40641,727.677,253.5156731,204.5658846,1.239286177,0.590666037,40960,227.4768743,0.79055789,0.992211914,0.964488277,0.897289195,0.006237929,0.002494307,0.8051279,0.997783877,5
31143,653.535,246.5538433,161.2615623,1.528906454,0.756440724,31470,199.1293528,0.801003086,0.989609152,0.916289284,0.807650573,0.00791683,0.002077902,0.652299448,0.997304836,3
35755,756.893,306.6087821,149.3572951,2.052854411,0.873331364,36384,213.3651329,0.779315606,0.982712181,0.78429179,0.69588722,0.00857527,0.001240461,0.484259022,0.99411327,4
32743,693.638,260.359802,160.5226333,1.621950728,0.78732238,33290,204.1805143,0.763240093,0.983568639,0.855189928,0.784224418,0.007951617,0.001855225,0.615007939,0.997512574,3
83735,1191.134,403.2032319,265.0398653,1.521292774,0.753597917,85557,326.5190856,0.747941119,0.978704256,0.74164427,0.80981267,0.004815229,0.001277424,0.65579656,0.997658568,0
32323,664.437,242.4343542,169.9603597,1.426417046,0.713105002,32692,202.8667587,0.728783369,0.988712835,0.920055252,0.836790476,0.007500367,0.00226845,0.700218301,0.998803321,3
46258,796.091,291.7855417,202.4141293,1.441527539,0.720255807,46750,242.688102,0.716201152,0.989475936,0.917215294,0.831734501,0.006307786,0.001862068,0.691782281,0.997223209,6
34004,659.963,229.0597505,189.1650397,1.210898964,0.563915151,34277,208.0750765,0.781970795,0.992035476,0.981071581,0.908387772,0.006736259,0.00282933,0.825168345,0.999195494,5
27247,609.007,233.4412941,148.8718917,1.568068299,0.770262202,27482,186.2577727,0.809404985,0.991448948,0.923174897,0.797878428,0.008567596,0.002141833,0.636609985,0.998247937,3
41059,736.776,266.6742551,196.5105607,1.357047958,0.676008708,41387,228.643702,0.787536443,0.992074806,0.950489428,0.857389484,0.006494904,0.002165036,0.735116727,0.997588654,5
70724,1029.749,394.0018235,229.948757,1.713433152,0.812024329,71394,300.0809783,0.73887879,0.990615458,0.838134894,0.761623324,0.005570978,0.001156304,0.580070087,0.993911318,2
40098,755.262,294.8817146,174.2631647,1.692163201,0.806701192,40725,225.9521172,0.689490336,0.984604052,0.88335914,0.76624662,0.007354026,0.001563793,0.587133883,0.993526351,3
69570,1025.985,341.4539825,260.8840029,1.308834496,0.645170603,70767,297.622706,0.783225443,0.983085336,0.830519521,0.87163343,0.004908064,0.001747533,0.759744837,0.994380251,0
34927,687.555,256.3705909,174.0331999,1.473113125,0.734291313,35254,210.8801498,0.702855533,0.990724457,0.928445165,0.82255983,0.007340184,0.002072797,0.676604675,0.996715227,3
80737,1095.419,419.110364,250.4878689,1.673176293,0.801745451,83362,320.6205563,0.749563651,0.968510832,0.8455162,0.765002691,0.005191057,0.001096699,0.585229117,0.979191485,2
39295,732.803,244.1990998,205.4712787,1.188482894,0.540399095,39881,223.678224,0.805390449,0.985306286,0.919544349,0.91596662,0.006214508,0.002698392,0.838994849,0.997131025,5
35195,694.629,255.2988088,175.8550161,1.451757331,0.724932079,35606,211.6876609,0.783294757,0.988457002,0.916610889,0.829176062,0.007253837,0.002115118,0.687532942,0.998130989,3
29577,628.476,230.6839252,163.5540529,1.410444567,0.705212185,29930,194.0582542,0.758851601,0.988205814,0.940993427,0.841230068,0.007799436,0.002409362,0.707668028,0.998126525,3
39721,739.568,257.0632043,197.128875,1.304036277,0.641826562,40255,224.8874117,0.784550357,0.986734567,0.912586026,0.874833146,0.00647172,0.002338301,0.765333033,0.99802204,5
33728,690.089,263.9269971,163.2618022,1.616587552,0.785716334,34213,207.2289154,0.781464319,0.985824102,0.890000486,0.785175134,0.00782516,0.00183459,0.616499991,0.996626212,3
52887,905.99,377.4841536,178.8823401,2.110237117,0.880589218,53460,259.4953175,0.768527668,0.989281706,0.809677346,0.687433671,0.00713756,0.000983225,0.472565052,0.997224313,4
88369,1132.4,440.971716,256.996531,1.715866414,0.812618532,89229,335.4324154,0.783524259,0.990361878,0.865984429,0.760666508,0.004990118,0.001030547,0.578613537,0.992823534,2
42096,764.009,289.85428,185.812754,1.55992672,0.767494313,42462,231.513049,0.78858042,0.991380528,0.906261949,0.798722203,0.006885554,0.001728629,0.637957158,0.995166416,6
22964,565.797,216.1733746,135.5463134,1.594830351,0.778998376,23222,170.9931955,0.766488652,0.988889846,0.901438539,0.79100026,0.009413577,0.002273217,0.625681411,0.997855705,3
