Administrative,Administrative_Duration,Informational,Informational_Duration,ProductRelated,ProductRelated_Duration,BounceRates,ExitRates,PageValues,SpecialDay,Month,OperatingSystems,Browser,Region,TrafficType,VisitorType,Weekend,Revenue
1,30.0,0,0.0,16,597.6,0.0,0.0125,0.0,0.0,Mar,1,1,3,2,Returning_Visitor,0,0
0,0.0,0,0.0,7,193.3333333,0.028571429,0.057142857,0.0,0.0,May,2,4,3,3,Returning_Visitor,0,0
6,77.33333333,1,52.33333333,6,126.6666667,0.0,0.016666667,0.0,0.0,Mar,1,1,1,2,Returning_Visitor,0,0
0,0.0,0,0.0,80,801.802381,0.0,0.0035,0.0,0.0,Mar,2,2,3,1,Returning_Visitor,0,0
4,251.0,9,172.0,64,4326.666667,0.008552632,0.024502924,0.0,0.0,Dec,2,2,4,2,Returning_Visitor,0,0
1,16.25,0,0.0,34,456.525,0.006060606,0.03030303,0.0,0.0,Nov,1,1,4,1,Returning_Visitor,1,0
1,153.5,0,0.0,20,1002.847222,0.0,0.00952381,41.13433129,0.0,Nov,2,2,4,2,Returning_Visitor,0,0
0,0.0,0,0.0,13,324.0,0.0,0.003030303,0.0,0.0,May,2,2,2,2,New_Visitor,1,0
4,226.6,2,7.0,33,849.7444444,0.021929825,0.042105263,0.0,0.0,Sep,3,2,1,13,Returning_Visitor,1,0
2,14.0,2,189.0,134,6732.124414,0.008018648,0.025030224,0.0,0.0,Nov,1,8,3,11,Returning_Visitor,0,0
3,86.95,6,173.2,17,481.31,0.0,0.0,27.69500776,0.0,Nov,2,2,9,20,New_Visitor,0,1
0,0.0,1,172.0,21,564.5,0.0,0.042965368,0.0,0.8,May,3,3,2,1,Returning_Visitor,0,0
3,314.5,0,0.0,22,2837.166667,0.0,0.008333333,0.0,0.0,May,2,4,2,2,New_Visitor,0,0
0,0.0,6,129.125,47,1117.642857,0.00754717,0.019339623,0.0,0.0,Dec,1,1,1,2,Returning_Visitor,0,0
5,188.0,0,0.0,22,352.8,0.0,0.008,0.0,0.2,May,2,2,3,2,New_Visitor,0,0
1,7.125,6,1043.928571,73,3585.177579,0.008175105,0.024451608,0.0,0.0,Nov,3,2,5,2,Returning_Visitor,0,0
5,100.9166667,0,0.0,114,3488.070803,8.14e-05,0.022685492,5.698711043,0.0,Nov,2,2,3,2,Returning_Visitor,0,0
0,0.0,0,0.0,22,1664.0,0.03030303,0.032424242,0.0,0.0,Nov,1,1,1,2,Returning_Visitor,0,1
7,52.4,3,202.5,55,1995.466667,0.003333333,0.025396825,1.8315,0.0,May,2,2,6,13,Returning_Visitor,0,0
6,55.0,1,7.0,132,4056.175369,0.005882353,0.019282953,0.0,0.0,Mar,2,2,8,2,Returning_Visitor,0,0
0,0.0,0,0.0,2,22.0,0.0,0.1,0.0,0.0,Mar,2,2,1,1,Returning_Visitor,0,0
2,32.0,0,0.0,7,164.5,0.0,0.008333333,0.0,0.4,May,2,2,1,4,Returning_Visitor,0,0
1,21.5,2,323.0,14,836.8333333,0.0,0.001904762,0.0,0.0,May,2,2,8,2,New_Visitor,0,0
4,292.1904762,1,194.5,56,1948.713745,0.001724138,0.021055381,14.69293103,0.0,May,1,2,3,2,Returning_Visitor,0,1
1,4.0,0,0.0,26,242.1095238,0.0,0.004273504,0.0,0.0,June,4,1,2,1,Returning_Visitor,0,0
0,0.0,0,0.0,12,554.5,0.0,0.018181818,49.62545455,0.0,May,2,4,5,2,New_Visitor,0,1
6,276.0,0,0.0,24,1021.2,0.014285714,0.022619048,82.4326349,0.0,Dec,1,1,3,1,Returning_Visitor,1,0
5,36.33333333,3,53.0,22,406.0,0.002564103,0.013461538,0.0,0.0,Mar,4,1,1,1,Returning_Visitor,0,0
9,443.2916667,1,0.0,74,3615.889239,0.007028112,0.016930138,1.119759036,0.8,May,2,2,3,1,Returning_Visitor,0,0
0,0.0,0,0.0,2,0.0,0.2,0.2,0.0,0.0,June,1,1,3,2,Returning_Visitor,0,0
9,249.5,0,0.0,66,2506.333333,0.015277778,0.041369048,13.99708333,0.0,May,2,2,6,6,Returning_Visitor,0,1
0,0.0,0,0.0,2,29.0,0.0,0.05,0.0,0.0,Nov,1,1,3,3,Returning_Visitor,0,0
0,0.0,0,0.0,4,14.2,0.1,0.15,0.0,0.0,Oct,1,1,1,1,Returning_Visitor,1,0
1,3.0,1,302.0,7,539.5,0.0,0.0125,0.0,0.0,Dec,2,2,4,2,Other,1,0
0,0.0,0,0.0,11,109.5,0.0,0.022222222,0.0,0.0,Dec,4,1,1,8,New_Visitor,0,0
7,66.0,0,0.0,6,146.5,0.0,0.018181818,0.0,0.0,Nov,2,4,1,2,New_Visitor,0,0
4,135.6666667,0,0.0,28,615.8166667,0.007407407,0.016049383,0.0,0.0,May,1,1,1,4,Returning_Visitor,0,0
0,0.0,0,0.0,27,1224.541667,0.0,0.024691358,0.0,0.0,Dec,4,2,1,2,New_Visitor,1,0
2,33.0,0,0.0,22,460.6666667,0.0,0.025,0.0,0.6,May,3,2,3,1,Returning_Visitor,0,0
0,0.0,0,0.0,2,42.0,0.05,0.15,0.0,0.4,Feb,2,2,1,4,Returning_Visitor,0,0
1,90.0,1,34.0,57,1092.364286,0.0,0.006321839,19.11506897,0.6,May,2,2,7,4,Returning_Visitor,0,1
6,113.0,0,0.0,18,359.4,0.008333333,0.05,0.0,0.0,Sep,2,2,3,1,Returning_Visitor,0,0
0,0.0,0,0.0,7,108.25,0.0,0.028571429,0.0,0.0,Dec,2,2,7,2,New_Visitor,1,0
9,181.275,2,65.0,120,3283.715359,0.004651163,0.024543027,2.442153455,0.0,Nov,1,2,1,2,Returning_Visitor,0,0
0,0.0,0,0.0,8,101.75,0.025,0.075,0.0,0.0,Nov,2,2,6,2,Returning_Visitor,0,0
0,0.0,0,0.0,11,382.25,0.018181818,0.063636364,0.0,0.0,Dec,2,2,3,2,Returning_Visitor,0,0
0,0.0,0,0.0,4,253.0,0.0,0.016666667,0.0,0.6,Feb,2,2,3,3,Returning_Visitor,0,0
0,0.0,0,0.0,5,0.0,0.2,0.2,0.0,0.0,Jul,3,2,2,13,Returning_Visitor,1,0
1,13.0,0,0.0,28,611.94,0.0,0.006896552,0.0,0.0,Sep,3,2,1,1,Returning_Visitor,0,0
0,0.0,0,0.0,9,249.41,0.022222222,0.005128205,0.0,0.0,Nov,1,2,1,4,Returning_Visitor,0,0
8,183.0833333,1,40.5,349,6879.801826,0.000568182,0.004306345,1.625051033,0.0,Nov,4,2,9,10,Returning_Visitor,0,0
4,23.375,2,231.6,35,996.1480769,0.006081081,0.041741742,0.0,0.0,Nov,2,2,5,2,Returning_Visitor,1,0
4,84.0,0,0.0,35,1059.0,0.0,0.005882353,0.0,0.0,Mar,2,2,3,2,New_Visitor,0,0
0,0.0,0,0.0,1,0.0,0.2,0.2,0.0,0.0,Dec,3,2,1,1,Other,0,0
0,0.0,0,0.0,3,31.0,0.066666667,0.133333333,0.0,0.0,May,2,2,4,3,Returning_Visitor,0,0
7,131.8333333,0,0.0,63,2074.611111,0.010793651,0.02000962,0.0,0.0,Dec,3,2,3,10,Returning_Visitor,0,0
0,0.0,0,0.0,5,54.33333333,0.0,0.02,0.0,0.0,Dec,1,2,1,3,Returning_Visitor,0,0
5,48.97619048,1,65.0,40,1159.5671,0.0,0.016324111,12.48912129,0.0,Dec,1,1,4,2,Returning_Visitor,1,0
0,0.0,0,0.0,3,0.0,0.2,0.2,0.0,0.0,Nov,3,2,4,3,Returning_Visitor,1,0
7,294.0,0,0.0,7,639.0,0.0,0.018181818,0.0,0.0,Dec,2,4,9,10,Returning_Visitor,0,0
0,0.0,0,0.0,159,5878.940603,0.008962264,0.018569755,0.0,0.0,Nov,3,2,1,2,Returning_Visitor,0,1
4,131.1,0,0.0,13,777.05,0.0,0.003921569,0.0,0.0,Oct,2,2,1,2,Returning_Visitor,0,0
0,0.0,0,0.0,25,903.7,0.036,0.059393939,0.0,0.0,May,2,2,3,4,Returning_Visitor,0,0
2,21.33333333,0,0.0,3,45.33333333,0.0,0.0125,0.0,0.0,May,3,2,4,4,Returning_Visitor,1,0
0,0.0,0,0.0,2,233.5,0.0,0.033333333,0.0,0.0,May,1,1,1,1,Returning_Visitor,0,0
6,111.0,0,0.0,12,202.25,0.025,0.029166667,0.0,0.0,Mar,3,2,1,1,Returning_Visitor,1,0
5,505.0,0,0.0,85,2197.195238,0.015,0.029405769,13.77355814,0.8,May,2,2,1,2,Returning_Visitor,0,0
1,11.0,0,0.0,5,71.0,0.0,0.033333333,0.0,0.0,Mar,2,2,6,3,Returning_Visitor,0,0
9,444.2847222,0,0.0,534,18504.12621,0.010856514,0.023309001,2.54795624,0.0,Nov,2,2,3,2,Returning_Visitor,1,1
6,1489.041667,0,0.0,12,879.8,0.0,0.005555556,0.0,0.0,Nov,2,2,4,2,New_Visitor,1,0
7,56.3,0,0.0,15,315.4,0.0,0.011111111,0.0,0.0,Oct,2,2,1,2,New_Visitor,0,0
0,0.0,0,0.0,10,902.6666667,0.0,0.03,0.0,0.0,Nov,2,2,3,20,Returning_Visitor,1,0
6,49.08333333,1,619.5,58,2572.429487,0.00625,0.020729167,0.0,0.0,Nov,1,2,1,2,Returning_Visitor,0,1
3,39.0,0,0.0,6,1180.5,0.0,0.022222222,0.0,0.0,May,2,2,1,3,Returning_Visitor,0,0
6,151.7,0,0.0,34,799.327381,0.017647059,0.023340336,0.0,0.0,Dec,3,2,1,2,Returning_Visitor,0,0
0,0.0,0,0.0,5,90.66666667,0.04,0.12,0.0,0.0,May,2,2,6,6,Returning_Visitor,0,0
0,0.0,0,0.0,2,3.0,0.0,0.1,0.0,0.0,Dec,2,2,4,2,Returning_Visitor,0,0
0,0.0,0,0.0,8,185.5,0.025,0.0375,0.0,0.0,May,1,1,3,2,Returning_Visitor,1,0
5,70.0,0,0.0,61,2635.61627,0.0,0.003389831,0.0,0.6,May,1,8,1,3,Returning_Visitor,0,0
0,0.0,0,0.0,1,0.0,0.2,0.2,0.0,0.0,Dec,1,1,1,2,New_Visitor,0,0
2,29.75,0,0.0,44,1410.428571,0.008695652,0.026086957,0.0,0.0,Nov,2,2,1,8,Returning_Visitor,1,0
0,0.0,0,0.0,3,23.0,0.0,0.066666667,0.0,0.0,Nov,2,2,4,3,Returning_Visitor,0,0
0,0.0,0,0.0,30,1737.016667,0.034482759,0.048357964,1.444763592,0.0,June,3,2,4,3,Returning_Visitor,1,0
0,0.0,0,0.0,4,55.0,0.0,0.05,0.0,0.0,Mar,2,2,1,1,Returning_Visitor,0,0
0,0.0,0,0.0,2,93.6,0.0,0.05,0.0,0.0,Oct,2,4,1,2,Returning_Visitor,1,0
4,34.93333333,0,0.0,2,22.8,0.0,0.028571429,0.0,0.0,Oct,2,2,4,2,New_Visitor,0,0
2,87.0,0,0.0,20,918.0833333,0.0075,0.010666667,0.0,0.0,May,1,1,2,2,Returning_Visitor,0,0
0,0.0,0,0.0,40,1090.566667,0.018392857,0.041198413,0.0,0.0,May,2,4,1,6,Returning_Visitor,0,0
8,92.93333333,0,0.0,78,2063.642844,0.007407407,0.011934156,0.0,0.0,Sep,3,2,6,13,Returning_Visitor,0,0
5,96.0,0,0.0,81,2833.814103,0.00021645,0.025137085,0.0,0.0,Nov,4,1,7,2,Returning_Visitor,0,0
2,32.0,0,0.0,16,230.1,0.0,0.0125,0.0,0.0,May,2,2,2,1,Returning_Visitor,1,0
1,44.0,0,0.0,56,2075.983333,0.0,0.014545455,13.81852727,0.0,May,2,5,2,3,Returning_Visitor,0,1
2,55.0,0,0.0,6,249.5,0.0,0.033333333,0.0,0.0,Mar,2,2,7,2,New_Visitor,0,0
0,0.0,0,0.0,7,578.2,0.0,0.033333333,58.488,0.0,May,2,5,3,6,Returning_Visitor,1,1
2,41.75,2,30.0,25,596.075,0.001538462,0.02014652,0.0,0.0,Nov,2,2,3,1,Returning_Visitor,0,0
0,0.0,0,0.0,1,0.0,0.2,0.2,0.0,0.0,Mar,2,2,7,1,Returning_Visitor,1,0
2,17.0,0,0.0,30,1448.928571,0.043851852,0.069954545,0.0,0.0,Dec,3,2,1,13,Returning_Visitor,0,0
1,11.88888889,0,0.0,111,3510.879903,9.83e-05,0.009438427,12.01656549,0.0,Mar,3,2,5,2,Returning_Visitor,0,0
0,0.0,0,0.0,17,933.4166667,0.031932773,0.043075335,0.0,0.0,Mar,3,2,1,3,Returning_Visitor,0,0
0,0.0,0,0.0,3,78.0,0.0,0.066666667,0.0,0.0,Feb,1,2,6,6,Returning_Visitor,1,0
0,0.0,2,4.0,45,2984.130952,0.004255319,0.02141844,0.0,0.0,Nov,2,2,1,1,Returning_Visitor,0,0
6,301.2,0,0.0,87,1836.983333,0.009782609,0.026449275,0.0,0.0,Sep,2,2,6,3,Returning_Visitor,0,0
0,0.0,1,0.0,7,50.0,0.038095238,0.080952381,0.0,0.6,Feb,2,4,1,7,Returning_Visitor,0,0
0,0.0,0,0.0,1,0.0,0.2,0.2,0.0,0.0,Dec,8,13,9,20,Other,0,0
4,120.9,0,0.0,7,534.0,0.0,0.02962963,0.0,0.0,Aug,2,2,7,2,Returning_Visitor,0,0
12,202.25,0,0.0,175,4877.122575,0.006906077,0.014774057,0.0,0.0,Nov,2,2,4,2,Returning_Visitor,1,1
1,3.0,0,0.0,40,624.75,0.0,0.014634146,0.0,0.0,Mar,3,7,3,3,Returning_Visitor,0,0
0,0.0,0,0.0,8,183.0,0.0,0.00625,0.0,0.0,Dec,2,4,4,1,Returning_Visitor,0,0
1,11.0,0,0.0,20,285.6666667,0.0,0.022222222,0.0,0.0,May,2,10,3,3,Returning_Visitor,0,0
1,3.0,0,0.0,7,114.8333333,0.014285714,0.007142857,0.0,0.0,Mar,3,2,1,10,Returning_Visitor,0,0
1,39.2,2,120.8,7,80.5,0.0,0.01,0.0,0.0,Nov,3,2,4,2,New_Visitor,1,0
0,0.0,0,0.0,3,62.0,0.0,0.066666667,0.0,0.0,Mar,2,2,1,1,Returning_Visitor,0,0
4,598.375,0,0.0,126,4446.303175,0.001538462,0.015567766,3.333835543,0.0,Dec,2,2,3,2,Returning_Visitor,0,0
0,0.0,0,0.0,5,488.5,0.032727273,0.033846154,0.0,0.0,Mar,2,7,7,6,Returning_Visitor,0,0
0,0.0,0,0.0,3,0.0,0.2,0.2,0.0,0.0,Nov,3,2,1,11,Returning_Visitor,0,1
7,105.75,0,0.0,124,3394.130159,0.001587302,0.012918871,5.921482086,0.0,May,2,2,3,11,Returning_Visitor,1,0
10,155.8458333,4,155.375,128,4391.876232,0.008759124,0.022411525,0.0,0.0,Nov,1,2,1,2,Returning_Visitor,0,0
0,0.0,0,0.0,48,1916.873737,0.017391304,0.050362319,0.0,0.0,Dec,2,2,5,1,Returning_Visitor,0,0
5,333.0,2,166.0,12,151.9,0.031111111,0.064444444,0.0,0.0,Mar,2,2,1,1,Returning_Visitor,0,0
0,0.0,0,0.0,3,18.0,0.0,0.066666667,0.0,0.2,May,2,2,2,5,Returning_Visitor,0,0
5,1415.5,0,0.0,34,588.3666667,0.0,0.030246914,8.041078329,0.0,Aug,2,5,1,1,Returning_Visitor,0,1
0,0.0,0,0.0,6,65.66666667,0.066666667,0.1,0.0,0.0,May,2,2,2,3,Returning_Visitor,0,0
1,6.333333333,0,0.0,36,1378.166667,0.005555556,0.026587302,0.0,0.0,Nov,2,2,1,13,Returning_Visitor,1,0
14,515.9821429,0,0.0,170,7128.75377,0.003370787,0.016081238,4.470297685,0.0,Nov,2,2,7,1,Returning_Visitor,1,1
0,0.0,1,24.0,27,1547.5,0.003703704,0.014814815,0.0,0.0,Mar,3,2,1,1,Returning_Visitor,0,0
14,325.48,6,22.6,24,359.63,0.024324324,0.042342342,0.0,0.0,Sep,1,1,2,4,Returning_Visitor,1,0
14,128.8095238,2,41.6,37,1584.770476,0.009302326,0.029296378,0.0,0.0,Oct,2,2,1,2,Returning_Visitor,0,0
3,230.1,0,0.0,35,905.1226263,0.017647059,0.019206774,0.0,0.0,Jul,3,2,6,1,Returning_Visitor,0,0
0,0.0,0,0.0,55,1728.025397,0.049318182,0.071645022,0.0,0.0,May,3,2,1,6,Returning_Visitor,0,0
0,0.0,0,0.0,62,2232.45,0.008196721,0.039726776,0.0,0.4,May,2,2,6,4,Returning_Visitor,0,0
0,0.0,0,0.0,1,0.0,0.2,0.2,0.0,0.0,Dec,1,13,9,20,Returning_Visitor,0,0
8,388.7916667,1,944.75,17,1464.416667,0.019047619,0.034920635,0.0,0.0,Nov,1,1,4,3,Returning_Visitor,0,0
2,33.5,0,0.0,23,833.6695513,0.009090909,0.012947658,29.38287135,0.0,Dec,2,2,1,2,Returning_Visitor,0,1
0,0.0,0,0.0,8,267.0,0.0,0.05,0.0,0.0,Mar,2,2,3,3,Returning_Visitor,0,0
13,869.1666667,2,28.2,97,2865.817778,0.009345794,0.024205607,0.0,0.0,Oct,2,6,1,1,Returning_Visitor,0,0
0,0.0,0,0.0,38,1787.395833,0.004824561,0.031871345,0.0,0.0,Nov,2,2,4,2,New_Visitor,0,0
3,14.5,2,907.8333333,28,804.2833333,0.014141414,0.044155844,7.945805543,0.0,Mar,2,5,9,2,Returning_Visitor,0,0
0,0.0,0,0.0,5,72.0,0.0,0.05,0.0,0.0,Dec,3,2,1,2,Returning_Visitor,0,0
3,79.22,2,297.8333333,62,1685.747985,0.0,0.013128205,0.0,0.0,Jul,2,2,3,2,Returning_Visitor,0,0
5,473.1666667,2,195.4,111,4022.812148,0.003571429,0.012351425,0.0,0.0,Aug,3,2,9,5,Returning_Visitor,0,0
0,0.0,0,0.0,1,0.0,0.2,0.2,0.0,0.0,Dec,2,4,1,1,Returning_Visitor,1,0
0,0.0,0,0.0,34,1006.257576,0.0,0.015196078,0.0,0.0,Mar,2,2,7,3,Returning_Visitor,0,0
6,233.0833333,2,63.0,60,3135.442572,0.001666667,0.009358814,0.0,0.0,Mar,3,2,1,10,Returning_Visitor,0,0
3,55.0,0,0.0,19,436.0,0.0,0.013636364,49.54827273,0.0,May,2,2,4,2,Returning_Visitor,1,1
0,0.0,0,0.0,2,5.0,0.0,0.1,0.0,0.0,Mar,2,2,1,2,Returning_Visitor,0,0
0,0.0,0,0.0,1,0.0,0.2,0.2,0.0,0.0,Nov,3,2,3,10,Other,0,0
0,0.0,0,0.0,16,340.65,0.060416667,0.063690476,0.0,0.0,Sep,3,2,2,3,Returning_Visitor,1,0
1,37.0,0,0.0,23,1817.0,0.053333333,0.073696145,0.0,0.0,May,3,2,1,13,Returning_Visitor,0,0
9,241.8416667,0,0.0,25,673.0333333,0.002150538,0.005222734,27.97341787,0.0,Nov,1,1,3,2,New_Visitor,0,0
0,0.0,0,0.0,3,823.5,0.0,0.066666667,0.0,0.0,Dec,2,2,3,8,Returning_Visitor,0,0
3,19.25,0,0.0,8,713.5833333,0.0,0.046969697,0.0,0.0,Nov,3,2,1,10,Returning_Visitor,1,0
0,0.0,0,0.0,4,44.0,0.0,0.05,0.0,0.0,May,2,4,3,2,New_Visitor,1,0
0,0.0,0,0.0,9,311.7,0.0,0.055555556,0.0,0.0,June,2,2,4,13,Returning_Visitor,0,0
4,229.25,0,0.0,8,372.25,0.022222222,0.00952381,0.0,0.0,Dec,1,2,1,8,Returning_Visitor,0,0
0,0.0,0,0.0,4,56.0,0.1,0.15,0.0,0.0,May,2,2,6,3,Returning_Visitor,0,0
9,243.25,3,1475.25,79,3497.214286,0.003448276,0.012643678,32.59864309,0.0,Dec,2,2,2,2,Returning_Visitor,0,0
0,0.0,0,0.0,1,0.0,0.2,0.2,0.0,0.0,May,2,5,7,3,Returning_Visitor,0,0
0,0.0,0,0.0,36,788.5,0.0,0.025,0.0,0.0,Nov,2,6,3,3,Returning_Visitor,0,0
15,309.6333333,2,45.8,50,2230.986667,0.0,0.004371585,40.77935433,0.0,Nov,2,2,4,2,Returning_Visitor,0,1
2,1687.5,0,0.0,29,3098.033333,0.0,0.025806452,0.0,0.0,May,2,4,5,3,Returning_Visitor,0,0
2,18.0,0,0.0,32,871.8333333,0.009375,0.020833333,31.903875,0.6,May,4,1,1,3,Returning_Visitor,0,0
5,110.3,1,21.8,78,3621.606667,0.0,0.006024096,18.78186098,0.0,Jul,2,4,4,1,Returning_Visitor,0,0
4,61.0,0,0.0,19,607.0,0.0,0.026984127,17.53595893,1.0,Feb,1,1,7,4,Returning_Visitor,1,1
0,0.0,0,0.0,6,319.0,0.0,0.05,0.0,0.0,Mar,1,1,6,1,Returning_Visitor,1,0
0,0.0,2,39.0,19,1527.607143,0.038095238,0.083730159,0.0,1.0,May,2,2,1,4,Returning_Visitor,1,0
15,1011.361111,2,171.5,54,1405.131241,0.0,0.006127451,37.41814196,0.0,Mar,3,2,3,2,New_Visitor,1,0
0,0.0,0,0.0,1,0.0,0.2,0.2,0.0,0.0,Nov,2,2,1,20,Returning_Visitor,1,0
7,98.8,0,0.0,5,69.4,0.022222222,0.033333333,0.0,0.0,Jul,3,2,2,5,New_Visitor,1,0
0,0.0,0,0.0,2,28.0,0.0,0.1,0.0,0.0,May,2,2,1,3,Returning_Visitor,0,0
3,294.2,2,108.9,60,1994.023778,0.022153846,0.037014927,0.0,0.0,Sep,3,2,6,2,Returning_Visitor,0,0
0,0.0,0,0.0,5,1439.5,0.0,0.08,0.0,0.0,May,2,2,4,2,Returning_Visitor,0,0
5,60.2,0,0.0,12,165.4,0.0125,0.041666667,0.0,0.0,Aug,2,5,3,6,Returning_Visitor,0,0
0,0.0,0,0.0,6,192.0,0.0,0.04,0.0,0.0,Mar,2,10,4,3,Returning_Visitor,0,0
6,475.75,1,18.0,28,1559.65,0.0125,0.027083333,15.81839583,0.0,May,2,2,5,4,Returning_Visitor,0,1
4,121.5,0,0.0,2,34.0,0.0,0.023809524,0.0,0.0,Nov,2,2,9,8,New_Visitor,0,0
0,0.0,0,0.0,80,3279.407576,0.01875,0.041944444,0.0,0.4,May,2,4,7,2,Returning_Visitor,0,0
0,0.0,0,0.0,9,953.8333333,0.0,0.011428571,92.83857143,0.0,May,3,2,1,5,Returning_Visitor,1,1
1,42.0,0,0.0,10,1057.0,0.022222222,0.014814815,0.0,0.0,May,3,2,8,15,New_Visitor,1,0
0,0.0,0,0.0,18,315.6944444,0.0,0.002941176,0.0,0.0,Nov,1,1,8,8,New_Visitor,0,0
0,0.0,0,0.0,43,1650.416667,0.0,0.003875969,0.0,0.0,Mar,2,2,7,3,Returning_Visitor,1,0
3,242.0,0,0.0,12,286.0,0.0,0.014285714,0.0,0.0,Mar,1,1,1,2,New_Visitor,1,0
0,0.0,0,0.0,37,1669.559524,0.016190476,0.051333333,0.0,0.0,May,3,2,3,1,Returning_Visitor,0,0
11,247.3333333,2,369.0,90,7221.0,0.001030928,0.003917526,13.46406308,0.0,Mar,2,2,3,8,Returning_Visitor,0,1
1,30.25,2,0.0,20,543.9583333,0.00952381,0.026984127,0.0,0.0,Dec,3,2,1,2,Returning_Visitor,0,0
0,0.0,0,0.0,2,37.0,0.0,0.1,0.0,0.8,Feb,2,2,2,3,Returning_Visitor,0,0
7,110.25,0,0.0,20,266.5833333,0.011111111,0.039753086,0.0,0.0,Mar,2,2,1,2,Returning_Visitor,0,0
2,29.0,1,0.0,9,536.0,0.0,0.018181818,37.51854545,0.0,May,2,2,3,4,New_Visitor,0,1
11,188.8333333,3,27.0,64,4829.625,0.004054054,0.017194337,48.60623685,0.0,Nov,1,1,1,3,Returning_Visitor,0,1
2,21.25,0,0.0,15,305.2083333,0.0,0.010784314,0.0,0.0,Nov,2,4,7,2,Returning_Visitor,0,0
2,41.5,0,0.0,10,264.25,0.016666667,0.025,0.0,0.0,Nov,1,4,8,8,New_Visitor,1,1
4,207.0,0,0.0,31,1592.233333,0.0,0.011574074,57.06546413,0.0,Dec,2,2,4,1,Returning_Visitor,0,0
4,562.0,0,0.0,22,1945.5,0.0,0.008333333,0.0,0.0,Dec,2,2,1,2,Returning_Visitor,0,0
0,0.0,2,35.2,16,275.1,0.0,0.027777778,0.0,0.0,Aug,2,2,3,3,Returning_Visitor,1,0
5,91.0,2,232.8,246,9227.371429,0.006425703,0.024959839,0.0,0.0,Oct,4,1,4,3,Returning_Visitor,1,0
3,121.0,0,0.0,17,174.8333333,0.017647059,0.051764706,0.0,0.0,May,1,4,2,2,Returning_Visitor,0,0
10,236.9,0,0.0,19,538.2,0.0,0.00952381,0.0,0.0,May,2,5,3,6,New_Visitor,0,0
0,0.0,0,0.0,24,580.2,0.0,0.012121212,17.12545455,0.0,Mar,2,2,1,1,Returning_Visitor,0,1
0,0.0,2,30.0,11,1114.916667,0.0,0.030769231,0.0,0.0,Mar,3,2,1,3,Returning_Visitor,0,0
0,0.0,0,0.0,4,135.5,0.0,0.066666667,0.0,0.0,Mar,2,2,3,14,Returning_Visitor,0,0
0,0.0,3,29.0,41,1652.75,0.013636364,0.035119048,0.0,0.0,May,2,2,4,4,Returning_Visitor,1,0
2,125.0,0,0.0,7,49.0,0.025,0.075,0.0,0.0,May,1,1,8,1,Returning_Visitor,0,0
12,430.1570175,14,622.4,85,3684.855282,0.000934579,0.009959744,34.45943549,0.0,Nov,3,2,1,2,Returning_Visitor,1,0
0,0.0,0,0.0,7,191.0,0.0,0.028571429,0.0,0.0,May,2,4,4,2,Returning_Visitor,0,0
0,0.0,1,112.0,43,1866.107143,0.0,0.025,0.0,0.0,Nov,2,2,1,2,Returning_Visitor,1,0
0,0.0,0,0.0,16,622.0,0.0,0.0125,0.0,0.0,Mar,2,10,2,6,Returning_Visitor,0,0
0,0.0,0,0.0,1,0.0,0.2,0.2,0.0,0.0,Jul,3,2,4,1,Returning_Visitor,0,0
7,94.84,0,0.0,43,1487.229317,0.004545455,0.019638695,0.0,0.0,Oct,2,4,1,2,Returning_Visitor,0,0
0,0.0,0,0.0,5,614.75,0.0,0.073333333,0.0,0.0,Dec,2,10,2,2,Returning_Visitor,0,0
0,0.0,0,0.0,3,48.0,0.0,0.033333333,0.0,0.0,Mar,2,2,5,1,Returning_Visitor,1,0
3,120.25,5,869.0,42,2066.927778,0.017391304,0.048188406,17.70684845,0.0,May,2,2,4,4,Returning_Visitor,0,0
3,22.27777778,1,0.0,6,36.90277778,0.0,0.086666667,0.0,0.0,Nov,2,2,2,2,Returning_Visitor,0,0
0,0.0,0,0.0,37,1212.0,0.010810811,0.017117117,0.0,0.0,Nov,2,2,6,2,Returning_Visitor,0,1
8,57.0625,3,172.0,23,176.8193627,0.019444444,0.065189145,0.0,0.0,Mar,2,2,1,1,Returning_Visitor,0,0
1,50.5,0,0.0,3,192.5,0.0,0.05,0.0,0.0,Nov,2,2,8,2,New_Visitor,1,0
12,394.1,0,0.0,30,917.25,0.0,0.005405405,0.0,0.0,Nov,2,2,1,2,New_Visitor,1,1
0,0.0,0,0.0,4,67.0,0.0,0.05,0.0,0.0,Dec,2,2,9,2,Returning_Visitor,0,0
4,341.6,0,0.0,3,77.0,0.0,0.022222222,0.0,0.0,Oct,3,2,8,2,New_Visitor,1,0
0,0.0,0,0.0,20,1008.5,0.08,0.12,0.0,0.0,Dec,2,2,3,1,Returning_Visitor,1,0
0,0.0,1,25.0,43,2053.933333,0.012878788,0.039015152,0.0,0.0,May,2,5,6,3,Returning_Visitor,1,0
4,272.5,0,0.0,14,279.9,0.0,0.028571429,0.0,0.0,Mar,1,1,3,10,New_Visitor,0,0
3,84.0,0,0.0,27,655.9166667,0.0,0.011111111,0.0,0.0,Mar,2,2,2,1,Returning_Visitor,0,0
4,113.8333333,0,0.0,3,23.66666667,0.0,0.05625,0.0,0.0,Dec,2,2,6,2,Returning_Visitor,1,0
0,0.0,0,0.0,4,66.5,0.0,0.025,0.0,0.0,Dec,2,2,1,10,Returning_Visitor,0,0
3,61.65,7,380.9571429,102,3025.290325,0.014102564,0.019800052,11.43180835,0.0,Sep,3,2,1,2,Returning_Visitor,0,0
3,36.0,0,0.0,3,29.5,0.0,0.04,0.0,0.0,Nov,2,10,3,2,Other,0,0
0,0.0,0,0.0,12,680.5,0.0,0.018181818,42.422531,0.0,Dec,2,2,6,10,Returning_Visitor,0,1
0,0.0,0,0.0,2,0.0,0.2,0.2,0.0,0.0,Nov,1,1,4,1,Returning_Visitor,0,0
0,0.0,0,0.0,9,339.5,0.0,0.013888889,0.0,0.0,Dec,1,2,3,2,New_Visitor,1,0
0,0.0,0,0.0,3,48.0,0.0,0.066666667,0.0,0.0,Mar,4,1,1,1,Returning_Visitor,0,0
0,0.0,0,0.0,13,374.9,0.0,0.047619048,16.72561819,0.0,Aug,4,1,1,3,Returning_Visitor,0,1
0,0.0,0,0.0,5,0.0,0.2,0.2,0.0,0.6,May,3,2,8,13,Returning_Visitor,0,0
0,0.0,0,0.0,30,397.0,0.0,0.02,0.0,0.0,Mar,2,2,7,2,Returning_Visitor,0,0
0,0.0,2,6.333333333,16,301.3333333,0.033333333,0.088888889,0.0,0.0,Nov,2,2,3,2,Returning_Visitor,0,0
0,0.0,3,83.0,18,511.5,0.00952381,0.028571429,0.0,0.0,May,2,2,6,1,Returning_Visitor,0,0
0,0.0,0,0.0,6,600.0,0.0,0.033333333,0.0,0.0,May,1,1,4,3,Returning_Visitor,0,0
2,103.3,0,0.0,38,1649.766667,0.0,0.011965812,0.0,0.0,Oct,1,1,3,3,Returning_Visitor,0,0
0,0.0,0,0.0,4,104.0,0.0,0.05,0.0,0.0,May,2,10,2,2,Returning_Visitor,0,0
0,0.0,0,0.0,54,2222.9,0.003703704,0.014814815,0.0,0.0,May,4,1,1,4,Returning_Visitor,0,0
0,0.0,0,0.0,1,0.0,0.2,0.2,0.0,0.0,Nov,1,1,3,3,Returning_Visitor,0,0
3,69.8,0,0.0,81,7514.790476,0.003821138,0.021883469,0.0,0.0,Nov,2,2,1,2,Returning_Visitor,0,0
3,15.0,0,0.0,102,4021.172222,0.0,0.01,0.0,0.0,Nov,2,2,1,2,Returning_Visitor,1,0
0,0.0,0,0.0,41,3272.0,0.045238095,0.078571429,0.0,0.8,May,2,6,1,6,Returning_Visitor,0,0
0,0.0,0,0.0,1,0.0,0.2,0.2,0.0,0.0,Dec,1,1,3,3,Returning_Visitor,0,0
0,0.0,2,31.0,3,47.0,0.04,0.08,0.0,0.0,Mar,1,1,6,1,Returning_Visitor,1,0
3,315.3333333,1,141.5,42,3009.0875,0.004021164,0.0323655,0.0,0.0,Nov,1,1,1,1,Returning_Visitor,0,0
3,16.0,0,0.0,63,3908.754762,0.0,0.001587302,1.298232174,0.0,Aug,4,1,6,4,Returning_Visitor,0,0
0,0.0,0,0.0,1,40.0,0.0,0.1,0.0,0.0,Mar,3,2,1,10,Returning_Visitor,0,0
1,12.0,0,0.0,6,74.0,0.0,0.028571429,0.0,0.0,Mar,1,1,1,10,Returning_Visitor,0,0
0,0.0,0,0.0,1,15.6,0.0,0.0,47.7917708,0.0,Sep,1,1,6,3,New_Visitor,0,1
0,0.0,0,0.0,4,137.0,0.15,0.15,0.0,0.2,May,3,3,2,11,Returning_Visitor,0,0
1,20.0,0,0.0,283,9354.484111,0.003043735,0.023041703,0.0,0.0,Nov,2,2,1,3,Returning_Visitor,0,0
2,52.5,0,0.0,13,605.5,0.0,0.006666667,0.0,0.0,Nov,2,2,3,2,Returning_Visitor,0,0
2,68.54545455,3,60.0,91,2345.58914,0.002749141,0.012841597,51.27258615,0.0,Dec,2,5,7,2,Returning_Visitor,0,0
2,47.0,1,0.0,20,738.9107143,0.017391304,0.023671498,0.0,0.0,Nov,3,2,1,2,Returning_Visitor,0,0
0,0.0,0,0.0,2,0.0,0.2,0.2,0.0,0.0,Dec,3,2,4,3,Returning_Visitor,0,0
0,0.0,0,0.0,38,1633.833333,0.0,0.007894737,0.0,0.0,May,2,2,1,1,Returning_Visitor,1,0
6,224.0,0,0.0,33,677.95,0.005714286,0.01968254,0.0,0.0,May,3,2,3,4,Returning_Visitor,0,0
0,0.0,0,0.0,34,606.7857143,0.017647059,0.040441176,0.0,0.4,May,1,1,1,3,Returning_Visitor,0,0
0,0.0,0,0.0,11,855.25,0.018181818,0.063636364,0.0,0.0,May,2,2,3,13,Returning_Visitor,0,0
7,322.25,1,0.0,121,4875.106113,0.011806061,0.020025438,0.0,0.0,Nov,3,2,1,13,Returning_Visitor,0,0
0,0.0,0,0.0,35,806.125,0.012121212,0.024444444,0.0,0.0,Nov,1,1,4,2,Returning_Visitor,0,0
2,168.4,0,0.0,10,208.0,0.0,0.008333333,0.0,0.0,Nov,3,2,5,2,New_Visitor,0,0
7,150.5,0,0.0,28,549.0833333,0.0,0.013571429,2.663333333,0.0,May,1,1,1,2,Returning_Visitor,0,1
0,0.0,0,0.0,1,0.0,0.2,0.2,0.0,0.0,Mar,2,4,3,1,Returning_Visitor,0,0
6,201.0,0,0.0,84,3646.083333,0.006896552,0.016803503,66.57412378,0.0,Nov,2,2,4,2,Returning_Visitor,0,0
0,0.0,0,0.0,6,151.0,0.0,0.08,0.0,0.0,Dec,1,8,4,6,Returning_Visitor,0,0
16,254.253245,3,223.15,221,6606.726779,0.005533063,0.016561375,4.083948025,0.0,Oct,4,1,4,1,Returning_Visitor,0,1
0,0.0,0,0.0,1,0.0,0.2,0.2,0.0,0.0,Nov,2,5,2,1,Other,0,0
0,0.0,0,0.0,35,2352.166667,0.0,0.006060606,0.0,0.0,Nov,2,2,6,2,New_Visitor,0,0
2,67.0,0,0.0,8,533.3,0.0,0.016666667,0.0,0.0,Sep,3,2,9,2,New_Visitor,0,0
3,73.2,5,124.2666667,10,239.7,0.0,0.0025,0.0,0.0,Sep,2,2,5,1,New_Visitor,0,0
0,0.0,0,0.0,6,31.0,0.0,0.033333333,0.0,0.0,Oct,2,5,1,1,Returning_Visitor,0,0
0,0.0,0,0.0,4,0.0,0.2,0.2,0.0,0.0,Aug,2,2,2,4,Returning_Visitor,0,0
2,50.5,0,0.0,29,2147.375,0.0,0.006896552,0.0,0.0,Dec,2,2,7,2,New_Visitor,0,0
0,0.0,0,0.0,3,62.0,0.1,0.125,0.0,0.8,May,3,2,1,13,Returning_Visitor,0,0
3,74.0,0,0.0,14,584.3333333,0.0,0.003703704,0.0,0.0,May,2,2,3,5,New_Visitor,0,0
2,77.5,0,0.0,19,598.7833333,0.0,0.002631579,0.0,0.0,Mar,3,2,2,9,New_Visitor,1,0
0,0.0,0,0.0,5,132.0,0.0,0.04,0.0,0.0,Mar,1,1,1,1,Returning_Visitor,1,0
0,0.0,0,0.0,21,344.1714286,0.007017544,0.007017544,13.59007196,0.0,Oct,1,1,3,2,Returning_Visitor,0,1
2,21.0,6,182.7916667,82,1836.214249,0.004545455,0.025181135,0.0,0.0,Dec,3,2,3,2,Returning_Visitor,0,0
0,0.0,1,117.0,8,404.0,0.025,0.0375,0.0,0.0,Dec,2,2,8,2,Returning_Visitor,0,0
0,0.0,0,0.0,6,210.2,0.055555556,0.068055556,0.0,0.0,May,3,2,4,20,Returning_Visitor,0,0
1,11.0,1,8.0,79,2693.582331,0.0,0.003430424,0.0,0.0,Dec,1,1,3,2,Returning_Visitor,0,0
2,182.4,0,0.0,27,1165.944762,0.0,0.007407407,0.0,0.0,Nov,2,4,6,11,New_Visitor,1,0
5,82.0,1,137.5,118,2595.095833,0.001680672,0.012371615,38.7483363,0.0,Nov,2,2,1,1,Returning_Visitor,0,1
10,317.9583333,4,821.0,20,781.425,0.0,0.002666667,0.0,0.0,Dec,2,2,7,2,Returning_Visitor,0,0
2,84.0,0,0.0,25,506.7666667,0.017391304,0.038405797,0.0,0.0,May,3,2,4,3,Returning_Visitor,0,0
0,0.0,0,0.0,6,92.0,0.0,0.066666667,0.0,0.0,Mar,1,1,3,10,Returning_Visitor,0,0
0,0.0,0,0.0,3,60.0,0.0,0.066666667,0.0,0.0,Dec,1,1,7,2,Other,0,0
0,0.0,0,0.0,6,110.0,0.011111111,0.058333333,0.0,0.0,May,2,2,4,2,Returning_Visitor,0,0
0,0.0,0,0.0,10,183.6666667,0.04,0.08,0.0,0.0,Feb,1,1,3,1,Returning_Visitor,0,0
9,227.6,0,0.0,54,1935.06131,0.006557377,0.022222222,42.19732111,0.0,Dec,1,2,1,2,Returning_Visitor,0,1
0,0.0,0,0.0,3,54.5,0.0,0.066666667,0.0,0.6,May,2,4,3,2,Returning_Visitor,0,0
17,592.0014006,4,1360.0,157,5645.176455,0.002692308,0.013849519,2.917518089,0.8,May,2,2,1,13,Returning_Visitor,0,0
6,326.25,4,94.0,128,5062.213753,0.000854701,0.01791847,0.0,0.0,Feb,2,5,1,3,Returning_Visitor,0,0
1,0.0,2,6.0,9,195.1666667,0.0,0.066666667,0.0,0.0,June,4,2,3,4,Returning_Visitor,0,0
0,0.0,0,0.0,90,2636.138889,0.023333333,0.045777778,0.0,0.0,Nov,2,2,1,2,Returning_Visitor,0,0
1,24.5,0,0.0,46,1525.666667,0.0,0.006382979,107.2170213,0.0,May,2,2,2,4,Returning_Visitor,0,1
1,6.0,0,0.0,14,1183.0,0.0,0.004761905,17.5336164,0.0,Nov,2,2,6,10,New_Visitor,1,1
1,4.0,0,0.0,22,2706.375,0.002083333,0.039814815,0.0,0.0,Nov,4,2,1,2,Returning_Visitor,0,0
1,2.0,0,0.0,61,1335.737854,0.0,0.002,20.15710234,0.0,Nov,4,4,1,2,Returning_Visitor,1,1
0,0.0,0,0.0,20,438.3333333,0.02,0.04,0.0,0.0,Mar,2,2,7,1,Returning_Visitor,0,0
0,0.0,0,0.0,12,976.2,0.016666667,0.041666667,0.0,0.0,Mar,2,2,7,1,Returning_Visitor,0,0
0,0.0,0,0.0,5,164.3333333,0.06,0.06,0.0,0.0,Mar,3,2,2,1,Returning_Visitor,0,0
1,27.5,0,0.0,114,1403.720238,0.0,0.000589971,255.5691579,0.0,Nov,4,5,2,8,Returning_Visitor,0,1
0,0.0,0,0.0,29,2374.5,0.0,0.002298851,0.0,0.0,Nov,2,5,1,2,Returning_Visitor,0,0
0,0.0,0,0.0,2,53.0,0.0,0.1,0.0,0.0,May,4,2,4,13,Returning_Visitor,0,0
0,0.0,0,0.0,20,275.6666667,0.066666667,0.114814815,0.0,0.0,May,2,2,1,4,Returning_Visitor,0,0
0,0.0,0,0.0,4,26.0,0.05,0.1,0.0,0.4,May,2,2,1,13,Returning_Visitor,0,0
3,109.7,0,0.0,16,852.3,0.011764706,0.043137255,0.0,0.0,Oct,2,2,1,3,Returning_Visitor,0,0
0,0.0,0,0.0,6,38.5,0.066666667,0.1,0.0,0.0,Nov,2,10,7,1,Returning_Visitor,0,0
0,0.0,0,0.0,1,0.0,0.2,0.2,0.0,0.0,Mar,1,1,1,9,Returning_Visitor,1,0
9,324.3,4,205.0,71,2816.43881,0.0,0.002666667,0.0,0.0,Mar,2,2,1,8,New_Visitor,1,0
0,0.0,0,0.0,25,445.5833333,0.004,0.024,0.0,0.0,Dec,2,10,1,1,Returning_Visitor,0,0
8,139.6818182,8,353.3333333,45,2003.415152,0.007142857,0.00755102,5.576720936,0.0,Mar,2,2,4,2,Returning_Visitor,0,1
7,350.6,9,406.9166667,68,2435.74375,0.002564103,0.01555896,0.0,0.0,Dec,1,1,1,2,Returning_Visitor,0,0
1,74.0,0,0.0,21,744.8333333,0.0,0.01,0.0,0.0,May,2,2,1,2,New_Visitor,1,0
0,0.0,0,0.0,10,140.0,0.04,0.07,0.0,0.8,May,1,8,3,1,Returning_Visitor,0,0
4,172.0,0,0.0,11,787.0,0.033333333,0.053333333,0.0,0.0,May,2,2,1,6,Returning_Visitor,1,0
1,21.25,0,0.0,92,2716.519048,0.006737589,0.037885297,23.7389113,0.0,Nov,2,2,3,2,Returning_Visitor,1,0
0,0.0,0,0.0,30,805.8333333,0.0,0.003333333,0.0,0.0,Nov,1,1,3,8,New_Visitor,0,0
5,587.0,0,0.0,125,4639.410534,0.012433862,0.023856765,0.0,0.6,May,3,2,1,4,Returning_Visitor,0,0
6,93.0,2,23.0,37,783.875,0.003409091,0.031709957,0.0,0.0,Nov,2,2,1,11,Returning_Visitor,1,0
0,0.0,0,0.0,22,494.6333333,0.0,0.004545455,42.29306752,0.0,Nov,2,2,1,2,New_Visitor,0,1
11,392.5,0,0.0,206,8437.099188,0.0,0.006257147,0.0,0.0,Nov,2,4,1,2,Returning_Visitor,0,0
2,129.0,0,0.0,16,1835.5,0.003703704,0.031481481,0.0,0.0,Aug,2,4,9,6,Returning_Visitor,0,0
4,179.6071429,2,5.5,34,1045.102381,0.0,0.007603276,0.0,0.0,Mar,1,1,1,3,Returning_Visitor,0,0
0,0.0,0,0.0,1,0.0,0.2,0.2,0.0,0.0,May,2,10,3,3,Returning_Visitor,0,0
9,196.25,1,62.5,6,148.75,0.0,0.02,0.0,0.0,Dec,4,1,9,2,Returning_Visitor,0,0
0,0.0,0,0.0,40,1542.35,0.0,0.031666667,0.0,0.0,Nov,2,2,1,2,Returning_Visitor,1,1
2,129.0,0,0.0,31,866.7,0.011827957,0.034101382,18.11148387,0.0,May,3,2,6,1,Returning_Visitor,0,1
1,36.3,0,0.0,1,0.0,0.053333333,0.093333333,0.0,0.0,Sep,3,2,3,6,Returning_Visitor,0,1
11,118.1785714,2,91.5,162,5399.231269,0.004859086,0.014667832,14.77221948,0.0,Nov,2,2,4,10,Returning_Visitor,0,1
1,43.0,1,0.0,3,65.0,0.0,0.04,0.0,0.6,May,2,2,1,4,Returning_Visitor,0,0
15,238.5833333,3,119.5,147,2933.695013,0.003797468,0.016656739,18.1270044,0.0,Nov,2,2,1,1,Returning_Visitor,0,1
0,0.0,0,0.0,30,360.4733333,0.013333333,0.036666667,0.0,0.0,Jul,1,1,1,3,Returning_Visitor,0,0
0,0.0,0,0.0,65,624.6248956,0.0,0.02359375,0.0,0.8,May,2,5,4,2,Returning_Visitor,0,0
4,68.5,0,0.0,152,5426.823764,0.005228758,0.018756793,0.0,0.0,Nov,2,2,4,10,Returning_Visitor,0,0
4,80.6,0,0.0,39,639.4933333,0.0,0.005,0.0,0.0,Nov,1,2,1,20,Returning_Visitor,0,0
4,31.0,1,46.0,80,1793.777778,0.017857143,0.031725417,0.0,0.6,May,2,2,3,3,Returning_Visitor,0,0
2,34.2,0,0.0,5,63.4,0.0,0.028571429,0.0,0.0,Jul,4,1,2,2,New_Visitor,0,0
0,0.0,0,0.0,19,380.9464286,0.0,0.013947368,0.0,0.0,Nov,3,2,4,2,Returning_Visitor,0,1
5,60.8,0,0.0,3,20.6,0.0,0.033333333,0.0,0.0,Aug,2,5,5,2,New_Visitor,1,0
9,848.1428571,4,388.6666667,33,595.0095238,0.0,0.004651163,0.0,0.0,Mar,2,2,1,10,New_Visitor,0,0
4,122.25,0,0.0,45,2007.522619,0.013043478,0.018657031,0.0,0.0,Nov,1,1,4,2,Returning_Visitor,0,0
0,0.0,0,0.0,10,172.5,0.01,0.043333333,0.0,0.0,Mar,2,2,3,6,Returning_Visitor,0,0
1,123.0,0,0.0,7,181.5,0.0,0.025,64.7325,0.0,Mar,2,2,1,2,New_Visitor,1,1
7,257.4,0,0.0,7,244.7333333,0.018181818,0.018181818,0.0,0.0,Nov,1,1,4,2,New_Visitor,0,0
0,0.0,0,0.0,21,1088.866667,0.0,0.010526316,16.1585582,0.0,Nov,3,2,1,2,Returning_Visitor,1,1
9,301.0,0,0.0,38,2621.621429,0.021212121,0.044507576,10.72117234,0.0,Nov,2,2,1,13,Returning_Visitor,0,0
3,86.75,2,51.0,11,145.6666667,0.007692308,0.023076923,0.0,0.0,Dec,1,1,1,2,New_Visitor,0,0
1,202.0,0,0.0,2,8.0,0.0,0.066666667,0.0,0.0,Mar,2,2,8,6,New_Visitor,0,0
0,0.0,0,0.0,30,480.5,0.033333333,0.073333333,0.0,0.0,May,2,2,7,6,Returning_Visitor,0,0
2,107.0,0,0.0,3,56.0,0.0,0.04,0.0,0.0,Mar,1,1,3,2,New_Visitor,0,0
0,0.0,0,0.0,35,729.2916667,0.0,0.009387755,0.0,0.0,Dec,2,2,3,2,Returning_Visitor,0,0
3,32.0,2,9.0,16,1760.6,0.0,0.033333333,0.0,0.0,Nov,2,2,3,2,Returning_Visitor,0,1
3,63.0,2,204.25,20,457.25,0.009090909,0.013636364,0.0,0.0,Dec,3,2,7,2,New_Visitor,0,1
0,0.0,0,0.0,141,2886.523521,0.004316547,0.018798094,0.0,0.8,May,2,2,4,3,Returning_Visitor,0,0
3,47.0,0,0.0,66,2582.69697,0.003030303,0.012121212,11.96954545,0.0,May,2,2,1,2,Returning_Visitor,0,0
3,95.6,0,0.0,10,337.1,0.008333333,0.029166667,0.0,0.0,Jul,1,1,9,3,Returning_Visitor,0,0
0,0.0,0,0.0,26,852.7666667,0.001923077,0.024166667,0.0,1.0,May,3,2,4,1,Returning_Visitor,1,0
0,0.0,0,0.0,19,536.2666667,0.044736842,0.068170426,0.0,0.0,May,2,2,6,6,Returning_Visitor,0,0
0,0.0,0,0.0,2,0.0,0.2,0.2,0.0,0.6,May,2,2,3,3,Returning_Visitor,0,0
0,0.0,0,0.0,3,903.0,0.0,0.066666667,0.0,0.0,Mar,2,2,1,1,Returning_Visitor,0,0
1,16.0,3,585.625,40,765.0416667,0.010731707,0.023436807,0.0,0.0,Dec,3,2,4,2,Returning_Visitor,0,0
0,0.0,0,0.0,26,2021.4,0.007692308,0.030769231,0.0,0.0,Jul,3,3,1,4,Returning_Visitor,0,0
3,156.5,0,0.0,9,143.0,0.0,0.005555556,0.0,0.0,Nov,1,1,1,2,New_Visitor,0,0
0,0.0,0,0.0,10,123.0,0.0,0.02,0.0,0.0,May,2,2,3,3,Returning_Visitor,0,0
0,0.0,0,0.0,4,41.4,0.075,0.125,0.0,0.0,Jul,3,2,6,1,Returning_Visitor,0,0
0,0.0,0,0.0,1,0.0,0.2,0.2,0.0,0.0,Mar,2,2,3,3,Returning_Visitor,0,0
1,3.0,0,0.0,11,549.3333333,0.0,0.005,0.0,0.0,May,4,2,1,3,Returning_Visitor,0,0
0,0.0,0,0.0,59,2516.833333,0.025423729,0.047740113,7.726779661,0.4,May,2,2,3,13,Returning_Visitor,0,0
1,113.6666667,1,2.0,16,589.6666667,0.0,0.003632479,0.0,0.0,May,3,2,6,11,New_Visitor,1,0
0,0.0,0,0.0,1,0.0,0.2,0.2,0.0,0.0,Nov,1,1,4,1,Returning_Visitor,0,0
1,5.0,2,31.7,6,104.25,0.0,0.007407407,0.0,0.0,June,2,5,7,11,New_Visitor,0,0
0,0.0,0,0.0,11,357.3333333,0.0,0.022222222,0.0,0.0,Dec,1,1,3,2,New_Visitor,0,0
0,0.0,0,0.0,11,751.5,0.018181818,0.024242424,0.0,0.0,May,2,2,1,13,Returning_Visitor,0,0
11,216.2285714,6,704.75,304,11250.48672,0.006697236,0.018717242,1.37270775,0.0,Nov,2,2,1,2,Returning_Visitor,0,1
0,0.0,0,0.0,7,496.75,0.0,0.011111111,0.0,0.0,Mar,3,2,6,1,Returning_Visitor,0,0
3,81.4,0,0.0,94,2487.52,0.0,0.002083333,0.0,0.0,Oct,2,2,6,2,New_Visitor,0,0
0,0.0,0,0.0,43,654.0666667,0.0,0.029844961,0.0,0.0,Jul,2,2,7,3,Returning_Visitor,0,0
0,0.0,0,0.0,21,1148.5,0.0,0.019047619,0.0,0.0,May,2,4,8,4,Returning_Visitor,1,0
0,0.0,0,0.0,80,1566.333333,0.005,0.027916667,0.720181023,0.0,Sep,2,2,6,1,Returning_Visitor,0,1
5,248.8,4,116.0,26,595.3416667,0.026728111,0.023763441,10.17002765,0.2,May,3,2,1,4,Returning_Visitor,0,0
0,0.0,0,0.0,25,948.3428571,0.0,0.009,0.0,0.0,Nov,2,4,1,3,Returning_Visitor,0,0
6,394.1,4,489.6,40,1190.4,0.0,0.012318841,17.19073913,0.0,May,3,2,1,11,Returning_Visitor,0,0
0,0.0,0,0.0,25,711.1666667,0.0,0.016,0.0,0.0,Dec,2,2,2,3,Returning_Visitor,0,0
3,197.5,0,0.0,15,343.25,0.011764706,0.029411765,0.0,0.0,Dec,2,4,4,2,Returning_Visitor,0,0
0,0.0,0,0.0,41,1423.833333,0.007317073,0.030243902,0.0,0.0,Dec,2,2,1,1,Returning_Visitor,0,0
2,112.25,0,0.0,9,97.41666667,0.018181818,0.036363636,0.0,0.0,Dec,3,2,3,2,New_Visitor,0,0
1,18.0,0,0.0,16,1331.75,0.0,0.0125,33.79956701,0.0,Mar,2,5,2,3,New_Visitor,0,1
0,0.0,0,0.0,4,148.5,0.05,0.083333333,0.0,0.0,Mar,1,1,1,1,Returning_Visitor,1,0
0,0.0,0,0.0,60,2072.605556,0.013793103,0.016833856,0.0,0.0,Aug,2,2,1,2,Returning_Visitor,0,0
0,0.0,0,0.0,9,87.91666667,0.0,0.003174603,0.0,0.0,Nov,8,2,5,1,Returning_Visitor,1,0
6,190.4166667,0,0.0,78,3913.98703,0.005424955,0.006561181,0.0,0.0,Nov,3,2,5,1,Returning_Visitor,1,0
0,0.0,1,28.0,12,276.0,0.0,0.008333333,0.0,0.0,May,4,5,9,2,New_Visitor,0,0
0,0.0,0,0.0,33,735.4392857,0.0,0.002693603,0.0,0.0,Nov,4,2,4,2,Returning_Visitor,0,0
7,144.4615385,4,167.1666667,111,2312.337853,0.005128205,0.013887559,8.191922892,0.0,Nov,1,1,1,2,Returning_Visitor,0,1
9,233.5,2,102.0,81,2477.666667,0.001149425,0.011954023,0.0,0.0,May,2,2,1,2,Returning_Visitor,0,0
7,190.2628205,4,195.0,124,3197.290064,0.010320513,0.01989345,7.059929851,0.0,Nov,3,2,6,2,Returning_Visitor,1,0
0,0.0,0,0.0,3,57.0,0.0,0.066666667,0.0,0.2,May,2,5,1,2,Returning_Visitor,0,0
0,0.0,1,0.0,16,485.6666667,0.0,0.0375,0.0,0.0,Mar,2,2,6,3,Returning_Visitor,1,0
0,0.0,0,0.0,91,4157.633333,0.01,0.028013468,0.0,0.0,Jul,2,2,1,13,Returning_Visitor,0,0
0,0.0,0,0.0,15,450.2,0.0,0.021904762,0.0,0.0,May,2,2,7,2,Returning_Visitor,0,0
4,76.0,0,0.0,39,1936.55,0.004761905,0.023809524,5.51397619,0.0,Mar,4,1,3,2,Returning_Visitor,0,0
0,0.0,0,0.0,30,4262.966667,0.0,0.013333333,65.29516039,0.0,Dec,2,10,7,1,Returning_Visitor,1,1
0,0.0,0,0.0,10,240.75,0.0,0.02,0.0,0.0,Mar,2,2,9,2,Returning_Visitor,0,0
8,377.5128205,3,265.0,60,2062.890972,0.014009662,0.026580162,1.70506715,0.0,Mar,1,1,4,2,Returning_Visitor,0,1
1,41.0,0,0.0,9,314.9,0.0,0.04,0.0,0.0,Mar,1,1,6,9,New_Visitor,1,0
5,132.0,1,8.5,167,5080.233631,0.000238095,0.004785636,64.81173101,0.0,Nov,4,2,1,1,Returning_Visitor,1,1
4,124.0,0,0.0,3,165.0,0.0,0.033333333,0.0,0.0,May,2,6,4,1,Returning_Visitor,0,0
0,0.0,0,0.0,3,35.0,0.0,0.066666667,0.0,0.0,Nov,4,1,1,1,Returning_Visitor,0,0
5,157.3333333,0,0.0,76,3923.586111,0.000865801,0.013675718,0.0,0.0,Nov,2,2,8,2,Returning_Visitor,1,0
3,84.5,0,0.0,6,53.375,0.05,0.035,0.0,0.0,Nov,1,1,3,10,Returning_Visitor,1,0
2,108.0,0,0.0,8,316.5,0.033333333,0.040740741,0.0,0.0,May,3,2,3,11,Returning_Visitor,1,0
1,6.0,0,0.0,57,1836.775,0.0,0.004093567,0.0,0.0,Nov,2,2,7,2,Returning_Visitor,0,0
2,31.0,0,0.0,88,5321.441032,0.016853933,0.019314057,25.74700712,0.0,Nov,3,2,1,2,Returning_Visitor,0,1
2,70.6,0,0.0,27,213.0157143,0.0,0.007407407,79.51302667,0.0,Oct,2,2,1,3,New_Visitor,1,1
1,0.0,0,0.0,17,684.9166667,0.015686275,0.049411765,0.0,0.0,Mar,2,6,4,1,Returning_Visitor,1,0
9,88.60416667,0,0.0,114,2997.00203,0.0,0.005989942,32.56725746,0.0,Nov,2,4,2,2,Returning_Visitor,0,1
2,91.0,3,865.0,27,1244.833333,0.0,0.006896552,0.0,0.0,Mar,2,2,1,2,New_Visitor,1,0
2,63.0,0,0.0,4,43.75,0.016666667,0.016666667,0.0,0.0,Nov,1,2,3,2,New_Visitor,0,0
0,0.0,1,35.5,130,3313.455754,0.007633588,0.028972728,0.0,0.0,Nov,2,2,1,2,Returning_Visitor,1,0
0,0.0,1,0.0,0,0.0,0.2,0.2,0.0,0.0,Nov,1,1,3,15,Returning_Visitor,0,0
15,591.6636364,0,0.0,56,2504.413636,0.004918033,0.011662763,8.184095082,0.0,May,3,2,1,2,Returning_Visitor,0,0
0,0.0,0,0.0,16,107.9291667,0.0,0.008531746,0.0,0.0,Dec,2,2,7,2,Returning_Visitor,0,0
0,0.0,2,10.0,15,178.0,0.019607843,0.043137255,0.0,0.0,May,2,2,1,4,Returning_Visitor,0,0
12,251.8666667,0,0.0,60,1993.915257,0.005970149,0.011984127,13.09154641,0.0,May,2,2,2,1,Returning_Visitor,0,0
1,26.2,0,0.0,13,245.1666667,0.0,0.0,58.9241766,0.0,Aug,2,5,3,4,New_Visitor,0,1
0,0.0,0,0.0,26,1380.833333,0.0,0.018055556,0.0,0.0,May,2,6,4,13,Returning_Visitor,0,0
5,710.3333333,0,0.0,23,7533.272727,0.0,0.007407407,0.0,0.0,Mar,2,2,1,2,Returning_Visitor,0,0
0,0.0,0,0.0,2,21.0,0.0,0.1,0.0,1.0,May,2,2,7,1,Returning_Visitor,1,0
6,101.3333333,0,0.0,10,266.5,0.028571429,0.028571429,0.0,0.0,Mar,2,2,4,1,Returning_Visitor,0,0
1,5.5,0,0.0,7,286.0,0.025,0.05,0.0,0.0,Mar,2,2,6,1,Returning_Visitor,0,0
0,0.0,0,0.0,1,0.0,0.2,0.2,0.0,0.0,Dec,1,1,4,1,Returning_Visitor,1,0
0,0.0,1,141.5,43,3044.047222,0.0,0.004545455,3.940422761,0.0,Dec,2,4,1,10,Returning_Visitor,0,1
0,0.0,0,0.0,10,103.0,0.02,0.036666667,0.0,0.0,May,2,2,1,6,Returning_Visitor,0,0
11,240.1,1,0.0,33,668.0333333,0.0,0.018119658,0.0,0.0,Aug,2,4,7,2,New_Visitor,1,0
2,52.0,1,17.66666667,18,1262.0,0.0,0.00952381,0.0,0.0,Mar,2,2,1,2,New_Visitor,0,0
2,18.33333333,0,0.0,36,1387.606061,0.005263158,0.025438596,0.0,0.0,Mar,2,2,8,1,Returning_Visitor,1,0
0,0.0,0,0.0,10,357.5555556,0.0,0.022222222,0.0,0.0,Dec,1,8,3,11,New_Visitor,0,0
0,0.0,0,0.0,1,0.0,0.2,0.2,0.0,0.0,May,3,2,3,15,Returning_Visitor,0,0
0,0.0,0,0.0,6,93.0,0.0,0.033333333,0.0,0.0,Mar,1,2,8,2,Returning_Visitor,0,0
0,0.0,3,16.0,35,1621.766667,0.007894737,0.040131579,0.0,0.0,Nov,2,2,1,2,Returning_Visitor,1,0
0,0.0,0,0.0,1,0.0,0.2,0.2,0.0,0.4,May,3,2,1,1,Returning_Visitor,0,0
0,0.0,0,0.0,1,0.0,0.2,0.2,0.0,0.0,May,2,2,2,1,Returning_Visitor,0,0
0,0.0,0,0.0,10,851.1666667,0.0,0.022222222,0.0,0.0,Dec,2,2,2,1,Returning_Visitor,0,0
0,0.0,0,0.0,55,1165.623254,0.013207547,0.018742138,0.0,0.0,May,3,2,1,19,Returning_Visitor,0,0
2,4.0,5,161.5,64,3757.079762,0.012254902,0.022009804,18.88360212,0.0,Nov,1,2,6,2,Returning_Visitor,0,0
0,0.0,0,0.0,8,316.0,0.0,0.019047619,0.0,0.0,Mar,1,1,1,2,New_Visitor,1,0
0,0.0,0,0.0,1,0.0,0.2,0.2,0.0,0.0,Aug,3,2,1,1,Returning_Visitor,1,0
1,14.2,0,0.0,22,839.568189,0.0,0.000952381,60.58437066,0.0,Nov,3,2,3,2,New_Visitor,1,1
0,0.0,0,0.0,20,447.5,0.02,0.04,0.0,0.0,Mar,2,2,1,1,Returning_Visitor,0,0
0,0.0,0,0.0,2,19.0,0.0,0.1,0.0,0.0,May,1,1,3,3,Returning_Visitor,0,0
0,0.0,0,0.0,12,234.0,0.015384615,0.053846154,0.0,0.0,May,2,2,4,14,Returning_Visitor,1,0
2,44.5,0,0.0,35,1330.666667,0.005882353,0.014705882,0.0,0.0,Nov,2,2,6,3,Returning_Visitor,0,0
0,0.0,0,0.0,3,75.0,0.0,0.066666667,0.0,0.0,Mar,2,5,1,3,Returning_Visitor,1,0
3,134.0,0,0.0,53,1659.319697,0.0,0.00380117,62.34813701,0.0,Mar,4,1,1,2,Returning_Visitor,0,1
0,0.0,0,0.0,7,143.0,0.0,0.028571429,0.0,0.0,Nov,2,5,2,3,Returning_Visitor,0,0
0,0.0,0,0.0,10,45.2,0.08,0.1,0.0,0.0,Aug,1,1,1,3,Returning_Visitor,0,0
0,0.0,0,0.0,5,89.5,0.04,0.053333333,0.0,0.0,Dec,1,1,3,2,Returning_Visitor,1,0
0,0.0,0,0.0,3,52.0,0.0,0.066666667,0.0,0.0,Mar,2,5,8,3,Returning_Visitor,1,0
6,86.5,1,2.0,39,1050.708333,0.021162791,0.018042396,13.40298256,0.0,May,3,2,6,3,Returning_Visitor,0,1
4,50.33333333,0,0.0,3,28.33333333,0.0,0.016666667,0.0,0.0,Dec,2,2,9,10,Returning_Visitor,0,0
0,0.0,0,0.0,14,253.1666667,0.014285714,0.04047619,0.0,0.6,May,3,2,8,13,Returning_Visitor,0,0
0,0.0,0,0.0,16,1599.266667,0.0,0.013333333,0.0,0.0,May,4,2,2,13,Returning_Visitor,0,0
1,1.333333333,0,0.0,32,395.2222222,0.006060606,0.011111111,0.0,0.0,Mar,2,4,1,2,Returning_Visitor,1,0
0,0.0,0,0.0,15,1134.455556,0.0,0.001333333,30.30681247,0.0,Dec,2,4,1,2,Returning_Visitor,0,1
0,0.0,0,0.0,4,34.0,0.1,0.15,0.0,0.0,Mar,3,2,6,1,Returning_Visitor,0,0
0,0.0,0,0.0,18,708.25,0.0,0.045098039,0.0,0.0,Mar,1,1,1,3,Returning_Visitor,0,0
4,178.1666667,4,162.6666667,4,214.8333333,0.0,0.018181818,0.0,0.0,Dec,2,2,2,1,Returning_Visitor,0,0
0,0.0,0,0.0,15,225.0,0.0,0.026666667,0.0,0.0,May,2,2,7,3,Returning_Visitor,0,0
1,28.0,0,0.0,19,362.0,0.0,0.005555556,0.0,0.0,May,2,2,7,5,Returning_Visitor,0,0
2,45.2,0,0.0,19,230.2,0.0,0.019047619,0.0,0.0,Jul,2,2,2,2,New_Visitor,0,0
0,0.0,0,0.0,24,550.1666667,0.008333333,0.050833333,0.0,0.0,Nov,2,2,1,2,Returning_Visitor,0,0
11,211.0333333,3,173.2333333,62,1340.676667,0.000391389,0.019726027,17.42324027,0.0,Aug,2,2,7,2,Returning_Visitor,0,0
15,317.0189394,3,126.75,238,9956.225533,0.0052,0.016955684,6.556237434,0.0,Nov,2,4,3,1,Returning_Visitor,1,1
0,0.0,0,0.0,3,138.0,0.1,0.111111111,0.0,0.0,Nov,1,1,1,3,Returning_Visitor,0,0
0,0.0,0,0.0,29,488.4090909,0.014285714,0.02173913,0.0,0.0,Nov,1,8,1,11,New_Visitor,0,1
0,0.0,0,0.0,5,427.0,0.0,0.04,0.0,0.0,Mar,3,3,3,9,Returning_Visitor,1,0
7,611.0333333,2,13.0,81,1719.375714,0.004494382,0.009737828,6.49444108,0.0,Oct,1,1,6,2,Returning_Visitor,1,0
3,126.5,0,0.0,36,576.8571429,0.005555556,0.01087963,0.0,0.0,Dec,1,1,4,3,Returning_Visitor,0,0
0,0.0,0,0.0,30,677.9166667,0.006666667,0.013333333,0.0,0.0,Nov,3,2,1,2,Returning_Visitor,1,0
0,0.0,0,0.0,39,2558.5,0.0,0.010810811,0.0,0.0,Nov,4,2,2,10,Returning_Visitor,0,0
2,48.0,0,0.0,51,1671.375,0.001098901,0.016433566,0.0,0.0,Mar,2,2,1,6,Returning_Visitor,1,0
3,107.4285714,0,0.0,59,1843.187696,0.014385965,0.041993382,5.71562257,0.0,Dec,2,2,7,7,Returning_Visitor,1,0
0,0.0,10,518.25,60,2068.248473,0.002857143,0.034058957,0.0,0.0,Nov,1,1,1,2,Returning_Visitor,0,0
4,95.75,12,886.25,154,7838.556598,0.00376506,0.014926307,0.0,0.0,Nov,3,2,6,2,Returning_Visitor,1,0
0,0.0,0,0.0,1,0.0,0.2,0.2,0.0,0.0,May,1,1,1,1,Returning_Visitor,0,0
8,121.425,3,273.5,100,2565.797222,0.001869159,0.012071651,0.0,0.0,Nov,2,2,7,13,Returning_Visitor,1,0
0,0.0,0,0.0,47,3650.316667,0.0,0.003333333,97.19657367,0.0,Nov,2,2,1,10,Returning_Visitor,0,1
7,138.15,0,0.0,9,232.31,0.0,0.028717949,0.0,0.0,Oct,2,2,5,2,Returning_Visitor,1,0
0,0.0,0,0.0,27,2098.238095,0.037037037,0.043518519,0.0,0.8,May,2,2,1,3,Returning_Visitor,0,0
3,45.5,0,0.0,43,1738.25,0.006349206,0.03537415,0.0,0.0,May,2,5,7,3,Returning_Visitor,0,0
2,30.5,2,18.0,15,1518.097619,0.0,0.031764706,31.75764706,0.0,May,2,2,8,2,Returning_Visitor,0,1
2,210.6,0,0.0,4,97.6,0.0,0.016666667,0.0,0.0,Nov,3,2,7,6,New_Visitor,1,0
1,42.0,2,80.5,46,838.6833333,0.0,0.015416667,0.0,0.0,Mar,2,2,1,10,Returning_Visitor,0,0
7,156.9,0,0.0,32,1123.691667,0.002702703,0.011312741,6.588,0.0,May,3,5,7,2,New_Visitor,0,1
0,0.0,0,0.0,8,140.5,0.025,0.05,0.0,0.0,May,2,4,1,3,Returning_Visitor,0,0
0,0.0,0,0.0,15,614.3333333,0.007692308,0.025641026,0.0,0.0,May,1,1,1,15,Returning_Visitor,0,0
2,56.2,0,0.0,102,5978.180357,0.004692308,0.020329446,15.25033754,0.6,May,2,2,3,2,Returning_Visitor,0,0
0,0.0,0,0.0,7,24.0,0.042857143,0.1,0.0,0.8,May,2,4,1,3,Returning_Visitor,0,0
0,0.0,0,0.0,62,1200.354444,0.003225806,0.023655914,0.0,0.0,Nov,2,2,4,1,Returning_Visitor,0,0
0,0.0,0,0.0,24,255.3222222,0.025,0.038888889,0.0,0.6,May,2,2,8,1,Returning_Visitor,0,0
0,0.0,0,0.0,3,55.0,0.066666667,0.1,0.0,0.6,Feb,1,1,1,3,Returning_Visitor,0,0
0,0.0,0,0.0,8,123.0,0.025,0.029166667,0.0,0.0,Nov,3,2,3,11,Returning_Visitor,1,0
0,0.0,0,0.0,47,1447.577273,0.0,0.011134752,0.0,0.6,May,2,2,3,3,Returning_Visitor,0,0
2,992.7142857,5,809.5,28,1793.214286,0.005714286,0.016428571,9.69917706,0.0,Nov,2,2,1,10,Returning_Visitor,0,1
0,0.0,0,0.0,25,981.0,0.024,0.048,15.3956,0.0,May,2,4,3,1,Returning_Visitor,0,1
3,73.5,8,376.3333333,42,986.5166667,0.019934641,0.031113658,0.0,0.0,May,3,2,1,1,Returning_Visitor,1,0
0,0.0,0,0.0,2,34.2,0.0,0.1,0.0,0.0,Sep,2,2,1,2,Returning_Visitor,0,0
7,120.5,0,0.0,19,1011.5,0.0,0.00952381,0.0,0.0,Mar,2,2,1,1,Returning_Visitor,0,0
1,23.0,0,0.0,15,656.25,0.028571429,0.028571429,0.0,0.0,Mar,1,1,8,2,Returning_Visitor,1,0
3,875.0,0,0.0,34,780.7916667,0.0,0.015675676,0.0,0.0,Dec,4,2,3,2,Returning_Visitor,1,0
2,94.6,1,74.6,16,199.0,0.0,0.015789474,0.0,0.0,Jul,1,2,9,2,New_Visitor,0,0
2,46.4,1,29.2,12,303.2464286,0.0,0.015384615,0.0,0.0,Oct,1,1,3,2,New_Visitor,1,0
6,214.0,0,0.0,27,830.1041667,0.0,0.021428571,0.0,0.0,Dec,1,1,2,2,Returning_Visitor,0,0
3,17.0,0,0.0,62,1493.353846,0.00952381,0.04031746,0.0,0.0,Dec,2,2,1,2,Returning_Visitor,0,0
0,0.0,0,0.0,7,49.86666667,0.085714286,0.092857143,0.0,0.0,Sep,1,1,9,3,Returning_Visitor,0,0
0,0.0,0,0.0,1,0.0,0.2,0.2,0.0,0.0,Mar,2,2,1,1,Returning_Visitor,0,0
4,210.5,0,0.0,131,2749.058333,0.009090909,0.017682257,8.960896465,0.0,May,2,2,2,1,Returning_Visitor,0,0
4,76.25,0,0.0,141,3274.521154,0.0,0.008391608,6.425757643,0.0,Dec,2,2,1,1,Returning_Visitor,0,0
0,0.0,2,163.0,62,813.0519481,0.003225806,0.011827957,9.311854839,0.0,May,2,2,5,2,Returning_Visitor,1,0
1,14.0,0,0.0,17,1093.142857,0.0,0.02125,0.0,0.0,Mar,2,2,2,2,Returning_Visitor,0,0
0,0.0,0,0.0,2,0.0,0.2,0.2,0.0,0.0,Nov,1,8,3,1,Returning_Visitor,1,0
0,0.0,0,0.0,7,64.0,0.0,0.014285714,0.0,0.0,Mar,2,2,1,3,Returning_Visitor,0,0
5,271.75,1,0.0,40,675.2020988,0.015,0.019412202,0.0,0.0,Oct,2,2,3,2,Returning_Visitor,0,0
5,129.5,0,0.0,33,982.0,0.0,0.005882353,0.0,0.0,May,2,5,2,4,Returning_Visitor,1,0
0,0.0,0,0.0,26,453.3333333,0.015384615,0.034615385,0.0,0.8,May,2,4,1,4,Returning_Visitor,0,0
3,136.5,0,0.0,10,412.0833333,0.0,0.016666667,0.0,0.0,Dec,3,3,3,2,New_Visitor,0,0
4,97.2,2,16.0,26,690.5666667,0.0,0.003703704,59.33984611,0.0,Jul,2,4,8,2,Returning_Visitor,0,1
0,0.0,1,0.0,48,783.6944444,0.012244898,0.01877551,0.0,0.0,Dec,2,2,3,2,Returning_Visitor,0,0
0,0.0,0,0.0,17,289.5555556,0.017647059,0.031372549,0.0,0.0,Dec,1,1,1,10,Returning_Visitor,0,0
1,25.5,0,0.0,12,250.8333333,0.0,0.016666667,0.0,0.0,Mar,3,2,2,1,Returning_Visitor,1,0
0,0.0,0,0.0,1,0.0,0.2,0.2,0.0,0.0,Nov,3,2,9,13,Returning_Visitor,1,0
0,0.0,0,0.0,42,1892.005556,0.02195122,0.040859466,0.0,0.0,Nov,1,1,1,13,Returning_Visitor,1,1
4,178.0,2,209.0,17,2777.666667,0.0,0.009090909,0.0,0.0,Mar,3,2,7,1,Returning_Visitor,0,0
2,75.0,0,0.0,29,1279.089286,0.003333333,0.014166667,35.60912359,0.0,Nov,2,2,3,11,Returning_Visitor,0,1
0,0.0,0,0.0,3,75.5,0.0,0.066666667,0.0,0.0,Dec,3,2,4,2,Returning_Visitor,1,0
0,0.0,0,0.0,1,0.0,0.2,0.2,0.0,0.0,May,2,2,8,3,Returning_Visitor,0,0
4,39.48,0,0.0,33,549.78,0.0,0.005555556,0.0,0.0,Sep,3,2,4,1,New_Visitor,0,0
2,76.5,0,0.0,10,123.2291667,0.022857143,0.059444444,0.0,0.0,Dec,1,2,1,10,Returning_Visitor,0,0
0,0.0,0,0.0,30,390.6666667,0.006666667,0.056666667,0.0,0.0,Mar,2,6,6,1,Returning_Visitor,0,0
5,158.7,0,0.0,51,1364.266667,0.007692308,0.011987179,0.0,0.0,Nov,3,2,3,2,Returning_Visitor,1,0
0,0.0,0,0.0,23,943.25,0.008695652,0.046376812,0.0,0.0,Nov,1,1,3,3,Returning_Visitor,0,0
0,0.0,0,0.0,4,32.0,0.0,0.05,0.0,0.0,Dec,2,2,3,2,Returning_Visitor,0,0
0,0.0,0,0.0,1,343.0,0.0,0.066666667,0.0,0.0,Nov,2,2,4,3,Other,0,0
1,34.26666667,2,21.2,8,2398.766667,0.0,0.022222222,0.0,0.0,June,4,1,1,3,Returning_Visitor,0,0
0,0.0,0,0.0,14,183.6666667,0.0,0.004761905,0.0,0.0,Mar,3,2,3,3,Returning_Visitor,0,0
10,130.625,0,0.0,20,707.1666667,0.0,0.007222222,0.0,0.0,Nov,4,1,1,3,Returning_Visitor,0,0
0,0.0,0,0.0,3,41.0,0.0,0.033333333,0.0,0.0,Mar,2,2,1,3,Returning_Visitor,1,0
8,287.7,0,0.0,20,531.56,0.0,0.012121212,0.0,0.0,Oct,2,2,9,20,New_Visitor,0,0
4,67.5,0,0.0,27,834.6666667,0.0,0.014285714,0.0,0.0,Nov,2,2,2,2,New_Visitor,1,0
4,250.8571429,1,37.5,71,1145.571429,0.0,0.004054054,80.58733784,0.0,May,2,4,1,1,Returning_Visitor,0,0
0,0.0,0,0.0,59,1560.601163,0.005172414,0.010673235,0.0,0.0,Mar,1,1,1,2,Returning_Visitor,0,0
0,0.0,0,0.0,15,183.8333333,0.066666667,0.073333333,0.0,0.8,May,3,2,1,3,Returning_Visitor,0,0
9,98.94444444,1,600.0,124,5731.094444,0.018346253,0.03371764,1.914174972,0.2,May,2,2,3,13,Returning_Visitor,0,0
7,79.5,2,31.5,65,5410.956705,0.002898551,0.019031516,0.0,0.0,Nov,2,2,3,2,Returning_Visitor,0,0
8,246.5333333,0,0.0,79,2150.433333,0.007228916,0.020883534,17.35448787,0.0,Nov,1,1,1,3,Returning_Visitor,0,0
0,0.0,0,0.0,23,752.7619048,0.013043478,0.015217391,0.0,0.0,Dec,1,1,6,3,Returning_Visitor,0,0
1,44.5,0,0.0,18,519.5,0.0,0.035,20.394,0.0,May,2,2,7,13,Returning_Visitor,0,0
0,0.0,0,0.0,5,143.0,0.0,0.04,0.0,0.0,Mar,2,4,1,1,Returning_Visitor,0,0
2,95.0,0,0.0,10,203.4166667,0.0,0.016666667,0.0,0.0,May,2,2,3,2,Returning_Visitor,1,0
2,24.2,0,0.0,8,530.0,0.0,0.044444444,0.0,0.0,Aug,1,8,1,2,Returning_Visitor,0,0
7,253.1,0,0.0,40,1591.888095,0.0,0.012186396,48.66217061,0.0,Dec,2,2,3,2,Returning_Visitor,1,1
7,169.5,0,0.0,21,484.95,0.008695652,0.037681159,0.0,0.0,Mar,1,2,2,2,Returning_Visitor,0,0
10,236.0795455,2,5.0,107,2589.881537,0.010601564,0.019627539,0.0,0.0,Dec,3,2,4,2,Returning_Visitor,0,0
0,0.0,0,0.0,13,153.5833333,0.0,0.020512821,0.0,0.0,May,2,2,4,13,Returning_Visitor,0,0
4,237.0,3,87.7,16,379.3,0.021212121,0.057575758,0.0,0.0,Oct,7,1,1,3,Returning_Visitor,0,0
0,0.0,0,0.0,18,1844.416667,0.0,0.023529412,28.52788235,0.0,May,3,7,3,4,Returning_Visitor,0,0
0,0.0,0,0.0,4,0.0,0.2,0.2,0.0,0.4,Feb,2,2,1,3,Returning_Visitor,0,0
0,0.0,0,0.0,52,2086.242857,0.015384615,0.020352564,0.0,0.0,Feb,2,2,7,1,Returning_Visitor,0,0
0,0.0,0,0.0,13,454.5,0.0,0.016666667,0.0,0.0,May,3,2,4,13,Returning_Visitor,0,0
0,0.0,1,212.5,21,1198.75,0.0,0.003174603,0.0,0.0,Mar,2,4,7,2,Returning_Visitor,0,0
3,64.5,0,0.0,14,671.625,0.0,0.030625,0.0,0.0,Nov,1,1,3,2,Returning_Visitor,1,0
0,0.0,0,0.0,12,676.25,0.0,0.025,0.0,0.0,Nov,2,4,1,6,Returning_Visitor,0,0
2,30.0,0,0.0,24,300.6666667,0.008333333,0.025,0.0,0.0,May,2,2,1,4,Returning_Visitor,0,0
0,0.0,0,0.0,4,10.0,0.1,0.15,0.0,0.0,Nov,2,2,1,1,Returning_Visitor,0,0
0,0.0,0,0.0,37,1048.980263,0.005555556,0.024074074,0.0,0.0,Nov,2,2,7,2,Returning_Visitor,1,0
0,0.0,0,0.0,33,472.3611111,0.012903226,0.014721408,0.0,0.0,Nov,1,1,9,2,Returning_Visitor,0,0
3,119.0,0,0.0,6,197.5,0.022222222,0.022222222,0.0,1.0,May,6,2,3,2,New_Visitor,1,0
0,0.0,0,0.0,1,0.0,0.2,0.2,0.0,0.0,Nov,8,2,9,3,Other,0,0
0,0.0,0,0.0,18,490.3,0.011111111,0.022222222,0.0,0.0,Sep,2,2,1,13,Returning_Visitor,0,0
1,47.16666667,1,3.0,42,1462.659125,0.004651163,0.019047619,7.734903101,0.0,May,2,2,6,4,Returning_Visitor,0,1
5,178.92,1,6.0,33,1017.576667,0.013157895,0.011842105,0.0,0.0,Nov,3,2,1,3,Returning_Visitor,0,0
0,0.0,0,0.0,6,671.6666667,0.0,0.016666667,0.0,0.0,May,2,4,3,3,Returning_Visitor,0,0
1,43.5,3,230.1666667,93,3773.715179,0.004123711,0.018162523,17.77043431,0.0,Nov,2,2,1,2,Returning_Visitor,0,1
8,580.2,1,145.6,48,2734.966667,0.0,0.007692308,27.60143046,0.0,Oct,2,2,4,5,New_Visitor,0,1
0,0.0,0,0.0,16,344.4,0.023529412,0.052941176,0.0,0.0,Jul,2,2,2,4,Returning_Visitor,0,0
0,0.0,0,0.0,28,1023.125,0.007142857,0.028571429,0.0,0.0,Nov,2,2,3,2,Returning_Visitor,0,0
0,0.0,0,0.0,43,1606.45,0.0,0.004761905,18.51505467,0.0,June,4,1,1,2,New_Visitor,0,1
5,99.16666667,1,27.0,33,483.2666667,0.002777778,0.009126984,0.0,0.6,May,8,5,1,2,Returning_Visitor,0,0
0,0.0,0,0.0,47,2493.985714,0.017021277,0.032056738,0.0,0.0,Dec,2,4,9,1,Returning_Visitor,0,1
1,16.0,1,29.0,19,1083.690476,0.016,0.024884615,19.3154,0.0,May,3,2,1,2,Returning_Visitor,0,0
1,19.0,0,0.0,8,208.0,0.04,0.1,0.0,0.0,Nov,2,2,1,1,Returning_Visitor,0,0
1,0.0,0,0.0,1,19.0,0.0,0.1,0.0,0.0,Mar,1,1,3,1,Returning_Visitor,0,0
4,117.8,0,0.0,12,267.8,0.025,0.04375,0.0,0.0,Sep,3,2,3,13,Returning_Visitor,0,0
0,0.0,0,0.0,7,87.71428571,0.042857143,0.089285714,0.0,0.0,Mar,3,2,1,3,Returning_Visitor,0,0
0,0.0,0,0.0,5,143.5,0.0,0.04,0.0,0.0,Mar,2,5,3,3,Returning_Visitor,0,0
6,631.1073171,3,7.6,28,2104.573984,0.007189542,0.034273974,35.51518951,0.0,Nov,2,2,5,6,Returning_Visitor,0,0
1,4.0,0,0.0,36,440.6,0.011111111,0.041898148,0.0,1.0,May,3,2,3,1,Returning_Visitor,1,0
6,45.03333333,1,69.6,120,5771.466862,0.002755906,0.014537746,4.586910248,0.0,Aug,4,2,1,2,Returning_Visitor,0,0
5,44.0,0,0.0,131,3865.838889,0.006458094,0.023900203,0.818306551,0.0,Nov,2,2,3,2,Returning_Visitor,1,1
1,26.5,0,0.0,6,110.0,0.066666667,0.1,0.0,0.0,Nov,3,2,1,2,Returning_Visitor,0,1
0,0.0,0,0.0,38,314.8333333,0.010526316,0.031578947,0.0,0.6,May,2,2,1,3,Returning_Visitor,0,0
2,95.0,3,48.0,9,259.5,0.0,0.015384615,0.0,0.0,May,1,1,1,2,Returning_Visitor,0,0
6,129.75,0,0.0,42,1173.07,0.0,0.005319149,18.95323404,0.0,Mar,2,2,3,8,New_Visitor,1,1
3,100.0,0,0.0,27,730.7916667,0.016,0.027555556,0.0,0.0,Nov,3,2,3,11,Returning_Visitor,0,0
0,0.0,0,0.0,2,18.0,0.0,0.1,0.0,0.0,Nov,1,1,1,1,Returning_Visitor,0,0
3,25.57142857,1,0.0,15,2026.47619,0.011764706,0.07254902,0.0,0.0,May,4,1,1,1,Returning_Visitor,0,0
0,0.0,0,0.0,9,980.5666667,0.0,0.011111111,78.56959864,0.0,Sep,2,2,5,2,New_Visitor,0,1
3,59.5,0,0.0,6,159.0,0.0,0.00625,0.0,0.0,Dec,3,2,8,6,New_Visitor,0,0
0,0.0,0,0.0,2,68.0,0.0,0.1,0.0,0.0,Feb,3,2,3,3,Returning_Visitor,0,0
0,0.0,0,0.0,2,0.0,0.2,0.2,0.0,0.0,May,1,1,3,11,Returning_Visitor,1,0
3,43.0,0,0.0,10,427.1666667,0.0,0.015384615,0.0,0.0,Mar,3,2,9,3,Returning_Visitor,0,0
0,0.0,0,0.0,27,892.9679487,0.014814815,0.022751323,0.0,0.0,Dec,2,2,3,2,Returning_Visitor,1,0
2,96.0,0,0.0,61,1260.524994,0.0,0.003225806,131.5040438,0.0,Nov,2,2,7,10,Returning_Visitor,1,1
0,0.0,0,0.0,1,0.0,0.2,0.2,0.0,0.0,Dec,1,1,5,1,Returning_Visitor,0,0
0,0.0,0,0.0,0,0.0,0.2,0.2,0.0,0.0,Nov,1,1,9,3,Returning_Visitor,0,0
0,0.0,0,0.0,27,925.3333333,0.003703704,0.025925926,0.0,0.6,Feb,4,1,3,3,Returning_Visitor,0,0
2,126.0,0,0.0,6,127.1666667,0.05,0.04375,0.0,0.0,Dec,3,2,5,3,Returning_Visitor,1,0
0,0.0,1,57.0,5,454.0,0.0,0.05,0.0,0.0,Mar,2,2,3,6,Returning_Visitor,0,0
1,38.0,0,0.0,5,131.0,0.033333333,0.013333333,0.0,0.0,Mar,1,2,1,9,New_Visitor,1,0
0,0.0,0,0.0,3,0.0,0.2,0.2,0.0,0.0,Nov,3,2,1,13,Returning_Visitor,0,0
0,0.0,0,0.0,28,512.7166667,0.007142857,0.013571429,1.401949127,0.0,Jul,2,2,7,1,Returning_Visitor,1,1
1,4.0,0,0.0,8,227.1,0.022222222,0.066666667,0.0,0.0,Aug,2,2,3,13,Returning_Visitor,0,0
1,17.2,0,0.0,4,192.4,0.0,0.01,0.0,0.0,Sep,2,2,2,2,New_Visitor,0,0
0,0.0,0,0.0,5,73.0,0.04,0.08,0.0,0.4,May,2,2,1,3,Returning_Visitor,0,0
0,0.0,0,0.0,21,1051.166667,0.0,0.00952381,14.14084367,0.0,Nov,1,8,2,6,New_Visitor,1,1
0,0.0,0,0.0,13,472.9952381,0.015384615,0.030769231,0.0,0.0,May,2,4,2,3,Returning_Visitor,1,0
0,0.0,0,0.0,4,352.0,0.0,0.05,0.0,0.4,May,2,2,3,1,Returning_Visitor,0,0
15,304.5833333,0,0.0,33,761.2233333,0.007619048,0.020793651,0.0,0.0,Oct,3,2,1,3,Returning_Visitor,1,0
5,140.6,0,0.0,16,423.5,0.0125,0.0125,0.0,0.0,Aug,3,2,1,3,Returning_Visitor,1,0
0,0.0,0,0.0,4,72.0,0.0,0.0,35.34967016,0.0,Sep,3,2,3,2,Returning_Visitor,1,1
0,0.0,0,0.0,44,547.0,0.06,0.087407407,0.0,0.6,May,3,2,1,13,Returning_Visitor,0,0
13,313.0909091,4,516.0,132,3083.050977,0.001494396,0.009733401,8.868449011,0.0,May,2,5,3,4,Returning_Visitor,0,0
0,0.0,0,0.0,11,297.25,0.0,0.022222222,0.0,0.0,May,2,2,3,1,Returning_Visitor,0,0
3,60.73333333,0,0.0,27,696.9,0.0,0.014814815,0.0,0.0,Sep,2,2,6,4,Returning_Visitor,0,0
0,0.0,0,0.0,8,412.1666667,0.0,0.0125,0.0,0.0,May,3,2,4,6,New_Visitor,0,0
5,67.5,3,245.0,32,1929.329762,0.0,0.00430839,0.0,0.0,Mar,2,4,1,1,Returning_Visitor,0,0
19,739.1948718,1,8.0,114,4269.493146,0.001574803,0.016980377,8.466384757,0.0,Nov,2,2,2,1,Returning_Visitor,0,0
3,48.5,0,0.0,10,138.1666667,0.0,0.015384615,0.0,0.0,Nov,2,2,1,2,New_Visitor,1,0
0,0.0,1,0.0,10,210.25,0.0,0.018181818,0.0,0.0,Nov,1,1,1,2,New_Visitor,0,0
0,0.0,0,0.0,15,455.5,0.0,0.014285714,0.0,0.0,May,2,10,3,2,New_Visitor,0,0
0,0.0,0,0.0,7,1544.75,0.014285714,0.033333333,0.0,0.0,Dec,1,1,3,1,Returning_Visitor,0,0
1,8.0,0,0.0,27,787.5357143,0.0,0.005142857,0.0,0.0,Nov,3,2,1,20,Returning_Visitor,0,0
6,132.0,1,5.0,30,1039.244444,0.005714286,0.017809524,3.998,0.6,May,3,2,4,3,Returning_Visitor,0,1
1,10.0,0,0.0,14,624.4333333,0.0,0.015238095,0.0,0.0,Nov,2,2,1,1,Returning_Visitor,0,0
0,0.0,0,0.0,2,57.0,0.0,0.1,0.0,0.0,Mar,3,2,1,1,Returning_Visitor,1,0
6,160.0952381,3,94.5,47,1682.870247,0.001333333,0.007891429,5.698642857,0.0,Mar,3,2,6,10,Returning_Visitor,0,1
5,107.5,0,0.0,31,2221.0,0.002857143,0.01047619,0.0,0.0,Nov,2,2,9,3,Returning_Visitor,0,0
1,8.0,2,61.5,31,1126.25,0.0,0.024242424,0.0,0.0,Nov,4,2,1,2,Returning_Visitor,0,0
0,0.0,0,0.0,8,149.0,0.0,0.033333333,64.788,0.0,May,2,2,1,2,Returning_Visitor,0,1
0,0.0,2,30.66666667,13,307.5714286,0.013333333,0.052777778,0.0,1.0,May,1,1,1,2,Returning_Visitor,1,0
5,69.8,0,0.0,87,1764.180047,0.007007576,0.032261103,0.0,0.0,June,2,6,1,1,Returning_Visitor,0,0
2,33.0,0,0.0,13,1649.0,0.0,0.033333333,0.0,0.0,May,2,2,1,2,Returning_Visitor,0,0
0,0.0,0,0.0,1,0.0,0.2,0.2,0.0,0.0,Mar,2,2,1,1,Returning_Visitor,1,0
3,19.33333333,0,0.0,28,710.9083333,0.006451613,0.012903226,0.0,0.0,May,2,2,8,3,New_Visitor,0,0
5,61.875,0,0.0,164,4389.887512,0.001183432,0.010151043,6.664239119,0.0,Nov,2,2,1,2,Returning_Visitor,0,1
0,0.0,1,929.0,75,4105.666667,0.002631579,0.017324561,0.0,0.0,Mar,2,2,3,1,Returning_Visitor,0,0
6,174.75,2,123.0,33,773.2566667,0.010810811,0.022972973,31.74373458,0.0,Nov,3,2,1,2,Returning_Visitor,0,1
0,0.0,0,0.0,32,827.6462121,0.0,0.00058651,54.67634844,0.0,Mar,2,2,7,2,Returning_Visitor,0,1
4,126.0769231,2,43.33333333,34,1395.445862,0.038927739,0.042311136,48.66071756,0.0,Nov,3,2,1,10,Returning_Visitor,0,1
4,1764.0,1,0.0,3,86.0,0.0,0.033333333,0.0,0.0,May,3,2,4,5,New_Visitor,0,0
0,0.0,0,0.0,7,121.0,0.028571429,0.057142857,0.0,0.0,Dec,2,2,7,3,Returning_Visitor,1,0
4,46.4,0,0.0,128,5287.233333,0.0171875,0.034482887,14.984875,0.4,May,2,2,3,13,Returning_Visitor,0,0
3,512.8333333,2,278.0,3,162.0,0.0,0.014285714,0.0,0.0,Mar,3,2,1,8,New_Visitor,1,0
9,449.8166667,0,0.0,17,200.95,0.0,0.024603175,0.0,0.0,Sep,2,2,1,2,Returning_Visitor,0,0
5,151.3333333,0,0.0,11,283.3333333,0.033333333,0.058333333,13.91046998,0.0,Nov,2,2,6,20,Returning_Visitor,0,1
0,0.0,0,0.0,27,1009.375,0.007407407,0.040740741,0.0,0.0,Nov,2,2,1,2,New_Visitor,1,1
4,32.2,2,28.2,23,934.3166667,0.0,0.01862069,11.28379079,0.0,Aug,2,2,5,4,Returning_Visitor,0,0
2,48.1875,4,121.5,51,1792.814481,0.003571429,0.01186886,60.07483189,0.0,Nov,3,2,1,2,Returning_Visitor,1,1
8,103.0,0,0.0,19,2081.5,0.0,0.01,24.54706296,0.0,Nov,2,2,3,2,New_Visitor,1,1
3,346.0,1,15.2,29,1107.216667,0.006060606,0.006700972,69.91439226,0.0,Nov,2,2,5,2,Returning_Visitor,0,0
11,210.8555556,0,0.0,149,4107.119658,0.006369427,0.013305319,0.513385987,0.6,May,1,1,3,1,Returning_Visitor,0,0
0,0.0,0,0.0,58,3200.366667,0.003448276,0.027586207,0.0,0.0,Mar,2,2,6,1,Returning_Visitor,0,0
3,215.0,0,0.0,53,1481.429167,0.001851852,0.012345679,56.31760103,0.0,Nov,1,8,1,11,Returning_Visitor,1,1
0,0.0,0,0.0,35,1386.716667,0.02,0.039269841,14.96432,0.0,May,1,8,4,20,Returning_Visitor,1,1
0,0.0,0,0.0,12,1165.333333,0.004166667,0.043055556,0.0,0.0,Mar,2,2,3,2,Returning_Visitor,0,0
7,136.6666667,1,7.0,25,687.5333333,0.013793103,0.014022989,5.078114943,0.0,May,1,2,3,4,New_Visitor,0,0
6,220.0,2,327.0,50,1845.166667,0.011111111,0.022376543,10.09862222,0.0,May,2,2,3,1,Returning_Visitor,0,0
0,0.0,0,0.0,2,21.0,0.0,0.05,0.0,0.8,May,2,2,9,3,Returning_Visitor,0,0
6,113.25,2,19.0,23,2049.75,0.022222222,0.033333333,95.35469341,0.0,Dec,1,1,2,2,Returning_Visitor,0,1
0,0.0,0,0.0,15,803.3333333,0.0,0.038888889,0.0,0.0,Dec,4,1,1,2,Returning_Visitor,0,0
2,0.0,0,0.0,8,119.0,0.075,0.1,0.0,0.0,May,1,2,1,2,Returning_Visitor,0,0
1,508.8,0,0.0,7,379.8,0.0,0.05,0.0,0.0,Jul,1,1,1,1,Returning_Visitor,0,0
0,0.0,0,0.0,10,1678.333333,0.0,0.02,0.0,0.0,Nov,2,2,1,2,Returning_Visitor,0,0
9,124.4266667,0,0.0,19,720.6766667,0.0,0.018933333,0.0,0.0,Oct,2,2,7,4,Returning_Visitor,0,0
0,0.0,0,0.0,5,108.0,0.0,0.08,0.0,0.0,May,2,2,3,13,Returning_Visitor,0,0
0,0.0,1,113.0,27,3178.583333,0.025,0.04047619,0.0,0.0,May,2,2,1,3,Returning_Visitor,0,0
0,0.0,0,0.0,4,14.0,0.0,0.05,0.0,0.0,May,1,1,3,2,Returning_Visitor,1,0
2,33.5,0,0.0,108,2270.908333,0.005504587,0.029663609,0.0,0.0,Nov,2,2,1,3,Returning_Visitor,0,0
0,0.0,0,0.0,67,771.4133333,0.0,0.004205128,0.0,0.0,Aug,1,8,9,1,Returning_Visitor,0,0
0,0.0,0,0.0,26,234.8,0.05,0.119230769,0.0,0.0,Jul,2,2,7,13,Returning_Visitor,0,0
1,22.0,3,39.0,80,1903.081639,0.007228916,0.032248996,0.0,0.0,Dec,3,2,1,2,Returning_Visitor,0,0
0,0.0,0,0.0,8,143.2,0.0,0.029166667,0.0,0.0,Nov,3,2,1,2,Returning_Visitor,0,0
2,48.0,0,0.0,3,66.5,0.05,0.1,0.0,0.0,May,3,2,1,3,Returning_Visitor,0,0
0,0.0,0,0.0,29,830.9333333,0.035555556,0.088333333,0.0,0.6,May,3,2,6,13,Returning_Visitor,0,0
15,292.88,1,48.35,130,3645.909048,0.001459854,0.008515815,10.41358118,0.0,Nov,2,4,8,2,Returning_Visitor,0,0
7,51.5,0,0.0,59,1954.754167,0.0,0.003225806,0.0,0.0,Dec,2,2,3,1,Returning_Visitor,0,0
0,0.0,0,0.0,36,777.2175325,0.029166667,0.018068783,0.0,1.0,May,1,1,7,3,Returning_Visitor,1,0
8,133.35,2,383.8,14,552.48,0.005263158,0.016140351,20.33155364,0.0,Aug,1,1,1,6,Returning_Visitor,0,0
0,0.0,0,0.0,13,1461.416667,0.021978022,0.047163947,0.0,0.0,Nov,3,2,3,11,Returning_Visitor,1,0
4,69.66666667,1,23.0,161,6524.035369,0.005050505,0.013944826,45.41882207,0.0,Nov,2,2,3,2,Returning_Visitor,0,1
0,0.0,0,0.0,1,0.0,0.2,0.2,0.0,0.0,Dec,1,1,6,2,Returning_Visitor,0,0
12,1106.389831,9,627.4583333,125,7444.938071,0.007701238,0.022385989,7.201209277,0.0,Nov,3,2,4,2,Returning_Visitor,0,1
3,132.92,4,212.8,36,1335.773333,0.014285714,0.034484127,11.11383981,0.0,Nov,2,7,2,2,Returning_Visitor,0,0
3,199.75,0,0.0,8,331.4,0.0,0.003333333,0.0,0.0,Mar,3,2,2,10,New_Visitor,0,0
1,139.0,3,871.4,137,7672.152381,0.00177305,0.011631206,37.72031898,0.0,Oct,2,2,4,2,Returning_Visitor,0,1
3,83.4,0,0.0,43,2013.659524,0.0,0.009090909,0.0,0.0,Oct,2,2,1,20,Returning_Visitor,0,0
2,58.0,0,0.0,50,952.4345238,0.0,0.011538462,2.179730769,0.0,Mar,4,2,2,11,Returning_Visitor,1,1
6,72.01960784,4,343.0,157,4461.28524,8.08e-05,0.007018826,31.85608032,0.0,Dec,2,4,3,2,Returning_Visitor,0,1
3,53.0,2,7.0,24,678.0,0.0,0.014814815,20.13555556,0.0,May,2,5,3,2,Returning_Visitor,0,1
0,0.0,0,0.0,15,755.25,0.026666667,0.033333333,0.0,0.0,Nov,2,2,6,1,Returning_Visitor,1,0
7,117.6666667,0,0.0,74,1540.290115,0.00617284,0.016237507,0.0,0.0,Aug,2,2,7,1,Returning_Visitor,0,0
0,0.0,0,0.0,9,442.0,0.0,0.044444444,0.0,0.2,May,2,2,7,2,Returning_Visitor,0,0
10,398.5727115,1,132.0,24,985.0802412,0.00859375,0.028987132,0.0,0.0,Sep,3,2,1,3,Returning_Visitor,1,0
0,0.0,0,0.0,19,337.1666667,0.0,0.003508772,0.0,1.0,May,1,1,9,3,Returning_Visitor,1,0
0,0.0,0,0.0,38,1593.583333,0.0,0.010526316,0.0,0.0,Nov,2,2,2,1,Returning_Visitor,0,0
5,494.1666667,0,0.0,8,204.0,0.0,0.030769231,0.0,0.0,Mar,2,4,4,1,Returning_Visitor,0,0
0,0.0,0,0.0,5,197.0,0.0,0.06,0.0,0.0,May,2,2,7,3,Returning_Visitor,1,0
5,134.75,3,16.0,165,6323.853465,0.010654414,0.02804138,3.512852934,0.0,Nov,1,1,1,2,Returning_Visitor,0,1
1,4.0,0,0.0,4,151.0,0.0,0.08,0.0,1.0,May,2,2,3,1,Returning_Visitor,1,0
0,0.0,0,0.0,39,1020.013889,0.005405405,0.014226044,0.0,0.0,Dec,3,2,7,1,Returning_Visitor,1,0
0,0.0,0,0.0,8,286.7,0.05,0.075,0.0,0.0,Jul,3,2,1,1,Returning_Visitor,0,0
0,0.0,0,0.0,1,24.0,0.0,0.1,0.0,0.0,May,1,1,4,3,Returning_Visitor,1,0
0,0.0,0,0.0,8,866.0,0.05,0.058333333,0.0,0.0,Dec,2,2,2,6,Returning_Visitor,0,0
6,253.0,0,0.0,21,686.4,0.003846154,0.012179487,0.0,0.0,Mar,1,1,3,3,Returning_Visitor,0,0
0,0.0,0,0.0,16,355.5,0.0,0.014285714,11.13171429,0.0,May,3,2,1,3,New_Visitor,0,1
0,0.0,0,0.0,6,463.5,0.0,0.033333333,0.0,0.0,Mar,2,5,1,3,Returning_Visitor,0,0
2,78.64980843,0,0.0,117,4185.096695,0.024119241,0.04298103,2.427453927,0.0,Jul,2,2,1,1,Returning_Visitor,0,1
8,2086.75,1,46.5,81,5546.0,0.002325581,0.014562569,15.56462164,0.0,Nov,2,2,1,2,Returning_Visitor,0,1
4,143.8333333,0,0.0,43,997.7083333,0.002222222,0.021111111,0.0,0.0,Dec,2,5,3,2,Returning_Visitor,0,0
0,0.0,0,0.0,3,15.0,0.0,0.066666667,0.0,0.0,Mar,2,4,3,12,Returning_Visitor,0,0
0,0.0,0,0.0,30,484.672619,0.0,0.018965517,0.0,0.0,Mar,2,6,7,1,Returning_Visitor,0,0
0,0.0,0,0.0,4,81.5,0.0,0.025,0.0,0.0,May,1,1,2,4,Returning_Visitor,1,0
0,0.0,0,0.0,13,238.1666667,0.0,0.007692308,0.0,0.0,Mar,2,2,6,2,Returning_Visitor,0,0
1,8.0,0,0.0,33,636.5833333,0.0,0.00625,0.0,0.0,Dec,3,2,1,2,New_Visitor,0,0
0,0.0,0,0.0,3,21.0,0.0,0.066666667,0.0,0.0,Nov,2,4,2,2,Returning_Visitor,1,1
4,69.96666667,0,0.0,28,2728.755,0.0,0.009313725,0.0,0.0,Oct,1,1,1,5,Returning_Visitor,0,0
5,138.5,0,0.0,11,578.3333333,0.05,0.072916667,0.0,0.0,May,1,1,1,4,Returning_Visitor,0,0
0,0.0,0,0.0,2,5.0,0.0,0.1,0.0,0.0,Mar,2,2,9,1,Returning_Visitor,0,0
6,86.2,0,0.0,49,3003.419048,0.010526316,0.015711501,4.376915789,0.4,May,1,1,4,4,Returning_Visitor,0,0
0,0.0,0,0.0,6,39.5,0.0,0.02,0.0,0.0,Feb,2,2,1,3,Returning_Visitor,0,0
0,0.0,0,0.0,5,108.0,0.0,0.04,0.0,0.0,May,4,1,3,4,Returning_Visitor,0,0
0,0.0,0,0.0,24,488.3333333,0.0,0.004347826,72.30208696,0.0,May,2,2,1,4,New_Visitor,0,1
0,0.0,0,0.0,1,0.0,0.2,0.2,0.0,0.0,Jul,1,1,1,2,Returning_Visitor,0,0
1,7.0,0,0.0,29,906.5666667,0.0,0.006896552,0.0,0.0,Mar,4,1,1,2,New_Visitor,1,0
0,0.0,0,0.0,72,2494.8171,0.002777778,0.013842593,0.0,0.0,Nov,1,2,1,11,Returning_Visitor,0,0
3,281.0,0,0.0,6,145.0,0.0,0.025,0.0,0.0,Mar,3,2,8,8,New_Visitor,0,0
6,205.0,0,0.0,20,221.78,0.0,0.001515152,0.0,0.0,Nov,1,1,1,2,Returning_Visitor,0,0
4,181.5,0,0.0,34,2265.571429,0.0,0.018018018,28.11367347,0.0,Nov,4,1,3,1,Returning_Visitor,1,1
3,23.0,0,0.0,30,465.4166667,0.0,0.009375,50.66498303,0.0,Mar,4,1,4,3,Returning_Visitor,0,0
1,19.0,0,0.0,16,278.9142857,0.007142857,0.04,0.0,0.0,May,1,8,1,4,Returning_Visitor,1,0
0,0.0,0,0.0,3,133.5,0.1,0.155555556,0.0,0.4,May,2,4,1,6,Returning_Visitor,0,0
2,61.16666667,0,0.0,47,901.25,0.008333333,0.025,32.799375,0.0,May,2,4,6,4,Returning_Visitor,0,1
1,28.2,0,0.0,2,0.0,0.066666667,0.133333333,0.0,0.0,June,1,8,2,3,New_Visitor,1,0
0,0.0,0,0.0,37,607.4666667,0.0,0.002777778,39.97777778,0.0,May,1,1,1,2,Returning_Visitor,1,1
0,0.0,0,0.0,16,687.3848485,0.0,0.005208333,29.4628439,0.0,Nov,3,2,3,2,New_Visitor,1,0
1,23.2,0,0.0,24,704.5666667,0.0,0.011538462,14.22049566,0.0,Aug,2,2,2,1,Returning_Visitor,0,0
4,97.0,0,0.0,22,739.5833333,0.009090909,0.006060606,0.0,0.0,May,1,1,6,4,New_Visitor,1,0
3,27.0,0,0.0,10,1579.375,0.0125,0.06,0.0,0.0,Nov,2,2,1,2,Returning_Visitor,0,0
1,8.0,0,0.0,11,701.0,0.0,0.016666667,0.0,0.0,Aug,2,2,1,2,Returning_Visitor,0,0
0,0.0,0,0.0,3,25.5,0.066666667,0.133333333,0.0,0.0,Nov,1,1,3,2,Returning_Visitor,1,0
4,27.0,0,0.0,42,601.7666667,0.0,0.004545455,0.0,0.0,Mar,2,5,3,3,Returning_Visitor,0,0
3,90.5,0,0.0,15,369.5,0.0,0.025,0.0,0.0,Nov,3,2,2,2,New_Visitor,1,0
5,389.0,0,0.0,5,310.5,0.0,0.014285714,0.0,0.0,May,2,4,2,2,New_Visitor,0,0
0,0.0,0,0.0,7,43.0,0.085714286,0.121428571,0.0,0.0,Dec,3,2,1,1,Returning_Visitor,0,0
0,0.0,0,0.0,25,316.5416667,0.0,0.02,0.0,0.0,Dec,2,2,9,1,Returning_Visitor,0,0
9,216.23,1,140.5,310,8468.339278,0.002821317,0.012414294,0.875047932,0.0,Sep,2,10,3,2,Returning_Visitor,1,0
0,0.0,0,0.0,17,336.0,0.0,0.01875,0.0,0.8,May,2,2,1,4,Returning_Visitor,0,0
5,129.5,0,0.0,13,1507.333333,0.016666667,0.028125,0.0,0.0,Mar,2,2,3,2,Returning_Visitor,0,0
0,0.0,0,0.0,17,600.5,0.0,0.005882353,0.0,0.0,Mar,2,2,7,10,Returning_Visitor,0,0
0,0.0,0,0.0,1,0.0,0.2,0.2,0.0,0.0,Mar,2,2,1,2,Returning_Visitor,0,0
5,111.3,0,0.0,138,4172.11572,0.0,0.008337205,17.63434621,0.0,Nov,2,2,9,2,Returning_Visitor,0,0
8,103.5,0,0.0,64,1550.211111,0.0,0.016086957,7.868950242,0.0,May,2,2,2,14,Returning_Visitor,1,0
0,0.0,0,0.0,4,0.0,0.2,0.2,0.0,0.6,May,3,2,1,3,Returning_Visitor,0,0
0,0.0,0,0.0,9,597.0,0.111111111,0.144444444,0.0,0.2,May,2,4,6,3,Returning_Visitor,0,0
1,8.0,0,0.0,55,1893.650488,0.012727273,0.038483516,0.0,0.0,Nov,3,2,1,13,Returning_Visitor,1,0
0,0.0,0,0.0,44,1184.269841,0.004545455,0.023295455,0.0,0.0,Nov,1,2,1,2,Returning_Visitor,0,0
0,0.0,0,0.0,7,245.4,0.025,0.08125,3.27121463,0.0,Sep,3,7,3,4,Returning_Visitor,0,0
1,55.4,0,0.0,9,949.6,0.0,0.046666667,0.0,0.0,Oct,1,8,5,11,Returning_Visitor,0,0
3,135.5,0,0.0,30,2040.166667,0.0,0.022727273,4.350513745,0.0,Dec,2,2,8,2,Returning_Visitor,0,1
2,197.0,4,219.0,53,1518.761111,0.007272727,0.005454545,0.0,0.0,Mar,1,1,6,2,Returning_Visitor,1,0
1,0.0,0,0.0,3,0.0,0.2,0.2,0.0,0.0,May,1,1,4,4,Returning_Visitor,1,0
0,0.0,0,0.0,94,9836.068333,0.007446809,0.028191489,0.0,0.0,Sep,2,2,1,13,Returning_Visitor,0,0
0,0.0,0,0.0,2,9.0,0.0,0.1,0.0,0.0,Dec,2,2,1,3,Returning_Visitor,0,0
0,0.0,0,0.0,41,1066.339286,0.012195122,0.043292683,0.0,0.0,Nov,3,2,3,1,Returning_Visitor,0,0
4,75.1,0,0.0,7,102.7,0.0,0.011111111,0.0,0.0,Sep,2,4,6,2,Returning_Visitor,0,1
2,267.8,0,0.0,6,616.5,0.028571429,0.038095238,0.0,0.0,Sep,3,2,3,4,Returning_Visitor,0,0
3,96.0,0,0.0,12,175.175,0.02,0.031111111,0.0,0.0,Dec,3,2,8,2,New_Visitor,0,0
0,0.0,0,0.0,15,75.0,0.08,0.12,0.0,0.6,May,2,2,6,2,Returning_Visitor,0,0
0,0.0,0,0.0,3,62.25,0.0,0.066666667,0.0,0.0,Dec,1,1,7,2,Returning_Visitor,0,0
0,0.0,0,0.0,4,1623.666667,0.133333333,0.140833333,0.0,0.0,Aug,1,1,1,3,Returning_Visitor,0,0
6,111.5,0,0.0,26,449.0277778,0.0,0.018518519,0.0,0.6,Feb,1,1,3,3,Returning_Visitor,0,0
5,141.14,0,0.0,12,305.24,0.0,0.013333333,0.0,0.0,June,2,2,9,3,Returning_Visitor,0,0
6,389.75,3,545.0,65,1690.790351,0.014642857,0.034671498,13.66158824,1.0,May,2,10,2,1,Returning_Visitor,1,0
3,70.6,0,0.0,11,93.5,0.1,0.107142857,0.0,0.0,Oct,1,1,1,3,Returning_Visitor,0,0
0,0.0,0,0.0,14,1404.75,0.0,0.021428571,0.0,0.0,Dec,2,2,1,2,New_Visitor,0,0
0,0.0,0,0.0,5,58.0,0.0,0.04,0.0,0.0,May,2,2,4,3,Returning_Visitor,0,0
0,0.0,0,0.0,26,436.8,0.074074074,0.088888889,0.0,0.0,Jul,2,2,1,3,Returning_Visitor,0,0
0,0.0,0,0.0,12,261.0,0.033333333,0.083333333,0.0,0.0,Mar,2,2,7,1,Returning_Visitor,0,0
3,43.0,4,81.0,132,5091.890896,0.006521739,0.029863649,0.0,0.0,Nov,2,2,4,2,Returning_Visitor,1,1
0,0.0,0,0.0,3,23.0,0.066666667,0.1,0.0,0.6,May,3,2,1,3,Returning_Visitor,0,0
0,0.0,0,0.0,1,0.0,0.2,0.2,0.0,0.0,Mar,3,2,3,1,Returning_Visitor,0,0
6,30.7,3,45.0,38,1481.783333,0.012244898,0.029387755,0.0,0.0,Nov,2,2,4,10,Returning_Visitor,0,1
0,0.0,0,0.0,29,738.8861111,0.0,0.002469136,0.0,0.0,Dec,3,2,6,2,Returning_Visitor,1,0
6,85.96666667,1,2.0,76,1464.209618,0.009803094,0.01785746,0.0,0.0,Aug,3,2,8,4,Returning_Visitor,0,0
5,879.5,0,0.0,43,2365.429545,0.0,0.013043478,0.0,0.0,Nov,4,1,1,10,Returning_Visitor,0,0
8,186.5,0,0.0,57,1925.102381,0.005,0.0175,23.4154,0.0,May,2,2,3,6,Returning_Visitor,0,0
0,0.0,0,0.0,3,71.5,0.066666667,0.133333333,0.0,0.0,Nov,2,2,3,3,Returning_Visitor,0,0
0,0.0,0,0.0,2,0.0,0.2,0.2,0.0,0.0,Nov,2,10,2,10,Returning_Visitor,0,0
0,0.0,0,0.0,23,966.3583333,0.0,0.004081633,0.0,0.0,Nov,3,2,7,2,Returning_Visitor,0,0
7,155.0,0,0.0,20,252.9833333,0.008333333,0.025,0.0,0.0,Oct,2,2,1,3,Returning_Visitor,0,0
0,0.0,0,0.0,10,130.5,0.02,0.1,0.0,0.0,Dec,2,2,7,3,Returning_Visitor,0,0
0,0.0,0,0.0,8,117.8,0.15,0.15,0.0,0.0,June,1,1,3,3,Returning_Visitor,1,0
0,0.0,0,0.0,45,747.0428571,0.017777778,0.031296296,0.0,0.0,Nov,3,2,1,13,Returning_Visitor,0,0
0,0.0,0,0.0,10,199.6666667,0.01,0.045,0.0,0.0,Nov,3,2,4,3,Returning_Visitor,0,0
0,0.0,0,0.0,4,82.5,0.0,0.05,0.0,0.0,Mar,3,2,1,3,Returning_Visitor,0,0
0,0.0,0,0.0,7,103.5,0.0,0.057142857,0.0,0.0,Nov,2,2,2,2,Returning_Visitor,0,1
0,0.0,0,0.0,29,631.775,0.021428571,0.05042517,0.0,0.0,Nov,2,2,1,1,Returning_Visitor,0,0
0,0.0,0,0.0,20,447.047619,0.01,0.028888889,0.0,0.0,Dec,1,2,3,2,New_Visitor,0,1
0,0.0,0,0.0,21,476.8666667,0.00952381,0.034126984,0.0,0.0,Nov,3,2,1,2,Returning_Visitor,1,0
0,0.0,0,0.0,7,16.0,0.0,0.033333333,0.0,0.0,Dec,1,1,1,2,Returning_Visitor,1,0
2,42.5,0,0.0,48,970.4192641,0.008571429,0.025088095,5.540024667,0.6,May,2,2,4,4,Returning_Visitor,0,1
6,202.1,0,0.0,47,3633.953333,0.00130719,0.017287582,16.14887273,0.0,Oct,4,2,8,1,Returning_Visitor,0,0
0,0.0,0,0.0,39,4022.0,0.0,0.034188034,0.0,0.0,Nov,2,2,6,1,Returning_Visitor,0,0
0,0.0,0,0.0,2,0.0,0.2,0.2,0.0,0.0,Mar,2,2,1,3,Returning_Visitor,1,0
4,118.7,0,0.0,3,89.5,0.0,0.047619048,0.0,0.0,Nov,3,2,1,4,Returning_Visitor,0,0
1,20.2,0,0.0,6,204.4,0.0,0.028571429,0.0,0.0,Oct,2,7,3,5,New_Visitor,1,0
7,46.2,0,0.0,22,280.0466667,0.00952381,0.012698413,0.0,0.0,Aug,2,2,1,3,New_Visitor,1,0
1,25.0,0,0.0,14,397.0,0.03625,0.047395833,14.9925,0.0,May,1,1,3,3,Returning_Visitor,0,1
2,24.5,1,710.0,66,4566.952839,0.006470588,0.018141923,0.0,0.0,Mar,3,2,2,2,Returning_Visitor,0,0
0,0.0,0,0.0,12,312.6666667,0.0,0.033333333,0.0,0.0,May,1,1,1,4,Returning_Visitor,0,0
4,485.3333333,2,18.0,19,345.3833333,0.0,0.005797101,0.0,0.0,Mar,3,2,3,8,New_Visitor,1,0
4,42.2,0,0.0,98,2260.838889,0.004040404,0.007070707,32.9346011,0.0,Nov,2,4,1,3,New_Visitor,0,1
0,0.0,0,0.0,4,2.333333333,0.15,0.1625,0.0,0.0,May,2,2,4,13,Returning_Visitor,0,0
0,0.0,2,105.0,194,6460.192638,0.003760684,0.017284446,1.79107248,0.0,Nov,2,2,3,2,Returning_Visitor,0,1
8,294.5,3,231.7,24,1034.583333,0.0,0.015196078,9.877647059,0.0,May,2,4,3,3,Returning_Visitor,0,1
0,0.0,0,0.0,7,499.5,0.0,0.033333333,0.0,0.8,May,2,4,1,5,New_Visitor,0,0
0,0.0,0,0.0,49,1384.016667,0.0,0.011904762,0.0,0.0,Mar,2,2,1,2,Returning_Visitor,0,0
0,0.0,0,0.0,16,149.9,0.05625,0.1,0.0,0.0,June,2,2,7,1,Returning_Visitor,0,0
0,0.0,0,0.0,5,131.5,0.04,0.093333333,0.0,0.6,May,1,1,1,1,Returning_Visitor,0,0
2,36.0,0,0.0,15,168.8461538,0.0,0.011764706,0.0,0.4,Feb,1,1,1,3,Returning_Visitor,0,0
1,6.0,1,0.0,45,1582.75,0.043478261,0.050821256,54.17976426,0.4,Feb,3,2,1,1,Returning_Visitor,0,0
5,56.8,0,0.0,3,27.2,0.0,0.033333333,0.0,0.0,Nov,2,2,6,2,New_Visitor,0,0
0,0.0,0,0.0,6,143.5,0.0,0.016666667,0.0,0.0,Dec,1,1,8,10,Returning_Visitor,0,0
1,74.6,0,0.0,8,810.0,0.0,0.036666667,10.67716934,0.0,Nov,2,2,1,4,Returning_Visitor,0,0
8,1040.25,0,0.0,207,5160.451362,0.002296651,0.013407291,0.0,0.0,Nov,2,2,1,2,Returning_Visitor,0,0
3,60.25,0,0.0,8,131.5833333,0.02,0.013333333,0.0,0.0,Nov,3,2,1,2,New_Visitor,0,0
0,0.0,0,0.0,1,0.0,0.2,0.2,0.0,0.0,Mar,2,2,7,1,Returning_Visitor,0,0
0,0.0,0,0.0,21,1128.583333,0.0,0.013043478,3.685400817,0.0,Dec,2,2,1,2,Returning_Visitor,0,0
3,59.2,0,0.0,9,1261.7,0.016666667,0.05,0.0,0.0,Aug,2,5,1,5,Returning_Visitor,0,0
2,16.0,0,0.0,33,1123.242857,0.006060606,0.021969697,11.12342124,0.0,Mar,2,2,3,13,Returning_Visitor,0,0
9,255.4166667,2,94.16666667,22,612.8194444,0.015018315,0.025760906,22.31126324,0.0,Nov,3,2,4,2,Returning_Visitor,1,1
0,0.0,0,0.0,33,1703.321429,0.0,0.042424242,0.0,0.6,May,2,5,3,1,Returning_Visitor,0,0
0,0.0,0,0.0,1,0.0,0.2,0.2,0.0,0.0,Mar,3,2,3,1,Returning_Visitor,0,0
11,202.4254386,5,1767.666667,338,13265.35595,0.007520348,0.018855633,1.114150182,0.0,Nov,2,2,3,2,Returning_Visitor,0,1
3,25.4,0,0.0,73,2958.5,0.005405405,0.021846847,5.677286486,0.4,May,2,5,2,3,Returning_Visitor,0,0
0,0.0,0,0.0,3,0.0,0.2,0.2,0.0,0.6,May,2,2,6,3,Returning_Visitor,0,0
5,66.96666667,2,416.0,291,12065.18135,0.00122631,0.008659512,9.013011371,0.0,May,2,2,1,4,Returning_Visitor,0,0
0,0.0,0,0.0,2,15.0,0.0,0.1,0.0,0.0,May,2,6,7,3,Returning_Visitor,0,0
7,141.8388889,0,0.0,33,486.5600582,0.006666667,0.028784722,11.84059922,0.0,June,2,2,3,1,Returning_Visitor,0,0
1,0.0,0,0.0,34,2161.979365,0.00625,0.020233586,0.0,0.0,Mar,3,2,1,1,Returning_Visitor,0,0
0,0.0,0,0.0,16,729.0,0.0125,0.040625,0.0,0.0,May,2,4,1,3,Returning_Visitor,0,0
10,170.9263566,0,0.0,282,4339.924841,0.002040816,0.011461095,2.395283135,0.0,Sep,2,2,4,1,Returning_Visitor,0,0
5,46.14285714,0,0.0,51,1346.630231,0.007126437,0.029719534,0.0,0.0,Nov,2,2,3,2,Returning_Visitor,1,0
2,13.875,0,0.0,26,1939.155952,0.006451613,0.026352357,24.69983785,0.0,Nov,3,2,1,2,Returning_Visitor,1,0
0,0.0,1,1.0,93,4324.737073,0.021112782,0.034077383,0.0,1.0,May,3,2,1,5,Returning_Visitor,1,0
0,0.0,0,0.0,7,98.5,0.071428571,0.1,0.0,0.0,Mar,1,1,6,1,Returning_Visitor,0,0
0,0.0,0,0.0,5,131.8333333,0.0,0.013333333,36.13790493,0.0,June,1,1,1,5,New_Visitor,0,1
4,571.25,1,0.0,11,470.9166667,0.015384615,0.061538462,0.0,0.0,Nov,1,1,1,2,Returning_Visitor,1,0
0,0.0,2,75.0,14,442.3333333,0.0,0.034375,0.0,0.8,Feb,1,1,3,3,Returning_Visitor,0,0
0,0.0,0,0.0,18,628.8333333,0.0,0.005555556,0.0,0.0,Mar,1,1,2,2,Returning_Visitor,1,0
5,68.66666667,0,0.0,11,126.5,0.01547619,0.032291667,0.0,0.0,May,2,2,4,2,Returning_Visitor,0,0
0,0.0,0,0.0,6,66.25,0.0,0.066666667,0.0,0.0,Nov,2,2,9,1,Returning_Visitor,0,0
0,0.0,0,0.0,9,482.0,0.0,0.022222222,0.0,0.0,Feb,2,5,1,6,Returning_Visitor,0,0
1,21.2,0,0.0,21,836.1,0.0,0.004545455,0.0,0.0,Oct,2,4,9,4,New_Visitor,0,0
5,30.0,1,4.0,107,4376.902655,0.007272727,0.021707552,0.0,0.0,Oct,2,2,2,4,Returning_Visitor,0,0
0,0.0,0,0.0,60,3386.0,0.025333333,0.063888889,0.0,0.8,May,2,2,1,6,Returning_Visitor,0,0
1,27.9,0,0.0,64,3875.427778,0.0,0.019583333,5.698585477,0.0,Nov,2,2,1,2,Returning_Visitor,0,0
8,96.75,1,73.75,64,2527.083333,0.0,0.005239899,0.0,0.0,Nov,2,2,4,2,Returning_Visitor,0,0
5,59.0,0,0.0,3,44.66666667,0.0,0.025,0.0,0.0,Mar,2,4,6,2,Returning_Visitor,1,0
4,37.0,0,0.0,9,224.25,0.0,0.015384615,0.0,0.0,Nov,2,2,3,2,New_Visitor,0,0
0,0.0,0,0.0,1,0.0,0.2,0.2,0.0,0.0,June,1,8,1,1,Returning_Visitor,0,0
5,157.5,0,0.0,15,138.75,0.0125,0.025,0.0,0.0,Nov,1,1,1,2,New_Visitor,0,0
7,214.3333333,5,53.0,29,528.1964286,0.0,0.013153595,0.0,0.2,May,1,1,1,2,Returning_Visitor,0,0
5,135.25,0,0.0,26,794.9928571,0.007407407,0.026419753,33.44471217,0.0,Dec,1,1,1,2,Returning_Visitor,0,0
4,304.6,0,0.0,7,137.6,0.0,0.0375,0.0,0.0,Aug,3,2,1,5,New_Visitor,0,0
14,352.1071429,2,759.0,64,3660.342875,0.014155251,0.023835616,9.641067457,0.0,Nov,3,2,3,2,Returning_Visitor,1,1
0,0.0,4,620.25,23,997.2878788,0.012,0.031897436,0.0,0.0,Dec,1,1,3,2,Returning_Visitor,1,0
0,0.0,0,0.0,10,279.3333333,0.02,0.025,0.0,0.0,Nov,3,2,9,2,New_Visitor,0,0
1,20.2,0,0.0,6,1561.2,0.028571429,0.057142857,0.0,0.0,Nov,4,2,3,1,Returning_Visitor,1,0
1,21.0,0,0.0,31,945.6666667,0.006896552,0.010344828,0.0,0.0,May,2,2,1,4,New_Visitor,0,0
0,0.0,0,0.0,7,76.5,0.007142857,0.066190476,0.0,0.0,May,3,2,1,1,Returning_Visitor,0,0
0,0.0,0,0.0,25,280.9333333,0.0,0.022666667,0.0,0.4,May,2,2,1,13,Returning_Visitor,0,0
2,262.6666667,3,112.0,127,4214.779822,0.008396947,0.018035252,0.0,0.0,Nov,3,2,1,3,Returning_Visitor,0,0
0,0.0,0,0.0,1,0.0,0.2,0.2,0.0,0.0,Dec,2,2,3,1,Other,1,0
4,37.5,2,82.0,4,96.625,0.0,0.0175,0.0,0.0,Nov,2,2,9,2,New_Visitor,0,0
1,55.0,2,18.0,9,548.0,0.0,0.04,17.2704,0.0,May,2,4,3,4,Returning_Visitor,0,1
0,0.0,0,0.0,3,57.4,0.0,0.133333333,0.0,0.0,Aug,3,2,1,3,Returning_Visitor,0,0
7,340.6111111,2,129.0,57,4516.588312,0.005,0.015180847,8.052616667,0.0,May,2,2,1,2,Returning_Visitor,0,0
3,70.4,0,0.0,9,144.0666667,0.0,0.0,0.0,0.0,Oct,1,1,1,3,New_Visitor,0,0
0,0.0,0,0.0,2,9.0,0.0,0.1,0.0,0.0,May,2,2,2,3,Returning_Visitor,0,0
2,96.0,0,0.0,37,1238.5,0.005128205,0.016410256,0.0,0.0,Mar,2,2,1,2,New_Visitor,0,0
1,44.0,0,0.0,25,773.4666667,0.0,0.029142857,10.3572,0.0,Mar,2,2,1,2,Returning_Visitor,1,1
3,159.1666667,2,8.0,69,2766.942172,0.002816901,0.028665325,5.931332852,0.0,Dec,2,2,1,2,Returning_Visitor,0,0
4,50.5,3,54.0,41,1490.552778,0.0,0.006589147,0.0,0.0,Mar,2,2,1,2,Returning_Visitor,0,0
0,0.0,0,0.0,8,856.4166667,0.0,0.028571429,44.56114286,0.6,May,2,4,9,5,Returning_Visitor,0,1
0,0.0,0,0.0,6,224.0,0.0,0.016666667,0.0,0.0,May,4,1,3,2,Returning_Visitor,0,0
0,0.0,0,0.0,12,468.0,0.016666667,0.033333333,0.0,0.0,Mar,4,1,4,3,Returning_Visitor,0,0
0,0.0,0,0.0,12,323.0,0.033333333,0.066666667,0.0,0.0,Mar,2,2,1,3,Returning_Visitor,1,0
0,0.0,0,0.0,43,703.8333333,0.0,0.006976744,0.0,0.0,May,2,4,1,2,Returning_Visitor,0,0
0,0.0,0,0.0,33,889.72,0.012121212,0.044444444,0.0,0.0,Nov,2,2,3,1,Returning_Visitor,0,0
0,0.0,0,0.0,17,1338.8,0.058823529,0.094117647,0.0,0.0,Aug,2,2,3,13,Returning_Visitor,0,0
1,6.0,0,0.0,10,506.4,0.0,0.02,0.0,0.0,Sep,1,1,3,5,New_Visitor,1,0
0,0.0,0,0.0,2,0.0,0.2,0.2,0.0,0.0,Mar,2,5,1,1,Returning_Visitor,0,0
0,0.0,0,0.0,1,0.0,0.2,0.2,0.0,0.0,Nov,3,2,2,1,Returning_Visitor,0,0
1,18.83333333,0,0.0,2,23.83333333,0.0,0.05,0.0,0.0,Dec,3,2,1,10,Returning_Visitor,0,0
2,171.2,0,0.0,16,218.0,0.011111111,0.033333333,0.0,0.0,Oct,1,2,6,4,Returning_Visitor,0,0
0,0.0,0,0.0,1,0.0,0.2,0.2,0.0,0.0,Nov,1,1,5,3,Returning_Visitor,0,0
0,0.0,0,0.0,23,1516.966667,0.0,0.024242424,0.0,0.2,May,1,1,8,1,Returning_Visitor,0,0
0,0.0,0,0.0,40,4175.75,0.048333333,0.106,0.0,1.0,May,2,2,1,3,Returning_Visitor,1,0
0,0.0,0,0.0,8,497.25,0.016666667,0.025,0.0,0.0,Dec,1,8,3,1,Returning_Visitor,1,0
0,0.0,3,91.0,87,3006.883631,0.00462963,0.018585538,0.0,0.0,Dec,3,2,3,1,Returning_Visitor,0,0
0,0.0,0,0.0,10,392.5,0.0,0.02,42.83887416,0.0,Nov,1,1,2,2,New_Visitor,0,1
7,1463.333333,0,0.0,30,1410.238889,0.005263158,0.010557237,0.0,0.0,Nov,1,1,4,2,New_Visitor,0,0
6,229.0,2,40.02,71,2576.432121,0.01027027,0.045526366,0.0,0.0,Oct,1,1,2,1,Returning_Visitor,1,0
3,52.9,0,0.0,8,278.58,0.0,0.01,26.18180656,0.0,Jul,1,1,1,2,New_Visitor,0,0
3,102.8,0,0.0,25,1109.233333,0.0,0.001666667,61.30486592,0.0,Aug,2,2,6,5,New_Visitor,0,1
3,21.0,0,0.0,19,750.2083333,0.0,0.019047619,60.51988521,0.0,Nov,2,2,2,3,Returning_Visitor,0,1
0,0.0,0,0.0,7,93.7,0.028571429,0.071428571,0.0,1.0,May,3,2,2,4,Returning_Visitor,1,0
0,0.0,0,0.0,3,80.0,0.066666667,0.133333333,0.0,0.2,Feb,3,2,1,3,Returning_Visitor,0,0
2,26.66666667,0,0.0,79,2619.109709,0.016315049,0.020747988,0.0,0.0,Nov,1,1,3,10,Returning_Visitor,1,0
0,0.0,0,0.0,2,41.5,0.0,0.1,0.0,0.0,Dec,2,2,5,1,Returning_Visitor,0,0
2,11.0,0,0.0,12,347.0,0.0,0.023076923,9.960923077,0.0,May,1,1,3,3,Returning_Visitor,1,1
7,184.9333333,4,277.5,70,3993.135714,0.006,0.014539683,32.09724943,0.0,Nov,3,2,1,2,Returning_Visitor,1,1
6,158.6704505,1,430.2,146,5602.006712,0.002671513,0.00935218,6.711290592,0.0,Nov,2,10,7,2,Returning_Visitor,0,1
11,344.1,2,477.6,57,1475.608427,0.01641791,0.030868963,10.45977002,0.0,Oct,1,1,3,1,Returning_Visitor,0,0
0,0.0,0,0.0,5,241.0,0.0,0.08,0.0,1.0,May,2,2,5,1,Returning_Visitor,1,0
4,72.0,0,0.0,32,2258.175,0.0,0.025714286,38.19067209,0.0,Nov,2,2,9,2,Returning_Visitor,0,0
0,0.0,0,0.0,3,109.0,0.0,0.033333333,0.0,0.0,May,3,2,4,4,Returning_Visitor,1,0
3,117.0,0,0.0,5,68.0,0.0,0.033333333,0.0,1.0,May,2,2,6,5,New_Visitor,1,0
0,0.0,0,0.0,1,0.0,0.2,0.2,0.0,0.0,Sep,2,4,4,4,Returning_Visitor,0,0
1,11.5,1,94.0,98,6212.779517,0.024162985,0.033991575,0.0,0.0,Nov,3,2,4,10,Returning_Visitor,1,0
0,0.0,0,0.0,7,723.0,0.0,0.028571429,32.90611766,0.0,Dec,2,2,4,1,Returning_Visitor,1,1
0,0.0,0,0.0,12,250.25,0.05,0.083333333,0.0,0.0,Dec,1,1,1,3,Returning_Visitor,1,0
0,0.0,0,0.0,19,866.3333333,0.0,0.025,14.58941181,0.0,Dec,2,4,3,2,Returning_Visitor,1,0
0,0.0,0,0.0,73,1209.761905,0.002816901,0.007668232,0.0,0.0,May,2,4,3,1,Returning_Visitor,1,0
0,0.0,2,18.0,1,46.0,0.0,0.066666667,0.0,0.0,Mar,2,2,7,10,Returning_Visitor,0,0
7,241.8611111,3,228.0,154,4755.224054,0.009808489,0.029142563,1.104440234,0.0,Nov,1,2,2,1,Returning_Visitor,0,0
6,81.83333333,0,0.0,7,166.5,0.0,0.015384615,0.0,0.0,Nov,2,2,3,3,New_Visitor,0,0
0,0.0,0,0.0,2,14.0,0.0,0.1,0.0,0.0,May,2,2,1,1,Returning_Visitor,0,0
0,0.0,0,0.0,11,151.5,0.016666667,0.066666667,0.0,0.0,May,2,2,2,6,Returning_Visitor,1,0
2,28.0,0,0.0,42,1329.666667,0.0,0.002325581,80.04344186,0.0,May,2,2,1,4,Returning_Visitor,1,1
3,52.0,0,0.0,56,2145.563492,0.011403509,0.025292398,13.11733918,0.0,May,2,2,1,14,Returning_Visitor,0,1
5,129.625,1,15.0,25,389.4107143,0.007692308,0.014102564,0.0,0.0,Dec,3,2,1,2,Returning_Visitor,1,0
0,0.0,0,0.0,1,0.0,0.2,0.2,0.0,0.0,Dec,3,2,7,1,Returning_Visitor,0,0
0,0.0,0,0.0,4,9.0,0.1,0.15,0.0,0.0,Mar,3,2,3,1,Returning_Visitor,0,0
1,94.0,0,0.0,10,332.75,0.0,0.02,0.0,0.0,May,2,2,3,6,Returning_Visitor,0,0
3,145.2,0,0.0,11,1646.366667,0.0,0.027777778,0.0,0.0,June,2,2,2,1,Returning_Visitor,0,0
0,0.0,0,0.0,4,117.0,0.15,0.175,0.0,0.6,May,3,2,3,3,Returning_Visitor,0,0
0,0.0,0,0.0,1,0.0,0.2,0.2,0.0,0.0,Nov,1,1,2,2,Returning_Visitor,0,0
0,0.0,0,0.0,40,974.0833333,0.006837607,0.028205128,0.0,0.0,Nov,2,2,1,3,Returning_Visitor,0,0
7,989.9,0,0.0,27,1474.233333,0.013333333,0.025634921,0.0,0.0,May,3,2,1,3,Returning_Visitor,0,0
13,295.9285714,5,17.9,154,6759.311928,0.005767417,0.02883646,0.0,0.0,Nov,2,2,3,10,Returning_Visitor,0,0
5,98.91666667,0,0.0,10,177.5833333,0.0,0.018181818,0.0,0.0,Nov,4,2,7,2,Returning_Visitor,0,0
5,150.4444444,0,0.0,23,659.6361111,0.039463602,0.056586058,0.0,0.0,Nov,3,2,1,1,Returning_Visitor,0,1
9,192.9204545,2,114.5,60,1394.236526,0.0,0.003030303,63.64653548,0.0,Dec,2,2,7,2,Returning_Visitor,0,1
1,54.5,0,0.0,35,1267.0625,0.005555556,0.021296296,9.458902094,0.0,Dec,2,2,3,10,Returning_Visitor,1,0
0,0.0,0,0.0,5,47.5,0.08,0.12,0.0,0.0,Dec,2,2,1,3,Returning_Visitor,0,0
2,144.0,0,0.0,25,1711.333333,0.0,0.008,0.0,0.0,May,2,2,1,1,Returning_Visitor,0,0
0,0.0,0,0.0,19,696.875,0.010526316,0.035087719,0.0,0.0,Dec,1,2,4,2,Returning_Visitor,0,0
1,4.0,0,0.0,28,877.6666667,0.0,0.003571429,0.0,0.0,Nov,2,2,9,2,New_Visitor,1,0
0,0.0,1,77.0,58,3757.75,0.015819209,0.038418079,0.0,0.0,Nov,2,5,1,1,Returning_Visitor,0,1
0,0.0,2,88.6,35,682.1833333,0.0,0.001388889,0.0,0.0,Jul,1,1,3,1,Returning_Visitor,0,0
10,295.6940559,0,0.0,29,785.474359,0.0,0.001481481,34.99166667,0.0,May,2,2,5,4,Returning_Visitor,1,1
0,0.0,0,0.0,14,1037.5,0.014285714,0.047619048,0.0,0.0,Mar,2,2,4,2,Returning_Visitor,0,0
1,576.0,0,0.0,13,587.75,0.030769231,0.061538462,0.0,0.0,Nov,1,1,4,1,Returning_Visitor,0,0
0,0.0,0,0.0,6,63.5,0.0,0.016666667,0.0,0.4,May,3,2,7,4,Returning_Visitor,0,0
0,0.0,0,0.0,8,106.0833333,0.025,0.05625,0.0,0.0,Dec,1,1,2,1,Returning_Visitor,0,0
3,94.0,0,0.0,19,707.2666667,0.0,0.035714286,0.0,0.0,May,2,2,4,2,Returning_Visitor,0,0
0,0.0,0,0.0,7,444.0,0.0,0.028571429,59.75418351,0.0,Dec,1,1,2,8,New_Visitor,1,1
0,0.0,0,0.0,3,67.5,0.0,0.066666667,0.0,0.0,Mar,1,1,3,3,Returning_Visitor,1,0
1,4.0,0,0.0,8,492.25,0.0,0.044444444,0.0,0.0,Dec,2,2,1,2,New_Visitor,0,0
6,77.0,0,0.0,42,3436.066667,0.000757576,0.019480519,0.0,0.0,May,2,2,3,4,Returning_Visitor,0,0
0,0.0,0,0.0,9,232.8333333,0.033333333,0.046666667,0.0,0.0,May,1,1,3,1,Returning_Visitor,0,0
5,136.1,0,0.0,45,1424.804887,0.0,0.008333333,10.19295165,0.0,Nov,2,2,6,2,Returning_Visitor,1,1
0,0.0,1,30.5,24,1689.134524,0.0,0.008,0.0,0.0,Nov,2,2,9,2,Returning_Visitor,0,0
0,0.0,0,0.0,8,413.0,0.0,0.0125,0.0,0.0,Sep,1,1,4,3,New_Visitor,0,0
1,20.2,0,0.0,13,227.6,0.0,0.0,42.29306752,0.0,Jul,2,2,3,3,New_Visitor,0,0
7,290.6666667,0,0.0,35,1384.533333,0.001754386,0.016885965,12.68583158,0.0,May,2,2,2,2,Returning_Visitor,1,0
5,193.0,1,13.0,66,2049.458471,0.004489796,0.012765306,29.45815149,0.0,Mar,3,2,3,1,Returning_Visitor,1,0
0,0.0,0,0.0,8,194.4,0.0,0.025,0.0,0.0,Aug,2,10,6,4,Returning_Visitor,0,0
2,35.0,0,0.0,2,6.0,0.0,0.05,0.0,0.0,Mar,2,2,9,2,New_Visitor,0,0
0,0.0,0,0.0,9,1397.666667,0.022222222,0.027777778,0.0,0.0,Nov,3,2,4,2,Returning_Visitor,0,0
1,24.0,0,0.0,15,496.75,0.0,0.00625,115.48625,0.0,May,2,2,3,2,Returning_Visitor,0,1
0,0.0,0,0.0,30,1500.213333,0.0,0.003333333,0.0,0.0,Oct,2,6,1,1,Returning_Visitor,0,0
1,20.0,0,0.0,21,2179.666667,0.0,0.002105263,0.0,0.0,May,2,2,1,2,Returning_Visitor,1,0
0,0.0,0,0.0,33,1324.616667,0.009677419,0.043870968,0.0,0.2,May,2,2,1,4,Returning_Visitor,0,0
2,15.41666667,6,160.8333333,8,143.3333333,0.013333333,0.045238095,0.0,0.0,Nov,1,1,4,2,Returning_Visitor,0,0
2,10.0,1,57.0,99,6266.208586,0.0,0.010869841,8.926598571,0.0,May,2,2,1,1,Returning_Visitor,1,0
0,0.0,0,0.0,2,31.2,0.0,0.1,0.0,0.0,Aug,3,2,1,3,Returning_Visitor,0,0
0,0.0,0,0.0,15,907.5,0.006666667,0.031111111,0.0,0.6,May,2,2,7,2,Returning_Visitor,0,0
0,0.0,0,0.0,17,582.4,0.066666667,0.071111111,0.0,0.2,May,3,2,4,13,Returning_Visitor,0,0
0,0.0,0,0.0,2,52.0,0.0,0.1,0.0,0.0,Feb,1,1,1,3,Returning_Visitor,0,0
0,0.0,0,0.0,9,465.5,0.006666667,0.056666667,43.79717364,0.0,Mar,2,2,1,1,Returning_Visitor,0,0
0,0.0,0,0.0,10,978.0,0.0,0.025,0.0,0.0,May,2,2,3,2,Returning_Visitor,0,0
0,0.0,0,0.0,48,3177.366667,0.008510638,0.044680851,0.0,0.0,Jul,2,2,5,1,Returning_Visitor,0,0
0,0.0,0,0.0,9,250.5,0.0,0.044444444,0.0,0.0,Mar,3,2,7,1,Returning_Visitor,1,0
1,11.0,0,0.0,59,4165.13869,0.008333333,0.017458333,0.0,0.0,Nov,3,2,3,10,Returning_Visitor,0,0
5,316.5,4,185.5,144,5757.853961,0.002968037,0.014030074,0.0,0.0,Nov,1,1,1,2,Returning_Visitor,0,0
0,0.0,0,0.0,14,825.3333333,0.0,0.0,50.4111604,0.0,Aug,2,2,8,4,Returning_Visitor,0,1
1,15.2,2,62.6,84,4941.698611,0.017647059,0.038705882,0.0,0.0,Sep,1,8,6,1,Returning_Visitor,0,0
7,143.28,0,0.0,27,787.2433333,0.005882353,0.044117647,0.0,0.0,Sep,1,2,3,1,Returning_Visitor,1,0
1,70.0,0,0.0,12,1644.233333,0.0,0.015384615,0.0,0.0,Aug,1,1,4,4,New_Visitor,0,0
0,0.0,0,0.0,8,428.5,0.025,0.0375,0.0,0.0,Dec,2,2,1,2,Returning_Visitor,1,0
0,0.0,0,0.0,91,4766.021032,0.0,0.009213483,0.0,0.0,Dec,2,2,1,2,New_Visitor,0,0
0,0.0,0,0.0,16,1027.657143,0.0125,0.01875,0.0,0.0,Mar,1,1,1,3,Returning_Visitor,0,0
3,223.0,1,24.0,27,1460.566667,0.0,0.006666667,0.0,0.0,Mar,2,2,8,2,New_Visitor,1,0
4,52.66666667,0,0.0,41,2303.183333,0.005714286,0.015873016,0.0,0.0,Dec,2,2,1,2,Returning_Visitor,1,0
0,0.0,0,0.0,7,50.5,0.057142857,0.1,0.0,0.0,May,3,2,1,3,Returning_Visitor,1,0
0,0.0,0,0.0,3,66.4,0.066666667,0.1,0.0,0.0,June,3,2,6,11,Returning_Visitor,1,0
14,367.25,3,400.375,195,7980.363439,7.5e-05,0.005865824,3.86863332,0.0,Nov,2,2,2,1,Returning_Visitor,1,1
0,0.0,0,0.0,2,34.5,0.0,0.1,0.0,0.0,Nov,2,2,3,3,Returning_Visitor,1,0
0,0.0,0,0.0,28,2102.75,0.058928571,0.078333333,0.0,0.0,Jul,3,2,3,13,Returning_Visitor,0,0
0,0.0,0,0.0,20,480.8571429,0.001754386,0.005789474,0.0,1.0,May,1,8,1,19,Returning_Visitor,1,0
0,0.0,0,0.0,14,1071.083333,0.014285714,0.029047619,0.0,0.0,Dec,2,2,7,2,Returning_Visitor,0,0
0,0.0,0,0.0,21,173.0,0.00952381,0.023809524,0.0,0.0,Dec,1,2,3,3,Returning_Visitor,0,0
1,42.5,1,12.83333333,104,4054.755952,0.003883495,0.010097087,141.4590538,0.0,Nov,2,2,1,2,Returning_Visitor,0,1
9,352.2333333,0,0.0,49,2268.900677,0.0,0.017407407,0.0,0.0,Aug,1,2,9,2,Returning_Visitor,0,0
4,61.0,0,0.0,117,1569.866667,0.003418803,0.011870845,49.95438177,0.0,May,2,2,1,3,Returning_Visitor,0,0
1,12.83333333,3,77.0,31,2372.333333,0.0,0.012941176,10.32166068,0.0,Mar,2,2,1,2,Returning_Visitor,0,0
0,0.0,0,0.0,49,938.0416667,0.00375,0.010664683,0.0,0.0,Dec,1,1,7,2,Returning_Visitor,0,0
0,0.0,0,0.0,23,997.3142857,0.0,0.039130435,0.0,0.0,June,1,1,3,15,Returning_Visitor,1,0
0,0.0,0,0.0,33,655.875,0.0,0.015151515,0.0,0.0,Nov,2,2,2,13,Returning_Visitor,0,0
1,18.5,0,0.0,12,208.0,0.045454545,0.081818182,0.0,0.0,Mar,2,2,4,1,Returning_Visitor,0,0
1,5.0,1,292.0,35,1916.9,0.0,0.015555556,11.19189333,0.2,May,2,10,6,3,Returning_Visitor,0,1
0,0.0,0,0.0,64,3038.38,0.017534722,0.038333333,0.0,0.0,Sep,2,2,1,1,Returning_Visitor,0,0
0,0.0,0,0.0,4,149.0,0.0,0.05,0.0,0.0,Mar,2,2,1,2,Returning_Visitor,0,0
3,92.3,3,68.2,4,81.7,0.0,0.03125,0.0,0.0,Jul,1,2,1,4,Returning_Visitor,0,0
1,12.0,1,11.0,74,6194.852381,0.015540541,0.032152607,0.0,0.0,Nov,2,2,9,13,Returning_Visitor,0,0
1,48.0,0,0.0,26,1066.666667,0.025,0.04202381,0.0,0.0,May,3,2,8,11,Returning_Visitor,0,0
1,38.8,0,0.0,11,214.0533333,0.016666667,0.03015873,0.0,0.0,Oct,3,2,1,2,Returning_Visitor,0,0
0,0.0,0,0.0,5,35.66666667,0.08,0.07,0.0,0.0,May,1,1,1,2,Returning_Visitor,0,0
0,0.0,0,0.0,20,1117.333333,0.0,0.000956938,0.0,0.0,Mar,2,4,7,2,Returning_Visitor,0,0
0,0.0,0,0.0,84,2524.194444,0.0,0.013730159,0.0,0.0,Nov,2,2,1,3,Returning_Visitor,0,1
1,337.0,1,39.0,16,630.5,0.0,0.00625,28.794,0.0,May,3,2,1,11,Returning_Visitor,1,1
10,706.5566667,0,0.0,53,1572.816667,0.007017544,0.024948268,0.0,0.0,Nov,3,2,1,1,Returning_Visitor,0,0
0,0.0,0,0.0,2,34.0,0.0,0.05,0.0,0.4,Feb,3,2,2,3,Returning_Visitor,0,0
3,51.5,0,0.0,21,1623.5,0.0,0.005,49.3886,0.6,May,2,4,2,3,New_Visitor,0,1
3,49.4,0,0.0,176,6847.736667,0.003370787,0.011516854,20.44064077,0.0,Aug,2,4,9,4,Returning_Visitor,0,0
1,4.0,0,0.0,18,631.6666667,0.0,0.027777778,56.32466667,0.0,May,2,2,1,3,Returning_Visitor,0,1
6,125.25,2,89.0,146,3697.731633,0.008108108,0.015188129,73.35866939,0.0,Nov,2,2,1,2,Returning_Visitor,1,1
4,60.08333333,0,0.0,24,1204.416667,0.007692308,0.026923077,46.62801597,0.0,Dec,2,2,6,6,Returning_Visitor,0,0
3,31.6,0,0.0,17,372.8,0.013333333,0.026428571,2.3976,0.0,Mar,3,2,7,1,Returning_Visitor,0,0
0,0.0,0,0.0,60,1147.615584,0.004285714,0.024416667,0.0,0.8,May,2,4,5,2,Returning_Visitor,0,0
18,1012.5,6,114.3333333,106,3163.096825,0.011664747,0.021393867,1.307682317,0.0,Nov,3,2,6,13,Returning_Visitor,0,0
3,13.0,0,0.0,26,2058.5,0.0,0.039506173,8.887111111,1.0,May,2,2,1,3,Returning_Visitor,1,1
0,0.0,0,0.0,18,706.05,0.006666667,0.044938272,0.0,0.0,Nov,1,8,1,11,Returning_Visitor,1,0
0,0.0,0,0.0,63,1021.0,0.0265625,0.059895833,0.0,0.8,May,2,2,1,3,Returning_Visitor,0,0
7,213.3916667,0,0.0,32,1350.391667,0.0,0.017877551,0.0,0.0,Mar,2,2,1,8,Returning_Visitor,1,0
0,0.0,0,0.0,5,819.5,0.0,0.036,0.0,0.0,Mar,2,2,1,2,Returning_Visitor,1,0
0,0.0,0,0.0,5,291.2,0.18,0.186666667,0.0,0.0,Oct,3,2,8,20,Returning_Visitor,0,0
2,10.0,5,53.0,37,1578.0,0.0,0.0125,0.0,0.8,May,2,2,7,4,Returning_Visitor,0,0
2,26.0,0,0.0,46,1852.75,0.0,0.005797101,0.0,0.0,Mar,2,2,2,3,Returning_Visitor,0,0
4,41.33333333,0,0.0,136,4569.904365,0.0,0.00891253,0.0,0.8,May,2,2,4,4,Returning_Visitor,0,0
0,0.0,0,0.0,34,933.85,0.021875,0.031505682,0.0,0.0,Nov,1,1,1,2,Returning_Visitor,1,0
3,54.0,4,32.0,4,46.0,0.0,0.022222222,0.0,0.0,Sep,1,1,1,5,New_Visitor,0,0
0,0.0,0,0.0,9,104.8333333,0.022222222,0.072222222,0.0,0.0,Mar,2,2,4,2,Returning_Visitor,0,0
5,115.1111111,2,146.0,89,3639.737302,0.000217391,0.021383053,5.159462207,0.8,May,2,2,7,3,Returning_Visitor,0,0
0,0.0,0,0.0,11,315.0,0.0,0.036363636,0.0,0.0,Dec,3,2,6,2,New_Visitor,1,0
3,160.5,0,0.0,10,370.5,0.0,0.016666667,0.0,0.0,Mar,1,1,7,10,Returning_Visitor,0,0
0,0.0,0,0.0,113,1341.632619,0.004804805,0.011846847,0.0,0.0,Jul,2,2,1,13,Returning_Visitor,0,0
2,194.9,0,0.0,14,227.3333333,0.0,0.009183673,0.0,0.0,Nov,1,1,4,3,Returning_Visitor,0,1
0,0.0,0,0.0,12,260.0,0.05,0.083333333,0.0,0.6,May,1,1,7,1,Returning_Visitor,0,0
1,6.0,0,0.0,15,579.0,0.0,0.0125,63.93506419,0.0,Dec,1,1,4,2,New_Visitor,0,1
1,56.0,0,0.0,17,831.3888889,0.033333333,0.059259259,0.0,0.0,May,3,2,4,3,Returning_Visitor,0,0
6,87.7,2,60.5,24,448.1945887,0.0,0.005747126,0.0,0.0,Nov,2,5,1,8,New_Visitor,0,0
3,118.0,0,0.0,32,791.8,0.021621622,0.046846847,1.297677921,0.0,Sep,2,2,1,3,Returning_Visitor,0,0
4,66.76,0,0.0,10,267.9,0.0,0.002777778,0.0,0.0,Aug,2,2,7,2,New_Visitor,0,0
0,0.0,4,82.5,22,1087.986111,0.007692308,0.020244755,0.0,0.0,Nov,3,2,3,2,Returning_Visitor,0,0
1,57.0,3,59.5,15,553.1666667,0.0,0.011111111,0.0,0.0,May,2,2,1,1,Returning_Visitor,1,0
0,0.0,0,0.0,2,11.0,0.0,0.1,0.0,0.0,Aug,3,2,1,4,Returning_Visitor,0,0
2,113.75,4,125.0,20,933.55,0.008333333,0.035416667,60.97758829,0.0,Dec,3,2,3,2,Returning_Visitor,0,0
0,0.0,0,0.0,7,389.1666667,0.0,0.021428571,0.0,0.0,Nov,3,2,3,2,Returning_Visitor,1,1
0,0.0,0,0.0,2,42.0,0.0,0.05,0.0,0.0,Mar,2,2,6,3,Returning_Visitor,0,0
3,42.0,0,0.0,41,492.6833333,0.0,0.003571429,0.0,0.0,May,3,2,1,2,Returning_Visitor,1,0
6,176.25,12,404.0,41,2720.671429,0.012962963,0.033262108,8.833825926,0.0,Mar,2,2,2,2,Returning_Visitor,1,1
0,0.0,0,0.0,2,20.0,0.0,0.1,0.0,0.0,Dec,2,2,1,1,Returning_Visitor,0,0
0,0.0,0,0.0,29,1155.5,0.05862069,0.095402299,0.0,0.8,May,2,2,1,13,Returning_Visitor,0,0
0,0.0,0,0.0,7,383.5,0.0,0.023809524,0.0,0.0,Mar,3,2,6,3,Returning_Visitor,0,0
0,0.0,0,0.0,45,1970.0,0.019259259,0.037925926,0.0,0.0,June,4,1,3,3,Returning_Visitor,0,0
5,147.4,0,0.0,12,1226.1,0.022222222,0.037301587,5.034409251,0.0,Sep,3,2,2,1,Returning_Visitor,0,1
2,52.0,0,0.0,24,427.0833333,0.026388889,0.059722222,0.0,0.0,Mar,2,2,1,1,Returning_Visitor,0,0
0,0.0,0,0.0,3,208.5,0.111111111,0.1,0.0,0.2,May,3,2,2,13,Returning_Visitor,0,0
0,0.0,0,0.0,5,168.0,0.04,0.08,0.0,0.0,Nov,3,2,1,2,Returning_Visitor,0,0
2,15.0,0,0.0,1,8.0,0.0,0.066666667,0.0,0.0,Nov,2,4,1,2,Returning_Visitor,0,0
0,0.0,0,0.0,36,851.3333333,0.010810811,0.032432432,0.0,0.2,May,4,1,1,4,Returning_Visitor,0,0
0,0.0,0,0.0,50,1241.75,0.0,0.008163265,47.83758971,0.0,Nov,2,10,1,2,New_Visitor,0,1
0,0.0,0,0.0,1,0.0,0.2,0.2,0.0,0.6,May,2,2,1,1,Returning_Visitor,0,0
1,9.0,0,0.0,22,1889.25,0.0,0.024603175,0.0,0.0,Aug,2,2,7,6,Returning_Visitor,0,0
10,207.8666667,0,0.0,8,217.8666667,0.0,0.004166667,0.0,0.6,May,2,5,1,5,New_Visitor,0,0
4,85.0,0,0.0,22,452.5833333,0.0,0.008333333,107.94,0.0,May,2,2,6,4,New_Visitor,0,1
0,0.0,0,0.0,2,16.2,0.0,0.1,0.0,0.0,Oct,1,1,1,2,New_Visitor,0,0
2,21.0,0,0.0,34,2600.258333,0.011111111,0.037464387,9.938399233,0.0,Mar,1,1,1,3,Returning_Visitor,0,0
0,0.0,0,0.0,3,181.5,0.0,0.033333333,0.0,0.0,Dec,4,1,1,6,Returning_Visitor,1,0
0,0.0,0,0.0,1,0.0,0.2,0.2,0.0,0.0,Dec,1,2,3,1,Returning_Visitor,0,0
7,778.4,0,0.0,17,827.5333333,0.0,0.018181818,0.0,0.0,Sep,1,2,6,2,Returning_Visitor,0,0
1,6.0,0,0.0,14,548.1857143,0.028571429,0.02987013,0.0,0.0,Mar,3,2,3,1,Returning_Visitor,1,0
0,0.0,0,0.0,7,137.5,0.0,0.033333333,0.0,0.6,May,2,2,1,3,Returning_Visitor,0,0
5,76.33333333,2,0.0,36,1420.547902,0.015384615,0.042694343,0.0,0.0,May,3,2,1,4,Returning_Visitor,0,0
10,196.0,0,0.0,45,939.6333333,0.0125,0.015972222,0.0,0.0,May,1,1,1,3,Returning_Visitor,0,0
0,0.0,0,0.0,13,979.0833333,0.0,0.006060606,0.0,0.0,Dec,3,2,6,2,New_Visitor,1,0
2,45.0,2,31.0,47,1541.327451,0.000653595,0.023288614,0.0,0.8,May,3,3,8,4,Returning_Visitor,0,0
4,40.0,2,146.0,56,2866.90202,0.0,0.010451977,85.7528587,0.0,Mar,2,2,2,2,Returning_Visitor,1,0
0,0.0,0,0.0,52,2004.708333,0.0,0.019337607,0.0,0.0,Dec,2,2,3,1,Returning_Visitor,0,0
0,0.0,0,0.0,10,228.0,0.0,0.06,0.0,0.0,Nov,2,10,1,1,Returning_Visitor,1,0
0,0.0,0,0.0,1,0.0,0.2,0.2,0.0,0.0,Dec,2,2,3,13,Returning_Visitor,0,0
0,0.0,0,0.0,44,1341.716667,0.008888889,0.046666667,0.0,0.0,June,2,2,2,2,Returning_Visitor,0,0
0,0.0,0,0.0,6,89.33333333,0.0,0.066666667,0.0,0.0,Mar,2,4,3,3,Returning_Visitor,0,0
4,92.25,1,0.0,47,1506.220833,0.0,0.025596405,8.011553351,0.4,May,2,2,1,2,Returning_Visitor,0,1
16,244.2666667,1,0.0,101,4484.669445,0.008408408,0.024055759,3.50497054,0.0,Dec,3,2,2,10,Returning_Visitor,0,0
12,176.9638554,9,266.875,351,8650.048771,0.012452132,0.027372411,1.984555788,0.0,Nov,3,2,1,3,Returning_Visitor,0,0
0,0.0,0,0.0,6,102.0,0.0,0.033333333,0.0,0.0,May,2,2,1,3,Returning_Visitor,0,0
3,52.33333333,0,0.0,2,291.0,0.0,0.04,0.0,0.0,May,2,2,7,3,New_Visitor,0,0
6,109.2,0,0.0,31,663.2777778,0.005882353,0.007058824,0.0,0.0,Oct,1,1,1,3,Returning_Visitor,0,0
0,0.0,0,0.0,21,580.0833333,0.00952381,0.023809524,0.0,0.0,Nov,2,2,3,11,Returning_Visitor,1,0
0,0.0,0,0.0,8,758.1666667,0.025,0.05,0.0,0.0,Mar,1,1,1,1,Returning_Visitor,0,0
8,674.0,0,0.0,18,1090.533333,0.008695652,0.026086957,69.2786087,0.0,May,2,2,1,4,Returning_Visitor,0,1
0,0.0,2,28.0,1,0.0,0.066666667,0.133333333,0.0,0.6,May,2,2,8,3,Returning_Visitor,0,0
6,416.0,2,121.0,94,2881.684524,0.006122449,0.025340136,0.0,0.0,Nov,3,2,2,13,Returning_Visitor,0,0
5,187.1,0,0.0,101,7220.776667,0.001960784,0.013366013,3.998184141,0.0,Nov,2,2,7,3,Returning_Visitor,0,1
0,0.0,0,0.0,1,0.0,0.2,0.2,0.0,0.0,May,1,1,2,3,New_Visitor,0,0
7,163.6666667,0,0.0,8,119.3333333,0.015384615,0.023076923,0.0,0.0,Mar,3,2,6,11,New_Visitor,1,0
0,0.0,0,0.0,1,0.0,0.2,0.2,0.0,0.0,Mar,2,5,1,3,Returning_Visitor,0,0
1,77.1,0,0.0,35,365.5833333,0.017142857,0.026857143,0.0,0.0,Nov,2,2,1,4,Returning_Visitor,0,0
0,0.0,0,0.0,34,877.6666667,0.02020202,0.042323232,5.694121212,0.0,May,2,2,1,2,Returning_Visitor,0,0
4,30.3,0,0.0,7,493.4,0.0,0.016666667,0.0,0.0,Oct,2,5,1,2,New_Visitor,0,1
0,0.0,0,0.0,15,1733.666667,0.0,0.026666667,0.0,0.0,Mar,2,2,7,2,Returning_Visitor,0,0
2,64.75,0,0.0,44,1157.97619,0.0,0.013953488,0.0,0.0,Nov,2,2,1,10,Returning_Visitor,0,0
0,0.0,0,0.0,2,247.0,0.0,0.1,0.0,0.8,May,3,2,2,11,New_Visitor,0,0
5,83.0,0,0.0,69,2517.216667,0.000342466,0.021765601,0.0,0.0,Nov,2,2,9,2,Returning_Visitor,0,0
0,0.0,0,0.0,3,98.0,0.0,0.066666667,0.0,0.0,Dec,1,1,9,2,Returning_Visitor,0,0
9,433.8,2,6.0,28,728.7,0.0,0.009803922,0.0,0.0,Oct,2,10,1,3,Returning_Visitor,0,0
0,0.0,0,0.0,8,181.0,0.075,0.1,0.0,0.0,Mar,3,2,1,13,Returning_Visitor,1,0
2,87.5,0,0.0,29,1352.133333,0.0,0.025287356,34.60160214,0.0,Nov,3,2,6,2,Returning_Visitor,1,1
0,0.0,0,0.0,13,646.7916667,0.005128205,0.054358974,0.0,0.8,May,1,1,2,1,Returning_Visitor,0,0
8,168.1666667,0,0.0,28,888.0,0.014285714,0.011428571,0.0,0.0,May,1,1,1,3,Returning_Visitor,1,0
3,52.4,0,0.0,25,324.2666667,0.0,0.032692308,0.0,0.0,Sep,2,2,1,5,Returning_Visitor,0,0
0,0.0,0,0.0,25,952.6777778,0.0,0.023541667,23.57537117,0.0,Nov,2,2,3,11,Returning_Visitor,0,1
7,89.5,0,0.0,26,1163.333333,0.0,0.009375,26.983125,0.0,May,3,2,3,4,New_Visitor,0,1
0,0.0,0,0.0,16,600.75,0.0,0.025,0.0,0.0,Mar,2,2,2,2,Returning_Visitor,0,0
1,47.0,0,0.0,19,881.1666667,0.0,0.005882353,0.0,0.0,May,2,2,6,4,New_Visitor,0,0
0,0.0,0,0.0,37,511.1666667,0.018018018,0.036936937,0.0,1.0,May,2,2,1,13,Returning_Visitor,1,0
0,0.0,0,0.0,11,577.0,0.018181818,0.027272727,0.0,0.2,Feb,2,2,3,1,Returning_Visitor,0,0
0,0.0,0,0.0,68,746.8,0.002941176,0.011470588,0.0,0.0,May,2,2,1,13,Returning_Visitor,0,0
0,0.0,0,0.0,1,0.0,0.2,0.2,0.0,0.0,May,1,1,4,1,Returning_Visitor,1,0
0,0.0,0,0.0,6,219.5,0.011111111,0.077777778,0.0,0.0,May,2,4,2,6,Returning_Visitor,0,0
4,20.5,1,59.0,5,83.5,0.0,0.014814815,0.0,0.0,Dec,2,2,9,3,Returning_Visitor,0,0
0,0.0,0,0.0,5,256.5,0.0,0.04,0.0,0.0,Dec,2,2,3,3,Returning_Visitor,0,0
10,367.6333333,5,74.5,181,4287.960606,0.0,0.012467279,4.529635712,0.0,Oct,2,2,4,1,Returning_Visitor,0,0
0,0.0,0,0.0,3,75.0,0.066666667,0.133333333,0.0,0.0,Dec,3,2,1,20,Returning_Visitor,0,0
2,65.5,0,0.0,11,263.0,0.0,0.016666667,46.308063,0.0,Nov,2,2,1,2,Returning_Visitor,0,1
0,0.0,0,0.0,5,279.0,0.0,0.04,0.0,0.0,Mar,2,2,2,1,Returning_Visitor,0,0
9,162.05,0,0.0,27,399.6939394,0.0,0.009195402,0.0,0.0,Mar,1,1,7,2,New_Visitor,0,0
0,0.0,0,0.0,8,5.0,0.15,0.175,0.0,0.4,May,2,2,1,11,Returning_Visitor,0,0
0,0.0,0,0.0,2,59.0,0.0,0.1,0.0,0.0,May,2,2,7,4,Returning_Visitor,0,0
0,0.0,0,0.0,5,288.5,0.0,0.0125,0.0,0.0,Mar,2,2,1,2,Returning_Visitor,1,0
0,0.0,0,0.0,6,268.4,0.0,0.04,0.0,0.0,Jul,2,4,9,6,Returning_Visitor,0,0
1,7.0,0,0.0,39,1118.833333,0.005405405,0.019099099,0.0,0.0,Nov,2,2,6,13,Returning_Visitor,0,0
0,0.0,0,0.0,4,90.5,0.1,0.166666667,0.0,0.0,Nov,3,2,1,10,Returning_Visitor,0,0
2,50.0,0,0.0,24,602.25,0.0,0.003846154,0.0,0.0,Nov,2,2,1,2,Returning_Visitor,1,0
0,0.0,0,0.0,5,44.5,0.12,0.16,0.0,0.0,Nov,1,1,1,3,Returning_Visitor,0,0
5,147.0,0,0.0,36,3473.733333,0.015384615,0.033333333,0.0,0.0,May,2,2,6,3,Returning_Visitor,0,0
0,0.0,0,0.0,18,542.9333333,0.0,0.009259259,0.0,0.0,Nov,3,2,1,11,New_Visitor,0,0
0,0.0,0,0.0,13,973.5,0.0,0.046153846,0.0,0.0,Mar,2,2,1,1,Returning_Visitor,1,0
0,0.0,0,0.0,23,255.6388889,0.0,0.005454545,0.0,0.0,May,3,2,4,2,Returning_Visitor,0,0
0,0.0,0,0.0,33,777.1166667,0.0,0.015104167,0.0,0.0,Nov,2,2,6,2,New_Visitor,1,0
0,0.0,0,0.0,1,0.0,0.2,0.2,0.0,0.0,May,2,10,3,1,Returning_Visitor,0,0
0,0.0,0,0.0,14,363.3181818,0.014285714,0.023809524,0.0,0.0,Mar,1,1,1,3,Returning_Visitor,0,0
0,0.0,0,0.0,30,1285.166667,0.002758621,0.022660099,0.0,0.0,Nov,3,3,1,8,Returning_Visitor,1,0
0,0.0,0,0.0,79,2663.583333,0.002531646,0.017088608,0.0,0.0,Nov,2,2,1,1,Returning_Visitor,1,1
4,318.6666667,0,0.0,32,1205.583333,0.006451613,0.010752688,37.60935484,0.0,May,2,2,1,2,Returning_Visitor,1,0
0,0.0,0,0.0,40,1161.9,0.055,0.08,0.0,0.0,Sep,1,8,6,1,Returning_Visitor,0,0
0,0.0,0,0.0,1,0.0,0.2,0.2,0.0,0.0,Dec,3,2,4,2,Returning_Visitor,0,0
0,0.0,0,0.0,17,212.25,0.0,0.023529412,0.0,0.0,Dec,2,2,1,20,Returning_Visitor,0,0
0,0.0,0,0.0,10,253.25,0.0,0.02,0.0,0.0,Dec,3,2,1,10,Returning_Visitor,0,0
3,16.0,3,86.0,15,2773.5,0.0,0.03,78.81172527,0.0,Dec,2,2,1,2,Returning_Visitor,0,1
0,0.0,0,0.0,2,149.0,0.0,0.1,0.0,0.0,May,1,1,1,3,Returning_Visitor,0,0
6,143.5,2,303.0,67,2199.976786,0.008333333,0.027665354,0.0,0.0,Nov,1,1,1,2,Returning_Visitor,1,0
0,0.0,0,0.0,37,1118.647186,0.0,0.008148148,0.0,0.0,Mar,1,1,1,2,Returning_Visitor,1,0
5,66.4,0,0.0,39,742.6875,0.0,0.015217391,71.38981221,0.0,Dec,2,2,4,3,Returning_Visitor,0,1
1,11.0,0,0.0,1,0.0,0.0,0.1,0.0,0.0,Aug,2,6,1,3,Returning_Visitor,0,0
4,91.33333333,0,0.0,27,759.0857143,0.0,0.007407407,9.065333333,0.0,May,1,10,1,3,Returning_Visitor,1,0
1,10.0,0,0.0,30,602.5,0.009677419,0.014910394,0.0,0.0,Dec,2,2,2,10,Returning_Visitor,0,0
0,0.0,0,0.0,3,74.6,0.0,0.066666667,0.0,0.0,Jul,3,2,3,4,Returning_Visitor,1,0
9,331.1666667,4,154.0,154,8038.325302,0.007332941,0.027963219,0.0,0.0,May,2,2,1,5,Returning_Visitor,0,0
13,293.5785714,3,26.0,161,3457.628812,0.006140351,0.018923933,15.988034,0.0,Nov,2,5,7,2,Returning_Visitor,1,1
0,0.0,0,0.0,4,44.0,0.05,0.1,0.0,0.0,Mar,2,2,9,10,Returning_Visitor,0,0
7,134.625,0,0.0,14,1010.375,0.011764706,0.058823529,0.0,0.0,Nov,2,2,1,1,Returning_Visitor,0,0
3,52.16666667,3,110.75,65,2019.769468,0.002941176,0.017081105,3.277744575,0.0,Nov,1,1,6,2,Returning_Visitor,1,0
1,11.0,0,0.0,51,1059.253472,0.010588235,0.022643039,0.0,0.0,Mar,3,2,6,3,Returning_Visitor,0,0
0,0.0,0,0.0,12,241.2,0.05,0.054166667,0.0,1.0,May,3,2,6,4,Returning_Visitor,1,0
0,0.0,0,0.0,7,47.0,0.0,0.028571429,0.0,0.0,Nov,2,2,4,8,Returning_Visitor,0,0
1,18.0,1,16.0,33,504.0,0.006060606,0.033333333,0.0,0.0,May,2,4,1,4,Returning_Visitor,0,0
1,14.75,0,0.0,38,609.3488095,0.0,0.005263158,0.0,0.0,Dec,2,2,1,2,New_Visitor,0,0
0,0.0,0,0.0,20,678.0,0.0,0.03,0.0,0.0,Dec,2,2,3,10,Returning_Visitor,0,0
1,36.0,0,0.0,34,2240.166667,0.013541667,0.034895833,0.0,0.6,May,1,1,1,4,Returning_Visitor,0,0
1,21.25,1,0.0,23,1171.071429,0.007407407,0.039506173,11.07703164,0.0,Dec,2,2,7,1,Returning_Visitor,0,0
4,63.6,0,0.0,27,459.9636364,0.007407407,0.033950617,0.0,0.0,May,1,1,1,3,Returning_Visitor,1,0
0,0.0,0,0.0,1,0.0,0.2,0.2,0.0,0.0,May,2,4,3,2,Returning_Visitor,0,0
12,255.5166667,0,0.0,38,436.8583333,0.0,0.010852713,0.0,0.0,Oct,2,2,7,5,Returning_Visitor,1,0
4,109.3333333,1,118.0,34,1573.895833,0.015,0.019055556,0.0,0.0,Nov,3,2,4,3,Returning_Visitor,1,0
0,0.0,0,0.0,1,0.0,0.2,0.2,0.0,0.0,Nov,8,13,9,20,Other,0,0
0,0.0,0,0.0,4,7.0,0.1,0.15,0.0,0.0,May,2,5,8,1,Returning_Visitor,0,0
0,0.0,0,0.0,11,1390.166667,0.012121212,0.014545455,0.0,0.0,Mar,1,1,1,3,Returning_Visitor,1,0
0,0.0,0,0.0,2,134.0,0.0,0.1,0.0,0.0,Mar,3,2,7,9,Returning_Visitor,1,0
0,0.0,0,0.0,7,212.0,0.028571429,0.028571429,0.0,0.4,May,3,3,5,1,Returning_Visitor,0,0
6,200.2222222,2,126.0,146,7253.676493,0.006570513,0.020305773,5.942025641,0.4,May,2,2,3,1,Returning_Visitor,0,0
1,49.0,0,0.0,112,2237.603885,0.003933137,0.019128308,0.0,0.0,Dec,1,1,4,2,Returning_Visitor,0,0
2,33.0,0,0.0,28,898.5,0.0,0.013333333,0.0,0.0,Mar,2,10,6,10,Returning_Visitor,0,0
3,152.6,0,0.0,28,608.8833333,0.009375,0.03125,19.82770888,0.0,Jul,2,2,7,13,Returning_Visitor,0,1
9,151.5666667,0,0.0,54,2446.144571,0.004678363,0.009409888,1.943058508,0.0,Nov,3,2,1,3,Returning_Visitor,1,1
1,31.0,0,0.0,6,25.5,0.066666667,0.083333333,0.0,0.0,Mar,3,2,3,1,Returning_Visitor,0,0
0,0.0,0,0.0,17,132.6333333,0.011764706,0.007843137,0.0,0.0,Mar,1,1,1,2,Returning_Visitor,0,0
2,53.4,0,0.0,3,66.4,0.0,0.04,0.0,0.0,Oct,1,1,4,3,Returning_Visitor,1,0
2,48.5,2,32.0,45,2336.319444,0.020833333,0.039236111,0.0,0.0,Dec,1,1,1,2,Returning_Visitor,0,0
0,0.0,0,0.0,14,204.5,0.046153846,0.084615385,0.0,0.6,May,1,1,4,3,Returning_Visitor,0,0
0,0.0,0,0.0,34,508.558547,0.014705882,0.027528909,0.0,0.0,Dec,2,2,3,10,Returning_Visitor,0,0
0,0.0,0,0.0,13,390.5,0.038461538,0.053846154,0.0,0.0,Dec,2,2,1,13,Returning_Visitor,0,0
0,0.0,0,0.0,40,587.6911765,0.005,0.020277778,0.0,0.8,May,2,10,1,3,Returning_Visitor,0,0
0,0.0,0,0.0,8,228.0,0.0,0.028571429,0.0,0.0,Mar,4,1,3,2,Returning_Visitor,0,0
0,0.0,0,0.0,3,50.0,0.0,0.033333333,0.0,0.0,Mar,2,2,1,2,Returning_Visitor,0,0
4,41.2,1,0.0,15,142.4,0.022222222,0.077777778,0.0,0.0,Jul,1,1,4,2,Returning_Visitor,0,0
5,111.6666667,1,123.5,42,1610.783197,0.009090909,0.017794258,4.646503212,0.0,Dec,3,2,3,2,Returning_Visitor,0,0
3,32.1,0,0.0,3,21.1,0.028571429,0.042857143,0.0,0.0,June,3,2,6,5,New_Visitor,0,0
1,108.0,0,0.0,37,1209.558333,0.016666667,0.033386243,0.0,0.0,Dec,2,2,1,1,Returning_Visitor,0,0
2,35.0,0,0.0,11,131.3,0.0,0.015384615,0.0,0.0,Mar,2,2,1,2,New_Visitor,0,0
1,61.25,3,1083.0,14,2230.5,0.0,0.011764706,0.0,0.0,Dec,2,2,1,2,Returning_Visitor,0,0
0,0.0,0,0.0,8,134.0,0.0,0.025,0.0,0.0,May,2,2,1,2,Returning_Visitor,0,0
3,98.5,0,0.0,27,702.3333333,0.023214286,0.042261905,0.0,0.0,Dec,2,2,7,2,Returning_Visitor,0,0
0,0.0,0,0.0,10,269.0,0.0,0.02,0.0,0.0,May,2,2,3,2,Returning_Visitor,0,0
0,0.0,0,0.0,2,0.0,0.2,0.2,0.0,0.0,Feb,3,3,1,3,Returning_Visitor,0,0
0,0.0,0,0.0,1,0.0,0.2,0.2,0.0,0.0,Nov,3,2,1,1,Other,1,0
0,0.0,0,0.0,15,728.2,0.0,0.023076923,31.22,0.0,May,3,2,8,4,Returning_Visitor,0,1
0,0.0,0,0.0,3,96.0,0.0,0.066666667,0.0,0.0,May,1,8,6,11,Returning_Visitor,1,0
0,0.0,0,0.0,12,418.3333333,0.0,0.004545455,0.0,0.0,May,2,4,9,5,Returning_Visitor,0,0
8,102.0,0,0.0,83,1495.580952,0.0,0.002298851,82.12367816,0.0,May,4,1,7,4,New_Visitor,1,1
3,93.8,0,0.0,40,526.6853968,0.015609756,0.020412311,2.321264079,0.0,Aug,1,1,4,2,Returning_Visitor,0,0
2,202.8333333,0,0.0,11,613.8958333,0.0,0.030769231,3.728742569,0.0,Dec,2,2,1,2,Returning_Visitor,0,0
0,0.0,0,0.0,68,809.2456349,0.002985075,0.005970149,109.9124051,0.0,Mar,2,5,4,2,Returning_Visitor,0,1
0,0.0,0,0.0,49,3414.875,0.012244898,0.027210884,0.0,0.0,Nov,2,2,7,2,Returning_Visitor,0,0
0,0.0,0,0.0,2,17.0,0.0,0.1,0.0,0.0,Nov,1,1,1,2,New_Visitor,0,0
3,1226.0,5,3.0,24,3230.25,0.036190476,0.096,0.0,0.0,Mar,2,2,1,2,Returning_Visitor,0,0
0,0.0,0,0.0,6,77.0,0.0,0.016666667,0.0,0.6,May,2,2,2,4,Returning_Visitor,0,0
0,0.0,0,0.0,23,1669.0,0.0,0.017391304,0.0,0.0,Mar,2,4,7,2,Returning_Visitor,0,0
1,30.2,0,0.0,5,323.4,0.066666667,0.083333333,0.0,0.0,Jul,2,4,1,3,Returning_Visitor,1,0
0,0.0,0,0.0,97,2300.891317,0.0,0.015730379,0.0,0.0,Nov,2,2,1,2,Returning_Visitor,0,0
5,262.1212121,1,0.0,117,7468.860173,0.012900188,0.020948132,3.014025584,0.0,Nov,3,2,1,2,Returning_Visitor,0,0
1,22.0,0,0.0,52,1551.666667,0.001818182,0.019393939,7.882377258,0.0,Mar,1,1,3,2,Returning_Visitor,0,0
3,42.5,0,0.0,54,5972.416667,0.003508772,0.010526316,70.33953705,0.0,Nov,2,6,1,3,Returning_Visitor,0,1
0,0.0,0,0.0,4,137.0,0.0,0.075,0.0,0.0,May,4,1,3,3,Returning_Visitor,1,0
0,0.0,0,0.0,4,1440.0,0.0,0.05,0.0,0.8,May,2,2,5,1,Returning_Visitor,0,0
0,0.0,0,0.0,35,3324.333333,0.011428571,0.024761905,0.0,0.0,Mar,2,2,1,1,Returning_Visitor,0,0
0,0.0,0,0.0,17,557.4,0.0,0.011111111,83.93274289,0.0,Sep,2,2,2,2,New_Visitor,1,1
5,77.1,6,60.3,5,944.8,0.0,0.015384615,0.0,0.0,Sep,2,2,3,2,New_Visitor,0,0
0,0.0,0,0.0,2,12.0,0.0,0.1,0.0,0.0,Mar,1,1,5,3,Returning_Visitor,0,0
5,75.0,0,0.0,31,1066.0,0.0,0.014285714,0.0,0.0,May,2,2,1,6,Returning_Visitor,0,0
1,45.4,0,0.0,15,114.9,0.0,0.025,0.0,0.0,Jul,2,2,3,4,New_Visitor,0,0
0,0.0,0,0.0,44,831.6083333,0.0,0.013178295,0.0,0.0,May,2,2,2,2,Returning_Visitor,0,0
0,0.0,1,0.0,0,0.0,0.2,0.2,0.0,1.0,May,1,1,3,3,Returning_Visitor,1,0
0,0.0,0,0.0,5,134.5,0.04,0.024,0.0,0.0,Nov,3,2,9,3,Returning_Visitor,1,0
0,0.0,0,0.0,2,150.6,0.0,0.033333333,0.0,0.0,Oct,2,2,3,5,Returning_Visitor,0,0
9,188.5322344,3,197.4166667,76,1758.912393,0.004901961,0.016913178,22.86584543,0.0,Dec,3,2,2,6,Returning_Visitor,0,0
3,72.0,1,0.0,38,461.5,0.01,0.023666667,0.0,0.0,Mar,2,2,3,2,Returning_Visitor,0,0
0,0.0,0,0.0,35,1231.160256,0.005714286,0.023619048,0.0,0.0,Mar,2,2,1,1,Returning_Visitor,0,0
0,0.0,0,0.0,4,52.3,0.0,0.1,0.0,0.0,Aug,2,2,6,5,Returning_Visitor,0,0
4,1946.0,0,0.0,31,731.0,0.0,0.005882353,0.0,0.0,Dec,2,2,4,2,New_Visitor,1,0
0,0.0,0,0.0,3,14.0,0.155555556,0.155555556,0.0,0.0,May,1,1,4,4,Returning_Visitor,1,0
0,0.0,0,0.0,8,244.0,0.025,0.075,0.0,0.0,Mar,3,2,1,3,Returning_Visitor,0,0
0,0.0,0,0.0,1,0.0,0.2,0.2,0.0,0.0,May,2,2,4,1,Returning_Visitor,0,0
0,0.0,0,0.0,7,87.0,0.0,0.028571429,0.0,0.0,Dec,8,13,9,20,Other,0,0
0,0.0,0,0.0,9,396.1666667,0.0,0.022222222,0.0,0.0,Nov,3,2,8,13,Other,0,0
8,197.6666667,0,0.0,7,88.75,0.013333333,0.06,0.0,1.0,May,3,2,3,2,Returning_Visitor,1,0
2,20.0,0,0.0,7,720.0,0.0,0.011111111,0.0,0.0,Mar,2,2,3,6,Returning_Visitor,0,0
3,74.0,0,0.0,8,129.0,0.033333333,0.072222222,0.0,0.0,May,3,2,3,3,Returning_Visitor,0,0
8,43.95,1,56.4,31,577.65,0.011764706,0.029411765,0.0,0.0,Aug,2,2,3,3,Returning_Visitor,0,0
0,0.0,0,0.0,17,1040.1,0.0,0.013333333,128.8278691,0.0,Dec,2,2,5,2,New_Visitor,0,1
2,67.5,0,0.0,45,1660.0,0.022727273,0.0375,0.0,0.0,Nov,2,5,1,1,Returning_Visitor,0,0
0,0.0,0,0.0,26,1685.266667,0.007692308,0.034615385,0.0,0.0,Mar,2,2,6,3,Returning_Visitor,1,0
3,38.0,0,0.0,2,15.0,0.0,0.04,0.0,0.0,Nov,2,2,1,2,New_Visitor,0,0
0,0.0,0,0.0,55,1933.423611,0.001818182,0.017355372,0.0,0.0,Nov,2,2,1,2,Returning_Visitor,0,0
0,0.0,0,0.0,8,123.0,0.0,0.014285714,59.988,0.0,May,2,2,1,2,New_Visitor,0,1
0,0.0,0,0.0,50,2617.233333,0.0,0.001360544,53.22881633,0.0,May,4,1,3,2,New_Visitor,1,1
0,0.0,0,0.0,30,2759.833333,0.025,0.064880952,0.0,0.0,May,2,2,6,13,Returning_Visitor,0,0
1,38.0,0,0.0,16,727.7142857,0.038888889,0.045198413,18.66333333,0.0,May,3,2,4,4,Returning_Visitor,1,0
0,0.0,0,0.0,3,0.0,0.2,0.2,0.0,0.6,May,3,2,1,13,Returning_Visitor,0,0
0,0.0,0,0.0,17,308.25,0.023529412,0.064705882,0.0,0.0,Nov,2,2,1,13,Returning_Visitor,0,0
0,0.0,0,0.0,3,58.0,0.0,0.066666667,0.0,0.0,Mar,1,8,4,11,Returning_Visitor,0,0
8,66.2,3,276.0,25,641.8,0.006451613,0.013978495,0.0,0.0,Oct,2,2,1,2,Returning_Visitor,0,0
0,0.0,0,0.0,1,0.0,0.2,0.2,0.0,0.0,Nov,2,4,4,1,Returning_Visitor,0,0
4,45.75,0,0.0,18,1273.083333,0.0,0.031818182,6.750968245,0.0,Dec,1,1,1,1,Returning_Visitor,0,1
0,0.0,0,0.0,15,270.0,0.028571429,0.035714286,0.0,0.0,Mar,2,2,7,1,Returning_Visitor,0,0
0,0.0,0,0.0,4,112.5,0.0,0.05,0.0,0.0,May,3,2,1,6,Returning_Visitor,0,0
0,0.0,0,0.0,102,3284.5,0.003921569,0.010359477,0.0,0.0,Dec,2,2,1,3,Returning_Visitor,0,0
0,0.0,0,0.0,4,123.0,0.0,0.066666667,0.0,0.0,May,3,2,4,3,Returning_Visitor,0,0
0,0.0,0,0.0,13,70.4,0.138461538,0.143589744,0.0,0.0,Aug,2,2,2,13,Returning_Visitor,0,0
3,64.5,0,0.0,35,1334.551371,0.0,0.007309582,0.0,0.0,Mar,3,2,4,2,Returning_Visitor,1,0
12,521.075,0,0.0,83,5124.691667,0.0,0.011196593,35.25420124,0.0,Dec,2,2,7,6,Returning_Visitor,0,0
0,0.0,0,0.0,25,375.6619048,0.004,0.041777778,0.0,0.0,May,2,5,1,2,Returning_Visitor,0,0
7,304.5,3,56.5,69,2350.905769,0.012088889,0.018292063,0.0,0.0,Dec,3,2,2,2,Returning_Visitor,0,0
1,0.0,0,0.0,30,1732.066667,0.025806452,0.050752688,13.13492027,0.0,Nov,2,2,9,10,Returning_Visitor,0,0
0,0.0,0,0.0,5,99.5,0.0,0.04,0.0,0.0,Nov,1,1,4,2,Returning_Visitor,0,0
1,7.0,0,0.0,17,2648.5,0.0125,0.03125,0.0,0.0,Mar,2,2,1,2,Returning_Visitor,0,0
0,0.0,0,0.0,3,738.0,0.0,0.022222222,0.0,0.4,Feb,2,4,1,2,Returning_Visitor,0,0
7,667.25,0,0.0,4,101.8,0.0,0.01,0.0,0.0,Jul,3,2,6,2,Returning_Visitor,1,0
0,0.0,0,0.0,19,989.3333333,0.0,0.011111111,25.109,0.0,May,3,2,1,2,New_Visitor,1,1
5,79.1,0,0.0,36,1081.108333,0.025,0.025972222,0.0,0.0,Sep,1,2,2,2,Returning_Visitor,1,0
0,0.0,0,0.0,6,351.4,0.066666667,0.1,0.0,0.0,June,2,2,1,3,Returning_Visitor,0,0
4,75.0,0,0.0,15,346.0,0.0,0.021052632,0.0,0.0,Nov,2,2,3,11,Returning_Visitor,0,0
0,0.0,0,0.0,6,77.0,0.083333333,0.116666667,0.0,0.0,Dec,2,2,3,13,Returning_Visitor,0,0
4,92.0,0,0.0,19,473.0,0.0,0.004545455,0.0,0.0,May,3,2,3,1,Returning_Visitor,0,0
0,0.0,2,39.66666667,89,3509.130952,0.005617978,0.015248796,42.8662809,0.0,May,2,4,3,6,Returning_Visitor,1,0
6,337.0,4,693.0,261,14150.54613,0.00598336,0.026011023,0.951933747,0.0,Nov,2,2,3,2,Returning_Visitor,0,1
1,0.0,0,0.0,16,2007.0,0.01875,0.054166667,0.0,0.0,Nov,1,1,3,1,Returning_Visitor,0,0
0,0.0,0,0.0,1,0.0,0.2,0.2,0.0,0.0,May,2,2,3,6,Returning_Visitor,0,0
3,37.0,0,0.0,53,2409.068434,0.001960784,0.018076564,0.0,0.0,May,3,2,1,1,Returning_Visitor,0,0
0,0.0,0,0.0,3,0.0,0.2,0.2,0.0,0.0,Mar,1,8,2,1,Returning_Visitor,0,0
0,0.0,0,0.0,15,269.4,0.053333333,0.064444444,0.0,0.0,Aug,2,2,3,1,Returning_Visitor,0,0
2,46.0,0,0.0,13,195.0,0.0,0.008333333,0.0,0.0,May,2,2,1,4,Returning_Visitor,0,0
10,268.0,2,7.0,24,551.6666667,0.008333333,0.020833333,0.0,0.0,May,2,2,1,2,Returning_Visitor,0,0
0,0.0,0,0.0,5,59.0,0.08,0.12,0.0,0.0,Mar,2,2,7,1,Returning_Visitor,0,0
0,0.0,1,0.0,31,751.0,0.003125,0.0421875,0.0,0.0,Dec,2,2,1,6,Returning_Visitor,1,0
2,75.5,0,0.0,30,1661.166667,0.0,0.00625,0.0,0.0,Dec,2,2,2,10,New_Visitor,0,0
0,0.0,0,0.0,1,0.0,0.2,0.2,0.0,0.0,Mar,2,5,5,1,Returning_Visitor,0,0
4,99.0,3,112.25,46,930.0141026,0.001960784,0.016470588,0.0,0.0,Nov,1,1,3,10,Returning_Visitor,0,0
0,0.0,0,0.0,1,0.0,0.2,0.2,0.0,0.0,Nov,1,1,1,1,Other,0,0
0,0.0,0,0.0,1,0.0,0.2,0.2,0.0,0.0,Mar,1,1,3,3,Returning_Visitor,0,0
3,167.0,0,0.0,42,1246.12,0.0,0.008888889,0.0,0.0,Aug,2,4,1,3,Returning_Visitor,0,0
0,0.0,0,0.0,87,1197.700198,0.0,0.002352941,38.00063931,0.0,Nov,2,2,1,2,New_Visitor,0,1
7,374.3690476,0,0.0,5,258.0833333,0.004545455,0.052525253,0.0,0.0,May,3,2,3,1,Returning_Visitor,0,0
4,63.0,0,0.0,10,565.5,0.0,0.015384615,0.0,0.0,Dec,8,13,9,20,Other,0,0
9,269.8,0,0.0,112,2478.622727,0.0,0.004005848,60.43385263,0.2,May,2,2,4,3,Returning_Visitor,0,1
0,0.0,0,0.0,1,0.0,0.2,0.2,0.0,0.0,Dec,2,2,2,1,Returning_Visitor,0,0
0,0.0,0,0.0,16,2156.0,0.01875,0.035416667,0.0,0.0,Mar,2,2,3,1,Returning_Visitor,0,0
0,0.0,1,416.0,20,412.8333333,0.019047619,0.038095238,0.0,0.0,May,2,2,3,6,Returning_Visitor,0,0
11,143.8333333,3,404.5833333,58,3473.857143,0.005714286,0.016111111,2.568454762,0.0,May,2,2,2,3,Returning_Visitor,0,0
6,125.5,0,0.0,19,1409.416667,0.002469136,0.023703704,0.0,0.0,Mar,1,8,3,2,Returning_Visitor,0,0
0,0.0,0,0.0,6,102.2,0.0,0.0,40.27815244,0.0,Oct,2,2,2,20,Returning_Visitor,0,1
3,73.5,3,171.0,76,2208.788095,0.0,0.004756098,3.200304878,0.0,May,4,1,7,2,Returning_Visitor,1,0
0,0.0,0,0.0,26,364.6666667,0.065384615,0.086538462,0.0,0.8,May,2,2,3,13,Returning_Visitor,0,0
2,69.0,2,92.0,37,796.9571429,0.0,0.0242741,3.978276423,0.0,Mar,2,2,7,2,Returning_Visitor,0,1
0,0.0,0,0.0,17,1356.0,0.0,0.035294118,0.0,0.6,May,4,1,3,3,Returning_Visitor,0,0
5,139.9833333,0,0.0,27,677.8833333,0.0,0.006060606,0.0,0.0,Dec,1,2,1,2,New_Visitor,1,0
0,0.0,0,0.0,29,874.952381,0.004597701,0.044367816,0.0,0.0,Dec,1,1,1,2,Returning_Visitor,0,0
5,148.5,0,0.0,25,307.7,0.007692308,0.034615385,0.0,0.0,Oct,4,1,9,3,Returning_Visitor,1,0
0,0.0,0,0.0,23,517.0357143,0.0,0.00952381,23.30000662,0.0,Dec,4,2,8,2,New_Visitor,0,1
2,126.0,0,0.0,2,14.35,0.0,0.05,0.0,0.0,Aug,3,2,6,5,New_Visitor,1,0
0,0.0,0,0.0,4,33.0,0.1,0.15,0.0,0.6,May,2,2,1,3,Returning_Visitor,0,0
0,0.0,0,0.0,29,1237.0,0.033333333,0.039761905,0.0,0.0,Nov,3,2,1,13,Returning_Visitor,0,0
0,0.0,0,0.0,2,28.2,0.0,0.1,0.0,0.0,Jul,2,2,1,1,Returning_Visitor,0,0
0,0.0,0,0.0,2,14.0,0.0,0.1,0.0,0.0,Dec,4,2,1,1,Returning_Visitor,1,0
1,180.4,1,36.2,28,1907.08,0.006666667,0.015555556,19.24405095,0.0,Sep,2,2,1,1,Returning_Visitor,1,1
0,0.0,0,0.0,11,822.0,0.054545455,0.063636364,0.0,0.4,May,2,2,2,4,Returning_Visitor,0,0
1,53.0,0,0.0,13,417.0,0.0,0.018181818,72.788,0.4,May,1,1,1,3,New_Visitor,0,1
1,27.0,0,0.0,17,1723.0,0.0,0.003921569,0.0,0.0,May,2,5,9,4,New_Visitor,0,0
3,83.8,0,0.0,20,798.3,0.0,0.009090909,0.0,0.0,Nov,1,1,1,3,Returning_Visitor,0,0
3,231.0,0,0.0,16,386.4444444,0.0,0.02745098,0.0,0.2,May,1,1,1,3,Returning_Visitor,0,0
0,0.0,0,0.0,46,2213.366667,0.034782609,0.054710145,0.0,1.0,May,3,2,3,13,Returning_Visitor,1,0
0,0.0,0,0.0,13,555.5029412,0.036363636,0.020095694,47.99199256,0.0,Nov,4,2,4,2,New_Visitor,0,1
3,76.5,0,0.0,55,2846.295305,0.010344828,0.028962492,0.0,0.0,Jul,2,2,1,13,Returning_Visitor,0,0
5,44.75,3,51.5,107,3074.852778,0.015454545,0.026239965,0.0,0.0,Nov,2,2,3,1,Returning_Visitor,1,0
6,91.25,0,0.0,56,955.5432151,0.007494145,0.010650662,0.0,0.0,Nov,3,2,4,2,Returning_Visitor,1,1
0,0.0,0,0.0,1,0.0,0.2,0.2,0.0,0.0,Dec,2,4,3,1,Returning_Visitor,0,0
7,73.23333333,1,0.0,310,7710.731416,3.94e-05,0.00751105,0.098621403,0.0,Jul,4,1,1,4,Returning_Visitor,0,1
1,101.0,0,0.0,46,1687.85,0.0,0.011111111,18.844,0.0,May,2,2,3,4,Returning_Visitor,0,0
4,15.0,1,17.0,17,490.0,0.0,0.027272727,15.66445171,0.0,Mar,2,2,4,10,Returning_Visitor,0,1
8,656.0,1,9.0,39,1390.866667,0.0,0.009302326,63.39474419,0.0,May,2,5,3,2,New_Visitor,0,1
2,134.5,0,0.0,18,362.5,0.0,0.013333333,0.0,0.0,Dec,3,2,1,2,New_Visitor,0,0
2,20.14285714,0,0.0,4,33.14285714,0.0,0.039814815,0.0,0.0,Dec,3,2,1,10,Returning_Visitor,0,0
2,178.5,2,314.0,19,2340.5,0.0,0.015873016,52.08342857,0.0,May,2,4,1,4,Returning_Visitor,0,0
1,120.5,0,0.0,75,1677.805952,0.006578947,0.023128655,0.0,0.0,Dec,2,2,1,1,Returning_Visitor,0,0
6,110.0,0,0.0,21,884.3333333,0.0,0.016231884,17.94797101,0.0,May,1,2,5,2,Returning_Visitor,0,0
10,214.6214286,1,114.0,36,673.6380952,0.019379845,0.032443035,0.0,0.0,Nov,1,1,1,2,Returning_Visitor,0,0
0,0.0,0,0.0,19,465.6333333,0.0,0.026315789,0.0,0.0,Nov,1,1,1,2,New_Visitor,1,0
0,0.0,0,0.0,3,125.0,0.05,0.075,0.0,0.8,May,2,2,1,4,Returning_Visitor,0,0
1,47.0,0,0.0,5,388.0,0.0,0.04,31.188,0.0,Mar,1,1,7,3,Returning_Visitor,1,1
0,0.0,0,0.0,3,78.33333333,0.0,0.022222222,0.0,0.0,Mar,2,2,7,11,Returning_Visitor,0,0
5,86.0,0,0.0,23,267.3,0.0,0.016,0.0,0.0,Mar,1,1,4,9,Returning_Visitor,1,0
0,0.0,0,0.0,22,876.25,0.0,0.004761905,0.0,0.0,Dec,2,2,2,10,Returning_Visitor,0,0
2,81.6,1,0.0,32,2230.600476,0.0125,0.023125,0.0,0.0,Jul,2,2,9,1,Returning_Visitor,0,0
8,264.8095238,0,0.0,35,1039.887446,0.009756098,0.035656214,0.0,0.0,Dec,2,2,3,2,Returning_Visitor,0,0
0,0.0,1,0.0,56,1510.006667,0.074137931,0.094482759,0.0,0.0,Aug,3,2,1,3,Returning_Visitor,0,0
2,19.0,0,0.0,23,1875.744689,0.028571429,0.041156463,0.0,0.0,May,3,2,4,1,Returning_Visitor,0,0
3,48.4,0,0.0,137,3004.628109,0.002380952,0.011750149,0.0,0.0,Oct,2,4,9,2,Returning_Visitor,0,0
0,0.0,0,0.0,16,195.5,0.0125,0.06875,0.0,0.0,May,2,4,3,4,Returning_Visitor,0,0
0,0.0,0,0.0,9,890.0,0.044444444,0.066666667,0.0,0.4,May,2,2,6,19,Returning_Visitor,0,0
0,0.0,0,0.0,3,13.25,0.066666667,0.133333333,0.0,0.0,Nov,1,1,1,1,Returning_Visitor,0,0
6,111.0,0,0.0,13,522.0,0.0,0.011111111,36.65444444,0.0,May,2,2,2,2,New_Visitor,0,1
0,0.0,0,0.0,6,45.33333333,0.033333333,0.066666667,0.0,0.0,May,2,2,1,3,Returning_Visitor,0,0
9,219.9333333,0,0.0,56,1371.415714,0.002539683,0.011752445,0.0,0.0,Oct,3,2,1,5,Returning_Visitor,1,0
9,183.7083333,1,17.0,80,1143.371078,0.002463054,0.019057903,12.45099015,0.0,May,1,1,3,3,Returning_Visitor,1,0
3,289.0,0,0.0,5,708.25,0.0,0.025,0.0,0.0,Nov,3,3,1,10,Returning_Visitor,0,0
3,48.0,0,0.0,41,506.7166667,0.004444444,0.013968254,10.48533333,0.0,May,2,2,2,3,Returning_Visitor,0,0
8,89.9,3,20.0,84,1854.915556,0.004210526,0.012385965,3.170426459,0.0,Jul,2,2,7,1,Returning_Visitor,0,0
0,0.0,2,13.0,4,145.0,0.0,0.04,0.0,0.0,May,1,8,4,6,Returning_Visitor,1,0
0,0.0,0,0.0,15,598.6,0.0,0.033333333,0.0,0.0,Jul,2,2,1,2,Returning_Visitor,0,0
0,0.0,0,0.0,3,34.0,0.0,0.066666667,0.0,0.0,May,1,1,6,3,Returning_Visitor,0,0
1,33.0,1,27.0,18,630.871912,0.0,0.000292398,0.0,0.0,May,1,1,3,3,New_Visitor,0,0
1,42.0,0,0.0,19,682.1333333,0.0,0.021666667,14.14050684,0.0,Dec,1,1,4,10,Returning_Visitor,0,0
5,31.7,3,239.2,3,78.5,0.0,0.008333333,0.0,0.0,Sep,2,2,1,5,New_Visitor,0,0
0,0.0,0,0.0,15,313.25,0.013333333,0.033333333,0.0,0.0,Nov,2,2,3,10,Returning_Visitor,0,0
7,146.7,5,195.0,42,1717.666667,0.001960784,0.029981326,0.0,0.0,Dec,2,2,1,2,Returning_Visitor,0,0
0,0.0,0,0.0,6,83.0,0.016666667,0.033333333,0.0,0.0,Mar,3,2,8,8,Returning_Visitor,0,0
1,310.0,3,407.0,176,7767.32556,0.006045198,0.019212627,8.845689534,0.0,Nov,2,2,2,1,Returning_Visitor,1,0
6,143.1666667,0,0.0,50,925.947619,0.0,0.010160428,13.60512012,0.0,Mar,2,2,1,2,Returning_Visitor,0,1
3,94.7,0,0.0,20,366.6166667,0.009090909,0.004545455,0.0,0.0,Jul,1,1,2,4,New_Visitor,0,0
0,0.0,1,100.0,19,1645.679762,0.002222222,0.02962963,0.0,0.0,Dec,2,5,6,1,Returning_Visitor,0,0
1,0.0,0,0.0,31,1282.0,0.03125,0.05,0.0,0.8,May,2,2,6,3,Returning_Visitor,0,0
0,0.0,0,0.0,18,644.125,0.00625,0.021924603,0.0,0.0,Mar,3,2,3,10,Returning_Visitor,0,0
9,272.0416667,6,502.75,33,3239.418207,0.02,0.025011905,17.02873771,0.0,Dec,1,1,1,2,Returning_Visitor,0,0
3,95.83333333,6,303.65,13,438.3833333,0.0,0.016666667,0.0,0.0,June,4,1,1,2,Returning_Visitor,1,0
0,0.0,0,0.0,39,440.6666667,0.015789474,0.046491228,0.0,0.4,May,2,5,3,3,Returning_Visitor,0,0
0,0.0,0,0.0,9,269.75,0.022222222,0.048148148,0.0,0.0,Dec,3,2,5,6,Returning_Visitor,0,0
0,0.0,0,0.0,2,0.0,0.2,0.2,0.0,0.6,May,3,2,6,13,Returning_Visitor,0,0
2,88.0,0,0.0,3,95.5,0.0,0.02,0.0,0.0,May,1,2,3,2,New_Visitor,0,0
2,62.5,0,0.0,17,775.3333333,0.0,0.045098039,0.0,0.0,Nov,2,2,3,1,Returning_Visitor,0,1
0,0.0,0,0.0,10,338.5,0.0,0.02,32.382,0.0,May,2,2,2,1,Returning_Visitor,0,1
3,71.0,3,246.0,39,1501.333333,0.0,0.009756098,0.0,0.0,May,3,2,1,2,Returning_Visitor,1,0
2,11.5,0,0.0,12,1562.0,0.023,0.042941176,33.1128,0.8,May,2,2,1,1,Returning_Visitor,0,0
2,37.0,1,18.0,25,430.5,0.0,0.007142857,0.0,0.0,May,2,2,2,2,Returning_Visitor,1,0
7,216.4,0,0.0,37,825.205,0.0,0.004625745,0.0,0.0,Sep,2,2,1,1,Returning_Visitor,0,0
2,33.0,0,0.0,12,237.0,0.0,0.014285714,0.0,0.0,May,4,2,9,3,Returning_Visitor,0,0
3,99.75,0,0.0,31,835.5833333,0.0,0.006451613,47.44850792,0.0,Nov,2,2,1,10,Returning_Visitor,0,1
1,2.0,0,0.0,27,463.8333333,0.040740741,0.067530864,0.0,0.0,May,3,2,2,4,Returning_Visitor,0,0
0,0.0,0,0.0,2,0.0,0.2,0.2,0.0,0.0,Mar,2,5,1,1,Returning_Visitor,0,0
0,0.0,1,36.33333333,38,1663.683333,0.005405405,0.022972973,0.0,0.0,Mar,2,2,4,1,Returning_Visitor,0,0
5,85.16666667,4,365.9666667,31,538.72,0.014035088,0.029699248,0.0,0.0,Oct,4,1,3,1,Returning_Visitor,0,0
0,0.0,1,2.5,14,592.5666667,0.013333333,0.023333333,0.0,1.0,May,3,2,3,3,Returning_Visitor,1,0
11,79.75,0,0.0,31,419.25,0.006818182,0.026893939,0.0,0.8,May,2,2,1,3,Returning_Visitor,0,0
0,0.0,0,0.0,13,171.5,0.019230769,0.080769231,0.0,0.8,May,2,2,1,1,Returning_Visitor,0,0
1,5.0,0,0.0,26,850.6666667,0.007407407,0.061728395,0.0,0.0,Dec,2,2,1,3,Returning_Visitor,0,0
2,268.0,2,84.0,46,1679.666667,0.012,0.026,0.0,0.0,Nov,3,2,1,13,Returning_Visitor,1,0
0,0.0,0,0.0,74,3109.404167,0.009459459,0.042859175,0.0,0.0,Nov,2,2,1,2,Returning_Visitor,0,0
0,0.0,1,100.0,13,364.35,0.0,0.015384615,0.0,0.0,May,3,2,2,3,Returning_Visitor,1,0
1,0.0,0,0.0,3,178.5,0.0,0.066666667,8.04958574,0.0,Sep,2,6,2,1,Returning_Visitor,0,0
6,513.8333333,0,0.0,33,2690.333333,0.0,0.01754386,30.21878011,0.0,Nov,2,4,1,2,Returning_Visitor,0,1
2,23.0,0,0.0,39,1828.966667,0.005128205,0.02008547,20.5924708,0.0,Nov,1,1,1,2,Returning_Visitor,1,1
3,72.4,0,0.0,3,86.6,0.0,0.033333333,0.0,0.0,June,1,1,7,3,Returning_Visitor,1,1
0,0.0,0,0.0,1,0.0,0.2,0.2,0.0,0.0,Mar,2,4,6,2,Returning_Visitor,0,0
0,0.0,0,0.0,9,651.0,0.0,0.022222222,68.258708,0.0,Nov,2,2,2,2,Returning_Visitor,0,1
0,0.0,0,0.0,3,43.4,0.066666667,0.066666667,0.0,0.0,Sep,1,1,3,4,Returning_Visitor,0,0
0,0.0,0,0.0,8,149.0,0.133333333,0.155555556,0.0,0.8,May,2,2,7,3,Returning_Visitor,0,0
0,0.0,0,0.0,4,129.5,0.0,0.05,0.0,0.0,Dec,8,13,9,20,Other,0,0
0,0.0,2,101.7,42,1892.198319,0.0,0.004545455,153.5776975,0.0,Aug,2,2,1,1,Returning_Visitor,0,1
1,69.6,0,0.0,46,1292.449762,0.004347826,0.005555556,0.0,0.0,Aug,3,2,1,2,Returning_Visitor,1,0
0,0.0,0,0.0,1,0.0,0.2,0.2,0.0,0.8,May,2,2,1,1,Returning_Visitor,0,0
9,150.0,0,0.0,128,1799.144235,0.009237379,0.020182874,0.0,0.8,May,3,2,3,13,Returning_Visitor,0,0
0,0.0,0,0.0,12,312.0333333,0.0,0.009090909,17.808,0.0,May,2,2,8,6,Returning_Visitor,0,1
0,0.0,0,0.0,5,1306.0,0.06,0.12,0.0,0.0,Mar,2,2,5,13,Returning_Visitor,0,0
0,0.0,0,0.0,7,340.5,0.0,0.028571429,0.0,0.0,Nov,2,4,4,2,New_Visitor,1,0
0,0.0,0,0.0,20,606.0,0.0,0.011111111,0.0,0.0,Mar,2,2,6,1,Returning_Visitor,0,0
4,298.0,1,0.0,14,625.0,0.0,0.0125,0.0,0.0,May,1,1,6,2,New_Visitor,0,0
0,0.0,0,0.0,4,30.5,0.0,0.05,0.0,0.0,Mar,2,4,3,3,Returning_Visitor,0,0
4,196.5,3,72.5,245,7569.248612,0.007646236,0.016468484,4.770910365,0.0,Nov,3,2,1,13,Returning_Visitor,1,0
0,0.0,0,0.0,8,113.6666667,0.0,0.025,0.0,0.0,Nov,2,2,4,13,Returning_Visitor,0,0
3,275.0,2,97.0,34,670.422619,0.010810811,0.029597244,0.0,0.0,May,3,2,4,2,Returning_Visitor,0,0
0,0.0,0,0.0,7,1010.166667,0.028571429,0.095238095,0.0,0.0,May,2,2,1,3,Returning_Visitor,0,0
0,0.0,0,0.0,12,162.0,0.05,0.066666667,0.0,0.0,Feb,1,1,1,3,Returning_Visitor,0,0
0,0.0,0,0.0,1,487.0,0.0,0.1,0.0,0.0,Nov,1,1,4,10,Returning_Visitor,1,0
0,0.0,0,0.0,1,0.0,0.2,0.2,0.0,0.0,Dec,2,4,7,1,Returning_Visitor,0,0
0,0.0,0,0.0,22,402.5,0.047619048,0.059047619,0.0,0.8,May,3,2,1,13,Returning_Visitor,0,0
2,125.5,0,0.0,6,162.75,0.0,0.025,0.0,0.0,Mar,1,1,1,2,Returning_Visitor,0,0
1,17.6,0,0.0,12,1192.866667,0.0,0.019230769,0.0,0.0,Sep,2,2,1,3,Returning_Visitor,0,0
0,0.0,1,6.0,13,2782.75,0.0,0.005128205,0.0,0.4,May,2,2,9,2,New_Visitor,0,0
0,0.0,0,0.0,4,57.66666667,0.0,0.025,0.0,0.0,Nov,3,2,1,2,Returning_Visitor,0,0
2,53.5,0,0.0,13,287.3333333,0.0,0.013333333,0.0,0.0,Nov,2,2,1,6,New_Visitor,1,0
0,0.0,0,0.0,2,222.0,0.0,0.1,0.0,0.0,Feb,2,6,1,2,Returning_Visitor,1,0
0,0.0,0,0.0,6,161.0,0.033333333,0.1,0.0,0.0,Nov,1,8,1,11,Returning_Visitor,1,0
3,34.0,1,1530.0,97,3989.485553,0.002,0.012201868,0.0,0.0,Nov,2,2,1,3,Returning_Visitor,1,0
2,17.2,0,0.0,0,0.0,0.0,0.05,0.0,0.0,Sep,2,2,2,6,New_Visitor,1,1
0,0.0,0,0.0,2,0.0,0.2,0.2,0.0,0.4,May,1,1,3,3,Returning_Visitor,0,0
0,0.0,0,0.0,7,139.5,0.0,0.028571429,0.0,0.0,May,3,2,3,2,Returning_Visitor,0,0
1,51.5,0,0.0,57,2689.291667,0.003571429,0.0275,0.0,0.0,Nov,2,2,9,2,Returning_Visitor,0,0
4,338.0,0,0.0,9,724.76,0.0,0.022380952,0.0,0.0,Sep,3,2,2,4,Returning_Visitor,1,0
2,242.5,0,0.0,59,5004.229167,0.006779661,0.034387947,0.0,0.0,Dec,2,5,3,2,Returning_Visitor,1,0
0,0.0,0,0.0,12,99.0,0.176923077,0.192307692,0.0,0.8,May,3,2,1,13,Returning_Visitor,0,0
11,225.5,7,258.25,40,1352.833333,0.002,0.015733333,0.0,0.0,Dec,3,2,1,2,Returning_Visitor,1,0
9,299.0833333,1,0.0,14,212.8333333,0.010526316,0.033684211,0.0,0.0,May,3,2,1,11,Returning_Visitor,1,0
0,0.0,0,0.0,51,507.5,0.007843137,0.011671335,12.01221257,0.0,Oct,3,2,1,1,Returning_Visitor,1,1
3,75.5,1,0.0,130,4737.087716,0.006060606,0.011475964,43.77424082,0.0,Nov,2,2,1,2,Returning_Visitor,0,1
2,24.13333333,0,0.0,19,263.7128571,0.0,0.00125,0.0,0.0,Oct,3,2,1,2,Returning_Visitor,0,0
0,0.0,0,0.0,6,163.25,0.033333333,0.033333333,0.0,0.6,Feb,1,1,6,2,Returning_Visitor,0,0
0,0.0,0,0.0,28,1107.922619,0.014814815,0.009876543,226.6777017,0.0,Dec,8,13,9,20,Other,0,1
7,722.2083333,9,151.5,238,10340.36916,0.002419355,0.016345046,3.851653215,0.0,Dec,2,2,4,1,Returning_Visitor,0,0
3,57.5,0,0.0,37,1269.645833,0.014197531,0.012037037,0.0,0.0,Nov,1,1,4,1,Returning_Visitor,1,0
1,87.0,0,0.0,38,1326.25,0.013157895,0.028508772,7.153421053,0.0,May,2,2,1,4,Returning_Visitor,0,1
10,1222.4,0,0.0,26,2988.883333,0.0,0.002903226,0.0,0.0,Sep,2,2,1,2,Returning_Visitor,0,0
0,0.0,1,1220.0,28,2389.333333,0.016666667,0.030833333,0.0,0.0,Mar,2,2,1,3,Returning_Visitor,1,0
0,0.0,0,0.0,2,15.0,0.0,0.1,0.0,0.0,Dec,2,2,9,1,Returning_Visitor,0,0
0,0.0,0,0.0,1,0.0,0.2,0.2,0.0,0.0,Nov,1,1,4,10,Returning_Visitor,0,0
0,0.0,0,0.0,6,97.33333333,0.0,0.041666667,0.0,0.0,Mar,1,2,1,2,Returning_Visitor,1,0
0,0.0,0,0.0,4,81.0,0.0,0.025,0.0,0.0,Mar,2,2,3,2,Returning_Visitor,0,0
0,0.0,0,0.0,15,1559.6,0.0,0.033846154,0.0,0.0,Mar,2,4,1,1,Returning_Visitor,0,0
1,0.0,0,0.0,0,0.0,0.2,0.2,0.0,0.0,May,3,2,6,5,Returning_Visitor,0,0
3,23.0,0,0.0,16,431.9,0.010526316,0.033684211,0.0,0.0,Jul,2,2,7,13,Returning_Visitor,1,0
0,0.0,0,0.0,6,192.875,0.0,0.016666667,0.0,0.0,Dec,8,13,9,20,Other,0,0
3,31.2,0,0.0,4,36.2,0.028571429,0.057142857,0.0,0.0,June,2,2,3,2,Returning_Visitor,0,0
0,0.0,0,0.0,27,701.9,0.007407407,0.028395062,0.0,0.0,Aug,3,2,7,6,Returning_Visitor,0,0
8,167.9107143,6,547.75,111,6340.152381,0.003361345,0.009431773,44.21979406,0.0,Dec,3,2,6,2,Returning_Visitor,0,0
1,24.0,1,239.0,11,839.5,0.016666667,0.05,0.0,0.0,Mar,1,1,4,2,Returning_Visitor,0,0
0,0.0,0,0.0,26,338.2333333,0.024871795,0.078269231,0.0,0.0,May,2,2,2,2,Returning_Visitor,1,0
0,0.0,0,0.0,2,32.0,0.0,0.1,0.0,0.2,May,1,1,1,3,Returning_Visitor,0,0
9,309.25,0,0.0,58,1572.27381,0.003870968,0.017803379,0.0,0.0,May,2,2,6,2,Returning_Visitor,0,0
0,0.0,0,0.0,16,407.75,0.01875,0.025833333,0.0,0.4,Feb,1,1,4,3,Returning_Visitor,0,0
0,0.0,0,0.0,4,54.0,0.0,0.066666667,0.0,0.0,Dec,1,1,2,2,Returning_Visitor,1,0
6,71.5,0,0.0,79,1854.26,0.039,0.06880303,2.852036737,0.0,Jul,2,2,9,1,Returning_Visitor,0,0
2,73.6,5,155.5666667,44,1993.396667,0.01254902,0.041246499,4.107661192,0.0,Sep,2,2,4,1,Returning_Visitor,0,0
2,57.0,0,0.0,12,497.0,0.0,0.047619048,10.62514286,0.6,May,2,2,1,6,Returning_Visitor,0,0
2,167.4,0,0.0,8,191.15,0.0,0.02,0.0,0.0,Oct,1,1,6,2,New_Visitor,0,0
1,5.0,1,25.0,81,1421.668627,0.0,0.000833333,0.0,0.6,May,2,4,3,4,Returning_Visitor,0,0
0,0.0,0,0.0,8,781.0,0.028571429,0.057142857,0.0,0.0,Mar,3,2,4,1,Returning_Visitor,0,0
5,58.0,0,0.0,10,657.2619048,0.0,0.004166667,0.0,0.0,Mar,1,1,2,2,New_Visitor,0,0
0,0.0,0,0.0,1,0.0,0.2,0.2,0.0,0.0,Nov,2,2,7,11,Returning_Visitor,1,0
4,77.6,0,0.0,39,1477.154762,0.038157895,0.073976608,0.775318113,0.0,Nov,1,1,4,3,Returning_Visitor,0,0
7,136.5,1,42.4,120,7604.397831,0.015762274,0.030675226,3.996742423,0.0,Jul,2,2,2,1,Returning_Visitor,1,1
13,442.6,6,164.625,107,4928.927389,0.016774043,0.028505395,1.451867861,0.0,Nov,3,2,1,2,Returning_Visitor,0,1
4,406.0,0,0.0,55,2570.42619,0.003508772,0.017278044,0.0,0.0,Nov,3,2,4,2,Returning_Visitor,1,0
0,0.0,0,0.0,35,584.3083333,0.0,0.008571429,0.0,0.0,Dec,3,2,3,1,Returning_Visitor,0,0
0,0.0,0,0.0,11,976.0,0.0,0.033333333,0.0,0.0,May,2,2,1,1,Returning_Visitor,0,0
3,108.5,0,0.0,2,74.66666667,0.0,0.016666667,0.0,0.8,May,3,2,3,2,Returning_Visitor,0,0
0,0.0,0,0.0,3,55.0,0.066666667,0.1,0.0,0.0,Mar,3,2,3,3,Returning_Visitor,0,0
0,0.0,0,0.0,12,697.1666667,0.0,0.016666667,0.0,0.6,May,2,4,2,6,Returning_Visitor,0,0
0,0.0,0,0.0,9,368.5,0.0,0.008333333,0.0,0.0,May,2,2,4,1,Returning_Visitor,0,0
0,0.0,0,0.0,6,192.0833333,0.044444444,0.035555556,0.0,0.0,Nov,3,2,1,2,Returning_Visitor,0,0
5,172.8492647,0,0.0,33,2002.814281,0.0,0.029566569,18.13388282,0.0,Nov,2,2,1,11,Returning_Visitor,0,0
0,0.0,0,0.0,76,1553.269048,0.0,0.009586466,0.0,0.0,Nov,2,4,1,2,Returning_Visitor,0,0
0,0.0,0,0.0,24,506.452381,0.0,0.009090909,76.7910465,0.0,Nov,2,4,1,3,New_Visitor,0,1
0,0.0,0,0.0,21,882.75,0.0,0.020408163,0.0,0.0,Dec,2,2,2,2,New_Visitor,1,0
4,61.25,0,0.0,21,595.75,0.038095238,0.076190476,0.0,0.0,Dec,2,2,4,1,Returning_Visitor,0,0
0,0.0,0,0.0,39,964.0705128,0.020512821,0.055604396,0.0,0.0,May,2,2,1,4,Returning_Visitor,0,0
1,81.0,0,0.0,15,914.5,0.0,0.014285714,56.5802171,0.0,Nov,2,2,2,11,Returning_Visitor,1,1
5,1283.0,3,148.5,50,3246.977381,0.0,0.003846154,0.0,0.0,Mar,2,2,3,2,New_Visitor,0,0
1,6.0,0,0.0,2,85.0,0.0,0.066666667,0.0,0.0,May,2,4,1,2,Returning_Visitor,0,0
0,0.0,0,0.0,8,138.375,0.0,0.025,0.0,0.0,Dec,2,2,1,2,New_Visitor,0,0
1,37.5,0,0.0,45,2018.3,0.005681818,0.030822511,0.0,0.0,Nov,2,2,2,2,Returning_Visitor,0,0
0,0.0,0,0.0,11,1760.0,0.036363636,0.072727273,0.0,0.6,May,1,1,1,3,Returning_Visitor,0,0
4,203.8333333,0,0.0,30,823.5,0.0,0.001666667,0.0,0.0,Mar,3,2,1,11,New_Visitor,0,0
4,193.4,0,0.0,3,364.7,0.0,0.028571429,0.0,0.0,Oct,2,2,4,4,Returning_Visitor,0,0
0,0.0,3,588.0,153,5315.211905,0.006174089,0.020586081,0.0,0.0,Nov,2,2,1,3,Returning_Visitor,0,0
5,199.125,0,0.0,9,430.6071429,0.0,0.008333333,0.0,0.0,Nov,3,2,1,11,Returning_Visitor,0,0
0,0.0,0,0.0,5,186.0666667,0.146666667,0.15952381,0.0,0.0,June,3,2,1,13,Returning_Visitor,0,0
0,0.0,0,0.0,3,13.0,0.066666667,0.133333333,0.0,0.0,Dec,3,2,3,1,Returning_Visitor,1,0
2,40.2,2,26.1,10,186.7,0.0,0.021428571,0.0,0.0,Oct,2,2,3,3,New_Visitor,0,0
0,0.0,0,0.0,4,123.3,0.0,0.0,67.98927956,0.0,Oct,1,1,1,2,Returning_Visitor,0,1
21,1079.184314,4,176.5,67,2162.840879,0.007407407,0.018259847,0.548811351,0.0,Nov,3,2,1,11,Returning_Visitor,1,0
2,22.0,0,0.0,25,436.5,0.008,0.024,0.0,0.2,Feb,2,4,1,1,Returning_Visitor,0,0
0,0.0,0,0.0,15,894.0,0.0,0.015384615,0.0,0.0,May,2,2,7,4,Returning_Visitor,0,0
0,0.0,0,0.0,1,0.0,0.2,0.2,0.0,0.4,May,1,8,7,4,Returning_Visitor,0,0
3,28.5,0,0.0,8,181.6666667,0.022222222,0.044444444,0.0,0.0,Dec,1,1,3,10,Returning_Visitor,0,0
2,337.6,0,0.0,2,8.0,0.0,0.04,0.0,0.0,Nov,2,2,1,2,New_Visitor,0,1
0,0.0,1,1729.0,19,1401.083333,0.02,0.05,0.0,0.0,Dec,2,2,1,3,Returning_Visitor,0,0
6,93.5,0,0.0,23,251.3333333,0.0,0.013768116,0.0,0.0,May,2,2,3,3,New_Visitor,0,0
3,555.5,0,0.0,58,2034.261905,0.00862069,0.035172414,0.0,0.0,Nov,2,2,1,1,Returning_Visitor,0,1
0,0.0,0,0.0,41,1130.92619,0.0,0.015447154,0.0,0.0,Dec,2,2,8,2,New_Visitor,0,0
1,3.0,0,0.0,28,271.125,0.0,0.002564103,0.0,0.0,May,4,2,1,3,New_Visitor,0,0
1,0.0,0,0.0,32,1493.958333,0.0,0.020967742,0.0,0.0,Nov,2,2,2,1,Returning_Visitor,1,0
0,0.0,1,65.5,49,574.8333333,0.0,0.012,0.0,0.0,Mar,2,2,2,10,Returning_Visitor,0,0
0,0.0,0,0.0,82,3247.433333,0.002439024,0.012804878,0.0,0.0,Nov,2,2,1,2,Returning_Visitor,0,0
0,0.0,0,0.0,15,263.25,0.013333333,0.04,0.0,0.0,Nov,1,1,3,10,Returning_Visitor,1,0
0,0.0,0,0.0,1,14.0,0.0,0.1,0.0,0.8,May,2,2,3,3,Returning_Visitor,0,0
13,255.9159289,0,0.0,255,8467.584379,0.017351104,0.025016422,0.685335799,0.0,June,3,2,1,3,Returning_Visitor,0,0
1,229.8,0,0.0,41,1083.716667,0.0,0.006666667,0.0,0.0,June,2,5,8,2,Returning_Visitor,0,0
6,90.41666667,0,0.0,5,100.4166667,0.0,0.02,0.0,0.0,Dec,1,2,6,8,New_Visitor,0,0
0,0.0,0,0.0,22,987.6,0.009090909,0.015151515,0.0,0.0,Oct,2,2,1,4,Returning_Visitor,1,0
0,0.0,0,0.0,16,1773.25,0.04375,0.072916667,0.0,0.0,Nov,2,2,3,13,Returning_Visitor,0,0
5,200.0,1,0.0,33,1606.831818,0.0,0.026619133,0.0,0.0,May,3,2,5,2,Returning_Visitor,0,0
2,44.0,0,0.0,44,724.3166667,0.0,0.011363636,19.21218939,0.0,May,2,2,3,2,Returning_Visitor,0,1
3,27.0,0,0.0,2,16.0,0.0,0.05,0.0,0.0,Nov,2,2,2,2,New_Visitor,1,1
3,44.5,4,376.5,49,1222.25,0.005185185,0.021604938,0.0,0.0,Dec,2,2,2,2,Returning_Visitor,1,0
14,1005.608333,0,0.0,25,732.3448718,0.0,0.015675676,0.0,0.0,Nov,3,2,1,2,Returning_Visitor,0,0
5,136.0,0,0.0,30,2205.666667,0.0,0.012121212,47.26060606,0.0,May,2,2,4,6,Returning_Visitor,0,1
0,0.0,0,0.0,13,549.2,0.019230769,0.045421245,0.0,0.0,Nov,3,2,6,2,Returning_Visitor,0,0
12,246.252381,2,56.5,102,4264.419078,0.007783883,0.019834499,0.0,0.0,Nov,3,2,1,10,Returning_Visitor,1,0
0,0.0,0,0.0,26,2676.0,0.030769231,0.04556213,0.0,0.6,May,2,6,2,6,Returning_Visitor,0,0
0,0.0,0,0.0,9,1726.5,0.0,0.05,0.0,0.0,Dec,2,4,7,1,Returning_Visitor,0,0
0,0.0,0,0.0,7,148.1666667,0.0,0.057142857,0.0,0.4,May,1,1,1,20,Returning_Visitor,0,0
0,0.0,0,0.0,50,2147.983333,0.012285714,0.024768116,0.0,0.0,Nov,3,2,1,2,Returning_Visitor,1,0
3,59.5,0,0.0,3,47.2,0.033333333,0.05,0.0,0.0,Aug,1,1,1,4,New_Visitor,0,0
0,0.0,0,0.0,14,862.7916667,0.014285714,0.02,0.0,0.0,Nov,1,1,1,10,Returning_Visitor,0,0
0,0.0,0,0.0,4,104.0,0.0,0.05,0.0,0.4,Feb,2,6,6,3,Returning_Visitor,0,0
1,7.0,1,97.0,53,2247.608298,0.004848485,0.016751935,32.68969091,0.0,May,1,1,3,4,Returning_Visitor,0,0
0,0.0,0,0.0,21,591.9,0.03015873,0.057142857,0.0,0.0,Dec,1,2,1,1,Returning_Visitor,1,0
3,67.0,0,0.0,5,141.2,0.0,0.008333333,0.0,0.0,Oct,3,2,7,1,New_Visitor,0,0
0,0.0,0,0.0,15,1269.5,0.014285714,0.061904762,0.0,0.6,May,2,4,9,3,Returning_Visitor,0,0
1,65.5,0,0.0,51,1544.855159,0.012244898,0.027755102,0.0,0.0,Nov,3,2,1,1,Returning_Visitor,1,0
0,0.0,0,0.0,20,1175.488095,0.0,0.021052632,0.0,0.0,Dec,3,2,3,13,Returning_Visitor,0,0
0,0.0,1,2.0,12,1311.0,0.053333333,0.084722222,0.0,0.0,May,3,2,1,15,Returning_Visitor,0,0
0,0.0,0,0.0,8,228.0,0.025,0.075,0.0,0.0,May,2,2,3,3,Returning_Visitor,0,0
2,27.25,0,0.0,9,219.25,0.0,0.033333333,75.50833257,0.0,Dec,2,2,7,2,Returning_Visitor,0,1
12,251.6190476,1,44.0,69,2269.732143,0.0,0.007,0.093546949,0.0,Dec,2,2,3,2,Returning_Visitor,0,1
2,30.0,0,0.0,77,2531.342297,0.003037975,0.015696203,12.99938379,0.0,Nov,1,1,6,8,Returning_Visitor,0,1
7,243.7469512,1,1073.0,33,4931.198912,0.016666667,0.028235129,25.10043261,0.0,Nov,3,2,2,2,Returning_Visitor,0,0
0,0.0,0,0.0,11,200.85,0.036363636,0.047107438,0.0,0.0,Mar,1,1,2,1,Returning_Visitor,0,0
0,0.0,0,0.0,9,110.5,0.0,0.05,0.0,0.6,May,2,4,6,3,Returning_Visitor,0,0
4,192.5714286,8,1193.125,146,8150.556716,0.001290323,0.01127957,1.842913617,0.0,Nov,2,4,4,2,Returning_Visitor,1,0
0,0.0,0,0.0,1,0.0,0.2,0.2,0.0,0.0,May,2,4,4,3,Returning_Visitor,0,0
2,7.0,0,0.0,63,2219.866667,0.003174603,0.023129252,0.0,0.0,Nov,2,2,4,2,Returning_Visitor,1,0
1,0.0,0,0.0,50,1009.430952,0.006,0.017238095,4.803305732,0.0,Nov,1,1,1,10,Returning_Visitor,1,1
10,166.9318182,2,246.0,51,2697.487879,0.004310345,0.017471264,3.099,0.6,May,2,2,2,19,Returning_Visitor,0,0
0,0.0,0,0.0,19,5538.916667,0.024,0.055119048,0.0,0.0,May,2,2,1,13,Returning_Visitor,1,0
7,111.0833333,0,0.0,24,431.5,0.008,0.012,0.0,0.0,Dec,1,1,1,3,Returning_Visitor,0,0
3,251.8142857,2,101.8,37,1722.814286,0.001025641,0.007997558,4.683075961,0.0,Oct,1,1,1,2,Returning_Visitor,1,0
11,238.775641,1,9.0,200,7972.322431,0.002619048,0.014230973,21.83420125,0.0,Nov,2,2,1,2,Returning_Visitor,0,1
5,93.4,0,0.0,38,689.65,0.0,0.004878049,34.48748308,0.0,Oct,2,2,2,2,New_Visitor,1,1
2,30.0,1,148.5,24,1530.194444,0.007407407,0.014814815,10.10222222,0.0,Mar,1,1,1,10,Returning_Visitor,0,0
3,147.0,0,0.0,3,24.0,0.0,0.02,0.0,0.0,Mar,3,2,7,1,Returning_Visitor,0,0
0,0.0,3,1830.5,81,5000.739116,0.003294118,0.020433155,0.0,0.0,Nov,2,2,3,2,Returning_Visitor,1,0
9,292.3,0,0.0,117,1953.537512,0.002892562,0.007295031,2.767055125,0.0,Aug,1,1,1,4,Returning_Visitor,1,0
3,37.6,0,0.0,12,299.2666667,0.0,0.030769231,0.0,0.0,Sep,3,2,1,6,Returning_Visitor,0,0
2,15.0,0,0.0,23,343.6666667,0.025,0.05,0.0,0.6,May,2,2,6,6,Returning_Visitor,0,0
0,0.0,0,0.0,14,260.8666667,0.0,0.028571429,0.0,0.0,June,2,2,1,3,Returning_Visitor,0,0
0,0.0,0,0.0,16,423.1833333,0.0125,0.016071429,0.0,0.0,Nov,3,2,7,10,Returning_Visitor,0,0
4,148.25,0,0.0,7,179.9583333,0.0,0.005,0.0,0.0,Nov,2,2,1,8,New_Visitor,1,1
7,397.2644444,1,246.8,23,672.2644444,0.032051282,0.046153846,0.0,0.0,Oct,3,2,4,1,Returning_Visitor,0,0
0,0.0,0,0.0,2,0.0,0.2,0.2,0.0,0.2,May,1,1,1,3,Returning_Visitor,0,0
11,348.6547619,1,11.0,64,1229.289286,0.0,0.002493853,54.95126905,0.0,Mar,2,2,1,2,New_Visitor,0,0
0,0.0,0,0.0,9,140.0,0.022222222,0.055555556,0.0,0.0,Mar,2,2,6,1,Returning_Visitor,0,0
3,50.06666667,0,0.0,159,2184.484938,0.001851852,0.005588342,0.0,0.0,Oct,2,2,4,4,Returning_Visitor,1,0
1,24.0,0,0.0,54,801.5095238,0.00754717,0.013274933,0.0,0.2,May,1,1,1,3,Returning_Visitor,0,0
0,0.0,1,322.4,27,1747.7,0.007692308,0.025641026,0.0,0.0,Oct,2,4,5,1,Returning_Visitor,0,0
7,286.8333333,7,373.5,15,176.5,0.048,0.052,0.0,0.0,May,3,2,3,4,Returning_Visitor,0,0
0,0.0,0,0.0,12,466.125,0.0,0.022222222,0.0,0.0,Nov,3,2,1,3,Returning_Visitor,0,0
2,17.0,0,0.0,6,35.2,0.025,0.075,0.0,0.0,Aug,2,2,7,1,Returning_Visitor,0,0
3,32.0,0,0.0,20,453.625,0.0,0.001058201,0.0,0.0,Mar,2,2,1,2,New_Visitor,1,0
3,80.6,2,16.2,33,770.1071795,0.005405405,0.016216216,0.0,0.0,Oct,3,2,1,5,Returning_Visitor,0,0
0,0.0,0,0.0,26,648.4,0.0,0.018,0.0,0.0,Mar,1,1,1,3,Returning_Visitor,1,0
1,85.0,4,208.5,12,413.8,0.0,0.003921569,0.0,0.0,Mar,1,1,1,2,Returning_Visitor,0,0
0,0.0,0,0.0,3,558.0,0.0,0.066666667,0.0,0.0,Mar,4,1,3,1,Returning_Visitor,0,0
0,0.0,0,0.0,33,889.3666667,0.0,0.003030303,8.424787355,0.0,Oct,2,2,3,2,Returning_Visitor,0,1
2,62.5,0,0.0,43,1253.176407,0.0,0.01468254,41.53706414,0.0,Nov,3,2,9,2,Returning_Visitor,0,0
0,0.0,0,0.0,3,36.0,0.0,0.033333333,0.0,0.0,Mar,2,2,1,2,Returning_Visitor,0,0
2,20.2,0,0.0,7,114.5333333,0.0,0.05,0.0,0.0,Oct,2,2,1,1,Returning_Visitor,0,0
0,0.0,0,0.0,1,0.0,0.2,0.2,0.0,0.0,Feb,2,2,7,3,Returning_Visitor,0,0
2,26.0,0,0.0,4,636.0,0.0,0.025,0.0,0.2,May,3,2,1,19,Returning_Visitor,0,0
0,0.0,0,0.0,6,97.5,0.0,0.016666667,0.0,0.0,Dec,1,1,3,2,Returning_Visitor,0,0
0,0.0,0,0.0,12,197.5,0.0,0.008333333,0.0,0.0,May,2,5,7,1,Returning_Visitor,0,0
4,264.1333333,1,152.2,47,906.1166667,0.0,0.002614379,0.0,0.0,Aug,3,2,3,2,New_Visitor,1,0
3,91.5,0,0.0,36,1266.5,0.038888889,0.052777778,0.0,0.4,May,2,2,1,2,Returning_Visitor,0,0
0,0.0,0,0.0,5,117.75,0.0,0.04,0.0,0.0,Dec,1,1,1,2,Returning_Visitor,0,0
0,0.0,0,0.0,3,61.5,0.066666667,0.1,0.0,0.0,Dec,3,2,3,8,New_Visitor,0,0
0,0.0,0,0.0,21,1636.5,0.042857143,0.065873016,0.0,0.4,May,2,4,1,3,Returning_Visitor,0,0
0,0.0,0,0.0,2,25.5,0.0,0.1,0.0,0.0,Dec,1,1,1,3,Returning_Visitor,0,0
0,0.0,0,0.0,4,88.0,0.0,0.05,0.0,0.0,Feb,4,1,1,3,Returning_Visitor,0,0
6,299.0,1,41.0,36,696.4027778,0.0,0.002631579,0.0,0.0,May,2,2,2,4,New_Visitor,1,0
0,0.0,1,56.4,14,103.7579088,0.0,0.026666667,45.92878029,0.0,Nov,2,2,2,20,Returning_Visitor,0,1
0,0.0,0,0.0,3,324.0,0.0,0.066666667,0.0,0.0,May,4,1,1,4,Returning_Visitor,1,0
4,122.0,3,124.0,12,1040.333333,0.0,0.010526316,0.0,0.0,May,2,2,5,2,Returning_Visitor,0,0
7,42.25714286,0,0.0,124,4067.010247,0.009230769,0.022888335,6.709440135,0.0,Nov,2,2,3,2,Returning_Visitor,0,1
4,62.0,1,87.6,88,3634.585714,0.00556391,0.035701754,1.435224011,0.0,Oct,2,2,1,3,Returning_Visitor,0,0
3,264.0,0,0.0,20,769.9,0.018181818,0.027272727,0.0,0.0,Nov,2,10,7,1,Returning_Visitor,0,0
7,89.9,3,84.0,58,2787.25,0.0,0.007715618,98.04262564,0.0,May,2,2,1,2,Returning_Visitor,0,0
0,0.0,0,0.0,26,1377.769697,0.0,0.008,92.4822063,0.0,Mar,2,2,7,2,Returning_Visitor,0,1
0,0.0,0,0.0,6,82.5,0.0,0.033333333,0.0,0.0,Dec,2,2,1,2,Returning_Visitor,0,0
0,0.0,0,0.0,15,221.0,0.0,0.035555556,0.0,0.0,May,2,4,1,1,Returning_Visitor,0,0
5,176.25,0,0.0,13,1183.05,0.0,0.0375,0.0,0.0,Dec,2,2,1,2,Returning_Visitor,0,0
6,144.6666667,0,0.0,5,123.6666667,0.033333333,0.013333333,0.0,0.0,Nov,1,1,1,8,New_Visitor,1,0
3,54.0,0,0.0,50,1911.333333,0.004,0.013,109.5876,0.0,May,2,2,7,6,Returning_Visitor,1,1
0,0.0,0,0.0,4,166.9,0.0,0.0,0.0,0.0,Aug,3,2,4,4,New_Visitor,0,0
2,8.5,0,0.0,45,848.2051282,0.004347826,0.022463768,0.0,0.0,May,4,1,1,1,Returning_Visitor,1,0
0,0.0,0,0.0,6,241.0,0.0,0.033333333,0.0,0.0,May,2,10,2,3,Returning_Visitor,0,0
4,34.2,0,0.0,27,809.6933333,0.023214286,0.033826531,27.6509675,0.0,Sep,3,2,4,13,Returning_Visitor,1,0
2,23.8,0,0.0,6,135.2,0.0,0.025,0.0,0.0,Sep,2,5,3,1,New_Visitor,0,0
2,22.2,0,0.0,10,163.9,0.0,0.018181818,0.0,0.0,Nov,2,2,1,2,Returning_Visitor,0,0
2,115.2,0,0.0,7,211.1,0.0,0.0,0.0,0.0,Jul,2,2,2,2,New_Visitor,1,0
0,0.0,0,0.0,1,0.0,0.2,0.2,0.0,0.0,May,4,1,1,5,Returning_Visitor,0,0
0,0.0,0,0.0,3,242.0,0.066666667,0.133333333,0.0,0.0,May,3,2,4,3,Returning_Visitor,0,0
0,0.0,0,0.0,4,27.5,0.1,0.15,0.0,0.0,Dec,3,2,1,13,Returning_Visitor,0,0
5,346.25,0,0.0,3,1692.25,0.0,0.014285714,0.0,0.0,Dec,2,2,9,2,New_Visitor,0,0
11,157.3889922,3,338.4,46,1624.935625,0.005357143,0.021391443,0.0,0.0,Nov,3,2,3,3,Returning_Visitor,0,0
1,59.4,0,0.0,73,891.568795,0.0,0.0,258.5498732,0.0,Sep,2,2,3,2,New_Visitor,0,1
0,0.0,0,0.0,32,1109.083333,0.00125,0.019375,0.0,0.0,Dec,2,2,1,2,Returning_Visitor,1,0
1,62.13333333,0,0.0,79,3421.653333,0.004878049,0.022357724,4.127430681,0.0,Oct,2,4,1,2,Returning_Visitor,0,1
0,0.0,0,0.0,2,4.0,0.0,0.1,0.0,0.0,Aug,2,2,1,1,Returning_Visitor,0,0
0,0.0,0,0.0,1,0.0,0.0,0.2,0.0,0.0,Mar,2,2,1,2,Returning_Visitor,0,0
1,15.0,0,0.0,19,817.5,0.011111111,0.022222222,0.0,0.0,Nov,2,2,1,2,Returning_Visitor,0,0
1,20.0,0,0.0,18,512.8333333,0.021052632,0.046491228,4.308315789,0.0,May,1,1,3,3,Returning_Visitor,0,0
8,732.25,0,0.0,34,1345.755952,0.005128205,0.013341952,12.27419487,0.8,May,3,3,3,2,Returning_Visitor,0,0
0,0.0,0,0.0,25,629.5,0.0,0.01447619,0.0,0.0,May,2,2,1,13,Returning_Visitor,0,0
1,19.2,0,0.0,42,2197.0,0.0,0.013636364,0.0,0.0,Oct,2,2,1,1,Returning_Visitor,0,0
0,0.0,0,0.0,6,184.0,0.066666667,0.116666667,0.0,0.0,Nov,2,10,4,3,Returning_Visitor,0,0
0,0.0,0,0.0,11,606.5,0.0,0.011111111,0.0,0.0,May,1,8,9,4,Returning_Visitor,1,0
0,0.0,0,0.0,20,1606.333333,0.01,0.034761905,0.0,0.0,Mar,2,2,2,1,Returning_Visitor,0,0
0,0.0,0,0.0,32,3837.5,0.0,0.00625,0.0,0.0,May,2,2,2,4,Returning_Visitor,0,0
3,19.0,0,0.0,53,2544.166667,0.00617284,0.016049383,0.0,0.0,May,2,2,3,2,Returning_Visitor,0,0
4,99.5,0,0.0,16,315.1666667,0.0,0.016666667,12.53314286,0.0,Mar,1,1,6,3,Returning_Visitor,0,1
0,0.0,0,0.0,3,26.0,0.0,0.066666667,0.0,0.0,Dec,2,2,1,2,New_Visitor,0,0
3,7.0,1,25.16666667,21,446.0,0.019047619,0.031746032,32.38852793,0.0,Nov,2,2,1,1,Returning_Visitor,0,0
0,0.0,0,0.0,1,0.0,0.2,0.2,0.0,0.6,May,1,1,7,3,New_Visitor,0,0
0,0.0,0,0.0,2,0.0,0.2,0.2,0.0,0.0,Nov,1,1,1,1,Returning_Visitor,0,0
3,31.1,0,0.0,11,975.2893939,0.0,0.062414966,0.0,0.0,Nov,4,5,1,8,Returning_Visitor,0,0
1,5.0,0,0.0,30,1240.65,0.0,0.017708333,0.0,0.0,Nov,2,2,6,2,Returning_Visitor,0,0
0,0.0,0,0.0,8,29.16666667,0.0,0.1,0.0,0.0,Dec,2,2,3,2,Returning_Visitor,0,0
4,144.5,0,0.0,19,885.125,0.021052632,0.050877193,0.0,0.6,May,3,2,6,13,Returning_Visitor,0,0
12,1276.264286,0,0.0,118,3215.173074,0.0,0.005446194,22.45841786,0.0,Nov,3,2,8,3,Returning_Visitor,0,1
0,0.0,0,0.0,1,0.0,0.2,0.2,0.0,0.0,Dec,2,2,1,2,Returning_Visitor,0,0
0,0.0,0,0.0,1,0.0,0.2,0.2,0.0,0.0,Feb,1,1,1,1,Returning_Visitor,0,0
2,43.2,1,32.2,202,13842.45833,0.01804878,0.050155633,0.0,0.0,Sep,2,4,7,1,Returning_Visitor,0,0
0,0.0,0,0.0,1,0.0,0.0,0.2,0.0,0.0,Jul,1,1,4,4,Returning_Visitor,0,0
0,0.0,0,0.0,20,562.0071429,0.0,0.00125,0.0,0.0,Nov,1,1,1,3,Returning_Visitor,0,0
0,0.0,0,0.0,6,95.0,0.028571429,0.028571429,86.33623272,0.0,Oct,1,1,4,2,New_Visitor,0,1
3,33.6,0,0.0,4,109.5,0.0,0.013333333,0.0,0.0,Oct,3,2,1,2,New_Visitor,0,0
9,230.6666667,0,0.0,66,2178.85,0.003555556,0.010977778,11.73221807,0.0,Nov,2,2,3,2,Returning_Visitor,1,1
1,56.5,0,0.0,19,1089.75,0.0,0.003508772,24.872085,0.0,Dec,2,2,7,2,Returning_Visitor,0,1
1,0.0,2,9.0,44,814.1547619,0.0,0.023188406,0.0,0.0,Nov,4,2,1,10,Returning_Visitor,0,1
0,0.0,0,0.0,16,748.4,0.014285714,0.035714286,43.19228571,0.0,May,2,2,3,4,Returning_Visitor,0,0
1,97.0,0,0.0,4,59.0,0.0,0.013333333,0.0,0.0,May,2,2,6,6,New_Visitor,0,0
0,0.0,0,0.0,39,963.1666667,0.005405405,0.028828829,9.922972973,0.6,May,2,6,2,3,Returning_Visitor,0,0
0,0.0,2,84.5,42,2762.408333,0.004545455,0.025151515,0.0,0.0,Nov,2,2,1,2,New_Visitor,0,0
0,0.0,0,0.0,19,1651.928571,0.024561404,0.066233766,0.0,1.0,May,2,10,1,1,Returning_Visitor,1,0
0,0.0,1,90.0,11,1056.5,0.018181818,0.054545455,0.0,0.0,Mar,4,2,1,2,Returning_Visitor,0,0
2,4.0,0,0.0,14,203.0,0.0,0.041176471,0.0,0.0,May,2,5,4,3,Returning_Visitor,0,0
1,0.0,0,0.0,1,0.0,0.2,0.2,0.0,0.0,Dec,1,1,1,10,Returning_Visitor,0,0
1,3.5,0,0.0,49,663.5277778,0.0,0.005319149,0.0,0.0,Nov,2,2,3,2,Returning_Visitor,0,0
0,0.0,0,0.0,12,222.2557143,0.009090909,0.012121212,0.0,0.0,Sep,3,2,5,2,Returning_Visitor,0,0
12,252.8125,4,78.5,100,4597.124242,0.00925181,0.028496768,2.638074656,0.0,Nov,1,1,1,10,Returning_Visitor,1,1
0,0.0,0,0.0,3,44.0,0.066666667,0.1,0.0,0.0,May,3,2,1,15,Returning_Visitor,0,0
3,179.0,0,0.0,15,432.75,0.0,0.011111111,0.0,0.0,Dec,2,2,1,2,New_Visitor,0,0
0,0.0,0,0.0,16,898.7583333,0.00625,0.014583333,0.0,0.0,Nov,1,1,1,1,Returning_Visitor,0,1
6,60.0,1,30.0,51,1403.841919,0.003636364,0.009090909,20.2453697,0.0,May,2,4,1,2,Returning_Visitor,0,0
9,179.4533333,7,277.6333333,37,829.1871429,0.002325581,0.007674419,9.098216282,0.0,Nov,2,2,3,2,Returning_Visitor,1,0
0,0.0,0,0.0,2,1121.5,0.0,0.1,0.0,0.0,Nov,8,2,4,3,Returning_Visitor,0,0
0,0.0,0,0.0,2,153.0,0.0,0.05,0.0,0.0,Mar,2,5,6,1,Returning_Visitor,0,0
3,22.0,0,0.0,15,259.75,0.0,0.010416667,88.80448992,0.0,Dec,2,2,1,2,Returning_Visitor,1,1
0,0.0,0,0.0,6,21.0,0.0,0.033333333,0.0,0.0,May,2,2,6,3,Returning_Visitor,0,0
0,0.0,0,0.0,3,6.0,0.066666667,0.133333333,0.0,0.6,May,2,2,1,1,Returning_Visitor,0,0
11,361.4761905,1,68.0,35,625.0856893,0.011149826,0.02195122,6.072158537,0.0,May,2,2,2,2,Returning_Visitor,1,0
0,0.0,0,0.0,4,61.0,0.0,0.025,0.0,0.0,May,1,1,4,4,Returning_Visitor,0,0
0,0.0,0,0.0,7,203.25,0.0,0.028571429,0.0,0.0,Nov,1,1,3,3,Returning_Visitor,0,0
0,0.0,0,0.0,3,51.0,0.0,0.1,0.0,0.0,Nov,2,2,3,2,Other,0,0
0,0.0,0,0.0,79,1562.866667,0.017721519,0.02124774,0.0,0.8,May,3,2,1,13,Returning_Visitor,0,0
4,183.25,1,21.0,20,651.4,0.0,0.004166667,0.0,0.0,Mar,1,1,1,2,Returning_Visitor,0,0
0,0.0,0,0.0,16,316.0,0.025,0.0375,0.0,0.0,Nov,1,8,9,2,Returning_Visitor,0,0
1,0.0,2,360.0,82,6858.672122,0.002409639,0.013380361,0.0,0.0,Nov,1,1,3,2,Returning_Visitor,0,0
0,0.0,0,0.0,33,1996.816667,0.0,0.00625,44.06491359,0.0,Nov,4,2,6,2,Returning_Visitor,0,1
0,0.0,0,0.0,26,1035.821429,0.003846154,0.034935897,0.0,0.0,May,2,7,1,2,Returning_Visitor,0,0
0,0.0,0,0.0,20,526.8,0.0,0.010526316,104.2012273,0.0,Sep,2,2,1,2,Returning_Visitor,0,1
0,0.0,0,0.0,3,14.0,0.0,0.066666667,0.0,0.0,Mar,4,1,3,3,Returning_Visitor,0,0
1,50.4,0,0.0,49,1463.48,0.004081633,0.015646259,24.68624612,0.0,June,2,2,9,1,Returning_Visitor,0,0
0,0.0,0,0.0,104,3528.060714,0.006213018,0.035602227,0.0,0.0,Jul,2,2,1,1,Returning_Visitor,0,0
0,0.0,0,0.0,1,0.0,0.2,0.2,0.0,0.0,Nov,3,2,3,2,Returning_Visitor,0,0
3,9.0,0,0.0,17,372.25,0.0,0.016666667,0.0,0.0,Nov,4,1,3,1,Returning_Visitor,0,0
3,52.0,0,0.0,9,319.0,0.0,0.02,0.0,0.0,Mar,1,1,1,1,Returning_Visitor,0,0
0,0.0,0,0.0,2,73.0,0.0,0.05,0.0,0.0,May,1,1,1,3,Returning_Visitor,0,0
3,154.5,0,0.0,21,638.3333333,0.0,0.047222222,0.0,0.0,May,2,5,4,4,Returning_Visitor,0,0
2,49.4,0,0.0,45,1526.14119,0.0,0.004444444,117.6165932,0.0,Sep,2,2,3,2,Returning_Visitor,1,1
2,21.25,0,0.0,33,968.6444444,0.019191919,0.023480257,0.0,0.0,Nov,3,2,1,8,Returning_Visitor,1,0
9,171.6666667,3,109.75,41,1284.663492,0.016326531,0.032653061,21.22386735,0.0,Mar,2,2,1,1,Returning_Visitor,0,0
0,0.0,0,0.0,11,170.5,0.0,0.018181818,0.0,0.0,Nov,1,8,1,11,Returning_Visitor,1,0
6,257.5,0,0.0,37,2533.333333,0.014634146,0.031707317,6.651334683,0.0,Nov,2,2,3,1,Returning_Visitor,0,1
1,21.0,0,0.0,23,529.75,0.0,0.009090909,57.3158913,0.0,Nov,1,2,1,8,New_Visitor,0,1
0,0.0,0,0.0,24,968.6924242,0.0,0.0,106.2525169,0.0,Nov,1,1,9,2,Returning_Visitor,0,1
5,766.8333333,0,0.0,37,1133.016667,0.0,0.013846154,49.66307692,0.0,May,4,2,4,2,Returning_Visitor,0,1
2,38.0,0,0.0,21,733.7,0.0,0.014035088,0.0,0.0,Mar,2,7,1,3,Returning_Visitor,1,0
0,0.0,0,0.0,30,1372.455556,0.012903226,0.021505376,21.14016404,0.0,Sep,2,2,7,1,Returning_Visitor,0,0
0,0.0,0,0.0,4,17.0,0.1,0.15,0.0,0.0,Dec,2,2,1,1,Returning_Visitor,0,0
9,122.5171429,0,0.0,167,3890.865924,0.002339181,0.009653998,0.0,0.0,Jul,2,2,1,2,Returning_Visitor,0,0
0,0.0,0,0.0,4,0.0,0.2,0.2,0.0,0.0,Mar,1,2,1,1,Returning_Visitor,0,0
2,66.26666667,1,348.6,6,233.1666667,0.044444444,0.046666667,11.12205139,0.0,Oct,3,2,3,7,Returning_Visitor,0,0
0,0.0,0,0.0,26,586.85,0.015384615,0.031868132,0.0,0.0,Dec,3,2,1,10,Returning_Visitor,0,0
0,0.0,0,0.0,19,224.0,0.0,0.052631579,0.0,0.0,May,2,2,3,19,Returning_Visitor,0,0
1,8.0,0,0.0,14,269.5,0.0,0.019047619,0.0,0.0,Mar,2,2,3,1,Returning_Visitor,0,0
7,229.75,0,0.0,33,760.6190476,0.0,0.011111111,51.86660251,0.0,Nov,2,2,3,2,New_Visitor,0,1
0,0.0,0,0.0,21,1045.0,0.0,0.031746032,0.0,0.0,May,2,6,2,13,Returning_Visitor,0,0
2,20.0,0,0.0,66,3391.68588,0.028955224,0.038335618,0.0,0.0,Dec,3,2,8,1,Returning_Visitor,0,0
16,770.6,0,0.0,52,3593.12932,0.007795699,0.018264209,0.0,0.0,May,1,2,1,2,Returning_Visitor,0,0
2,55.0,0,0.0,16,1851.5,0.023529412,0.041176471,0.0,0.0,May,2,5,1,1,Returning_Visitor,0,0
0,0.0,0,0.0,1,0.0,0.2,0.2,0.0,0.0,Sep,2,2,1,1,Returning_Visitor,1,0
0,0.0,0,0.0,22,266.1666667,0.009090909,0.018181818,0.0,0.0,Nov,2,4,1,2,Returning_Visitor,0,0
2,50.875,0,0.0,32,1375.8,0.016129032,0.041935484,0.0,0.0,Nov,3,2,3,6,Returning_Visitor,1,0
0,0.0,3,65.0,15,1957.616667,0.0,0.00625,0.0,0.0,Mar,1,1,1,1,Returning_Visitor,1,0
5,543.0,6,320.5,20,2039.0,0.0,0.016296296,25.38925926,0.0,May,2,2,1,2,Returning_Visitor,0,1
4,20.06666667,1,189.4,10,297.1666667,0.0,0.028571429,0.0,0.0,Nov,2,2,1,4,Returning_Visitor,0,0
0,0.0,0,0.0,13,1245.25,0.0,0.015384615,0.0,0.0,Dec,2,2,1,2,Returning_Visitor,1,0
0,0.0,0,0.0,13,399.5,0.0,0.005128205,0.0,1.0,May,3,2,5,1,Returning_Visitor,1,0
0,0.0,0,0.0,10,225.4666667,0.0,0.05,0.0,0.4,Feb,1,1,8,3,Returning_Visitor,0,0
0,0.0,6,270.3333333,11,160.5,0.0,0.004761905,0.0,0.0,Mar,2,4,1,8,New_Visitor,0,0
10,196.25,1,46.4,271,12292.46381,0.005995204,0.02001083,0.038034542,0.0,Jul,2,2,2,3,Returning_Visitor,1,0
0,0.0,0,0.0,51,2786.916667,0.003921569,0.011764706,0.0,0.0,Nov,2,2,1,3,Returning_Visitor,0,0
1,8.0,0,0.0,32,690.2541667,0.012121212,0.029834711,10.05608631,0.0,Dec,1,1,3,2,Returning_Visitor,1,0
0,0.0,0,0.0,39,835.6809524,0.032478632,0.028162393,0.0,0.0,Jul,1,1,6,3,Returning_Visitor,0,0
5,436.0,0,0.0,7,26.0,0.066666667,0.075,0.0,0.0,May,3,2,2,13,Returning_Visitor,0,0
8,279.25,2,1652.0,43,1717.740476,0.0,0.018472224,18.07802206,0.0,Dec,3,2,5,2,Returning_Visitor,0,1
0,0.0,0,0.0,72,5465.320175,0.033789954,0.06037786,0.0,0.0,Sep,2,5,2,1,Returning_Visitor,0,0
1,21.2,0,0.0,41,1808.953333,0.0,0.012195122,0.0,0.0,Nov,2,2,3,3,Returning_Visitor,0,0
3,44.75,0,0.0,7,102.0,0.066666667,0.074074074,0.0,0.4,May,3,2,2,13,Returning_Visitor,0,0
11,196.15,0,0.0,141,2623.580864,0.0,0.004244028,12.50786523,0.0,Nov,2,2,6,2,Returning_Visitor,0,0
1,36.5,0,0.0,30,1668.116667,0.0,0.023809524,0.0,0.0,Dec,1,1,8,2,Returning_Visitor,0,0
13,241.7666667,0,0.0,12,255.3,0.002,0.036666667,0.0,0.0,Mar,2,2,8,2,Returning_Visitor,0,0
0,0.0,0,0.0,12,169.3,0.0,0.016666667,0.0,0.0,Mar,2,2,3,2,Returning_Visitor,1,0
0,0.0,0,0.0,8,202.8333333,0.0,0.014285714,0.0,0.0,May,2,4,1,2,Returning_Visitor,0,0
4,141.7619048,0,0.0,20,850.0357143,0.025,0.041666667,0.0,0.0,May,2,2,6,4,Returning_Visitor,0,0
0,0.0,0,0.0,49,2110.124603,0.0,0.004081633,62.93549178,0.0,Nov,2,2,1,10,Returning_Visitor,0,1
5,174.3,0,0.0,39,794.7131148,0.032954545,0.056528671,0.0,0.0,Sep,1,2,1,1,Returning_Visitor,0,0
0,0.0,0,0.0,22,348.5,0.004545455,0.022727273,0.0,0.0,Nov,2,2,1,1,Returning_Visitor,1,1
0,0.0,0,0.0,2,0.0,0.2,0.2,0.0,0.0,Jul,1,1,3,1,Returning_Visitor,0,0
4,381.8,0,0.0,1,31.2,0.0,0.04,0.0,0.0,Sep,2,4,4,2,Returning_Visitor,1,0
0,0.0,0,0.0,28,756.8611111,0.035714286,0.067857143,0.0,0.0,Dec,2,2,4,1,Returning_Visitor,0,0
0,0.0,0,0.0,25,710.5,0.032,0.084,0.0,0.8,May,2,2,6,13,Returning_Visitor,0,0
0,0.0,2,23.0,52,4167.488095,0.009615385,0.024839744,0.0,0.0,May,2,2,3,1,Returning_Visitor,0,0
12,232.3404762,1,19.2,22,504.0285714,0.0,0.003763441,0.0,0.0,Sep,1,1,1,3,New_Visitor,0,0
4,42.0,1,28.5,34,1367.0,0.0,0.001960784,0.0,0.0,Nov,2,2,3,2,Returning_Visitor,0,0
4,19.66666667,3,254.9166667,147,4254.666667,0.008445946,0.01925038,0.0,0.0,Nov,2,2,1,1,Returning_Visitor,0,0
0,0.0,0,0.0,2,0.0,0.2,0.2,0.0,0.0,May,2,6,1,3,Returning_Visitor,0,0
6,140.0,1,12.0,52,723.315873,0.001212121,0.006277056,4.504381818,0.0,May,3,2,4,11,Returning_Visitor,0,0
0,0.0,0,0.0,122,1945.321429,0.018032787,0.033333333,0.0,1.0,May,2,6,1,6,Returning_Visitor,1,0
8,185.0,0,0.0,12,368.9,0.00625,0.02375,0.0,0.0,Oct,3,2,1,13,Returning_Visitor,1,0
0,0.0,0,0.0,20,593.7019802,0.0,0.005364455,20.82613173,0.0,Nov,2,5,2,5,Returning_Visitor,1,1
8,403.0,0,0.0,52,1616.54816,0.0,0.003685897,0.0,0.0,Nov,1,1,1,3,Returning_Visitor,0,0
4,159.0,0,0.0,16,307.6166667,0.0,0.010526316,0.0,0.0,Oct,1,1,3,2,Returning_Visitor,1,0
0,0.0,0,0.0,3,183.0,0.0,0.066666667,0.0,0.0,Mar,1,1,1,1,Returning_Visitor,1,0
0,0.0,0,0.0,4,16.0,0.1,0.15,0.0,0.0,Feb,2,5,5,1,Returning_Visitor,0,0
2,83.4,2,385.8,41,1194.988132,0.0,0.018043478,10.25950957,0.0,Oct,1,1,3,2,Returning_Visitor,0,0
4,39.58333333,0,0.0,115,2547.717986,0.003478261,0.007207729,13.26221446,0.0,Nov,2,2,4,10,Returning_Visitor,0,1
12,651.875,3,20.0,59,3066.695513,0.0,0.010460069,0.0,0.0,Nov,2,2,3,1,Returning_Visitor,0,0
0,0.0,0,0.0,11,2076.75,0.036363636,0.081818182,0.0,0.0,Nov,2,2,4,3,Returning_Visitor,0,0
0,0.0,0,0.0,48,1900.675,0.008510638,0.009574468,0.0,0.0,Nov,1,1,3,10,Returning_Visitor,1,1
0,0.0,2,76.0,35,2068.928571,0.0,0.014285714,39.27145714,0.0,May,2,6,6,6,Returning_Visitor,0,1
4,34.0,0,0.0,46,627.3083333,0.0,0.004166667,0.0,0.0,Mar,2,2,7,8,New_Visitor,0,0
0,0.0,0,0.0,5,24.0,0.0,0.05,0.0,0.2,May,2,2,4,1,Returning_Visitor,0,0
6,180.0666667,0,0.0,3,111.8,0.0,0.007142857,0.0,0.0,Aug,2,2,9,5,New_Visitor,1,0
0,0.0,0,0.0,2,689.0,0.0,0.1,0.0,0.0,May,2,2,3,2,New_Visitor,0,0
2,0.0,0,0.0,17,1394.666667,0.0,0.029761905,0.0,0.0,Mar,2,4,2,6,Returning_Visitor,0,0
5,72.57333333,10,208.6,27,1091.323333,0.005,0.029166667,0.0,0.0,Sep,2,2,1,2,Returning_Visitor,0,1
4,118.5,1,8.5,62,2910.632251,0.005833333,0.017587302,25.05062136,0.0,Nov,3,2,1,2,Returning_Visitor,0,1
4,69.0,1,0.0,19,580.5,0.010526316,0.049122807,22.32934737,0.0,May,2,2,1,3,Returning_Visitor,1,1
1,5.0,0,0.0,43,1990.125,0.001162791,0.024031008,6.889766003,0.0,Dec,2,2,3,3,Returning_Visitor,0,0
3,79.93333333,0,0.0,17,348.85,0.0,0.023684211,0.0,0.0,Nov,2,2,1,20,Returning_Visitor,0,0
1,11.0,0,0.0,20,1166.333333,0.0,0.002631579,14.1273698,0.0,Nov,2,2,2,2,Returning_Visitor,1,1
0,0.0,0,0.0,12,459.0833333,0.004545455,0.084545455,0.0,0.0,Dec,2,2,1,2,Returning_Visitor,0,0
9,156.6071429,5,156.75,83,2694.507143,0.0,0.009090909,0.0,0.0,Nov,2,4,1,2,Returning_Visitor,0,1
0,0.0,0,0.0,6,74.0,0.0,0.02,0.0,0.0,Mar,2,4,6,8,Returning_Visitor,0,0
5,110.0,6,1188.5,230,9648.177094,0.004444444,0.015486639,3.359435653,0.0,Nov,2,2,1,2,Returning_Visitor,0,0
0,0.0,0,0.0,38,1338.778571,0.011111111,0.024532828,0.0,0.0,Nov,1,1,1,3,Returning_Visitor,1,0
3,106.75,0,0.0,5,137.3333333,0.0,0.005,0.0,0.0,Mar,3,2,1,2,New_Visitor,1,0
0,0.0,1,81.0,82,3214.020563,0.0,0.007723577,4.667079268,0.0,Mar,3,3,2,10,Returning_Visitor,0,1
0,0.0,0,0.0,19,439.8333333,0.005555556,0.003703704,0.0,0.0,Mar,1,1,7,2,New_Visitor,0,0
1,5.0,1,7.0,31,561.0940141,0.034375,0.052507716,0.0,0.0,Jul,3,2,3,13,Returning_Visitor,0,0
0,0.0,0,0.0,4,33.0,0.05,0.1,0.0,0.0,May,2,10,1,3,Returning_Visitor,0,0
0,0.0,0,0.0,50,1735.595238,0.0,0.008746356,0.0,0.2,May,2,2,3,1,Returning_Visitor,0,0
0,0.0,0,0.0,49,1768.980303,0.0,0.004166667,9.0847678,0.0,Nov,3,2,4,11,Returning_Visitor,1,1
0,0.0,0,0.0,13,328.9166667,0.0,0.014285714,59.79014286,0.0,Mar,3,2,1,3,Returning_Visitor,0,1
8,108.7,0,0.0,85,2651.943186,0.000888889,0.01426455,0.898495409,0.0,Jul,2,2,9,4,Returning_Visitor,0,0
0,0.0,0,0.0,41,4373.847619,0.00232288,0.033787661,0.0,0.0,Dec,2,5,1,3,Returning_Visitor,1,0
0,0.0,0,0.0,1,0.0,0.2,0.2,0.0,0.0,Mar,2,6,1,1,Returning_Visitor,0,0
0,0.0,1,28.0,13,474.6666667,0.0,0.014285714,33.41,0.0,Mar,2,2,1,6,Returning_Visitor,0,1
1,4.0,2,11.0,110,3211.827706,0.003571429,0.012916667,0.0,0.0,Mar,2,2,1,2,Returning_Visitor,0,0
0,0.0,0,0.0,5,99.0,0.0,0.04,0.0,0.0,Nov,2,4,1,3,Returning_Visitor,0,0
0,0.0,0,0.0,2,12.0,0.0,0.1,0.0,0.0,Aug,1,1,1,4,Returning_Visitor,1,0
8,57.5,0,0.0,44,845.8333333,0.004255319,0.012765957,19.29753191,0.6,May,2,2,1,3,Returning_Visitor,0,1
0,0.0,0,0.0,8,261.8,0.01,0.04,10.99901844,0.0,Sep,2,2,4,1,Returning_Visitor,1,0
2,569.0,1,58.5,23,941.6994048,0.0,0.008,9.331744184,0.0,Dec,2,2,4,2,New_Visitor,0,1
0,0.0,0,0.0,1,0.0,0.2,0.2,0.0,0.0,May,2,2,4,1,Returning_Visitor,0,0
3,89.6,0,0.0,57,1721.906667,0.0,0.005932203,204.0079491,0.0,Nov,2,2,1,4,Returning_Visitor,1,1
5,143.8333333,1,55.0,19,1762.5,0.0,0.013461538,31.54642738,0.0,Mar,3,2,1,2,Returning_Visitor,0,1
0,0.0,1,0.0,26,653.4,0.041333333,0.067142857,0.0,0.0,Jul,2,2,2,1,Returning_Visitor,1,0
0,0.0,0,0.0,1,0.0,0.2,0.2,0.0,0.0,Nov,2,2,3,13,Returning_Visitor,0,0
4,68.75,0,0.0,23,585.65,0.0,0.008695652,0.0,0.0,Dec,8,1,1,2,New_Visitor,1,0
3,66.4,0,0.0,16,516.4785714,0.022222222,0.035555556,0.0,0.0,Sep,3,2,3,5,Returning_Visitor,0,0
6,102.5,1,10.0,23,237.25,0.0,0.005185185,0.0,0.0,May,2,2,1,4,Returning_Visitor,0,0
0,0.0,0,0.0,69,3621.066667,0.001492537,0.02032147,0.0,0.0,Nov,2,1,1,2,Returning_Visitor,0,1
0,0.0,0,0.0,1,0.0,0.2,0.2,0.0,0.0,Nov,2,2,7,8,New_Visitor,0,0
1,5.5,0,0.0,7,277.0,0.044444444,0.035555556,0.0,0.4,May,1,1,1,3,Returning_Visitor,0,0
7,86.75,1,0.0,101,3094.366667,0.000269542,0.014951401,56.72227169,0.0,Nov,2,2,1,2,Returning_Visitor,0,1
0,0.0,0,0.0,7,76.0,0.0,0.071428571,0.0,0.0,May,2,2,7,3,Returning_Visitor,0,0
2,69.0,0,0.0,51,2103.628837,0.0,0.015384615,40.659727,0.0,Sep,2,2,4,13,Returning_Visitor,0,1
0,0.0,0,0.0,11,398.6944444,0.014814815,0.059259259,0.0,0.0,Nov,1,8,3,11,Returning_Visitor,0,0
0,0.0,0,0.0,4,86.36,0.0625,0.11875,0.0,0.0,Aug,3,2,4,1,Returning_Visitor,1,0
6,82.01111111,2,211.6,162,6117.814359,0.0,0.003964551,22.36033441,0.0,Sep,2,2,1,6,Returning_Visitor,0,0
0,0.0,0,0.0,18,495.0,0.011111111,0.03,0.0,0.8,May,3,2,1,13,Returning_Visitor,0,0
0,0.0,0,0.0,69,5793.52381,0.0,0.007835821,0.0,0.0,Nov,2,2,1,8,New_Visitor,0,0
0,0.0,0,0.0,4,29.0,0.1,0.125,0.0,0.8,May,2,2,2,4,Returning_Visitor,0,0
1,9.0,0,0.0,15,266.0,0.028571429,0.057142857,0.0,0.8,May,4,2,1,13,Returning_Visitor,0,0
5,41.7,1,114.0,401,14568.16201,0.006633907,0.020148947,3.546315545,0.0,Nov,2,2,4,1,Returning_Visitor,0,1
0,0.0,0,0.0,2,7.0,0.0,0.1,0.0,0.0,Mar,2,2,1,1,Returning_Visitor,0,0
0,0.0,0,0.0,5,126.0833333,0.04,0.053333333,0.0,0.0,Nov,3,2,7,13,Returning_Visitor,0,0
0,0.0,0,0.0,9,228.5,0.022222222,0.044444444,0.0,0.2,May,3,2,3,3,Returning_Visitor,0,0
8,440.4615385,1,0.0,89,3236.865632,0.012544803,0.027526998,7.329008963,0.0,Nov,1,1,1,10,Returning_Visitor,1,0
0,0.0,1,0.0,18,648.0,0.0,0.021052632,0.0,0.0,Nov,2,4,1,2,New_Visitor,0,0
6,344.5,0,0.0,7,186.0,0.046153846,0.033333333,0.0,0.0,Nov,3,2,1,2,Returning_Visitor,1,0
1,8.0,0,0.0,6,189.75,0.0,0.019047619,0.0,0.0,Nov,1,1,7,2,Returning_Visitor,0,0
0,0.0,0,0.0,13,338.2,0.030769231,0.069230769,0.0,0.0,Oct,1,1,4,4,Returning_Visitor,1,0
10,76.16666667,0,0.0,17,404.0,0.0,0.025757576,0.0,0.0,May,1,2,2,11,Returning_Visitor,1,0
0,0.0,0,0.0,5,156.0,0.0,0.04,0.0,0.0,Feb,1,1,9,3,Returning_Visitor,0,0
2,48.66666667,0,0.0,48,3726.333333,0.0,0.004166667,0.0,0.0,Mar,3,2,1,9,Returning_Visitor,1,0
1,156.2,0,0.0,3,50.4,0.0,0.0,92.97624144,0.0,Oct,2,2,7,2,Returning_Visitor,1,1
2,42.5,2,10.0,43,1543.5,0.0,0.004444444,8.671344071,0.0,Dec,8,13,9,20,Other,0,1
1,0.0,0,0.0,59,1669.940186,0.004137931,0.011611098,0.0,0.0,Dec,2,2,3,7,Returning_Visitor,1,0
1,2.0,6,657.8333333,140,3252.200476,0.005479452,0.024292237,0.0,0.0,Jul,2,2,4,1,Returning_Visitor,0,0
2,390.0,0,0.0,10,1169.1,0.02,0.05,0.0,0.0,Mar,3,9,9,2,Returning_Visitor,0,0
0,0.0,0,0.0,6,149.5,0.0,0.066666667,0.0,0.4,May,2,2,1,13,Returning_Visitor,0,0
1,27.0,0,0.0,15,1486.666667,0.0,0.013809524,0.0,0.0,May,1,1,1,1,Returning_Visitor,1,0
0,0.0,0,0.0,4,568.4782609,0.05,0.068285714,0.0,0.4,May,2,2,1,7,Returning_Visitor,0,0
0,0.0,0,0.0,2,20.0,0.0,0.05,0.0,0.0,May,4,5,1,13,Returning_Visitor,0,0
0,0.0,1,0.0,131,4597.575252,0.006766917,0.028754539,0.0,0.0,Dec,3,2,1,2,Returning_Visitor,0,0
0,0.0,0,0.0,33,1239.5,0.070588235,0.095098039,0.0,1.0,May,2,2,1,2,Returning_Visitor,1,0
4,54.8,0,0.0,3,20.25714286,0.0,0.028571429,0.0,0.0,Aug,1,1,3,2,Returning_Visitor,0,0
0,0.0,0,0.0,1,0.0,0.2,0.2,0.0,0.0,May,1,1,2,2,Returning_Visitor,0,0
0,0.0,0,0.0,59,3033.689449,0.00756193,0.015479685,0.0,0.0,Nov,1,2,3,2,Returning_Visitor,0,0
1,54.0,0,0.0,3,59.0,0.0,0.05,0.0,0.0,Mar,2,2,9,8,Returning_Visitor,0,0
2,75.6,2,68.4,2,44.66666667,0.0,0.033333333,0.0,0.0,Oct,2,2,7,2,New_Visitor,1,0
4,22.5,0,0.0,15,289.85,0.0,0.022222222,57.96417654,0.0,Mar,2,2,2,3,New_Visitor,1,1
0,0.0,0,0.0,38,1517.416739,0.0,0.004122807,0.0,0.0,Nov,4,2,4,2,Returning_Visitor,0,0
13,214.8823529,0,0.0,41,1182.106162,0.0,0.018485839,4.465398354,0.0,Mar,2,4,3,2,Returning_Visitor,0,0
0,0.0,0,0.0,8,93.0,0.0,0.05,0.0,0.0,Dec,2,5,3,1,Returning_Visitor,0,0
0,0.0,0,0.0,8,83.5,0.075,0.1,0.0,0.0,Dec,2,2,5,2,Returning_Visitor,0,0
1,12.6,0,0.0,6,140.7,0.0,0.00952381,15.89480154,0.0,Jul,2,10,3,2,Returning_Visitor,1,1
2,25.0,3,52.0,60,4139.625,0.013636364,0.032912458,5.976060606,0.4,May,2,2,4,13,Returning_Visitor,0,0
0,0.0,0,0.0,9,223.0,0.0,0.022222222,0.0,0.0,Mar,3,2,5,2,Returning_Visitor,0,0
4,208.8888889,4,134.0,37,1335.809127,0.024242424,0.038460744,6.062330164,0.0,Dec,1,1,6,1,Returning_Visitor,0,0
4,56.66666667,0,0.0,21,797.2952381,0.0,0.019875776,0.0,0.0,May,1,1,3,2,Returning_Visitor,0,0
4,191.1666667,0,0.0,108,4656.331746,0.006456456,0.018326694,0.0,0.0,Nov,3,2,1,10,Returning_Visitor,0,0
0,0.0,0,0.0,44,1502.291667,0.004545455,0.027272727,0.0,0.0,Dec,2,2,1,2,New_Visitor,0,0
1,15.0,0,0.0,29,1714.4,0.024074074,0.048765432,0.0,0.0,May,2,5,6,4,Returning_Visitor,0,0
12,238.4833333,0,0.0,13,269.2333333,0.0,0.01,0.0,0.0,Dec,2,10,1,3,New_Visitor,0,0
5,158.5,2,15.0,34,2193.383333,0.0,0.024324324,0.0,0.0,Nov,1,1,1,2,Returning_Visitor,1,1
0,0.0,0,0.0,10,211.8333333,0.0,0.04,0.0,0.0,Dec,2,2,3,13,Returning_Visitor,0,0
0,0.0,0,0.0,3,60.4,0.0,0.066666667,0.0,0.0,Sep,1,1,1,5,Returning_Visitor,0,0
0,0.0,0,0.0,5,226.0,0.086666667,0.133333333,0.0,0.0,May,1,1,1,1,Returning_Visitor,0,0
0,0.0,0,0.0,2,16.0,0.0,0.1,0.0,0.0,Nov,2,2,4,8,Returning_Visitor,0,0
2,47.4,0,0.0,14,478.6,0.04375,0.079166667,0.0,0.0,Jul,4,1,1,4,Returning_Visitor,1,0
5,110.95,0,0.0,23,448.25,0.024,0.043333333,0.0,0.0,Nov,3,2,8,11,Returning_Visitor,0,0
3,81.6,0,0.0,13,443.9,0.0,0.0125,0.0,0.0,Sep,1,1,5,5,New_Visitor,0,0
3,14.5,0,0.0,25,1040.75,0.0,0.024266667,0.0,0.0,Mar,4,1,1,2,Returning_Visitor,1,0
11,201.84,0,0.0,48,2074.401905,0.0,0.016071429,7.248757745,0.0,Aug,2,7,3,1,Returning_Visitor,0,0
0,0.0,0,0.0,8,1066.25,0.0,0.028571429,9.0847678,0.0,Nov,1,8,4,11,Returning_Visitor,1,1
0,0.0,0,0.0,171,6793.383281,0.007766272,0.023198706,2.381971158,0.0,Nov,2,2,1,1,Returning_Visitor,0,1
0,0.0,0,0.0,8,227.0,0.025,0.05,0.0,0.0,May,3,2,6,13,Returning_Visitor,0,0
5,943.0,2,16.0,7,935.6666667,0.0,0.0375,0.0,0.0,Nov,2,2,3,6,Returning_Visitor,1,1
4,134.39,1,191.9,24,1592.533333,0.003703704,0.013580247,5.245868726,0.0,Oct,3,2,1,5,Returning_Visitor,0,0
0,0.0,0,0.0,4,66.0,0.0,0.025,0.0,0.0,Dec,2,2,4,2,Returning_Visitor,0,0
6,75.0,0,0.0,33,1930.333333,0.012222222,0.039074074,0.0,0.0,May,2,2,4,11,Returning_Visitor,0,0
4,20.0,0,0.0,34,461.2333333,0.0,0.022685185,0.0,0.0,Jul,2,4,1,4,Returning_Visitor,1,0
3,14.0,0,0.0,30,513.9404762,0.0,0.01,62.866,0.0,May,2,2,4,13,Returning_Visitor,0,0
13,456.9880952,3,72.83333333,39,976.7103175,0.004166667,0.009722222,39.65538156,0.0,Mar,1,1,1,1,Returning_Visitor,1,1
0,0.0,0,0.0,14,169.9166667,0.0,0.076190476,0.0,0.0,Nov,2,2,4,2,Returning_Visitor,0,1
0,0.0,0,0.0,25,610.3095238,0.0,0.039,0.0,0.0,Nov,2,2,3,2,Returning_Visitor,0,0
0,0.0,0,0.0,20,1006.666667,0.0,0.005555556,0.0,0.6,May,1,1,1,2,Returning_Visitor,0,0
8,117.0238095,2,57.0,11,252.8928571,0.0,0.011078431,0.0,0.0,May,2,2,2,4,Returning_Visitor,0,0
4,296.2,0,0.0,33,920.4,0.0,0.013513514,0.0,0.0,Oct,1,1,1,5,Returning_Visitor,0,0
6,100.5,0,0.0,10,332.5833333,0.0,0.002197802,0.0,0.0,Dec,8,13,9,20,Other,0,0
0,0.0,0,0.0,6,231.8,0.066666667,0.066666667,0.0,0.0,Oct,2,5,3,2,Returning_Visitor,0,0
0,0.0,0,0.0,27,458.2560317,0.007407407,0.022222222,38.12368584,0.0,June,1,1,2,2,Returning_Visitor,0,1
6,65.25,0,0.0,21,829.3333333,0.0,0.008333333,0.0,0.0,Nov,2,5,4,1,Returning_Visitor,1,0
0,0.0,0,0.0,5,180.3333333,0.02,0.02,0.0,0.0,Mar,1,1,1,3,Returning_Visitor,1,0
0,0.0,0,0.0,6,99.0,0.066666667,0.083333333,0.0,0.2,May,2,2,2,2,Returning_Visitor,0,0
5,60.0,1,0.0,10,647.6666667,0.016666667,0.04,0.0,0.0,May,2,4,1,2,Returning_Visitor,1,0
4,120.0,4,64.0,52,1859.083333,0.010344828,0.018390805,17.24870115,0.0,May,2,2,2,13,Returning_Visitor,0,1
5,88.83333333,0,0.0,27,494.6440476,0.0,0.006781609,0.0,0.0,Nov,1,1,1,2,Returning_Visitor,0,0
0,0.0,0,0.0,18,1659.25,0.0375,0.062202381,0.0,0.0,Nov,2,2,4,10,Returning_Visitor,0,0
1,466.0,0,0.0,6,609.5416667,0.033333333,0.116666667,0.0,0.0,Nov,2,2,1,2,Returning_Visitor,0,0
0,0.0,0,0.0,12,460.2,0.061111111,0.111111111,0.0,0.0,Jul,2,2,6,4,Returning_Visitor,0,0
5,80.0,0,0.0,29,957.6666667,0.0,0.001785714,0.0,0.0,May,2,4,1,3,New_Visitor,0,0
0,0.0,0,0.0,112,6673.291392,0.0,0.008744589,5.468093499,0.0,Nov,2,4,1,3,Returning_Visitor,0,0
3,49.5,0,0.0,27,702.6431624,0.015517241,0.027155172,0.0,0.0,Nov,3,2,3,3,Returning_Visitor,0,0
0,0.0,0,0.0,3,8.0,0.0,0.066666667,0.0,0.0,Mar,2,2,6,1,Returning_Visitor,0,0
0,0.0,0,0.0,10,122.8,0.11,0.133333333,0.0,0.0,Jul,3,2,3,13,Returning_Visitor,0,0
6,228.0,5,89.33333333,18,513.4666667,0.0,0.003461538,0.0,0.0,Mar,1,1,3,3,New_Visitor,0,0
0,0.0,0,0.0,1,0.0,0.2,0.2,0.0,0.0,June,2,4,3,4,New_Visitor,0,0
8,87.5,0,0.0,31,496.5833333,0.005405405,0.012612613,3.889459459,0.0,Mar,2,2,7,2,Returning_Visitor,0,1
0,0.0,0,0.0,3,19.0,0.066666667,0.133333333,0.0,0.0,Nov,2,5,3,10,Returning_Visitor,0,0
5,63.0,0,0.0,27,458.5,0.0,0.005952381,0.0,0.0,Dec,2,2,6,2,New_Visitor,1,0
0,0.0,2,842.3,26,1911.711111,0.015384615,0.036666667,8.018832458,0.0,Jul,3,2,1,2,Returning_Visitor,1,1
0,0.0,0,0.0,12,155.0,0.066666667,0.091666667,0.0,0.0,Nov,4,2,1,1,Returning_Visitor,0,0
0,0.0,0,0.0,11,203.5,0.018181818,0.042424242,0.0,0.0,Dec,4,5,3,3,Returning_Visitor,0,0
0,0.0,0,0.0,40,1783.25,0.008333333,0.026416667,0.0,0.8,May,2,6,3,2,Returning_Visitor,0,0
4,34.0,0,0.0,3,24.0,0.0,0.04,0.0,0.0,May,1,1,3,2,New_Visitor,0,0
0,0.0,0,0.0,1,0.0,0.2,0.2,0.0,0.2,Feb,2,4,1,3,Returning_Visitor,0,0
11,377.8333333,0,0.0,40,1337.842794,0.008695652,0.022304507,0.0,0.0,Mar,3,2,3,3,Returning_Visitor,1,0
3,36.0,1,62.0,19,924.3333333,0.0,0.004761905,0.0,0.0,Mar,2,2,1,2,New_Visitor,0,0
0,0.0,0,0.0,21,597.3333333,0.09047619,0.121428571,0.0,0.6,May,3,2,1,13,Returning_Visitor,0,0
0,0.0,0,0.0,28,728.9791667,0.029761905,0.032959184,0.0,0.0,Nov,1,1,3,2,Returning_Visitor,0,0
0,0.0,0,0.0,3,52.5,0.066666667,0.1,0.0,0.0,Dec,3,2,3,3,Returning_Visitor,0,0
0,0.0,0,0.0,14,291.6,0.0,0.085714286,0.0,1.0,May,2,2,1,6,Returning_Visitor,1,0
0,0.0,0,0.0,32,2632.7,0.00625,0.013541667,0.0,0.0,Nov,1,1,1,3,Returning_Visitor,1,0
8,168.1666667,0,0.0,70,2146.757984,0.0,0.009316323,67.30929078,0.0,Nov,2,4,5,2,Returning_Visitor,0,0
3,120.0,0,0.0,5,198.0,0.0,0.014285714,0.0,0.0,May,3,3,4,2,New_Visitor,1,0
0,0.0,0,0.0,7,1803.666667,0.082142857,0.08,0.0,0.0,Dec,2,5,1,8,Returning_Visitor,1,0
6,113.5,0,0.0,18,1066.5,0.0,0.005072464,0.0,0.0,Mar,2,2,7,2,New_Visitor,0,0
4,11.0,0,0.0,44,2149.190195,0.02705314,0.048201119,0.0,0.0,Aug,1,1,1,3,Returning_Visitor,0,0
1,44.5,0,0.0,52,1300.041667,0.001960784,0.023193277,6.028854102,0.0,Nov,2,2,2,2,Returning_Visitor,1,1
2,43.73333333,0,0.0,19,158.9333333,0.0,0.003741497,0.0,0.0,June,1,1,6,2,Returning_Visitor,0,0
0,0.0,0,0.0,5,517.5,0.025,0.1,0.0,0.0,May,1,1,2,4,Returning_Visitor,0,0
9,135.1,0,0.0,23,620.0333333,0.022222222,0.030246914,0.0,0.0,Aug,2,5,5,1,Returning_Visitor,0,0
0,0.0,0,0.0,14,422.1333333,0.071428571,0.103333333,0.0,0.0,Jul,3,2,4,3,Returning_Visitor,1,0
0,0.0,1,14.0,119,2763.011332,0.005367232,0.007566642,0.0,0.0,Nov,3,2,3,13,Returning_Visitor,1,0
1,3.0,0,0.0,11,228.6666667,0.0,0.03,0.0,0.6,May,2,2,4,3,Returning_Visitor,0,0
0,0.0,0,0.0,3,55.0,0.066666667,0.133333333,0.0,0.6,May,1,8,4,20,Returning_Visitor,0,0
0,0.0,0,0.0,6,116.5,0.0,0.066666667,0.0,0.0,Mar,2,2,2,3,Returning_Visitor,1,0
1,23.0,2,272.5,30,974.2698413,0.006451613,0.007885305,11.47812903,0.0,May,2,2,4,1,Returning_Visitor,1,1
0,0.0,0,0.0,18,391.5833333,0.0,0.025,0.0,0.0,Dec,2,2,7,2,New_Visitor,0,0
0,0.0,0,0.0,6,162.5,0.0,0.033333333,0.0,0.0,May,2,2,1,1,Returning_Visitor,0,0
0,0.0,0,0.0,7,42.0,0.057142857,0.085714286,0.0,0.0,Dec,2,4,6,1,Returning_Visitor,1,0
1,18.0,0,0.0,29,765.3928571,0.0,0.000892857,0.0,0.0,Nov,2,2,8,3,New_Visitor,0,0
11,92.10151515,0,0.0,69,2183.007024,0.008552632,0.032956586,0.0,0.0,Jul,2,2,5,6,Returning_Visitor,0,0
6,165.9487179,2,114.0,42,2016.115385,0.016,0.028841026,26.65415979,0.0,Nov,1,1,3,2,Returning_Visitor,0,0
4,65.16666667,0,0.0,31,736.7833333,0.0,0.008823529,0.0,0.6,May,2,2,8,3,Returning_Visitor,0,0
1,0.0,0,0.0,21,658.25,0.035497835,0.057482993,0.0,0.0,Nov,3,2,5,13,Returning_Visitor,0,0
0,0.0,0,0.0,15,411.0833333,0.013333333,0.033333333,0.0,0.0,Nov,2,2,3,3,Returning_Visitor,0,0
0,0.0,0,0.0,4,186.25,0.05,0.066666667,0.0,0.0,Nov,3,2,3,2,Returning_Visitor,0,0
7,187.8333333,0,0.0,36,1775.516667,0.0,0.0089599,4.745736842,0.0,Mar,1,1,1,10,Returning_Visitor,0,1
4,75.0,0,0.0,16,252.0,0.0,0.004444444,0.0,0.0,May,2,2,4,4,New_Visitor,1,0
16,284.85,0,0.0,276,4758.380638,0.001034483,0.007306262,27.43209507,0.0,May,4,1,3,1,Returning_Visitor,1,1
0,0.0,0,0.0,34,1266.333333,0.005882353,0.026470588,0.0,0.4,May,2,2,3,4,Returning_Visitor,0,0
0,0.0,1,3.0,51,5407.788889,0.001923077,0.020120574,7.793528571,0.0,May,2,2,3,2,Returning_Visitor,0,0
0,0.0,0,0.0,16,230.5666667,0.0,0.023958333,0.0,0.0,Aug,2,2,3,4,Returning_Visitor,0,0
0,0.0,0,0.0,19,401.9,0.056140351,0.092982456,0.0,0.0,Aug,1,1,2,1,Returning_Visitor,0,0
11,289.6833333,0,0.0,41,678.4833333,0.0,0.032173913,13.57270341,0.0,Oct,4,1,3,1,Returning_Visitor,0,1
12,137.9,0,0.0,13,161.8666667,0.0,0.010526316,0.0,0.0,Aug,2,2,3,5,New_Visitor,1,0
1,0.0,0,0.0,3,121.2704225,0.0,0.04,36.14032284,0.0,Oct,2,2,1,4,Returning_Visitor,0,1
1,15.2,1,43.4,13,94.2,0.042857143,0.05,21.58031621,0.0,Jul,2,2,3,1,Returning_Visitor,0,0
0,0.0,0,0.0,8,56.33333333,0.0,0.0125,0.0,1.0,May,2,2,1,4,Returning_Visitor,1,0
2,33.0,0,0.0,9,354.0,0.0,0.02,0.0,0.0,Mar,3,2,1,3,New_Visitor,0,0
3,76.0,0,0.0,24,1038.845238,0.0,0.008333333,0.0,0.0,Mar,2,2,4,3,New_Visitor,0,0
11,190.3125,2,43.5,22,1259.872817,0.013333333,0.025185185,0.0,0.0,Nov,2,2,3,2,Returning_Visitor,0,0
0,0.0,0,0.0,1,0.0,0.2,0.2,0.0,0.0,Jul,2,2,4,13,Returning_Visitor,0,0
6,312.0,1,11.0,92,2710.570238,0.016842105,0.026417863,0.0,0.6,May,2,2,4,3,Returning_Visitor,0,0
0,0.0,0,0.0,27,845.5,0.0,0.007407407,0.0,0.0,Mar,4,1,1,11,Returning_Visitor,1,0
2,39.4,0,0.0,62,2021.747727,0.003076923,0.015641026,0.0,0.0,Oct,2,2,1,4,Returning_Visitor,0,0
0,0.0,0,0.0,25,566.8833333,0.0,0.035619048,0.0,0.0,Nov,2,2,3,1,Returning_Visitor,1,0
1,9.0,0,0.0,46,4084.393939,0.0,0.001794872,0.0,0.0,Feb,2,2,8,4,Returning_Visitor,0,0
0,0.0,0,0.0,8,471.4,0.0,0.075,0.0,0.0,June,2,7,2,1,Returning_Visitor,0,0
0,0.0,0,0.0,8,623.0769231,0.0,0.010884354,0.0,0.0,May,3,2,4,3,Returning_Visitor,0,0
2,17.0,2,1231.0,8,27.375,0.038888889,0.088888889,0.0,0.0,Nov,2,2,1,11,Returning_Visitor,0,0
4,57.0,0,0.0,7,591.0,0.006666667,0.033333333,0.0,0.0,Mar,1,2,6,6,Returning_Visitor,1,0
3,102.0,2,108.0,51,1742.325216,0.003636364,0.009228841,0.0,0.0,May,1,1,1,2,Returning_Visitor,1,0
0,0.0,0,0.0,56,4377.983333,0.004285714,0.022295918,0.0,0.8,May,4,1,1,4,Returning_Visitor,0,0
11,771.9285714,2,214.1666667,39,1022.474026,0.000833333,0.012361111,52.05165,0.0,May,3,2,1,2,Returning_Visitor,0,1
8,256.5,1,0.0,57,1319.366667,0.006774194,0.032699169,3.373062968,0.0,Nov,3,2,3,2,Returning_Visitor,1,1
0,0.0,0,0.0,41,2213.0,0.004545455,0.031060606,0.0,0.2,May,2,2,5,4,Returning_Visitor,0,0
4,296.75,0,0.0,10,183.7083333,0.015384615,0.026666667,0.0,0.0,Dec,1,1,3,2,Returning_Visitor,0,0
0,0.0,0,0.0,2,11.5,0.0,0.1,0.0,0.0,Dec,3,2,1,2,Returning_Visitor,1,0
0,0.0,0,0.0,17,356.0833333,0.0,0.013333333,151.5650523,0.0,Nov,2,5,5,8,New_Visitor,0,1
7,228.125,0,0.0,71,1294.251207,0.002631579,0.01503053,4.508271053,0.0,May,2,2,3,13,Returning_Visitor,0,0
0,0.0,0,0.0,42,1433.083333,0.005,0.02575,0.0,0.4,May,2,2,1,11,Returning_Visitor,0,0
0,0.0,0,0.0,36,2107.583333,0.014814815,0.03287037,0.0,0.0,Dec,3,2,1,2,Returning_Visitor,0,0
8,114.5,0,0.0,36,513.4,0.004166667,0.035238095,16.09065,0.6,May,2,2,1,3,Returning_Visitor,0,0
4,147.5,1,37.5,25,788.2666667,0.007142857,0.028571429,16.70657143,0.0,May,2,2,3,3,Returning_Visitor,0,1
0,0.0,0,0.0,11,187.0,0.031818182,0.068181818,0.0,0.0,Mar,2,2,1,1,Returning_Visitor,0,0
0,0.0,0,0.0,43,1425.183333,0.004651163,0.006976744,0.0,0.8,May,2,6,1,1,Returning_Visitor,0,0
4,103.0,0,0.0,31,831.6666667,0.03030303,0.042121212,0.0,0.0,May,3,2,6,13,Returning_Visitor,0,0
0,0.0,0,0.0,10,379.0833333,0.0,0.0125,0.0,0.0,Dec,3,12,1,1,Returning_Visitor,1,0
8,935.1,1,21.0,172,10524.35936,0.005046115,0.01576463,2.924161864,0.0,Nov,3,2,1,3,Returning_Visitor,0,1
0,0.0,0,0.0,5,27.2,0.0,0.04,0.0,0.0,Nov,2,2,1,4,Returning_Visitor,0,0
0,0.0,0,0.0,1,0.0,0.2,0.2,0.0,0.0,Aug,2,5,7,1,Returning_Visitor,0,0
3,30.5,0,0.0,79,2431.242995,0.0,0.005590278,0.0,0.0,Nov,2,2,2,6,Returning_Visitor,0,0
4,158.0,0,0.0,18,567.75,0.0,0.034586466,0.0,0.0,May,3,2,2,4,Returning_Visitor,0,0
1,7.0,0,0.0,151,2564.278157,0.00917226,0.0210895,0.0,0.6,May,1,1,1,15,Returning_Visitor,0,0
0,0.0,0,0.0,4,45.5,0.0,0.05,0.0,0.4,May,2,2,6,11,Returning_Visitor,0,0
1,383.8,0,0.0,11,92.4,0.0,0.016666667,0.0,0.0,Jul,2,2,9,2,New_Visitor,0,0
6,107.04,3,53.2,114,5066.6611,0.006666667,0.016180556,0.0,0.0,Nov,3,2,3,3,Returning_Visitor,1,0
0,0.0,0,0.0,19,283.5,0.0,0.010526316,0.0,0.8,May,2,4,1,6,Returning_Visitor,0,0
0,0.0,0,0.0,3,55.0,0.044444444,0.111111111,0.0,0.0,May,3,5,1,3,Returning_Visitor,0,0
4,282.1,0,0.0,7,107.6,0.0,0.011111111,0.0,0.0,Aug,1,1,2,5,New_Visitor,0,0
0,0.0,4,218.25,25,402.0430403,0.007142857,0.02202381,0.0,0.0,Nov,1,1,1,10,Returning_Visitor,0,1
4,104.0,0,0.0,33,777.3666667,0.006451613,0.012903226,0.0,0.0,May,3,2,3,6,Returning_Visitor,0,0
0,0.0,0,0.0,19,623.2,0.022222222,0.044444444,0.0,0.0,Jul,2,5,4,1,Returning_Visitor,1,0
0,0.0,0,0.0,4,143.5,0.033333333,0.058333333,0.0,0.0,Dec,1,1,1,2,Returning_Visitor,0,0
0,0.0,0,0.0,32,1658.125,0.0,0.014791667,19.6055151,0.0,Nov,2,2,1,10,Returning_Visitor,0,0
1,28.5,1,0.0,315,11232.65691,0.003164557,0.019252583,0.0,0.0,Nov,2,2,1,2,Returning_Visitor,0,0
11,828.0526316,6,389.3666667,57,2099.930554,0.003333333,0.009142857,3.29868,0.0,Mar,2,2,1,2,Returning_Visitor,0,0
1,151.5,0,0.0,10,304.75,0.0,0.007407407,0.0,0.0,Dec,3,2,2,2,Returning_Visitor,0,0
1,72.66666667,4,345.0,24,879.9090909,0.0,0.035897436,6.482798269,0.0,Mar,2,4,4,1,Returning_Visitor,0,1
0,0.0,0,0.0,1,0.0,0.2,0.2,0.0,0.0,Mar,2,2,1,1,Returning_Visitor,0,0
5,173.2632132,0,0.0,49,1465.555338,0.02384954,0.023755148,20.6672459,0.0,Nov,3,2,3,1,Returning_Visitor,0,1
3,202.1333333,0,0.0,23,721.1833333,0.0,0.008,0.0,0.0,Sep,1,1,1,2,New_Visitor,0,0
2,25.2,4,86.6,21,1702.5,0.016666667,0.037179487,0.0,0.0,Oct,2,2,7,3,Returning_Visitor,1,0
1,21.0,3,19.0,39,754.3194444,0.004651163,0.036124031,0.0,0.0,Nov,2,2,1,10,Returning_Visitor,0,0
1,19.0,0,0.0,24,3209.0,0.008695652,0.017391304,64.33043478,0.0,May,2,2,9,3,New_Visitor,0,0
2,16.66666667,0,0.0,9,63.66666667,0.088888889,0.122222222,0.0,0.2,May,1,1,4,15,Returning_Visitor,0,0
4,515.6,0,0.0,77,1449.683333,0.0,0.002631579,0.0,0.0,May,2,2,4,2,Returning_Visitor,0,0
0,0.0,0,0.0,18,472.0,0.030555556,0.034444444,0.0,0.8,May,2,2,7,3,Returning_Visitor,0,0
0,0.0,0,0.0,36,872.8333333,0.0,0.007058824,81.02729581,0.0,Nov,2,4,1,8,New_Visitor,0,1
0,0.0,0,0.0,7,94.33333333,0.0,0.028571429,0.0,0.0,May,2,5,2,3,Returning_Visitor,0,0
0,0.0,0,0.0,5,377.0,0.0,0.04,0.0,0.2,May,2,2,6,4,Returning_Visitor,0,0
0,0.0,0,0.0,15,150.4,0.0,0.013333333,0.0,0.0,Nov,2,2,7,20,Returning_Visitor,0,0
0,0.0,0,0.0,17,887.8333333,0.00625,0.040625,0.0,0.0,May,2,4,3,3,Returning_Visitor,0,0
0,0.0,0,0.0,93,4261.842857,0.002930403,0.021080839,0.0,0.0,Mar,3,3,8,1,Returning_Visitor,0,0
1,32.33333333,1,56.0,62,2414.9,0.0,0.002222222,30.4615873,0.0,May,2,2,9,2,Returning_Visitor,0,1
0,0.0,0,0.0,29,4279.966667,0.044827586,0.072413793,0.0,0.0,Dec,2,2,1,1,Returning_Visitor,0,0
0,0.0,0,0.0,30,953.6666667,0.026666667,0.071111111,0.0,0.0,Dec,2,2,2,1,Returning_Visitor,0,0
1,16.0,0,0.0,7,136.0,0.0,0.00952381,0.0,0.0,May,2,10,3,2,Returning_Visitor,0,0
0,0.0,0,0.0,10,150.8666667,0.0,0.02,0.0,0.0,Sep,1,1,6,2,Returning_Visitor,0,0
0,0.0,0,0.0,12,336.8,0.0,0.006666667,0.0,0.6,May,2,2,1,2,Returning_Visitor,0,0
3,54.0,0,0.0,26,1296.183333,0.036781609,0.060344828,0.0,0.0,May,2,2,1,3,Returning_Visitor,0,0
0,0.0,0,0.0,9,216.0,0.066666667,0.077777778,0.0,0.0,May,1,1,1,3,Returning_Visitor,0,0
6,186.5,0,0.0,16,476.25,0.011111111,0.038888889,16.04403014,0.0,Dec,2,2,3,1,Returning_Visitor,0,1
2,15.0,0,0.0,3,21.0,0.0,0.05,0.0,0.0,Mar,3,2,4,8,Returning_Visitor,0,0
2,42.16666667,0,0.0,17,490.5333333,0.0,0.01175,23.5144,0.0,May,2,4,7,2,Returning_Visitor,0,0
3,30.25,0,0.0,21,327.2666667,0.017391304,0.02826087,68.85704348,0.0,May,2,2,1,3,Returning_Visitor,0,1
11,136.3333333,2,72.5,80,1552.504762,0.002247191,0.00952381,28.25395506,0.0,May,2,2,3,4,Returning_Visitor,0,0
2,61.5,2,10.0,13,210.0,0.0125,0.03125,0.0,0.0,Dec,3,2,4,1,Returning_Visitor,0,0
0,0.0,0,0.0,7,379.5,0.057142857,0.085714286,0.0,0.0,Mar,3,2,8,1,Returning_Visitor,0,0
0,0.0,0,0.0,30,655.5428571,0.006666667,0.019666667,0.0,0.0,Dec,3,2,1,2,Returning_Visitor,1,0
0,0.0,0,0.0,18,476.1777778,0.05,0.066666667,1.718218835,0.0,Aug,3,2,5,13,Returning_Visitor,0,0
7,398.0,0,0.0,27,770.3133333,0.006060606,0.03030303,10.05190252,0.0,Oct,1,8,3,3,Returning_Visitor,0,1
0,0.0,0,0.0,14,121.0,0.092857143,0.116666667,0.0,0.4,May,3,2,3,13,Returning_Visitor,0,0
1,30.5,0,0.0,16,374.5,0.029411765,0.03627451,0.0,0.0,Nov,3,2,3,1,Returning_Visitor,1,0
1,125.0,0,0.0,24,677.3333333,0.0,0.032,0.0,0.0,Nov,3,2,8,1,Returning_Visitor,0,0
2,86.0,0,0.0,36,1720.416667,0.0,0.00995086,0.0,0.2,May,2,10,4,1,Returning_Visitor,0,0
0,0.0,0,0.0,8,349.5,0.0,0.028571429,25.188,0.0,Mar,1,2,1,8,New_Visitor,0,1
0,0.0,0,0.0,54,3978.245833,0.003846154,0.024807692,0.0,0.0,Nov,2,2,6,1,Returning_Visitor,1,0
2,19.1,0,0.0,8,137.7,0.0,0.01,0.0,0.0,Aug,3,2,1,2,New_Visitor,0,1
0,0.0,0,0.0,6,73.75,0.033333333,0.044444444,0.0,0.0,Mar,3,2,3,2,Returning_Visitor,0,0
0,0.0,0,0.0,5,56.0,0.0,0.08,0.0,0.0,Mar,2,2,1,1,Returning_Visitor,0,0
0,0.0,0,0.0,14,684.75,0.0,0.014285714,0.0,0.0,Nov,2,2,9,2,Returning_Visitor,0,0
0,0.0,0,0.0,2,7.0,0.0,0.1,0.0,0.8,May,1,1,1,3,Returning_Visitor,0,0
7,122.0,3,40.0,111,3154.970833,0.003448276,0.014655172,2.613062787,0.0,Dec,2,2,1,1,Returning_Visitor,1,1
0,0.0,0,0.0,2,19.0,0.0,0.1,0.0,0.0,May,2,2,1,4,Returning_Visitor,0,0
5,46.5,0,0.0,3,26.0,0.0,0.028571429,0.0,0.0,Nov,2,2,1,2,Returning_Visitor,0,1
6,60.0,2,61.0,23,1031.704762,0.0,0.007111111,33.14784917,0.0,Mar,4,2,9,10,Returning_Visitor,1,1
2,26.5,0,0.0,47,716.625,0.0,0.009574468,0.0,0.0,May,2,4,6,5,New_Visitor,0,0
7,36.05,0,0.0,27,344.45,0.0,0.035714286,0.0,0.0,Jul,2,2,7,4,Returning_Visitor,0,0
8,171.75,2,16.0,49,1494.083333,0.001257862,0.028773585,0.0,0.0,Nov,2,2,1,1,Returning_Visitor,0,0
0,0.0,0,0.0,38,1656.615043,0.018421053,0.04154591,0.0,0.0,Dec,3,2,2,2,Returning_Visitor,1,0
4,128.5,0,0.0,14,273.25,0.0,0.0125,0.0,0.0,May,1,8,4,4,Returning_Visitor,1,0
0,0.0,0,0.0,2,14.0,0.0,0.1,0.0,0.0,Dec,2,2,2,2,Returning_Visitor,0,0
2,66.5,0,0.0,5,118.5,0.0,0.042857143,0.0,0.0,June,2,2,7,2,Returning_Visitor,0,0
2,76.6,0,0.0,28,488.91,0.014814815,0.022222222,45.19820194,0.0,June,1,2,1,1,Returning_Visitor,1,1
0,0.0,0,0.0,37,638.25,0.005555556,0.016666667,0.0,0.0,Nov,2,2,4,1,Returning_Visitor,0,1
2,140.5,0,0.0,10,431.5,0.0,0.006666667,0.0,0.0,Dec,2,2,2,1,Returning_Visitor,0,0
0,0.0,0,0.0,6,98.0,0.0,0.066666667,0.0,0.0,Feb,2,5,1,3,Returning_Visitor,0,0
0,0.0,0,0.0,81,1950.840873,0.004938272,0.024773663,0.0,0.0,Nov,2,2,1,2,Returning_Visitor,0,1
0,0.0,0,0.0,38,3287.0,0.036842105,0.075814536,0.0,0.0,June,2,5,1,1,Returning_Visitor,0,0
0,0.0,0,0.0,4,129.0,0.0,0.0125,0.0,0.0,May,1,1,4,3,Returning_Visitor,0,0
1,33.5,0,0.0,37,1702.916667,0.0,0.009047619,0.0,0.0,Nov,2,4,3,2,New_Visitor,0,0
0,0.0,2,0.0,99,2622.600281,0.022,0.028519936,0.0,0.0,Nov,3,2,2,13,Returning_Visitor,0,1
5,504.0,0,0.0,13,922.0833333,0.023529412,0.023529412,0.0,0.0,Mar,3,2,8,2,Returning_Visitor,0,0
0,0.0,1,36.5,17,318.25,0.011111111,0.05,17.96069044,0.0,Nov,2,5,1,1,Returning_Visitor,1,1
0,0.0,2,43.0,25,1053.080952,0.0,0.019786325,6.783,0.0,May,2,4,5,4,Returning_Visitor,1,0
3,42.6,2,41.5,18,1049.516667,0.023809524,0.03968254,14.25648352,0.0,Mar,3,2,2,3,Returning_Visitor,1,1
3,222.5,0,0.0,11,764.5,0.015384615,0.043589744,0.0,0.0,May,2,2,6,11,Returning_Visitor,0,0
0,0.0,0,0.0,4,98.6,0.0,0.05,0.0,0.0,Jul,2,2,5,1,Returning_Visitor,0,0
3,82.6,0,0.0,1,16.2,0.0,0.05,0.0,0.0,Nov,2,2,9,2,New_Visitor,0,0
6,89.0,3,12.0,75,5378.045851,0.02013261,0.0464397,4.374401266,0.2,May,2,2,8,3,Returning_Visitor,0,1
2,109.8,0,0.0,55,1988.931429,0.007272727,0.005330144,5.79089525,0.0,Jul,1,1,1,2,Returning_Visitor,0,0
1,5.0,0,0.0,13,545.5714286,0.013333333,0.020784314,26.12015415,0.0,Mar,2,2,3,2,Returning_Visitor,1,1
0,0.0,0,0.0,2,0.0,0.2,0.2,0.0,0.0,Mar,2,2,1,1,Returning_Visitor,0,0
0,0.0,0,0.0,70,1453.9,0.010144928,0.020772947,0.0,0.4,May,2,6,7,3,Returning_Visitor,0,0
6,128.5,1,0.0,32,796.7066667,0.027027027,0.041441441,0.0,0.0,Nov,2,4,1,1,Returning_Visitor,1,0
0,0.0,0,0.0,5,199.5,0.0,0.01,0.0,0.0,Nov,4,2,1,3,Returning_Visitor,0,0
0,0.0,0,0.0,29,1137.166667,0.0,0.007142857,22.27457143,0.0,May,1,8,1,11,Returning_Visitor,1,1
1,0.0,0,0.0,58,1200.5,0.002298851,0.017816092,17.98756852,0.0,Dec,2,10,3,6,Returning_Visitor,0,0
1,45.4,0,0.0,41,1227.713333,0.019512195,0.041056911,0.0,0.0,Oct,1,1,3,3,Returning_Visitor,0,0
0,0.0,0,0.0,3,23.0,0.044444444,0.111111111,0.0,0.8,May,2,2,6,1,Returning_Visitor,0,0
4,190.0,0,0.0,53,1328.626894,0.017857143,0.022238793,0.0,0.0,Dec,1,1,1,10,Returning_Visitor,1,0
0,0.0,0,0.0,23,790.1666667,0.0,0.026086957,0.0,0.8,May,3,2,2,13,Returning_Visitor,0,0
10,80.06666667,1,812.0,113,3282.583983,0.007377049,0.016691039,45.55270796,0.0,Aug,2,2,3,1,Returning_Visitor,0,0
0,0.0,0,0.0,5,57.0,0.08,0.12,0.0,0.0,Mar,2,5,2,1,Returning_Visitor,0,0
8,85.5,0,0.0,41,1135.860714,0.0,0.025876068,11.87691429,1.0,May,2,2,1,2,Returning_Visitor,1,0
3,83.6,0,0.0,6,314.4,0.0,0.025,0.0,0.0,Oct,1,1,4,2,New_Visitor,0,0
0,0.0,0,0.0,2,24.0,0.0,0.1,0.0,0.0,Mar,2,6,1,2,Returning_Visitor,0,0
3,73.0,0,0.0,9,2151.0,0.0,0.018181818,10.91300022,0.0,Mar,2,5,1,1,Returning_Visitor,0,1
6,408.2,0,0.0,33,878.6238095,0.0,0.02045045,19.3654955,0.0,Mar,2,2,1,2,Returning_Visitor,0,1
0,0.0,0,0.0,34,311.5,0.0,0.011764706,0.0,0.0,Mar,2,2,4,1,Returning_Visitor,0,0
0,0.0,0,0.0,13,169.0,0.015384615,0.041538462,0.0,0.0,May,1,1,7,1,Returning_Visitor,0,0
0,0.0,0,0.0,25,1690.977778,0.008,0.037333333,0.0,0.0,Mar,1,1,8,1,Returning_Visitor,0,0
0,0.0,0,0.0,6,140.0,0.0,0.033333333,0.0,0.0,Mar,3,2,1,1,Returning_Visitor,0,0
0,0.0,0,0.0,1,0.0,0.2,0.2,0.0,0.0,Nov,8,2,9,2,New_Visitor,0,0
0,0.0,0,0.0,3,34.0,0.0,0.066666667,0.0,0.0,May,2,2,3,1,Returning_Visitor,0,0
10,491.6666667,0,0.0,48,1939.571111,0.003773585,0.010539084,0.0,0.0,Nov,2,2,7,20,Returning_Visitor,0,1
5,53.0,0,0.0,38,2246.166667,0.016923077,0.013931624,0.0,0.2,May,1,1,3,3,Returning_Visitor,0,0
1,99.8,0,0.0,110,2056.48859,0.0,0.004892966,0.0,0.0,Jul,2,2,1,1,Returning_Visitor,0,0
0,0.0,0,0.0,12,1145.416667,0.009090909,0.048484848,0.0,0.0,Nov,3,2,8,10,Returning_Visitor,1,0
0,0.0,0,0.0,10,355.0,0.0,0.04,0.0,0.0,May,2,4,7,6,Returning_Visitor,0,0
0,0.0,3,67.5,45,2028.172619,0.004347826,0.020652174,0.0,0.0,Dec,4,1,6,2,Returning_Visitor,0,0
0,0.0,0,0.0,8,148.75,0.0,0.025,0.0,0.0,Mar,2,4,3,2,Returning_Visitor,1,0
2,36.4,0,0.0,3,28.2,0.0,0.0,55.89978908,0.0,Sep,1,1,3,2,New_Visitor,0,0
1,0.0,0,0.0,24,991.4222222,0.0,0.008333333,17.62211147,0.0,Nov,2,2,4,2,New_Visitor,1,1
0,0.0,0,0.0,9,1040.0,0.077777778,0.116666667,0.0,0.0,Mar,2,4,3,1,Returning_Visitor,0,0
6,139.0,0,0.0,29,491.1,0.0,0.003333333,0.0,0.0,Mar,2,2,1,2,New_Visitor,1,0
0,0.0,1,33.75,72,1460.908333,0.0,0.014851055,0.0,0.0,Nov,1,1,1,2,Returning_Visitor,0,1
0,0.0,0,0.0,7,239.5,0.0,0.016666667,0.0,0.0,May,3,2,1,6,New_Visitor,1,0
0,0.0,0,0.0,22,2715.0,0.0,0.009090909,54.97036364,0.0,May,2,2,4,2,New_Visitor,0,1
6,315.1666667,1,85.0,10,402.8055556,0.014285714,0.014285714,0.0,0.0,Dec,3,2,2,2,New_Visitor,0,1
0,0.0,0,0.0,9,186.7,0.0,0.022222222,0.0,0.0,Mar,2,2,1,2,Returning_Visitor,1,0
9,194.4166667,2,20.0,11,1569.166667,0.013333333,0.028666667,18.80505,0.0,May,3,2,7,6,Returning_Visitor,0,0
0,0.0,0,0.0,5,83.0,0.04,0.06,0.0,0.0,Mar,2,2,1,13,Returning_Visitor,0,0
0,0.0,0,0.0,17,697.5166667,0.0,0.017647059,0.0,0.8,May,2,2,1,2,Returning_Visitor,0,0
1,0.0,0,0.0,20,809.0,0.00952381,0.028571429,25.75735474,0.0,Dec,2,5,1,1,Returning_Visitor,0,0
1,0.0,0,0.0,39,2487.5,0.017105263,0.047105263,0.0,0.0,Mar,2,2,1,3,Returning_Visitor,0,0
7,405.55,1,23.53333333,21,568.9633333,0.0,0.001282051,0.0,0.0,Oct,3,2,6,20,Returning_Visitor,1,0
0,0.0,0,0.0,24,1762.25,0.008333333,0.016666667,0.0,0.0,Mar,2,2,2,1,Returning_Visitor,0,0
3,58.4,0,0.0,11,267.3,0.0,0.016666667,0.0,0.0,Nov,2,2,4,2,New_Visitor,1,0
0,0.0,0,0.0,12,168.2857143,0.0,0.069444444,0.0,0.8,May,2,2,2,2,Returning_Visitor,0,0
0,0.0,0,0.0,39,1346.966667,0.0,0.005128205,67.02771302,0.0,Dec,1,1,4,2,New_Visitor,0,1
0,0.0,2,45.0,11,624.0,0.015384615,0.046153846,0.0,0.0,Mar,2,2,4,10,Returning_Visitor,0,0
8,498.9809654,6,433.1,99,2129.989707,0.001869159,0.006805318,129.1013738,0.0,Nov,2,2,2,1,Returning_Visitor,1,0
4,65.6,0,0.0,25,575.8166667,0.0,0.007142857,0.0,0.0,Nov,2,4,2,20,Returning_Visitor,1,0
2,18.0,0,0.0,12,180.75,0.0,0.014285714,0.0,0.0,Nov,2,2,1,2,New_Visitor,0,0
2,32.5,0,0.0,3,39.0,0.04,0.026666667,0.0,0.0,Dec,1,1,1,2,Returning_Visitor,1,0
0,0.0,0,0.0,1,0.0,0.2,0.2,0.0,0.0,May,2,2,3,2,Returning_Visitor,0,0
0,0.0,0,0.0,1,0.0,0.2,0.2,0.0,0.0,Sep,1,1,2,2,Returning_Visitor,0,0
4,12.0,0,0.0,28,580.65,0.0,0.016666667,0.0,0.0,Jul,1,2,1,4,Returning_Visitor,0,0
2,36.0,0,0.0,15,2190.666667,0.0,0.004444444,0.0,0.0,Mar,2,2,3,8,Returning_Visitor,0,0
1,28.0,0,0.0,14,924.0,0.014285714,0.028571429,0.0,0.0,May,1,1,3,4,Returning_Visitor,1,0
4,59.53333333,0,0.0,13,183.65,0.0,0.011764706,0.0,0.0,Sep,2,2,9,2,New_Visitor,0,0
0,0.0,0,0.0,57,1091.005876,0.007017544,0.027875244,0.0,0.0,Nov,2,2,6,2,Returning_Visitor,0,0
5,106.0,0,0.0,44,646.825,0.007407407,0.028851852,0.0,0.0,Dec,3,2,9,13,Returning_Visitor,0,0
4,47.3,1,0.0,32,1870.966667,0.0,0.037037037,0.0,0.0,Aug,2,2,9,2,Returning_Visitor,0,0
0,0.0,0,0.0,10,148.5,0.09,0.096666667,0.0,0.4,May,1,1,1,2,Returning_Visitor,0,0
0,0.0,0,0.0,8,262.1666667,0.0,0.025,0.0,0.0,May,2,2,1,2,Returning_Visitor,0,0
0,0.0,2,109.0,23,1232.733333,0.0,0.012820513,56.35884615,0.0,May,4,2,1,19,Returning_Visitor,1,1
5,36.86666667,0,0.0,123,3886.823333,0.002090592,0.015563298,0.0,0.0,June,2,2,1,4,Returning_Visitor,0,0
4,80.0,0,0.0,17,442.1666667,0.0,0.010526316,0.0,0.0,Nov,2,2,6,2,New_Visitor,1,0
0,0.0,0,0.0,11,499.0,0.0,0.018181818,0.0,0.0,Dec,4,1,1,2,Returning_Visitor,0,0
0,0.0,0,0.0,15,143.75,0.08,0.091555556,0.0,0.6,May,3,2,1,13,Returning_Visitor,0,0
2,28.0,0,0.0,27,434.5,0.0,0.006896552,0.0,0.0,Nov,8,2,7,2,New_Visitor,0,1
4,120.5,0,0.0,66,3960.646154,0.002941176,0.013663064,0.0,0.0,Mar,2,4,1,1,Returning_Visitor,0,0
2,57.0,0,0.0,28,724.0666667,0.007407407,0.017283951,32.98533333,0.0,May,1,1,1,4,Returning_Visitor,0,1
2,386.0,0,0.0,72,712.2960784,0.0,0.000913242,0.0,0.0,Nov,2,2,4,2,New_Visitor,0,0
0,0.0,0,0.0,16,1472.0,0.016666667,0.040625,0.0,0.0,May,2,6,1,1,Returning_Visitor,0,0
9,559.1666667,0,0.0,126,4558.372222,0.0,0.00620155,0.0,0.0,Nov,2,2,3,2,Returning_Visitor,0,0
2,7.0,1,0.0,79,3393.903571,0.017761848,0.04031012,0.0,1.0,May,2,2,1,5,Returning_Visitor,1,0
1,19.75,2,0.0,29,942.3958333,0.048181818,0.075942002,0.0,0.0,Dec,3,2,1,2,Returning_Visitor,0,0
0,0.0,0,0.0,1,0.0,0.2,0.2,0.0,0.0,Jul,1,1,1,1,Returning_Visitor,1,0
0,0.0,0,0.0,11,205.7,0.0,0.022222222,18.85086521,0.0,Dec,1,1,1,8,New_Visitor,0,1
0,0.0,0,0.0,34,920.55,0.030588235,0.042913165,0.0,0.0,Dec,3,2,1,1,Returning_Visitor,1,0
0,0.0,0,0.0,17,840.2333333,0.0,0.001666667,109.176,0.0,Mar,2,2,9,2,New_Visitor,0,1
1,26.5,0,0.0,13,470.5,0.0,0.016666667,41.422095,0.0,Nov,1,1,4,2,New_Visitor,0,1
4,207.5,0,0.0,2,56.5,0.0,0.02,0.0,0.0,Dec,3,2,2,2,New_Visitor,1,0
0,0.0,0,0.0,3,27.0,0.066666667,0.1,0.0,0.6,May,2,2,1,3,Returning_Visitor,0,0
4,76.16666667,0,0.0,10,182.1666667,0.0,0.018181818,0.0,0.4,May,3,2,1,1,Returning_Visitor,0,0
5,110.0,0,0.0,39,1584.044444,0.0,0.016744186,12.73144186,0.0,May,4,1,8,4,Returning_Visitor,0,0
0,0.0,0,0.0,2,2.666666667,0.05,0.14,0.0,0.0,Feb,3,2,2,4,Returning_Visitor,0,0
3,52.75,0,0.0,31,3069.077778,0.006451613,0.020537634,5.793026792,0.0,Nov,1,1,3,2,Returning_Visitor,0,1
1,0.0,0,0.0,10,304.0,0.0,0.02,0.0,0.0,May,3,2,4,4,Returning_Visitor,1,0
0,0.0,0,0.0,2,0.0,0.2,0.2,0.0,0.0,June,3,2,4,13,Returning_Visitor,0,0
2,14.0,0,0.0,65,2130.447802,0.016923077,0.024589744,20.60235987,0.0,Nov,3,2,1,1,Returning_Visitor,0,0
16,427.0666667,3,111.0,122,3492.316304,0.006547137,0.015792367,86.57772177,0.0,Nov,1,1,1,3,Returning_Visitor,0,0
5,415.55,0,0.0,115,4424.621667,0.004273504,0.023036223,13.29131586,0.0,Aug,2,4,4,1,Returning_Visitor,1,1
11,102.1666667,1,20.0,25,1222.625,0.0,0.035,0.0,0.0,Dec,2,2,1,2,Returning_Visitor,0,0
0,0.0,0,0.0,1,318.5,0.166666667,0.171428571,0.0,0.0,Dec,3,2,2,1,Returning_Visitor,0,0
0,0.0,0,0.0,11,461.0,0.036363636,0.054545455,0.0,0.0,Dec,2,2,5,6,Returning_Visitor,0,0
0,0.0,0,0.0,2,114.0,0.05,0.066666667,0.0,0.8,Feb,3,3,1,3,Returning_Visitor,0,0
0,0.0,0,0.0,106,1974.702597,0.001886792,0.014426543,1.324135445,0.0,May,2,2,8,3,Returning_Visitor,0,0
1,60.5,0,0.0,21,320.9833333,0.0,0.01,0.0,0.0,Nov,2,5,1,2,Returning_Visitor,0,0
0,0.0,0,0.0,8,284.5,0.0,0.025,0.0,0.0,Dec,2,2,3,1,Returning_Visitor,0,0
0,0.0,0,0.0,7,225.0,0.028571429,0.085714286,0.0,0.0,Mar,4,1,4,1,Returning_Visitor,0,0
0,0.0,0,0.0,5,239.0,0.0,0.04,0.0,0.0,Mar,2,2,9,1,Returning_Visitor,0,0
4,31.0,4,106.0,27,825.1401515,0.006896552,0.025517241,0.0,0.0,Nov,2,2,3,2,Returning_Visitor,1,0
5,243.0,0,0.0,19,500.7880952,0.0,0.017105263,0.0,0.0,May,1,1,1,4,Returning_Visitor,0,0
0,0.0,0,0.0,10,300.0,0.0,0.05,0.0,0.0,Mar,2,2,1,1,Returning_Visitor,0,0
6,75.5,0,0.0,3,66.05,0.0,0.022222222,21.47142017,0.0,Aug,2,2,7,6,Returning_Visitor,0,1
1,0.0,0,0.0,14,503.6333333,0.013333333,0.033333333,0.0,0.0,Aug,2,2,9,2,Returning_Visitor,0,0
0,0.0,0,0.0,59,3036.4,0.0,0.021186441,0.0,0.0,Mar,2,2,6,13,Returning_Visitor,1,0
1,22.2,0,0.0,16,694.4549784,0.0,0.001470588,54.91911804,0.0,Sep,2,2,7,2,New_Visitor,0,1
2,61.0,0,0.0,5,97.0,0.0,0.04,0.0,0.0,Mar,2,2,1,1,Returning_Visitor,0,0
0,0.0,0,0.0,3,19.0,0.0,0.066666667,0.0,0.0,Mar,2,4,1,1,Returning_Visitor,1,0
0,0.0,0,0.0,24,1483.333333,0.008333333,0.026388889,0.0,0.4,May,2,4,2,3,Returning_Visitor,0,0
4,64.46428571,0,0.0,29,1414.589286,0.0,0.0125,21.05431578,0.0,Dec,2,2,1,2,Returning_Visitor,0,1
0,0.0,0,0.0,107,3723.529739,0.001094276,0.01972313,0.0,0.0,Nov,2,2,1,2,Returning_Visitor,0,0
0,0.0,0,0.0,9,1238.333333,0.0,0.040740741,0.0,0.4,Feb,2,2,1,3,Returning_Visitor,0,0
2,21.0,1,26.0,22,326.5833333,0.018181818,0.066666667,0.0,0.0,Mar,3,2,4,3,Returning_Visitor,0,0
6,86.08333333,0,0.0,32,892.9166667,0.005714286,0.011428571,0.0,0.0,May,2,2,1,5,New_Visitor,1,0
2,81.6,0,0.0,1,27.2,0.0,0.04,0.0,0.0,Oct,3,2,3,5,New_Visitor,0,1
1,51.5,0,0.0,21,730.15,0.0,0.012121212,0.0,0.0,Nov,2,2,4,2,New_Visitor,0,0
0,0.0,0,0.0,9,190.3333333,0.0,0.033333333,0.0,0.0,Dec,1,1,3,2,New_Visitor,0,0
0,0.0,0,0.0,7,126.0,0.028571429,0.057142857,0.0,0.0,Mar,2,5,2,10,Returning_Visitor,0,0
4,19.8,0,0.0,2,10.0,0.0125,0.034166667,0.0,0.0,Sep,1,1,6,5,New_Visitor,1,1
2,35.8,0,0.0,27,785.05,0.044047619,0.069642857,0.0,0.0,Jul,2,2,4,13,Returning_Visitor,1,0
0,0.0,0,0.0,3,146.4,0.0,0.016666667,0.0,0.0,Aug,3,2,1,3,Returning_Visitor,0,0
7,60.0,3,23.0,111,2524.501905,0.001694915,0.018834175,6.445051499,0.0,Mar,3,2,1,2,Returning_Visitor,1,0
3,63.0,0,0.0,13,400.3333333,0.030769231,0.046153846,0.0,0.0,Mar,4,1,3,1,Returning_Visitor,0,0
5,32.0,2,3.0,33,1039.766667,0.0,0.02027027,0.0,0.0,Mar,2,4,3,2,Returning_Visitor,1,0
2,33.2,0,0.0,9,162.2333333,0.0,0.018181818,0.0,0.0,Sep,2,2,1,5,Returning_Visitor,0,0
0,0.0,0,0.0,6,75.0,0.0,0.016666667,0.0,0.0,Mar,1,1,1,2,Returning_Visitor,0,0
0,0.0,0,0.0,3,0.0,0.166666667,0.177777778,0.0,0.0,May,3,2,3,13,Returning_Visitor,0,0
0,0.0,0,0.0,1,0.0,0.2,0.2,0.0,0.0,Mar,1,1,7,2,Returning_Visitor,1,0
0,0.0,0,0.0,5,28.33333333,0.04,0.08,0.0,0.0,May,1,8,4,11,Returning_Visitor,1,0
0,0.0,0,0.0,18,771.0833333,0.055555556,0.071428571,0.0,0.0,Mar,2,2,3,1,Returning_Visitor,0,0
0,0.0,0,0.0,7,611.0833333,0.0,0.016666667,0.0,0.0,Dec,3,2,6,8,New_Visitor,0,0
9,257.0933333,2,39.4,98,3364.64045,0.029570957,0.034691241,35.03953094,0.0,Sep,3,2,8,13,Returning_Visitor,0,0
0,0.0,0,0.0,7,284.5,0.0,0.028571429,128.4686939,0.0,Dec,2,2,4,10,Returning_Visitor,0,1
0,0.0,0,0.0,2,11.0,0.0,0.1,0.0,0.0,Mar,4,2,2,10,Returning_Visitor,0,0
0,0.0,0,0.0,17,649.02,0.0,0.017647059,0.0,0.0,June,2,4,3,3,Returning_Visitor,0,0
7,311.1361111,0,0.0,36,1699.073611,0.010087719,0.035614035,133.2813786,0.0,Dec,3,2,1,13,Returning_Visitor,0,0
1,4.0,0,0.0,37,1096.75,0.0,0.020175439,0.0,0.0,Mar,2,2,6,10,Returning_Visitor,0,0
3,66.375,0,0.0,85,3344.958929,0.002325581,0.012754534,0.0,0.0,Dec,2,2,4,3,Returning_Visitor,0,0
1,23.2,0,0.0,3,397.8,0.0,0.0,0.0,0.0,Aug,2,2,1,4,Returning_Visitor,0,0
4,171.0,0,0.0,20,745.3333333,0.00952381,0.028571429,0.0,0.0,Mar,2,2,1,10,Returning_Visitor,0,0
4,63.0,0,0.0,5,95.5,0.0,0.025,0.0,0.0,Mar,3,2,1,9,New_Visitor,1,0
0,0.0,2,5.0,13,354.2833333,0.035294118,0.037647059,68.75226072,0.0,Sep,3,2,4,4,Returning_Visitor,1,0
0,0.0,0,0.0,7,0.0,0.2,0.2,0.0,0.0,June,2,2,6,13,Returning_Visitor,0,0
0,0.0,0,0.0,5,236.0,0.0,0.04,0.0,0.0,Mar,1,1,6,1,Returning_Visitor,0,0
3,20.5,0,0.0,38,1806.558333,0.005128205,0.026495726,7.150073241,0.0,Nov,2,2,6,13,Returning_Visitor,0,0
0,0.0,0,0.0,17,391.8666667,0.0,0.029411765,0.0,1.0,May,2,2,1,1,Returning_Visitor,1,0
6,62.75,0,0.0,46,1098.524802,0.007083333,0.016529882,0.0,0.0,Nov,1,1,4,8,Returning_Visitor,0,0
0,0.0,0,0.0,17,504.0833333,0.023529412,0.035294118,36.07906944,0.0,Oct,1,1,9,3,Returning_Visitor,0,1
1,7.0,0,0.0,20,887.5833333,0.0,0.016140351,34.25336842,0.0,May,2,2,3,11,Returning_Visitor,0,1
6,277.1666667,2,900.5,24,1448.333333,0.0,0.003846154,0.0,0.0,May,2,4,4,2,New_Visitor,1,0
5,168.0,0,0.0,31,1239.083333,0.006666667,0.02,0.0,0.0,May,3,2,6,13,Returning_Visitor,0,0
0,0.0,0,0.0,18,760.0,0.084210526,0.115789474,0.0,0.8,May,2,2,2,13,Returning_Visitor,0,0
0,0.0,2,19.0,65,2163.132326,0.0,0.011780384,0.0,0.0,Nov,2,2,8,2,New_Visitor,0,0
5,47.33333333,0,0.0,65,1267.502814,0.004545455,0.021632395,0.0,0.0,Nov,3,2,1,10,Returning_Visitor,0,0
0,0.0,0,0.0,3,20.0,0.0,0.066666667,0.0,0.0,Mar,2,2,2,1,Returning_Visitor,1,0
0,0.0,0,0.0,1,0.0,0.2,0.2,0.0,0.0,Nov,3,2,4,3,Returning_Visitor,0,0
0,0.0,0,0.0,3,46.75,0.0,0.066666667,0.0,0.0,Nov,2,2,3,10,Returning_Visitor,0,0
0,0.0,0,0.0,36,1166.72619,0.0,0.025,4.599,0.0,Mar,1,1,1,3,Returning_Visitor,1,1
2,452.5,0,0.0,18,762.2380952,0.0,0.002352941,0.0,0.0,Nov,1,1,6,2,New_Visitor,0,0
13,399.75,3,47.75,61,1458.993056,0.001785714,0.01655198,17.49721917,0.0,Nov,1,1,1,2,New_Visitor,0,0
10,396.960452,6,168.8333333,280,9247.383869,0.003424658,0.016184197,7.983438638,0.0,Nov,2,2,7,2,Returning_Visitor,1,0
6,152.0,0,0.0,17,450.75,0.028571429,0.052380952,14.10739957,0.0,Nov,1,8,3,11,Returning_Visitor,0,1
0,0.0,0,0.0,77,1750.371795,0.021367521,0.031794872,0.0,0.0,Aug,1,1,1,6,Returning_Visitor,0,0
0,0.0,0,0.0,4,36.0,0.1,0.15,0.0,0.6,May,2,5,1,3,Returning_Visitor,0,0
2,76.6,0,0.0,33,1932.716667,0.0,0.025196078,0.0,0.0,Aug,2,2,4,13,Returning_Visitor,0,0
0,0.0,0,0.0,6,118.3333333,0.033333333,0.044444444,0.0,0.0,Nov,3,2,1,3,Returning_Visitor,1,0
0,0.0,0,0.0,8,326.5,0.1,0.125,0.0,0.0,Mar,1,1,1,3,Returning_Visitor,0,0
6,108.9166667,0,0.0,24,516.4166667,0.0,0.013333333,8.1816,0.0,May,2,2,1,5,Returning_Visitor,1,1
16,164.925,5,66.875,64,1899.598899,0.010964912,0.029949875,83.78651166,0.0,Nov,3,2,1,3,Returning_Visitor,1,0
1,81.6,0,0.0,42,2017.520714,0.0,0.023696145,0.0,0.0,Oct,2,2,1,2,Returning_Visitor,1,0
0,0.0,0,0.0,44,1151.116667,0.0,0.017829457,7.529302326,0.0,May,2,2,1,6,Returning_Visitor,0,0
7,194.4,0,0.0,5,46.2,0.0125,0.0375,0.0,0.0,Jul,2,2,4,5,New_Visitor,0,0
4,21.1,2,341.6,92,2668.712121,0.018556202,0.047858483,0.0,0.0,Aug,2,2,1,3,Returning_Visitor,1,0
6,99.5,0,0.0,11,143.0,0.0,0.014285714,0.0,0.0,May,2,10,8,2,Returning_Visitor,0,0
6,137.0,0,0.0,49,1077.007576,0.0,0.015030864,0.0,0.0,Mar,3,2,1,2,Returning_Visitor,0,0
2,26.0,0,0.0,38,1689.708333,0.0125,0.0295,0.0,0.0,Nov,2,2,1,13,Returning_Visitor,0,0
4,103.8,0,0.0,14,314.2933333,0.0,0.013333333,79.44353446,0.0,Jul,2,2,5,2,New_Visitor,0,1
5,44.0,0,0.0,54,1391.733333,0.005357143,0.022619048,0.0,0.0,Dec,2,2,4,1,Returning_Visitor,0,0
4,96.25,0,0.0,67,3763.000758,0.0,0.003076923,15.84839963,0.0,Nov,2,4,9,3,Other,0,1
6,122.25,1,33.5,60,2719.654762,0.006557377,0.012080406,0.0,0.0,Dec,1,2,1,2,Returning_Visitor,0,0
0,0.0,0,0.0,10,466.75,0.0,0.028571429,0.0,0.0,May,3,2,1,4,Returning_Visitor,1,0
2,65.5,0,0.0,53,975.9722222,0.001851852,0.016296296,75.30864691,0.0,May,2,2,8,4,Returning_Visitor,0,0
5,52.0,0,0.0,21,743.9166667,0.004,0.016,0.0,0.0,May,2,2,1,4,Returning_Visitor,0,0
0,0.0,0,0.0,50,1149.433333,0.012,0.026383333,4.5476,0.0,May,4,1,1,4,Returning_Visitor,0,1
3,33.0,0,0.0,2,26.0,0.013333333,0.07,0.0,1.0,May,1,1,3,4,Returning_Visitor,1,0
4,102.3,0,0.0,59,1684.496667,0.0,0.00952381,25.85442016,0.0,Nov,2,2,2,4,Returning_Visitor,0,0
0,0.0,0,0.0,2,16.0,0.0,0.1,0.0,0.8,May,2,2,1,2,Returning_Visitor,0,0
0,0.0,0,0.0,91,3511.833059,0.002247191,0.007151775,0.0,0.0,Dec,3,2,1,1,Returning_Visitor,0,0
4,539.5,0,0.0,1,0.0,0.0,0.05,0.0,0.0,Mar,3,2,8,8,New_Visitor,0,0
0,0.0,0,0.0,1,0.0,0.2,0.2,0.0,0.0,May,2,2,5,13,Returning_Visitor,0,0
2,324.5,1,0.0,21,696.225,0.008333333,0.018055556,0.0,0.0,Nov,1,1,4,2,Returning_Visitor,0,0
7,351.0833333,1,131.0,53,3271.030448,0.0,0.005527012,13.78150822,0.0,Nov,1,1,2,4,Returning_Visitor,0,0
1,44.5,1,66.5,8,568.25,0.018181818,0.033333333,26.45046371,0.0,Nov,1,1,2,7,Returning_Visitor,0,0
6,81.54166667,0,0.0,23,808.0416667,0.000833333,0.044166667,0.0,0.0,Dec,2,2,7,8,Returning_Visitor,1,0
0,0.0,1,5.0,9,279.0,0.04,0.041666667,0.0,0.0,Nov,3,2,7,8,New_Visitor,1,0
1,0.0,0,0.0,15,487.5,0.0,0.019166667,0.0,0.8,Feb,1,1,2,4,Returning_Visitor,1,0
0,0.0,0,0.0,10,196.5,0.044444444,0.066666667,0.0,0.6,May,2,2,1,3,Returning_Visitor,0,0
3,91.66666667,2,12.0,29,1347.266667,0.0,0.008854167,0.0,0.0,Dec,2,5,1,1,Returning_Visitor,0,0
4,43.46666667,0,0.0,4,27.26666667,0.0,0.028571429,0.0,0.0,Sep,1,1,1,5,New_Visitor,0,1
5,84.33333333,1,0.0,55,1699.327668,0.0,0.008461558,16.48421053,0.0,May,2,2,6,4,Returning_Visitor,0,0
0,0.0,0,0.0,7,495.0,0.0,0.00952381,0.0,0.0,Mar,4,1,3,2,Returning_Visitor,0,0
0,0.0,0,0.0,11,435.3333333,0.063636364,0.104242424,0.0,0.0,Nov,1,1,1,3,Returning_Visitor,0,0
0,0.0,0,0.0,29,740.5,0.0,0.009315376,0.0,0.0,May,1,1,2,4,Returning_Visitor,0,0
0,0.0,0,0.0,111,3971.515278,0.009009009,0.024725635,0.0,0.0,Nov,2,2,1,2,Returning_Visitor,0,0
1,47.5,0,0.0,10,1202.875,0.0,0.025454545,0.0,0.0,Dec,1,1,8,3,Returning_Visitor,0,0
0,0.0,0,0.0,1,0.0,0.2,0.2,0.0,0.6,May,1,1,2,3,Returning_Visitor,0,0
0,0.0,0,0.0,21,434.5,0.0,0.023809524,0.0,0.0,Mar,2,2,7,1,Returning_Visitor,0,0
1,29.2,1,322.4,10,126.9333333,0.014285714,0.036904762,13.59420027,0.0,Sep,2,2,1,2,Returning_Visitor,0,1
6,88.6,0,0.0,4,59.4,0.0,0.028571429,0.0,0.0,Nov,2,2,7,2,Returning_Visitor,0,0
1,95.5,0,0.0,7,381.5,0.0,0.025,0.0,0.0,Mar,1,1,3,2,Returning_Visitor,1,0
0,0.0,0,0.0,30,1281.0,0.006666667,0.02,0.0,0.0,Mar,2,4,2,1,Returning_Visitor,0,0
0,0.0,0,0.0,4,0.0,0.2,0.2,0.0,0.0,Jul,3,2,1,13,Returning_Visitor,0,0
2,67.0,0,0.0,59,468.1916667,0.0,0.003278689,0.0,0.2,May,2,2,3,2,Returning_Visitor,0,0
1,10.0,0,0.0,9,700.0,0.0,0.011111111,29.62188989,0.0,Dec,2,2,9,10,Returning_Visitor,0,1
0,0.0,0,0.0,3,138.0,0.0,0.066666667,0.0,0.0,Feb,1,1,1,3,Returning_Visitor,0,0
2,261.0,0,0.0,6,486.0,0.0,0.028571429,0.0,0.6,May,1,2,3,2,Returning_Visitor,0,0
7,198.2585034,4,492.9,81,2237.757205,0.007231405,0.018203638,3.0265717,0.0,Nov,3,2,3,6,Returning_Visitor,1,0
8,275.75,1,97.0,204,5209.820361,0.002571429,0.015411986,0.0,0.0,Nov,2,2,1,2,Returning_Visitor,0,0
5,85.5,0,0.0,30,2188.258333,0.0,0.0078125,45.58268367,0.0,Nov,2,2,2,8,New_Visitor,1,1
5,626.0,1,66.0,77,2660.15,0.0,0.008227848,41.92518987,0.0,May,1,1,3,2,Returning_Visitor,0,0
0,0.0,0,0.0,14,1277.741667,0.0,0.035714286,0.0,0.0,Nov,2,2,5,1,Returning_Visitor,0,0
8,164.4666667,0,0.0,3,26.7,0.022222222,0.044444444,0.0,0.0,Oct,3,2,4,4,New_Visitor,1,0
0,0.0,0,0.0,11,135.225,0.0,0.009090909,0.0,0.0,Nov,3,2,2,10,Returning_Visitor,0,0
5,116.1,3,97.66666667,170,5639.22176,0.002457143,0.01109801,0.0,0.0,Dec,2,2,7,2,Returning_Visitor,0,0
0,0.0,0,0.0,24,854.3333333,0.0,0.008333333,0.0,0.0,Mar,4,1,1,10,Returning_Visitor,0,0
3,269.1666667,0,0.0,36,2281.208333,0.022916667,0.046203704,0.0,0.0,May,3,2,6,4,Returning_Visitor,0,0
4,70.83333333,1,30.0,27,1150.192063,0.003125,0.0125,23.554375,0.0,May,2,2,1,2,Returning_Visitor,0,1
1,78.0,0,0.0,21,555.8944444,0.0,0.002380952,24.75047619,0.0,Mar,1,1,1,2,New_Visitor,0,1
0,0.0,0,0.0,42,879.0333333,0.004761905,0.024603175,0.0,0.0,May,2,2,2,4,Returning_Visitor,1,0
0,0.0,0,0.0,6,530.0,0.016666667,0.041666667,0.0,0.0,Nov,3,2,3,2,Returning_Visitor,1,0
0,0.0,0,0.0,1,0.0,0.2,0.2,0.0,0.0,Dec,2,2,8,3,Returning_Visitor,0,0
3,124.0,0,0.0,0,0.0,0.0,0.033333333,0.0,0.0,Mar,3,2,6,3,Returning_Visitor,0,0
0,0.0,0,0.0,3,161.0,0.0,0.066666667,0.0,0.0,Mar,2,2,1,1,Returning_Visitor,0,0
2,20.2,0,0.0,14,1261.316667,0.0,0.009183673,0.0,0.0,Aug,2,2,1,5,Returning_Visitor,0,0
0,0.0,0,0.0,38,643.9,0.026315789,0.057894737,0.0,0.0,June,2,4,9,3,Returning_Visitor,0,0
2,35.0,0,0.0,44,2479.0,0.022727273,0.043560606,0.0,0.0,May,2,2,1,6,Returning_Visitor,0,0
0,0.0,0,0.0,2,11.0,0.088888889,0.188888889,0.0,0.0,Dec,2,2,2,2,Returning_Visitor,1,0
5,46.0,0,0.0,35,539.0,0.005555556,0.011111111,39.15,0.0,May,2,2,3,6,Returning_Visitor,1,1
6,352.5,0,0.0,21,696.6666667,0.0,0.0125,75.06781572,0.0,Mar,2,2,6,10,New_Visitor,1,1
1,31.25,0,0.0,31,1470.208333,0.0,0.012222222,0.0,0.0,Nov,3,2,3,8,New_Visitor,0,1
6,141.0583333,0,0.0,46,1728.866268,0.0,0.019059741,0.0,0.0,June,2,2,7,4,Returning_Visitor,0,0
0,0.0,0,0.0,2,0.0,0.2,0.2,0.0,0.0,Nov,1,1,3,3,Returning_Visitor,0,0
0,0.0,0,0.0,3,15.2,0.066666667,0.133333333,0.0,0.0,Aug,2,4,1,1,Returning_Visitor,1,0
1,69.5,0,0.0,8,226.5,0.0,0.0125,0.0,0.0,Mar,3,2,1,13,Returning_Visitor,0,0
0,0.0,0,0.0,4,39.95,0.0,0.05,0.0,0.0,Jul,3,2,1,4,Returning_Visitor,1,0
7,187.1666667,2,72.0,22,680.0,0.0,0.006190476,22.45821429,0.0,May,3,2,3,2,New_Visitor,0,1
8,321.6,0,0.0,30,1151.2,0.0,0.012903226,0.0,0.0,May,2,2,2,13,Returning_Visitor,0,0
5,68.0,2,9.0,32,1195.583333,0.01981982,0.036486486,32.0201901,0.0,Nov,2,5,3,2,Returning_Visitor,0,1
1,14.0,0,0.0,5,92.33333333,0.0,0.016666667,0.0,0.0,Dec,2,4,1,1,New_Visitor,0,0
0,0.0,0,0.0,3,21.25,0.0,0.066666667,0.0,0.0,Nov,3,2,1,2,New_Visitor,1,0
2,17.0,0,0.0,20,1415.625,0.012698413,0.044761905,32.578313,0.0,Mar,3,3,1,10,Returning_Visitor,0,0
0,0.0,0,0.0,28,690.9583333,0.0,0.022857143,0.0,0.0,Nov,2,2,6,2,Returning_Visitor,1,0
1,12.0,0,0.0,0,0.0,0.0,0.022222222,0.0,0.0,Aug,3,2,6,2,Returning_Visitor,1,1
3,83.0,4,220.25,106,2974.734799,0.005165165,0.02044187,19.03391341,0.0,Nov,2,2,7,2,Returning_Visitor,0,1
7,94.83333333,2,38.9,262,6774.82,0.000425406,0.013069803,0.0,0.0,June,2,5,1,4,Returning_Visitor,0,0
3,35.83333333,0,0.0,9,92.33333333,0.059259259,0.088888889,0.0,0.0,Nov,1,1,8,1,Returning_Visitor,0,0
0,0.0,0,0.0,12,129.0,0.0,0.033333333,0.0,0.0,Feb,1,1,3,2,Returning_Visitor,0,0
1,73.75,0,0.0,45,2674.339216,0.000869565,0.020139353,0.0,0.0,Nov,1,1,8,1,Returning_Visitor,0,0
0,0.0,0,0.0,5,127.5,0.04,0.06,0.0,0.0,Nov,3,2,6,3,Returning_Visitor,0,0
7,104.45,0,0.0,63,1242.661699,0.011911765,0.02691802,0.0,0.0,Nov,1,1,8,2,Returning_Visitor,0,0
3,155.75,1,0.0,62,2038.772727,0.007070707,0.0254662,17.60269465,0.0,Nov,2,4,1,10,Returning_Visitor,1,0
5,145.5,0,0.0,96,1524.748377,0.0,0.007239057,0.0,0.0,Mar,2,2,9,2,Returning_Visitor,0,0
0,0.0,0,0.0,1,0.0,0.2,0.2,0.0,0.0,Nov,1,1,3,2,Returning_Visitor,0,0
9,234.4333333,0,0.0,20,590.5833333,0.025925926,0.040922619,0.0,0.0,Nov,2,2,7,1,Returning_Visitor,0,0
0,0.0,0,0.0,3,119.0,0.0,0.066666667,0.0,0.0,Nov,1,1,2,10,Returning_Visitor,0,0
0,0.0,0,0.0,23,836.5,0.0,0.013043478,0.0,0.0,Nov,3,2,3,2,Returning_Visitor,0,0
7,634.2666667,3,89.5,54,2864.633333,0.012295082,0.024020297,7.448242868,0.0,Nov,3,2,3,1,Returning_Visitor,0,0
1,0.0,0,0.0,14,1125.875,0.0,0.042857143,0.0,0.0,Nov,2,2,1,2,Returning_Visitor,0,0
11,169.8833333,2,160.4,25,489.15,0.0125,0.0171875,0.0,0.0,Aug,3,2,3,5,Returning_Visitor,1,0
0,0.0,0,0.0,1,0.0,0.2,0.2,0.0,0.0,Mar,2,2,2,1,Returning_Visitor,0,0
0,0.0,0,0.0,2,0.0,0.2,0.2,0.0,0.0,May,1,8,2,1,Returning_Visitor,0,0
2,174.6,0,0.0,12,251.2,0.061904762,0.080612245,0.0,0.0,Aug,3,2,6,1,Returning_Visitor,0,0
10,1005.666667,0,0.0,36,2111.341667,0.004347826,0.014492754,11.43941195,0.0,Feb,2,6,1,2,Returning_Visitor,0,1
2,90.17857143,2,88.5,19,1214.307692,0.022727273,0.031677489,15.52703405,0.0,Nov,1,1,4,2,Returning_Visitor,0,1
1,21.0,0,0.0,81,2930.722222,0.003658537,0.018943089,0.0,0.0,Nov,2,2,3,1,Returning_Visitor,1,1
1,40.0,0,0.0,15,839.5,0.01875,0.054166667,0.0,0.0,Mar,2,2,4,1,Returning_Visitor,0,0
10,268.1666667,0,0.0,148,4010.064286,0.017088608,0.033122363,5.782988246,0.4,May,2,2,1,4,Returning_Visitor,0,0
1,75.0,0,0.0,19,1773.375,0.011764706,0.030392157,28.11635484,0.0,Nov,2,2,1,13,Returning_Visitor,0,1
0,0.0,0,0.0,9,76.0,0.022222222,0.055555556,0.0,0.0,Mar,2,2,6,1,Returning_Visitor,0,0
0,0.0,0,0.0,5,178.8333333,0.0,0.04,0.0,0.0,Nov,2,2,7,13,Returning_Visitor,1,0
3,55.0,2,4.0,2,19.0,0.0,0.033333333,0.0,0.0,Mar,1,1,8,2,New_Visitor,0,0
2,14.0,0,0.0,58,1806.504167,0.013793103,0.026819923,0.0,0.8,May,2,2,2,6,Returning_Visitor,0,0
1,4.0,1,12.0,16,1012.964286,0.011764706,0.023529412,0.0,0.0,Dec,2,2,7,10,Returning_Visitor,0,0
2,66.4,3,41.2,138,4031.561667,0.002857143,0.010238095,0.0,0.0,Nov,2,2,9,13,Returning_Visitor,0,0
0,0.0,0,0.0,18,426.0666667,0.0,0.033333333,0.0,0.0,Jul,2,2,1,3,Returning_Visitor,0,0
5,827.2,2,48.5,71,3439.733242,0.0,0.014808078,0.0,0.0,May,2,2,1,2,Returning_Visitor,0,0
4,237.8333333,0,0.0,66,3268.075758,0.005882353,0.029549127,0.0,1.0,May,2,2,7,4,Returning_Visitor,1,0
14,345.8065476,3,195.0,75,5610.686899,0.008045977,0.019205169,4.452664494,0.0,Nov,2,2,3,2,Returning_Visitor,0,0
5,152.5,0,0.0,15,291.1666667,0.0,0.02,0.0,0.0,Dec,4,1,1,2,New_Visitor,1,0
1,5.0,0,0.0,31,1263.9,0.0,0.009111111,0.0,0.0,Dec,2,2,7,2,Returning_Visitor,0,0
1,0.0,0,0.0,8,1340.3,0.0,0.025,0.0,0.0,Sep,1,2,3,4,Returning_Visitor,0,0
0,0.0,0,0.0,6,199.25,0.0,0.033333333,0.0,0.0,Dec,2,4,1,3,Other,0,0
10,42.1,0,0.0,37,527.6666667,0.009090909,0.032954545,0.0,0.0,Aug,1,1,1,2,Returning_Visitor,0,0
3,59.5,0,0.0,2,13.1,0.0,0.008333333,0.0,0.0,Sep,1,1,4,5,New_Visitor,0,0
2,63.25,0,0.0,7,460.75,0.022222222,0.037037037,0.0,0.0,Dec,3,2,3,2,Returning_Visitor,0,0
1,0.0,0,0.0,11,113.8,0.083333333,0.116666667,0.0,0.0,Nov,2,4,1,3,Returning_Visitor,0,1
10,2407.42381,3,434.3,486,23050.10414,0.000323719,0.011248517,0.0,0.0,Jul,2,2,1,3,Returning_Visitor,0,0
0,0.0,0,0.0,4,73.5,0.0,0.05,0.0,0.0,Nov,1,1,3,1,Returning_Visitor,0,0
6,60.13636364,2,522.1666667,83,3708.383949,0.002420052,0.012547833,0.0,0.0,Nov,2,2,7,2,Returning_Visitor,1,0
0,0.0,0,0.0,24,1884.7,0.032,0.068,0.0,0.0,Sep,2,2,4,13,Returning_Visitor,0,0
3,240.8,1,4.0,13,279.8333333,0.0,0.00625,0.0,0.0,Nov,3,2,2,2,Returning_Visitor,0,0
0,0.0,0,0.0,7,61.33333333,0.014285714,0.068571429,0.0,0.0,May,1,2,1,2,Returning_Visitor,1,0
0,0.0,0,0.0,9,531.0,0.0,0.011111111,0.0,0.8,May,4,1,1,2,Returning_Visitor,0,0
0,0.0,0,0.0,5,50.5,0.0,0.04,0.0,0.0,Mar,2,2,1,1,Returning_Visitor,1,0
4,140.0666667,0,0.0,74,3146.709481,0.0192,0.042311111,0.93770521,0.0,Jul,1,1,1,1,Returning_Visitor,0,0
0,0.0,0,0.0,20,1722.866667,0.01,0.075,0.0,0.2,May,2,2,6,1,Returning_Visitor,0,0
3,63.4,0,0.0,10,70.93333333,0.0,0.016666667,0.0,0.0,Sep,2,2,1,5,New_Visitor,0,0
5,110.75,0,0.0,11,146.75,0.0,0.02,0.0,0.0,Nov,1,1,1,15,Returning_Visitor,0,0
3,90.0,0,0.0,25,397.8846154,0.005333333,0.033504762,0.0,0.0,Mar,2,2,1,1,Returning_Visitor,1,0
0,0.0,0,0.0,111,2805.038095,0.005405405,0.038192738,0.0,0.0,Aug,4,1,3,3,Returning_Visitor,1,0
9,210.6666667,3,127.0,55,1509.594444,0.006451613,0.02016129,14.68324522,0.0,Mar,2,5,1,2,Returning_Visitor,0,0
0,0.0,0,0.0,60,2606.779545,0.006666667,0.021944444,0.0,0.0,Dec,2,2,3,2,Returning_Visitor,0,0
5,249.1666667,0,0.0,22,1165.583333,0.0,0.001242236,0.0,0.0,Mar,2,2,8,2,New_Visitor,0,0
0,0.0,0,0.0,5,161.5,0.0,0.02,0.0,0.0,May,3,2,4,2,Returning_Visitor,1,0
12,138.9166667,0,0.0,14,1352.75,0.0,0.023684211,0.0,0.0,Dec,2,2,1,2,Returning_Visitor,0,0
0,0.0,0,0.0,15,440.0,0.0,0.033333333,0.0,0.8,May,4,1,4,2,Returning_Visitor,0,0
9,132.05,4,137.0,56,1775.89,0.0,0.025520833,4.365181293,0.0,June,4,2,1,1,Returning_Visitor,0,0
0,0.0,0,0.0,15,865.0,0.026666667,0.04,57.584,0.0,May,2,2,1,4,Returning_Visitor,0,0
0,0.0,0,0.0,12,349.0,0.066666667,0.088888889,0.0,0.0,May,2,2,9,13,Returning_Visitor,0,0
0,0.0,0,0.0,39,706.2,0.074774775,0.09009009,0.0,0.0,Sep,3,2,1,13,Returning_Visitor,0,0
5,179.5,0,0.0,36,1792.8,0.0,0.004390244,0.0,0.0,Mar,2,2,3,10,Returning_Visitor,0,0
4,155.0,0,0.0,60,3086.398654,0.000287356,0.019676875,0.0,0.4,May,2,5,2,1,Returning_Visitor,0,0
0,0.0,1,110.0,20,402.3333333,0.028571429,0.052154195,0.0,0.6,May,2,2,3,13,Returning_Visitor,0,0
0,0.0,0,0.0,1,0.0,0.2,0.2,0.0,0.0,May,3,2,9,3,Returning_Visitor,0,0
1,89.0,0,0.0,17,1175.5,0.0,0.0125,9.74025,0.0,May,1,1,3,4,New_Visitor,1,1
5,83.16666667,0,0.0,18,585.5666667,0.010526316,0.052631579,0.0,0.0,Jul,2,2,2,13,Returning_Visitor,1,0
0,0.0,0,0.0,100,2852.013141,0.000444444,0.024301656,0.0,0.0,Dec,2,2,1,2,Returning_Visitor,0,0
0,0.0,0,0.0,8,116.0,0.025,0.1,0.0,0.0,Mar,2,4,5,1,Returning_Visitor,0,0
6,335.1190476,1,8.0,51,1927.031548,0.003954802,0.014481293,2.846779661,1.0,May,1,1,9,3,Returning_Visitor,1,0
0,0.0,0,0.0,58,2174.708333,0.004022989,0.015229885,0.0,0.0,Nov,1,2,1,1,Returning_Visitor,1,1
0,0.0,0,0.0,14,310.0,0.028571429,0.064285714,0.0,0.2,May,2,4,1,3,Returning_Visitor,0,0
2,78.0,0,0.0,24,424.0,0.0,0.001190476,0.0,0.0,Mar,1,1,3,10,New_Visitor,0,0
8,133.4,0,0.0,38,2666.066667,0.002272727,0.016576479,17.06291074,0.0,Dec,1,1,4,2,Returning_Visitor,0,0
2,55.375,1,566.0,29,1978.14881,0.001904762,0.016222222,0.0,0.0,Nov,3,2,1,10,Returning_Visitor,0,0
0,0.0,0,0.0,3,22.0,0.0,0.066666667,0.0,0.0,Nov,2,2,3,3,Returning_Visitor,0,0
0,0.0,0,0.0,18,559.0,0.047058824,0.098039216,0.0,0.0,Nov,1,1,4,1,Returning_Visitor,1,0
2,16.0,0,0.0,29,1412.5,0.007142857,0.046428571,0.0,0.0,May,2,2,6,13,Returning_Visitor,0,0
5,55.5,0,0.0,4,24.5,0.022222222,0.037037037,0.0,1.0,May,3,2,6,3,Returning_Visitor,1,0
0,0.0,0,0.0,10,366.0,0.02,0.056666667,0.0,0.6,May,1,1,1,3,Returning_Visitor,0,0
4,115.8,0,0.0,46,2557.35,0.0,0.01372549,44.35848718,0.0,Oct,2,2,1,2,Returning_Visitor,0,1
7,397.8333333,0,0.0,28,1249.628205,0.0,0.015053763,0.0,0.0,May,3,2,7,6,Returning_Visitor,0,0
2,371.8,0,0.0,5,255.0,0.0,0.028571429,0.0,0.0,Sep,3,2,4,2,New_Visitor,0,0
6,212.0,1,9.0,10,491.0,0.0,0.004444444,0.0,0.6,May,1,1,1,2,Returning_Visitor,0,0
3,102.6,0,0.0,35,871.8333333,0.0,0.002631579,0.0,0.0,Oct,1,1,1,2,New_Visitor,1,0
1,47.5,0,0.0,123,3944.384921,0.00516129,0.017112135,3.303059969,0.0,Nov,2,2,1,2,Returning_Visitor,0,0
0,0.0,0,0.0,12,459.0,0.0,0.02,0.0,0.0,Mar,2,4,3,1,Returning_Visitor,0,0
2,32.5,0,0.0,12,239.75,0.0,0.005128205,0.0,0.4,May,2,4,1,5,New_Visitor,0,0
1,4.0,0,0.0,43,1418.5,0.0,0.018181818,0.0,0.0,Mar,4,1,2,3,Returning_Visitor,1,0
7,230.1666667,3,222.0,140,8961.407671,0.00137931,0.012980564,0.0,0.0,Mar,2,5,2,1,Returning_Visitor,1,0
2,10.77142857,0,0.0,70,2094.138889,0.023611111,0.05224537,0.0,0.0,Jul,2,2,3,1,Returning_Visitor,0,0
0,0.0,0,0.0,1,0.0,0.2,0.2,0.0,0.4,May,1,1,1,3,Returning_Visitor,0,0
0,0.0,0,0.0,1,0.0,0.2,0.2,0.0,0.0,Jul,3,2,1,4,Returning_Visitor,0,0
4,96.4,2,53.4,9,338.34,0.0,0.013333333,0.0,0.0,Oct,1,1,3,5,New_Visitor,1,0
4,57.0,0,0.0,5,81.0,0.0,0.025,0.0,0.0,Mar,1,1,8,10,Returning_Visitor,0,0
0,0.0,0,0.0,37,856.2,0.052252252,0.108558559,0.0,0.0,Sep,2,2,2,1,Returning_Visitor,0,0
0,0.0,0,0.0,9,348.75,0.0,0.02962963,0.0,0.0,Dec,2,5,1,1,Returning_Visitor,0,0
0,0.0,0,0.0,12,139.8,0.066666667,0.091666667,0.0,0.0,Aug,3,2,1,13,Returning_Visitor,0,0
9,175.9333333,0,0.0,28,717.2190476,0.005882353,0.017058824,0.0,1.0,May,2,2,5,4,Returning_Visitor,1,0
0,0.0,0,0.0,47,636.7,0.0,0.0,0.0,0.0,Aug,2,4,1,2,New_Visitor,0,0
9,210.5666667,3,61.6,10,124.8666667,0.021052632,0.030526316,0.0,0.0,Aug,1,1,3,2,Returning_Visitor,0,1
2,31.0,1,16.0,36,2083.530952,0.0,0.01351025,0.0,0.8,Feb,2,2,4,3,Returning_Visitor,0,0
0,0.0,0,0.0,8,357.25,0.0,0.0625,0.0,0.0,Mar,2,10,4,3,Returning_Visitor,1,0
12,152.75,1,0.0,219,7044.064508,0.003312325,0.015735853,11.65798375,0.0,Nov,2,2,1,1,Returning_Visitor,0,1
0,0.0,0,0.0,1,0.0,0.2,0.2,0.0,0.0,Mar,3,3,3,3,Returning_Visitor,0,0
0,0.0,0,0.0,42,1766.833333,0.023015873,0.062641723,0.0,0.0,Nov,2,2,1,13,Returning_Visitor,0,0
0,0.0,0,0.0,19,621.4166667,0.0,0.015789474,0.0,0.0,Dec,4,1,1,2,Returning_Visitor,1,0
0,0.0,1,0.0,48,1062.812542,0.0,0.027253521,0.0,0.0,Sep,1,1,4,2,Returning_Visitor,0,0
10,84.4375,3,147.0,35,1092.354167,0.005073996,0.034935835,0.0,0.0,Nov,2,5,9,8,Returning_Visitor,1,0
0,0.0,0,0.0,39,1348.45,0.01025641,0.02039072,0.0,0.0,Jul,1,2,1,4,Returning_Visitor,0,0
0,0.0,0,0.0,9,166.12,0.0,0.022222222,0.0,0.0,Jul,2,2,1,1,Returning_Visitor,0,0
0,0.0,0,0.0,20,1055.333333,0.01,0.009285714,0.0,0.0,Nov,3,2,4,13,Returning_Visitor,0,0
1,95.33333333,0,0.0,16,819.3333333,0.0,0.015625,25.25564195,0.0,Dec,2,2,7,2,New_Visitor,0,1
1,0.0,0,0.0,9,219.0,0.03030303,0.066666667,22.89636364,0.0,May,2,2,1,1,Returning_Visitor,0,1
1,3.0,0,0.0,10,577.1666667,0.0,0.022222222,0.0,0.0,Dec,1,1,3,1,Returning_Visitor,0,0
0,0.0,0,0.0,7,82.75,0.028571429,0.085714286,0.0,0.0,Nov,2,2,7,3,Returning_Visitor,0,0
5,115.9666667,1,0.0,9,181.3,0.0,0.016666667,0.0,0.0,Dec,1,1,1,8,New_Visitor,0,0
4,31.6,0,0.0,9,1760.7,0.0,0.003333333,0.0,0.0,Nov,4,2,9,2,Returning_Visitor,0,0
9,1294.9,1,32.66666667,37,1012.233333,0.0,0.006910299,33.31220592,0.0,Nov,2,2,1,2,Returning_Visitor,0,0
0,0.0,0,0.0,18,1257.946667,0.0,0.003921569,33.50211155,0.0,Oct,2,2,3,2,Returning_Visitor,1,1
4,52.5,0,0.0,11,463.5,0.0,0.007692308,0.0,0.0,Nov,3,2,6,11,New_Visitor,1,0
0,0.0,0,0.0,48,691.3572797,0.034873188,0.082209406,0.0,0.0,Nov,3,2,3,3,Returning_Visitor,0,0
0,0.0,0,0.0,5,266.3333333,0.04,0.08,0.0,0.0,Mar,3,2,1,3,Returning_Visitor,0,0
1,0.0,0,0.0,18,1489.083333,0.023529412,0.046470588,0.0,0.0,Mar,2,2,8,1,Returning_Visitor,0,0
0,0.0,0,0.0,8,152.0,0.0375,0.070833333,0.0,0.6,May,3,2,1,2,Returning_Visitor,0,0
0,0.0,0,0.0,53,661.4455285,0.000754717,0.006528045,0.0,0.0,Nov,3,2,1,11,Returning_Visitor,1,0
5,69.6,3,53.0,6,92.7,0.0,0.02,0.0,0.0,Jul,2,6,1,3,New_Visitor,1,0
3,94.6,0,0.0,17,265.5,0.0,0.0,0.0,0.0,Oct,2,2,1,2,New_Visitor,0,0
1,30.2,0,0.0,20,293.0333333,0.019047619,0.025396825,9.775216594,0.0,Nov,1,2,1,1,Returning_Visitor,0,0
0,0.0,0,0.0,6,1098.5,0.066666667,0.1,0.0,0.0,Dec,2,2,7,1,Returning_Visitor,0,0
0,0.0,0,0.0,1,0.0,0.2,0.2,0.0,0.0,May,2,10,5,1,Returning_Visitor,0,0
7,119.0,0,0.0,67,2421.060623,0.0,0.005379499,0.902835681,0.0,May,2,2,3,2,Returning_Visitor,0,0
5,54.0,0,0.0,15,304.5,0.0,0.010526316,0.0,0.0,May,2,2,6,2,Returning_Visitor,0,0
2,46.4,0,0.0,30,2559.433333,0.027586207,0.064367816,0.0,0.0,Sep,3,2,6,1,Returning_Visitor,1,0
4,178.2,0,0.0,9,368.2,0.02,0.05,0.0,0.0,Mar,3,2,8,3,Returning_Visitor,1,0
0,0.0,0,0.0,1,0.0,0.2,0.2,0.0,0.0,Mar,1,1,3,1,Returning_Visitor,0,0
6,155.0,0,0.0,84,2566.220887,0.0,0.007575758,16.56314545,0.0,Mar,2,2,7,2,Returning_Visitor,0,0
0,0.0,0,0.0,6,44.0,0.066666667,0.1,0.0,0.0,Mar,2,2,3,1,Returning_Visitor,0,0
0,0.0,0,0.0,5,218.0,0.0,0.04,0.0,0.0,Mar,2,2,1,2,Returning_Visitor,0,0
10,168.9066667,2,18.4,36,853.8502721,0.0,0.007751938,5.6479944,0.0,Oct,3,2,3,2,Returning_Visitor,1,0
2,101.75,0,0.0,9,561.25,0.022222222,0.033333333,26.38074656,0.0,Dec,3,2,1,1,Returning_Visitor,0,0
3,54.5,0,0.0,6,148.75,0.022222222,0.033333333,0.0,0.0,Nov,3,2,1,3,Returning_Visitor,0,0
0,0.0,0,0.0,25,438.075,0.008,0.024698413,0.0,0.6,May,1,1,3,3,Returning_Visitor,0,0
1,5.0,0,0.0,17,463.6666667,0.0,0.024444444,0.0,0.0,May,2,2,7,4,Returning_Visitor,1,0
0,0.0,0,0.0,17,315.3,0.0,0.027843137,0.0,0.0,Nov,1,1,2,3,Returning_Visitor,0,0
4,60.2,0,0.0,13,409.8371212,0.0,0.005882353,20.10126693,0.0,Oct,1,1,4,2,New_Visitor,0,1
8,77.5,0,0.0,35,2518.266667,0.01025641,0.012576313,0.0,0.0,Jul,2,2,2,2,New_Visitor,1,0
0,0.0,0,0.0,21,1535.0,0.01,0.048333333,0.0,0.0,Nov,2,2,7,3,Returning_Visitor,0,0
9,344.0,0,0.0,22,1860.25,0.0,0.013095238,12.94438665,0.0,Dec,2,2,7,1,Returning_Visitor,0,1
0,0.0,0,0.0,5,334.4,0.0,0.025,0.0,0.0,Sep,3,2,6,1,Returning_Visitor,0,0
1,86.6,0,0.0,14,349.5761905,0.0,0.004761905,60.43737784,0.0,Nov,1,1,1,3,New_Visitor,0,1
9,215.2333333,5,450.0,35,1974.352381,0.004761905,0.018866213,15.32910159,0.0,Mar,2,2,3,2,Returning_Visitor,0,0
0,0.0,0,0.0,8,64.0,0.0,0.05,0.0,0.0,Dec,2,2,3,8,New_Visitor,0,0
0,0.0,0,0.0,3,50.2,0.0,0.066666667,0.0,0.0,Sep,2,2,1,13,Returning_Visitor,0,0
0,0.0,3,44.0,179,1738.472529,2.73e-05,0.025997611,0.0,0.0,Aug,2,4,9,11,Returning_Visitor,0,0
1,43.0,0,0.0,26,834.3611111,0.016,0.019666667,25.21523293,0.0,Dec,1,1,1,10,Returning_Visitor,1,0
9,341.0,0,0.0,37,1538.950794,0.005128205,0.014848485,0.0,0.0,Dec,2,2,3,1,Returning_Visitor,0,0
8,260.2083333,0,0.0,58,1436.690476,0.0,0.008231293,12.80819078,0.0,Dec,2,2,2,1,Returning_Visitor,1,0
0,0.0,0,0.0,4,31.0,0.1,0.125,0.0,0.8,May,3,2,7,13,Returning_Visitor,0,0
1,69.0,1,4.0,17,319.0,0.0,0.010526316,0.0,0.0,May,2,2,9,2,Returning_Visitor,1,0
0,0.0,0,0.0,15,1148.0,0.014285714,0.05,0.0,0.0,Mar,3,2,1,3,Returning_Visitor,0,0
7,75.05,0,0.0,31,489.1452381,0.011111111,0.022222222,27.38224222,0.0,Mar,2,2,5,2,Returning_Visitor,1,1
0,0.0,0,0.0,41,881.1666667,0.009756098,0.021138211,0.0,0.6,May,2,5,1,3,Returning_Visitor,0,0
0,0.0,0,0.0,40,1445.840909,0.003827751,0.032192982,0.0,0.0,Nov,3,2,6,8,Returning_Visitor,1,0
4,171.5,0,0.0,75,2416.060484,0.007699443,0.036664764,0.0,0.0,Nov,2,2,2,1,Returning_Visitor,0,1
5,74.75,3,86.75,51,2003.375779,0.0,0.008874272,44.33548922,0.0,Nov,2,2,7,2,Returning_Visitor,0,0
9,227.375,4,102.25,48,2849.482143,0.0,0.014853801,4.741626063,0.0,Nov,2,2,4,2,Returning_Visitor,0,0
0,0.0,2,120.5,54,1389.216667,0.008928571,0.025119048,0.0,0.0,Dec,1,1,1,2,Returning_Visitor,0,0
0,0.0,0,0.0,14,2530.5,0.014285714,0.052380952,0.0,0.6,May,2,2,9,3,Returning_Visitor,0,0
0,0.0,0,0.0,4,236.8,0.0,0.05,36.26141924,0.0,Oct,2,2,3,1,Returning_Visitor,0,1
5,83.0,0,0.0,5,29.5,0.044444444,0.059259259,0.0,0.0,Dec,1,1,4,2,Returning_Visitor,1,0
0,0.0,0,0.0,2,648.0,0.0,0.1,0.0,0.8,May,1,1,4,1,Returning_Visitor,0,0
3,118.0,0,0.0,16,859.1666667,0.0,0.014814815,9.991666667,0.0,May,3,2,2,2,Returning_Visitor,0,0
0,0.0,0,0.0,7,232.6666667,0.0,0.014285714,0.0,0.0,Mar,2,2,6,2,Returning_Visitor,0,0
0,0.0,0,0.0,8,158.5,0.0,0.05,0.0,0.0,Mar,1,1,1,3,Returning_Visitor,1,0
0,0.0,0,0.0,18,230.1666667,0.033333333,0.038888889,0.0,0.0,Dec,2,2,1,1,Returning_Visitor,0,0
0,0.0,0,0.0,21,248.8333333,0.01,0.0225,0.0,0.0,May,2,5,6,3,Returning_Visitor,0,0
5,73.75,0,0.0,131,2244.616667,0.005343511,0.017506361,0.0,0.0,Nov,2,2,1,2,Returning_Visitor,0,0
6,40.16666667,0,0.0,41,895.8333333,0.057142857,0.073412698,0.0,0.0,May,2,2,6,4,Returning_Visitor,0,0
4,197.0,1,25.0,46,1596.672282,0.0,0.008,19.92584938,0.0,Mar,4,2,2,2,New_Visitor,1,0
0,0.0,0,0.0,9,869.0,0.0,0.022222222,0.0,0.0,May,2,5,1,4,Returning_Visitor,0,0
4,390.5,0,0.0,27,1285.583333,0.0,0.006896552,14.67222588,0.0,Dec,2,2,8,2,Returning_Visitor,0,1
1,6.0,0,0.0,29,354.8333333,0.0,0.010344828,0.0,0.0,May,1,1,1,1,Returning_Visitor,1,0
3,41.0,0,0.0,46,2749.666667,0.0,0.005555556,0.0,0.0,Mar,2,2,1,2,Returning_Visitor,0,0
13,140.55,1,24.7,149,8147.111565,0.011111111,0.050691712,0.0,0.0,Nov,2,2,3,2,Returning_Visitor,0,0
0,0.0,0,0.0,7,157.0,0.0,0.014285714,0.0,0.0,Mar,3,2,1,2,Returning_Visitor,0,0
0,0.0,0,0.0,11,877.9166667,0.0,0.043636364,0.0,0.0,Nov,1,1,4,2,New_Visitor,0,0
3,30.75,0,0.0,17,473.1666667,0.013333333,0.0225,0.0,0.0,Nov,1,2,3,3,Returning_Visitor,0,0
2,45.5,0,0.0,39,2011.041667,0.0,0.0125,53.73655336,0.0,Nov,2,2,1,8,Returning_Visitor,0,1
0,0.0,0,0.0,10,421.6,0.0,0.011111111,0.0,0.0,Nov,1,1,1,4,Returning_Visitor,0,0
0,0.0,0,0.0,1,0.0,0.2,0.2,0.0,0.0,May,1,1,1,20,Returning_Visitor,0,0
0,0.0,0,0.0,21,1372.7,0.019047619,0.035714286,0.0,0.0,Mar,1,1,3,1,Returning_Visitor,0,0
12,81.22222222,0,0.0,181,4079.530461,0.01382199,0.023773007,0.0,1.0,May,3,2,2,13,Returning_Visitor,1,0
0,0.0,0,0.0,17,287.5,0.066666667,0.087037037,0.0,0.8,May,3,2,4,13,Returning_Visitor,0,0
2,79.0,0,0.0,47,1366.058333,0.008510638,0.034751773,21.23960367,0.0,Dec,2,2,1,2,New_Visitor,0,0
5,523.9166667,2,21.0,25,439.5238095,0.0,0.023333333,0.0,0.0,Mar,2,2,7,2,Returning_Visitor,0,0
0,0.0,0,0.0,1,0.0,0.2,0.2,0.0,0.0,Mar,2,5,2,3,Returning_Visitor,0,0
0,0.0,0,0.0,28,475.025,0.0,0.000446429,0.0,0.0,Nov,1,1,6,10,New_Visitor,0,0
6,63.68333333,0,0.0,8,129.7611111,0.017857143,0.068923933,0.0,0.0,June,3,2,3,3,Returning_Visitor,0,0
0,0.0,0,0.0,1,0.0,0.2,0.2,0.0,0.0,May,1,1,1,3,Returning_Visitor,1,0
1,0.0,0,0.0,41,1202.904762,0.011529933,0.033252033,0.0,0.0,Mar,2,2,2,13,Returning_Visitor,0,0
7,97.0,6,281.5,83,1778.125214,0.007967033,0.019990486,6.626647741,0.0,Mar,2,2,3,3,Returning_Visitor,0,0
15,290.2934078,2,302.0,49,2011.513765,0.020689655,0.024273772,10.74211393,0.0,Nov,1,1,2,2,Returning_Visitor,0,0
17,2629.253968,24,2050.433333,705,43171.23338,0.004851285,0.015431438,0.763828956,0.0,May,2,2,1,14,Returning_Visitor,1,0
0,0.0,0,0.0,24,654.0666667,0.0,0.001449275,0.0,0.8,May,3,2,1,2,Returning_Visitor,0,0
8,160.5,2,1467.0,26,721.0,0.0,0.031029186,0.0,0.0,Mar,2,2,1,1,Returning_Visitor,0,0
3,17.0,0,0.0,18,407.5,0.0,0.02,0.0,0.0,May,2,2,6,5,Returning_Visitor,1,0
0,0.0,0,0.0,19,539.15,0.010526316,0.003947368,0.0,0.0,Nov,3,2,3,3,Returning_Visitor,0,0
1,49.4,0,0.0,18,213.1714286,0.0,0.003921569,0.0,0.0,Oct,2,2,1,2,New_Visitor,0,0
4,99.33333333,1,103.8,40,2011.966667,0.018181818,0.023484848,9.869649371,0.0,Oct,2,2,1,20,Returning_Visitor,0,1
8,335.0636364,3,738.0833333,36,2228.707287,0.005853659,0.010086083,27.79149135,0.0,Dec,1,1,3,2,New_Visitor,0,0
12,225.25,1,0.0,129,3367.041281,0.001428571,0.018456829,1.03529974,0.0,Nov,2,4,1,10,Returning_Visitor,0,1
2,55.5,0,0.0,2,26.0,0.0,0.06,0.0,0.0,Dec,1,2,9,3,Returning_Visitor,1,1
0,0.0,0,0.0,24,1151.0,0.0,0.0125,44.20382094,0.0,Nov,2,2,3,8,New_Visitor,1,1
9,189.1098485,3,39.0,73,3059.013889,0.012345679,0.024897119,16.74209908,0.0,Nov,2,2,3,2,Returning_Visitor,1,1
2,15.0,0,0.0,35,1776.083333,0.0,0.011428571,0.0,0.0,Dec,2,2,4,1,Returning_Visitor,0,0
0,0.0,0,0.0,2,8.0,0.0,0.1,0.0,0.0,Dec,1,1,1,2,New_Visitor,1,0
0,0.0,0,0.0,11,667.9166667,0.0,0.009090909,0.0,0.0,Dec,2,5,1,2,Returning_Visitor,0,1
0,0.0,0,0.0,2,0.0,0.2,0.2,0.0,0.0,Nov,2,2,9,13,Returning_Visitor,0,0
0,0.0,0,0.0,12,218.5,0.0,0.045833333,0.0,0.0,Mar,1,1,4,2,Returning_Visitor,0,0
4,52.83333333,0,0.0,57,1761.285714,0.006896552,0.022220854,0.0,0.0,Nov,1,1,1,3,Returning_Visitor,1,0
3,226.9545455,0,0.0,57,4895.022989,0.003333333,0.023321256,0.0,0.0,May,2,2,1,13,Returning_Visitor,0,0
1,23.2,0,0.0,5,58.0,0.0,0.033333333,0.0,0.0,Oct,3,2,1,3,Returning_Visitor,0,0
2,42.0,0,0.0,17,275.702381,0.04,0.06,0.0,0.6,May,3,2,8,2,Returning_Visitor,0,0
2,114.0,0,0.0,11,427.0,0.014285714,0.042857143,39.42,0.0,May,2,2,1,2,Returning_Visitor,0,0
0,0.0,0,0.0,14,406.8666667,0.0,0.007142857,0.0,0.0,Mar,2,4,1,1,Returning_Visitor,0,0
4,54.4,0,0.0,68,2889.946154,0.002898551,0.008789401,0.0,0.0,June,4,1,4,1,Returning_Visitor,0,0
0,0.0,0,0.0,24,431.2,0.0125,0.055555556,0.0,0.0,Sep,1,8,2,1,Returning_Visitor,0,0
0,0.0,0,0.0,6,68.25,0.033333333,0.044444444,0.0,0.0,Nov,2,2,7,2,New_Visitor,0,0
0,0.0,0,0.0,69,653.2777778,0.014705882,0.053431373,0.0,0.6,May,2,4,7,4,Returning_Visitor,0,0
1,146.0,0,0.0,11,267.8333333,0.018181818,0.036363636,0.0,0.0,Mar,1,1,4,2,Returning_Visitor,1,0
0,0.0,0,0.0,41,1444.166667,0.009756098,0.026829268,0.0,0.0,May,2,2,1,4,Returning_Visitor,0,0
5,121.425,1,8.0,16,792.75,0.005,0.008333333,38.41401623,0.0,Nov,2,2,1,3,Returning_Visitor,0,0
0,0.0,0,0.0,1,0.0,0.2,0.2,0.0,0.0,Nov,2,2,1,3,Returning_Visitor,0,0
0,0.0,0,0.0,7,323.5,0.0,0.057142857,0.0,0.0,May,2,2,1,5,New_Visitor,0,0
10,305.905303,1,89.95454545,101,6038.244769,0.001904762,0.019112158,51.36077038,0.0,Nov,2,4,3,2,Returning_Visitor,1,1
0,0.0,3,103.5,30,1093.175,0.0125,0.028125,0.0,0.0,Dec,2,2,1,2,Returning_Visitor,1,0
3,26.0,0,0.0,19,576.0833333,0.009090909,0.018181818,30.65045455,0.0,Mar,2,2,2,1,Returning_Visitor,1,1
0,0.0,0,0.0,4,57.0,0.0,0.025,0.0,0.0,Mar,2,2,6,2,Returning_Visitor,0,0
0,0.0,0,0.0,7,512.25,0.0,0.014285714,0.0,0.0,Dec,3,2,1,11,New_Visitor,0,0
0,0.0,1,0.0,5,85.6,0.011111111,0.046666667,0.0,0.0,June,3,2,6,2,Returning_Visitor,0,0
5,59.52777778,3,124.25,156,5189.960659,0.001234568,0.008928986,20.50963783,0.0,Nov,2,2,7,1,Returning_Visitor,0,1
8,310.0666667,1,49.4,71,1441.974535,0.003013699,0.009218133,48.30461627,0.0,Oct,1,1,2,20,Returning_Visitor,1,1
8,125.7333333,0,0.0,7,81.66666667,0.033333333,0.024166667,0.0,0.0,Sep,2,2,1,1,Returning_Visitor,0,0
0,0.0,0,0.0,27,520.0,0.0,0.003703704,0.0,0.0,Nov,8,2,3,20,New_Visitor,0,1
0,0.0,0,0.0,5,41.0,0.04,0.08,0.0,0.0,Dec,2,5,1,1,Returning_Visitor,0,0
0,0.0,0,0.0,1,0.0,0.2,0.2,0.0,0.0,May,3,2,2,19,Returning_Visitor,1,0
0,0.0,0,0.0,10,72.5,0.08,0.106666667,0.0,0.2,May,2,2,2,13,Returning_Visitor,0,0
2,59.4,0,0.0,86,3334.506667,0.025581395,0.050387597,0.0,0.0,Aug,2,2,7,3,Returning_Visitor,0,0
1,21.2,0,0.0,53,2224.633333,0.011538462,0.03514652,0.0,0.0,Aug,2,2,3,3,Returning_Visitor,0,0
2,16.0,0,0.0,43,821.275,0.015873016,0.024900794,0.0,0.0,Nov,1,1,1,3,Returning_Visitor,0,0
0,0.0,0,0.0,22,848.8407143,0.0,0.00952381,0.0,0.0,June,2,4,3,2,Returning_Visitor,0,0
0,0.0,0,0.0,3,71.0,0.1,0.1,0.0,0.0,May,3,2,6,13,Returning_Visitor,0,0
1,8.0,5,358.75,36,991.5,0.014285714,0.031904762,0.0,0.0,Dec,1,1,8,2,Returning_Visitor,0,0
0,0.0,0,0.0,11,546.75,0.036363636,0.054545455,0.0,0.0,Nov,2,2,5,1,Returning_Visitor,0,0
0,0.0,0,0.0,13,152.25,0.030769231,0.025641026,0.0,0.0,May,1,2,5,2,Returning_Visitor,0,0
0,0.0,0,0.0,13,187.0,0.0,0.0,0.0,0.0,Sep,2,5,4,1,Returning_Visitor,0,0
9,274.6666667,0,0.0,40,720.4257937,0.0,0.015259259,0.0,0.0,Dec,2,2,2,1,Returning_Visitor,0,0
0,0.0,0,0.0,27,1316.035714,0.0,0.022222222,0.0,0.0,Nov,2,2,1,1,Returning_Visitor,0,0
4,52.0,0,0.0,16,360.0,0.0,0.010526316,0.0,0.0,May,2,2,1,16,New_Visitor,0,0
0,0.0,0,0.0,6,53.0,0.0,0.06,0.0,0.0,Mar,2,2,7,3,Returning_Visitor,1,0
4,59.0,0,0.0,8,517.5,0.0,0.008333333,0.0,0.0,May,4,2,1,6,Returning_Visitor,0,0
3,180.0,0,0.0,12,1436.5,0.0,0.013333333,27.75904925,0.0,Mar,2,2,2,2,Returning_Visitor,1,1
0,0.0,0,0.0,23,1166.333333,0.0,0.02826087,22.2993913,0.0,May,2,2,6,2,Returning_Visitor,0,0
0,0.0,0,0.0,1,0.0,0.2,0.2,0.0,0.0,May,2,2,1,13,Returning_Visitor,0,0
9,211.0,1,52.4,22,501.0714286,0.0,0.034666667,0.0,0.0,Aug,1,2,1,4,Returning_Visitor,1,1
0,0.0,0,0.0,60,1288.563333,0.0,0.017777778,0.0,0.0,June,2,4,3,4,Returning_Visitor,0,0
0,0.0,0,0.0,23,338.5833333,0.0,0.008695652,0.0,0.0,Nov,3,2,1,10,Returning_Visitor,0,0
0,0.0,3,12.0,21,330.0,0.069565217,0.091304348,0.0,0.0,June,2,2,4,13,Returning_Visitor,0,0
7,134.0,2,196.0,11,438.5833333,0.0125,0.032291667,0.0,0.0,May,2,5,1,2,Returning_Visitor,0,0
1,0.0,1,66.4,14,668.3166667,0.014285714,0.028571429,44.89345937,0.0,Oct,4,2,1,20,Returning_Visitor,1,1
2,28.0,0,0.0,7,115.6666667,0.0,0.02,0.0,1.0,May,1,1,1,5,New_Visitor,1,0
10,187.7166667,1,11.0,29,277.35,0.0,0.021904762,0.0,0.0,Sep,3,2,9,5,Returning_Visitor,0,0
3,180.1333333,1,34.2,27,242.45,0.090322581,0.122427035,0.0,0.0,Oct,3,2,1,13,Returning_Visitor,0,0
6,634.5,3,312.75,172,7017.192635,0.001396648,0.019865374,0.0,0.0,Nov,2,4,1,2,Returning_Visitor,0,0
0,0.0,0,0.0,16,79.0,0.025,0.0375,0.0,0.0,May,2,2,2,4,Returning_Visitor,1,0
0,0.0,0,0.0,14,487.3209524,0.0,0.002380952,47.32661324,0.0,Oct,3,2,1,2,New_Visitor,0,1
8,145.1,6,2166.5,14,1805.425,0.0,0.031138344,10.90023366,0.0,Dec,4,5,1,2,Returning_Visitor,0,0
0,0.0,0,0.0,2,7.0,0.0,0.1,0.0,0.0,Nov,2,2,4,1,Returning_Visitor,0,0
0,0.0,0,0.0,19,215.75,0.0,0.021052632,0.0,0.0,Mar,2,2,3,10,Returning_Visitor,0,0
0,0.0,0,0.0,14,1131.208333,0.0,0.015384615,94.19490268,0.0,Nov,3,2,3,11,Returning_Visitor,1,1
8,137.075,0,0.0,59,2088.443506,0.006343284,0.023522862,54.07524113,0.0,May,4,2,3,3,Returning_Visitor,0,1
0,0.0,0,0.0,12,429.0,0.0,0.016666667,0.0,0.0,Nov,1,1,3,8,Returning_Visitor,0,0
0,0.0,0,0.0,4,50.0,0.0,0.05,0.0,0.0,Mar,2,2,3,1,Returning_Visitor,0,0
0,0.0,0,0.0,3,36.4,0.066666667,0.1,0.0,0.0,June,3,2,1,13,Returning_Visitor,0,0
0,0.0,0,0.0,42,570.1832287,0.01,0.016547619,0.0,0.0,Aug,2,2,1,2,Returning_Visitor,0,0
1,8.0,0,0.0,10,109.1944444,0.04,0.06,0.0,0.0,Dec,1,1,7,3,Returning_Visitor,1,0
3,16.0,0,0.0,24,1004.383333,0.0,0.023076923,0.0,0.0,June,2,2,4,13,Returning_Visitor,0,0
10,261.5,4,406.0,60,3121.283333,0.002857143,0.010935374,13.71812571,0.4,May,3,2,3,6,Returning_Visitor,0,0
0,0.0,0,0.0,4,105.5,0.0,0.05,0.0,0.0,Dec,2,2,2,2,Returning_Visitor,0,0
2,12.0,0,0.0,43,2595.280952,0.009090909,0.025378788,0.0,0.0,Mar,2,4,7,1,Returning_Visitor,0,0
5,66.5,0,0.0,29,1141.175,0.010416667,0.025902778,0.0,0.0,Nov,3,2,1,2,Returning_Visitor,0,0
6,162.5,0,0.0,39,1634.095238,0.0,0.011111111,8.604391304,0.0,May,3,3,5,2,Returning_Visitor,0,0
0,0.0,0,0.0,12,483.2916667,0.0,0.041666667,0.0,0.0,Dec,2,5,1,1,Returning_Visitor,0,0
0,0.0,2,24.0,15,1075.5,0.0,0.013333333,0.0,0.0,May,6,2,4,2,Returning_Visitor,1,0
0,0.0,0,0.0,27,589.5738095,0.007407407,0.005555556,0.0,0.0,May,3,2,3,4,Returning_Visitor,1,0
4,105.75,2,152.5,129,4609.626389,0.001550388,0.016137507,0.0,0.0,Dec,2,2,6,2,Returning_Visitor,0,0
0,0.0,0,0.0,9,891.5,0.0,0.0125,0.0,0.0,Dec,1,1,1,2,Returning_Visitor,0,0
3,34.5,0,0.0,17,298.875,0.0,0.014035088,0.0,0.0,Dec,1,5,1,2,New_Visitor,0,0
1,13.0,0,0.0,13,220.3333333,0.0,0.002197802,0.0,0.0,May,2,2,8,16,Returning_Visitor,0,0
2,35.0,0,0.0,20,979.0833333,0.0,0.00952381,60.04549665,0.0,Mar,2,2,3,2,Returning_Visitor,0,1
0,0.0,0,0.0,24,743.75,0.0,0.016666667,0.0,0.0,Dec,2,2,2,2,New_Visitor,1,0
0,0.0,0,0.0,39,1858.566667,0.0,0.002564103,0.0,0.0,Nov,2,2,3,2,New_Visitor,0,0
0,0.0,0,0.0,4,142.0,0.0,0.05,0.0,0.6,May,2,2,1,13,Returning_Visitor,0,0
3,103.6,0,0.0,39,1003.38,0.068292683,0.08699187,0.0,0.0,Aug,1,1,1,3,Returning_Visitor,0,0
7,106.8285714,0,0.0,181,6842.002513,0.0,0.007218823,11.29607044,0.0,May,4,1,3,4,Returning_Visitor,1,0
0,0.0,0,0.0,1,0.0,0.2,0.2,0.0,0.0,May,2,2,1,3,Returning_Visitor,0,0
6,239.3333333,0,0.0,31,1875.169444,0.0,0.025324675,21.85958403,0.0,Nov,1,1,1,2,Returning_Visitor,0,0
0,0.0,0,0.0,4,1245.0,0.0,0.1,0.0,0.0,May,2,2,3,6,Returning_Visitor,0,0
0,0.0,0,0.0,4,48.0,0.05,0.075,0.0,0.0,May,2,4,1,1,Returning_Visitor,1,0
3,16.0,6,137.8333333,15,1605.583333,0.011594203,0.037267081,0.0,0.0,Nov,2,10,1,2,Returning_Visitor,0,1
4,25.0,0,0.0,193,7548.633333,0.013471503,0.029620035,0.0,0.0,Jul,2,2,1,3,Returning_Visitor,0,0
0,0.0,0,0.0,6,279.0,0.0,0.033333333,0.0,0.0,Dec,1,2,3,10,Returning_Visitor,1,0
0,0.0,0,0.0,9,146.375,0.075,0.0875,0.0,0.0,Nov,3,2,1,13,Returning_Visitor,0,0
4,934.5,1,92.0,18,937.7166667,0.0,0.005555556,0.0,0.0,Dec,1,1,6,2,New_Visitor,0,0
9,228.2,1,0.0,7,186.4,0.02,0.03,0.0,0.0,Nov,2,2,1,20,Returning_Visitor,0,0
0,0.0,0,0.0,20,526.5,0.02,0.035,0.0,0.0,Nov,3,2,2,13,Returning_Visitor,0,0
6,1013.886667,1,378.8,8,230.28,0.0,0.02254902,13.86451214,0.0,Sep,2,2,3,2,Returning_Visitor,1,0
4,103.0,0,0.0,32,1092.183333,0.0,0.00625,0.0,0.0,Jul,2,2,6,1,Returning_Visitor,0,0
0,0.0,2,26.5,149,6001.171475,0.004,0.022010916,0.0,0.0,Nov,2,2,1,2,Returning_Visitor,0,1
4,166.5,1,27.0,21,452.8141026,0.044,0.047238095,0.0,0.0,May,3,2,4,3,Returning_Visitor,0,0
0,0.0,1,55.0,9,936.8333333,0.0,0.022222222,53.25533333,0.0,Mar,1,1,1,2,Returning_Visitor,1,1
0,0.0,0,0.0,30,986.5,0.006666667,0.023333333,0.0,0.0,May,2,4,3,3,Returning_Visitor,0,0
2,13.1,0,0.0,62,5556.932698,0.0,0.020625,4.964521194,0.0,Sep,2,2,3,2,Returning_Visitor,1,0
0,0.0,0,0.0,2,404.0,0.0,0.1,0.0,0.0,May,2,2,6,13,Returning_Visitor,0,0
1,3.0,0,0.0,19,273.0,0.035294118,0.070588235,0.0,0.0,May,3,2,1,6,Returning_Visitor,0,0
2,33.4,0,0.0,35,1795.925,0.0,0.01,0.0,0.0,Nov,2,2,1,3,Returning_Visitor,0,0
17,698.1333333,1,9.0,83,4306.612355,0.001075269,0.019375648,0.0,0.0,Oct,7,1,2,1,Returning_Visitor,1,1
0,0.0,0,0.0,16,1061.0,0.0,0.025,0.0,0.6,May,2,4,1,3,Returning_Visitor,0,0
5,44.2,5,801.8,12,235.3,0.002777778,0.035925926,0.0,0.0,Aug,2,2,2,2,Returning_Visitor,0,0
0,0.0,0,0.0,24,1010.25,0.008333333,0.016666667,31.81967723,0.0,Dec,3,2,8,2,Returning_Visitor,0,1
5,20.0,0,0.0,72,3220.887143,0.024937343,0.061688596,0.975803268,0.0,Oct,4,1,2,1,Returning_Visitor,0,0
0,0.0,0,0.0,6,179.5,0.033333333,0.066666667,0.0,0.0,May,2,2,4,6,Returning_Visitor,1,0
1,26.0,0,0.0,11,345.1666667,0.022222222,0.008888889,0.0,0.0,May,1,1,4,3,Returning_Visitor,0,0
9,333.8674242,4,121.625,29,1406.917424,0.017567568,0.021302211,20.74810067,0.0,Nov,3,2,6,1,Returning_Visitor,0,0
0,0.0,1,0.0,15,181.5,0.0125,0.05,0.0,0.0,May,2,5,3,3,Returning_Visitor,0,0
5,52.5,0,0.0,7,415.5,0.0,0.016666667,0.0,0.0,May,2,2,1,4,New_Visitor,0,0
0,0.0,0,0.0,2,180.1470588,0.033333333,0.055555556,0.0,0.0,Nov,6,2,3,8,Returning_Visitor,0,0
8,156.25,0,0.0,48,1481.108333,0.003773585,0.008176101,0.0,0.0,Dec,2,4,4,1,Returning_Visitor,0,0
0,0.0,0,0.0,21,517.5416667,0.0,0.010526316,16.1585582,0.0,Nov,1,1,3,8,Returning_Visitor,0,1
4,47.5,0,0.0,16,331.3333333,0.0,0.010526316,254.6071579,0.0,May,2,5,1,2,New_Visitor,0,1
0,0.0,0,0.0,12,655.0,0.036363636,0.063636364,0.0,0.8,May,2,2,1,6,Returning_Visitor,0,0
0,0.0,0,0.0,5,1620.0,0.14,0.166666667,0.0,0.0,Mar,2,2,1,1,Returning_Visitor,0,0
0,0.0,0,0.0,4,135.5,0.0,0.05,0.0,0.6,Feb,2,2,1,2,Returning_Visitor,0,0
2,107.0,0,0.0,14,167.5,0.08125,0.108333333,0.0,0.0,May,3,2,1,2,Returning_Visitor,0,0
4,65.0,0,0.0,26,501.8,0.0,0.014285714,0.0,0.0,Nov,2,2,9,2,New_Visitor,0,1
1,54.5,0,0.0,26,531.5,0.007692308,0.023076923,44.92362122,0.0,Nov,2,2,3,2,Returning_Visitor,0,0
1,0.0,0,0.0,9,837.6666667,0.0,0.022222222,0.0,0.0,May,3,2,1,13,Returning_Visitor,0,0
1,6.0,0,0.0,16,608.8333333,0.011764706,0.026666667,52.70052142,0.0,Mar,3,2,1,11,Returning_Visitor,0,1
0,0.0,0,0.0,3,108.0,0.0,0.066666667,0.0,0.0,May,2,2,4,13,Returning_Visitor,0,0
0,0.0,0,0.0,38,1608.5,0.005263158,0.034210526,0.0,0.6,May,2,2,5,1,Returning_Visitor,0,0
0,0.0,0,0.0,4,738.0,0.1,0.15,0.0,0.0,Mar,2,5,4,2,Returning_Visitor,1,0
4,47.0,0,0.0,6,173.0,0.0125,0.0375,0.0,0.0,May,1,2,2,2,Returning_Visitor,0,0
0,0.0,0,0.0,7,97.0,0.057142857,0.1,0.0,0.0,Mar,2,2,4,1,Returning_Visitor,0,0
0,0.0,0,0.0,5,171.5,0.0,0.02,0.0,0.0,Mar,1,1,1,2,Returning_Visitor,0,0
4,275.1,2,43.4,31,1108.653333,0.006060606,0.012121212,0.0,0.0,Sep,3,2,1,13,Returning_Visitor,1,0
6,109.6,0,0.0,17,495.1,0.0,0.01,0.0,0.0,Oct,2,4,8,2,New_Visitor,0,0
3,69.0,1,18.0,10,409.4666667,0.005128205,0.039010989,0.0,0.0,Dec,2,2,1,2,Returning_Visitor,0,0
0,0.0,0,0.0,2,46.5,0.0,0.05,0.0,0.0,Dec,1,1,2,2,New_Visitor,0,0
0,0.0,0,0.0,6,177.5,0.033333333,0.044444444,0.0,0.0,Mar,2,2,8,1,Returning_Visitor,0,0
5,74.75,0,0.0,14,512.5,0.0,0.023529412,0.0,0.0,Dec,2,7,7,8,New_Visitor,1,0
2,27.0,2,6.0,6,129.2,0.02962963,0.077777778,0.0,0.0,May,2,2,4,3,Returning_Visitor,0,0
2,20.0,0,0.0,21,2008.833333,0.0,0.022857143,0.0,0.6,May,4,1,1,2,Returning_Visitor,0,0
0,0.0,0,0.0,5,82.0,0.04,0.12,0.0,0.6,May,2,2,1,3,Returning_Visitor,0,0
3,117.0,0,0.0,98,3653.641667,0.002680653,0.0296601,0.0,0.0,Nov,2,5,9,2,Returning_Visitor,0,0
4,203.5,0,0.0,8,296.55,0.0,0.02,0.0,0.0,May,1,1,8,2,Returning_Visitor,0,0
0,0.0,1,0.0,22,812.3,0.030848861,0.057391304,0.0,0.0,Nov,1,1,4,10,Returning_Visitor,1,0
0,0.0,0,0.0,6,36.0,0.066666667,0.133333333,0.0,0.0,Mar,4,1,1,3,Returning_Visitor,1,0
3,131.0,0,0.0,8,117.6666667,0.0,0.006666667,0.0,0.0,May,1,1,4,5,New_Visitor,1,0
0,0.0,0,0.0,7,123.5,0.0,0.057142857,0.0,0.0,May,1,1,1,3,Returning_Visitor,0,0
7,253.4,0,0.0,12,832.7,0.0,0.004761905,0.0,0.0,June,2,5,3,5,New_Visitor,0,0
2,53.5,0,0.0,20,559.3809524,0.0,0.01,0.0,1.0,May,2,2,1,4,New_Visitor,1,0
0,0.0,0,0.0,4,141.0,0.0,0.05,0.0,0.0,Aug,4,1,3,3,New_Visitor,0,0
0,0.0,0,0.0,8,321.0,0.0,0.05,0.0,0.2,May,2,2,3,4,Returning_Visitor,0,0
1,47.4,0,0.0,5,238.2,0.0,0.033333333,0.0,0.0,Sep,2,2,5,4,New_Visitor,1,0
0,0.0,0,0.0,1,0.0,0.2,0.2,0.0,0.0,May,1,1,1,3,Returning_Visitor,0,0
0,0.0,0,0.0,1,0.0,0.2,0.2,0.0,0.0,Mar,1,1,2,1,Returning_Visitor,0,0
0,0.0,0,0.0,7,251.6666667,0.028571429,0.011428571,0.0,0.0,Mar,3,2,1,6,Returning_Visitor,1,0
2,63.0,0,0.0,35,850.3333333,0.0,0.005405405,0.0,0.0,Mar,2,2,3,2,New_Visitor,1,0
0,0.0,0,0.0,6,203.0,0.0,0.033333333,0.0,0.0,Nov,4,1,2,3,Returning_Visitor,0,0
0,0.0,0,0.0,1,0.0,0.2,0.2,0.0,0.0,Feb,1,1,3,3,Returning_Visitor,0,0
0,0.0,1,36.5,40,1121.416667,0.0,0.022195122,0.0,0.0,Nov,2,2,3,2,Returning_Visitor,0,0
0,0.0,2,20.0,28,1085.25,0.0,0.01,0.0,0.0,Dec,3,2,1,11,New_Visitor,0,1
0,0.0,0,0.0,23,647.5,0.028571429,0.04,0.0,0.0,May,3,2,1,1,Returning_Visitor,0,0
3,103.0,2,58.5,94,2807.149729,0.0,0.002777778,0.0,0.0,Nov,2,2,7,2,New_Visitor,1,0
2,112.8,0,0.0,27,1555.967143,0.0,0.001724138,44.85638692,0.0,Nov,1,1,4,2,New_Visitor,0,1
0,0.0,0,0.0,4,93.5,0.0,0.05,0.0,0.0,May,2,2,1,2,Returning_Visitor,1,0
0,0.0,0,0.0,2,59.5,0.0,0.1,0.0,0.0,Dec,1,1,7,2,Returning_Visitor,1,0
3,56.0,0,0.0,61,1669.988095,0.008064516,0.025778523,0.0,0.0,Nov,1,1,7,2,Returning_Visitor,0,0
1,51.0,2,117.2857143,15,969.102381,0.005882353,0.008888889,0.0,0.0,Mar,3,3,1,2,Returning_Visitor,0,0
0,0.0,0,0.0,5,103.5,0.0,0.04,0.0,0.0,Dec,1,1,4,2,Returning_Visitor,1,0
1,53.0,0,0.0,19,1007.9,0.0,0.005555556,0.0,0.0,May,1,1,3,4,New_Visitor,0,0
3,33.0,0,0.0,17,386.4166667,0.0,0.01,0.0,0.0,Dec,2,2,1,2,New_Visitor,0,1
0,0.0,0,0.0,3,222.0,0.133333333,0.133333333,0.0,0.0,May,1,1,3,3,Returning_Visitor,0,0
0,0.0,3,60.5,74,3105.365207,0.015789474,0.022261905,0.0,0.0,Nov,1,2,5,2,Returning_Visitor,0,0
0,0.0,0,0.0,10,444.5,0.0,0.02,13.9394091,0.0,Nov,2,2,1,1,Returning_Visitor,0,1
5,34.5,0,0.0,8,154.5,0.022222222,0.014814815,0.0,0.0,Dec,3,2,4,2,Returning_Visitor,0,0
0,0.0,0,0.0,9,740.1666667,0.0,0.014285714,0.0,0.0,Nov,3,2,1,1,Returning_Visitor,0,0
0,0.0,0,0.0,23,723.0,0.015873016,0.026077098,0.0,0.0,Dec,3,2,2,13,Returning_Visitor,0,0
9,211.5,4,222.0,30,2266.270833,0.005263158,0.029874687,0.0,0.0,Nov,3,2,1,2,Returning_Visitor,0,0
0,0.0,0,0.0,1,0.0,0.2,0.2,0.0,0.0,Nov,2,2,6,10,Returning_Visitor,0,0
0,0.0,0,0.0,5,94.5,0.0,0.04,0.0,0.0,Mar,2,2,1,1,Returning_Visitor,0,0
0,0.0,0,0.0,13,852.2,0.164230769,0.18034188,0.0,0.0,Aug,3,2,4,13,Returning_Visitor,0,0
7,144.8,1,96.2,34,1374.630952,0.019973545,0.028024691,0.0,0.0,Jul,1,1,3,4,Returning_Visitor,0,0
4,99.5,0,0.0,46,953.0686869,0.0,0.014285714,0.0,0.0,May,1,1,6,4,Returning_Visitor,1,0
0,0.0,0,0.0,5,219.0,0.0,0.04,0.0,0.0,Nov,1,8,7,6,Returning_Visitor,0,0
0,0.0,0,0.0,21,604.5,0.0,0.019047619,0.0,0.0,Nov,2,2,1,13,New_Visitor,0,0
0,0.0,0,0.0,13,217.9166667,0.015384615,0.035897436,0.0,0.0,Dec,2,2,1,2,Returning_Visitor,1,0
0,0.0,0,0.0,22,493.0,0.0,0.00952381,55.5696756,0.0,Nov,4,1,9,8,Returning_Visitor,1,1
0,0.0,0,0.0,9,300.0,0.011111111,0.033333333,0.0,0.8,May,2,4,1,3,Returning_Visitor,0,0
0,0.0,0,0.0,9,167.0,0.022222222,0.066666667,0.0,0.0,May,2,6,4,3,Returning_Visitor,0,0
0,0.0,0,0.0,4,58.5,0.0,0.066666667,0.0,0.0,Dec,3,2,8,13,Returning_Visitor,0,0
2,41.5,1,57.5,19,2689.625,0.0,0.024242424,0.0,0.0,Dec,2,2,3,2,Returning_Visitor,0,0
0,0.0,0,0.0,5,111.25,0.0,0.033333333,0.0,0.0,Nov,2,2,1,20,Returning_Visitor,0,0
6,188.5,0,0.0,25,590.6,0.0,0.003703704,0.0,0.0,Aug,2,2,1,2,New_Visitor,1,0
10,198.4,2,114.0,26,607.9777778,0.0,0.016666667,4.9872375,0.0,May,2,2,1,2,Returning_Visitor,0,0
3,421.0,0,0.0,4,110.5,0.0,0.011111111,0.0,0.0,Mar,3,2,8,2,New_Visitor,1,0
2,28.2,1,0.0,114,3161.074762,0.017699115,0.042576205,0.0,0.0,Aug,2,2,2,1,Returning_Visitor,0,0
0,0.0,0,0.0,6,226.0,0.0,0.04,0.0,0.0,Mar,2,2,1,2,Returning_Visitor,0,0
0,0.0,0,0.0,1,0.0,0.2,0.2,0.0,0.0,Nov,2,2,3,1,Returning_Visitor,0,0
1,15.0,1,157.0,36,3010.532051,0.0,0.014619883,0.0,0.0,May,2,2,3,2,Returning_Visitor,1,0
3,172.0,0,0.0,53,1299.383333,0.0,0.003703704,0.0,0.0,Mar,2,6,7,2,Returning_Visitor,1,0
0,0.0,0,0.0,4,67.75,0.0,0.05,0.0,0.0,Nov,2,2,1,1,Returning_Visitor,0,0
0,0.0,0,0.0,2,0.0,0.2,0.2,0.0,0.0,June,2,2,2,3,Returning_Visitor,0,0
0,0.0,0,0.0,22,347.6666667,0.021212121,0.059848485,0.0,0.0,June,4,1,1,3,Returning_Visitor,0,0
6,86.32857143,4,24.0,131,5619.384897,0.01294547,0.035488294,3.61382908,0.0,Nov,3,2,1,2,Returning_Visitor,0,0
0,0.0,0,0.0,17,1926.133333,0.011764706,0.027647059,0.0,0.0,Nov,2,2,4,1,Returning_Visitor,0,0
3,86.0,0,0.0,22,1187.833333,0.009090909,0.027272727,0.0,0.0,Mar,3,2,3,1,Returning_Visitor,1,0
0,0.0,0,0.0,15,1332.833333,0.014285714,0.005714286,0.0,0.0,Mar,2,5,4,2,Returning_Visitor,1,0
0,0.0,0,0.0,12,312.35,0.0,0.041666667,0.0,0.0,Nov,2,2,1,2,Returning_Visitor,0,0
8,452.5,0,0.0,30,643.4333333,0.0,0.019047619,0.0,0.0,Oct,1,1,9,2,Returning_Visitor,0,0
7,266.875,0,0.0,32,2092.5,0.010526316,0.026315789,23.5676355,0.0,Dec,2,2,1,1,Returning_Visitor,1,0
0,0.0,0,0.0,8,190.1590909,0.05625,0.055357143,0.0,0.0,Dec,1,1,7,3,Returning_Visitor,0,0
2,21.75,0,0.0,6,84.25,0.033333333,0.044444444,0.0,0.0,Dec,3,2,4,20,Returning_Visitor,0,0
1,4.0,0,0.0,8,244.0,0.02,0.04,15.45198077,0.0,Sep,2,4,1,1,Returning_Visitor,0,1
2,133.0,0,0.0,19,341.3666667,0.0,0.01,0.0,0.0,May,1,1,1,2,Returning_Visitor,0,0
10,62.5,1,93.0,28,724.3333333,0.0,0.023232323,14.73709091,0.2,May,2,2,4,5,New_Visitor,0,0
0,0.0,0,0.0,1,0.0,0.2,0.2,0.0,0.0,Nov,2,6,1,2,Returning_Visitor,0,0
0,0.0,0,0.0,3,36.6,0.0,0.033333333,0.0,0.0,Aug,2,2,6,2,Returning_Visitor,0,0
0,0.0,0,0.0,18,1217.85,0.0,0.020833333,0.0,0.6,May,2,5,1,4,Returning_Visitor,0,0
3,14.0,0,0.0,20,1424.928571,0.01,0.022222222,0.0,0.0,Mar,2,2,1,1,Returning_Visitor,0,0
1,8.0,0,0.0,28,643.875,0.0,0.003571429,0.0,0.6,May,2,4,1,2,New_Visitor,0,0
3,118.6666667,0,0.0,17,694.0,0.003703704,0.008333333,27.45138186,0.0,Mar,3,2,1,2,Returning_Visitor,1,1
3,65.5,2,12.0,39,1101.333333,0.00952381,0.041269841,14.99642857,0.0,May,2,2,3,1,Returning_Visitor,0,0
7,147.1666667,0,0.0,10,146.0,0.053333333,0.068888889,0.0,0.0,Dec,1,1,2,1,Returning_Visitor,0,0
0,0.0,1,35.0,33,782.0833333,0.0,0.005882353,23.03329412,0.0,May,2,4,9,2,New_Visitor,0,1
1,15.0,0,0.0,18,343.8333333,0.0,0.0125,38.3399435,0.0,Dec,2,13,9,20,New_Visitor,0,1
2,43.72727273,0,0.0,59,3354.078463,0.012307692,0.026494505,9.005310781,0.0,Nov,2,2,3,1,Returning_Visitor,0,1
0,0.0,0,0.0,6,362.0,0.0,0.066666667,0.0,0.0,May,2,2,2,3,Returning_Visitor,0,0
0,0.0,0,0.0,5,22.0,0.08,0.12,0.0,0.0,May,3,2,3,13,Returning_Visitor,0,0
3,101.6428571,0,0.0,137,3978.626167,0.001449275,0.004746377,81.75845837,0.0,Dec,2,10,3,1,Returning_Visitor,0,0
2,32.0,1,70.0,16,504.0833333,0.005714286,0.019047619,9.543060317,0.0,Mar,2,2,3,8,Returning_Visitor,0,0
4,359.3,4,407.0,69,5485.105556,0.010526316,0.017493734,4.494741228,0.0,Mar,1,1,2,1,Returning_Visitor,1,1
3,49.5,0,0.0,22,458.25,0.02,0.056666667,0.0,0.0,Nov,1,1,1,3,Returning_Visitor,0,0
3,29.2,0,0.0,17,652.5666667,0.022222222,0.033333333,24.12558571,0.0,June,1,1,6,3,Returning_Visitor,0,1
0,0.0,0,0.0,13,421.1666667,0.0,0.028205128,0.0,0.8,May,1,1,1,2,Returning_Visitor,0,0
1,31.2,0,0.0,31,824.86,0.0,0.008333333,0.0,0.0,Sep,1,1,1,3,New_Visitor,0,0
0,0.0,0,0.0,36,319.5,0.047777778,0.088888889,0.0,0.0,May,2,2,3,1,Returning_Visitor,0,0
4,74.5,0,0.0,22,672.95,0.0,0.027179487,0.0,0.0,Sep,2,2,9,2,Returning_Visitor,0,1
1,69.5,0,0.0,16,895.8095238,0.0,0.004444444,32.14213333,0.6,May,3,2,2,6,Returning_Visitor,0,1
0,0.0,0,0.0,1,0.0,0.2,0.2,0.0,0.0,Feb,1,1,4,3,Returning_Visitor,0,0
1,95.0,0,0.0,27,598.45,0.0,0.014814815,0.0,0.0,Mar,2,2,2,2,Returning_Visitor,0,0
0,0.0,0,0.0,6,301.5,0.0,0.111111111,0.0,0.0,Feb,2,4,9,3,Returning_Visitor,0,0
3,57.0,1,163.0,36,2928.777778,0.002631579,0.021052632,0.0,0.0,May,2,10,2,5,Returning_Visitor,1,0
8,400.65,0,0.0,27,952.2833333,0.0,0.00137931,0.0,0.0,Aug,1,8,1,6,New_Visitor,0,1
3,205.25,0,0.0,190,3679.128882,0.0,0.005951258,8.421921428,0.0,Dec,2,2,7,3,Returning_Visitor,0,0
1,249.8,2,722.9,8,2219.583333,0.0,0.0,0.0,0.0,Nov,2,4,4,2,New_Visitor,0,0
0,0.0,0,0.0,2,18.0,0.1,0.15,0.0,0.0,Mar,2,5,3,10,Returning_Visitor,0,0
0,0.0,0,0.0,7,65.0,0.114285714,0.15,0.0,0.0,May,3,2,1,1,Returning_Visitor,0,0
2,135.0,0,0.0,53,1511.195238,0.005454545,0.025787879,0.0,0.0,May,2,2,1,6,Returning_Visitor,1,0
1,0.0,0,0.0,1,74.6,0.1,0.1,0.0,0.0,Oct,3,2,1,4,Returning_Visitor,0,0
2,270.0,3,228.5,13,2451.0,0.0,0.021428571,42.22150549,0.0,Nov,2,2,4,2,Returning_Visitor,0,1
2,18.0,0,0.0,5,298.0,0.0,0.028571429,0.0,0.8,Feb,2,2,8,4,Returning_Visitor,0,0
1,236.5,5,1373.75,141,2834.697619,0.009684685,0.020551802,0.0,0.0,Nov,2,2,3,2,Returning_Visitor,0,0
0,0.0,1,0.0,8,165.8,0.022222222,0.022222222,0.0,0.6,May,1,1,1,1,Returning_Visitor,0,0
0,0.0,0,0.0,19,725.9,0.0,0.005263158,0.0,0.0,May,1,2,1,4,Returning_Visitor,0,0
0,0.0,2,75.5,109,4008.578283,0.003003003,0.01899841,0.0,0.0,Nov,2,2,1,2,Returning_Visitor,0,1
0,0.0,0,0.0,5,1474.5,0.0,0.02,0.0,0.0,May,1,1,1,3,Returning_Visitor,0,0
9,89.16666667,4,94.875,10,138.4166667,0.0,0.013333333,0.0,0.0,Nov,2,2,3,2,New_Visitor,0,0
3,79.0,0,0.0,38,1272.916667,0.004878049,0.020139373,9.401136585,0.0,Mar,2,4,2,2,Returning_Visitor,0,0
0,0.0,0,0.0,11,335.0,0.036363636,0.060606061,0.0,0.0,Nov,3,2,1,13,Returning_Visitor,1,0
0,0.0,0,0.0,2,8.0,0.0,0.1,0.0,0.0,Mar,2,2,5,1,Returning_Visitor,1,0
2,16.0,0,0.0,42,1743.517857,0.0,0.012804878,0.0,0.0,Nov,2,2,1,2,Returning_Visitor,0,0
0,0.0,1,0.0,124,4093.430519,0.005816216,0.043499683,0.0,0.0,May,2,2,8,13,Returning_Visitor,0,0
4,81.5,0,0.0,12,223.5833333,0.0,0.002666667,0.0,0.0,Mar,1,1,1,3,Returning_Visitor,0,0
3,41.5,0,0.0,5,68.75,0.0,0.0375,0.0,0.0,Nov,1,2,1,8,New_Visitor,0,0
1,0.0,0,0.0,19,2236.9,0.0,0.027777778,19.59533333,0.0,May,4,1,2,4,Returning_Visitor,1,1
0,0.0,0,0.0,7,140.4583333,0.028571429,0.034285714,0.0,0.0,Nov,3,3,9,2,Returning_Visitor,0,0
3,44.0,4,1636.0,49,4945.083333,0.009259259,0.029444444,6.165,0.8,May,2,2,2,4,Returning_Visitor,0,1
0,0.0,0,0.0,11,631.4,0.054545455,0.048484848,0.0,0.0,Aug,1,1,1,3,Returning_Visitor,0,0
0,0.0,0,0.0,10,201.9166667,0.0,0.04,0.0,0.0,Nov,1,1,1,2,Returning_Visitor,0,0
4,162.0,3,75.5,4,158.5,0.0,0.016666667,0.0,0.0,Mar,2,4,1,10,Returning_Visitor,0,0
2,213.6,4,108.0,19,989.3333333,0.029166667,0.0375,0.0,0.0,June,1,1,1,2,Returning_Visitor,1,0
8,203.9166667,4,114.75,118,3903.167094,0.004098361,0.012520167,55.01131298,0.0,Nov,2,2,1,2,Returning_Visitor,0,1
5,157.5,3,433.5,9,599.5,0.0,0.020833333,0.0,0.0,Nov,1,1,1,2,New_Visitor,0,0
4,49.2,0,0.0,3,22.0,0.0,0.025,0.0,0.0,Nov,2,2,3,2,New_Visitor,0,1
0,0.0,0,0.0,7,117.5,0.0,0.033333333,0.0,0.0,May,4,2,8,3,Returning_Visitor,1,0
7,134.75,0,0.0,43,3283.722222,0.009302326,0.019379845,24.90144186,0.2,May,1,2,1,4,Returning_Visitor,0,0
1,18.2,0,0.0,22,624.76,0.009090909,0.015909091,0.0,0.0,Oct,2,2,7,3,Returning_Visitor,0,0
0,0.0,0,0.0,10,224.0,0.0,0.01,0.0,0.4,May,2,2,1,4,Returning_Visitor,0,0
0,0.0,0,0.0,16,280.5,0.0,0.0125,0.0,0.0,May,4,1,1,3,Returning_Visitor,0,0
0,0.0,0,0.0,37,1156.416667,0.0,0.011111111,0.0,0.0,Nov,1,1,9,2,Returning_Visitor,1,0
0,0.0,2,59.5,43,760.875,0.018412698,0.036790123,0.0,0.0,Dec,4,2,1,2,Returning_Visitor,1,0
0,0.0,0,0.0,1,0.0,0.2,0.2,0.0,0.0,Feb,3,3,3,2,Returning_Visitor,1,0
0,0.0,0,0.0,1,0.0,0.2,0.2,0.0,0.0,Dec,3,3,1,8,New_Visitor,0,0
6,322.35,0,0.0,33,1845.394615,0.0,0.009714286,39.42556512,0.0,Jul,2,2,1,1,Returning_Visitor,0,1
0,0.0,0,0.0,65,6053.466667,0.005208333,0.026197917,0.0,0.0,Sep,2,4,9,3,Returning_Visitor,0,0
0,0.0,1,0.0,14,331.55,0.013333333,0.017777778,0.0,0.0,June,1,1,1,2,Returning_Visitor,1,0
1,9.0,0,0.0,7,638.0,0.0375,0.045833333,0.0,0.0,Mar,1,1,1,3,Returning_Visitor,0,0
0,0.0,0,0.0,14,380.5,0.014285714,0.028571429,0.0,0.0,Feb,2,2,1,1,Returning_Visitor,0,0
3,67.5,0,0.0,30,761.75,0.0,0.015053763,19.31425101,0.0,Dec,2,4,1,1,Returning_Visitor,1,1
5,71.0,0,0.0,57,1422.909324,0.005263158,0.018891527,13.55041394,0.0,Nov,2,4,4,2,Returning_Visitor,0,1
0,0.0,0,0.0,26,553.5,0.0,0.008333333,35.98,0.0,May,2,5,3,4,Returning_Visitor,0,1
3,67.2,0,0.0,46,987.1190476,0.004081633,0.012244898,22.25592956,0.0,Sep,2,2,8,4,Returning_Visitor,0,1
8,171.75,0,0.0,32,486.6666667,0.0,0.005555556,0.0,0.0,Dec,4,2,1,2,New_Visitor,0,0
0,0.0,0,0.0,1,0.0,0.2,0.2,0.0,0.0,Mar,2,2,1,1,Returning_Visitor,0,0
3,151.0,0,0.0,6,892.0,0.0,0.018518519,0.0,0.0,Mar,3,2,3,3,Returning_Visitor,1,0
7,119.5666667,0,0.0,25,499.6083333,0.004166667,0.033333333,0.0,0.0,Nov,1,1,1,8,Returning_Visitor,0,0
15,149.0316092,2,1529.2,23,2128.704568,0.005714286,0.020425941,16.19731984,0.0,Oct,2,2,2,20,Returning_Visitor,0,0
0,0.0,0,0.0,10,229.25,0.0,0.06,0.0,0.0,Mar,1,1,6,2,Returning_Visitor,0,0
1,30.7,0,0.0,33,1148.333333,0.0,0.020833333,0.0,0.0,Aug,2,5,6,1,Returning_Visitor,0,0
2,178.0,0,0.0,36,943.6190476,0.031944444,0.048194444,0.0,0.2,May,3,2,1,13,Returning_Visitor,0,0
0,0.0,0,0.0,16,1558.25,0.0,0.013244048,0.0,0.0,Nov,3,2,3,2,New_Visitor,1,0
0,0.0,0,0.0,24,1361.833333,0.0,0.029166667,0.0,0.0,Nov,2,2,2,1,Returning_Visitor,0,0
5,33.0,0,0.0,54,1835.066667,0.003773585,0.011320755,0.0,0.0,May,2,2,4,4,Returning_Visitor,0,0
1,58.4,0,0.0,18,1045.3,0.0,0.026315789,0.0,0.0,Sep,2,2,2,1,Returning_Visitor,0,0
0,0.0,0,0.0,7,278.75,0.028571429,0.042857143,0.0,0.0,Dec,3,2,1,20,New_Visitor,0,0
10,290.3333333,0,0.0,60,2818.094444,0.016666667,0.018387097,2.050814516,0.0,May,1,1,6,2,Returning_Visitor,0,0
0,0.0,0,0.0,10,349.1111111,0.02,0.02,88.39170518,0.0,Oct,3,2,1,20,Returning_Visitor,1,1
2,152.0,0,0.0,13,241.5833333,0.013333333,0.013333333,0.0,0.0,Sep,1,1,1,2,New_Visitor,0,0
0,0.0,0,0.0,2,17.0,0.0,0.1,0.0,0.0,Dec,8,2,7,2,Returning_Visitor,0,0
3,57.0,0,0.0,42,3556.516667,0.0,0.00968254,26.98362279,0.0,Dec,2,4,3,1,Returning_Visitor,0,0
4,54.6,2,22.13333333,44,1100.789082,0.008510638,0.018561297,0.0,0.0,Oct,2,2,1,1,Returning_Visitor,0,0
0,0.0,0,0.0,7,330.1666667,0.0,0.021428571,0.0,0.0,Dec,3,2,9,2,Returning_Visitor,0,0
5,96.25,0,0.0,26,1222.333333,0.0,0.006451613,42.95612903,0.0,May,2,2,1,1,Returning_Visitor,0,1
2,90.0,0,0.0,22,650.6666667,0.026086957,0.045217391,0.0,0.0,May,2,2,4,1,Returning_Visitor,0,0
1,149.5,0,0.0,32,1562.333333,0.038709677,0.062580645,7.636645161,0.2,May,2,2,3,2,Returning_Visitor,0,0
0,0.0,0,0.0,24,671.0886525,0.026666667,0.036566293,0.0,0.0,Nov,1,1,3,2,Returning_Visitor,0,0
1,17.0,0,0.0,12,616.4,0.0,0.018181818,0.0,0.0,Mar,1,1,3,1,Returning_Visitor,1,0
0,0.0,0,0.0,47,1475.366667,0.010638298,0.02674772,0.0,0.0,Nov,1,1,4,1,Returning_Visitor,1,0
0,0.0,0,0.0,31,2285.2,0.006451613,0.04516129,0.0,0.0,Nov,2,2,9,1,Returning_Visitor,0,0
8,245.0833333,1,194.0,93,3646.966667,0.005154639,0.022696032,4.629470103,0.0,May,3,2,1,13,Returning_Visitor,0,0
9,219.25,2,31.0,18,374.3809524,0.0,0.007666667,37.6992,0.0,May,1,1,1,5,New_Visitor,0,0
0,0.0,0,0.0,7,84.33333333,0.052380952,0.10952381,0.0,0.0,May,3,3,9,1,Returning_Visitor,0,0
1,2.0,0,0.0,79,1319.547421,0.005128205,0.00962556,0.0,0.0,Nov,1,1,1,3,Returning_Visitor,0,0
2,100.0,6,131.0,63,2611.651923,0.0,0.002985075,0.0,0.0,Dec,1,1,6,2,Returning_Visitor,0,0
2,61.5,0,0.0,15,1950.386667,0.0,0.007291667,0.0,0.0,Nov,2,10,2,4,Returning_Visitor,1,0
1,23.0,0,0.0,27,1058.893939,0.0,0.010493827,1.865777778,0.0,Mar,2,2,3,13,Returning_Visitor,0,0
0,0.0,0,0.0,31,1189.333333,0.0,0.031182796,0.0,0.0,May,2,2,2,4,Returning_Visitor,0,0
2,17.0,0,0.0,14,260.2,0.0,0.0375,0.0,0.4,May,2,2,3,3,Returning_Visitor,0,0
2,77.7,1,2.0,24,551.1583333,0.004166667,0.054444444,7.945368291,0.0,Dec,2,2,9,2,Returning_Visitor,0,0
0,0.0,0,0.0,1,0.0,0.2,0.2,0.0,0.6,Feb,2,2,5,1,Returning_Visitor,0,0
0,0.0,0,0.0,13,334.75,0.0,0.030769231,0.0,0.0,Nov,2,2,1,2,Returning_Visitor,0,0
0,0.0,0,0.0,8,41.13333333,0.025,0.0625,0.0,0.0,Jul,2,2,9,1,Returning_Visitor,0,0
0,0.0,0,0.0,11,125.0,0.018181818,0.081818182,0.0,0.0,Mar,2,2,1,13,Returning_Visitor,0,0
0,0.0,0,0.0,20,381.0,0.045,0.075,0.0,0.0,June,1,1,2,3,Returning_Visitor,0,0
8,315.845679,4,382.4,31,1314.112346,0.014285714,0.013518007,37.53469014,0.0,Oct,1,1,1,4,Returning_Visitor,0,1
1,78.6,0,0.0,5,744.8,0.0,0.0,0.0,0.0,Sep,2,2,1,4,New_Visitor,0,0
11,268.2,2,71.1,49,1758.25,0.0,0.020562771,0.0,0.0,Sep,2,5,4,1,Returning_Visitor,0,1
4,353.4,2,0.0,11,587.2,0.013333333,0.04,0.0,0.0,Jul,2,5,2,3,Returning_Visitor,1,0
1,10.0,2,108.0,89,2114.083333,0.0,0.011685393,0.0,0.2,May,4,2,1,4,Returning_Visitor,0,0
3,97.75,1,46.5,12,257.4166667,0.006666667,0.027111111,0.0,0.0,Nov,3,2,6,3,Returning_Visitor,0,0
0,0.0,0,0.0,20,2981.166667,0.0,0.01,0.0,0.0,Feb,2,4,4,4,Returning_Visitor,0,0
1,21.0,0,0.0,13,1474.5,0.0,0.016666667,69.46175766,0.0,Dec,2,2,4,3,Returning_Visitor,0,1
1,5.0,0,0.0,2,15.2,0.0,0.04,0.0,0.0,Aug,1,1,6,3,Returning_Visitor,0,0
0,0.0,0,0.0,32,348.25,0.0,0.010793651,0.0,0.0,Dec,2,2,1,6,Returning_Visitor,0,0
0,0.0,0,0.0,6,118.3,0.011111111,0.077777778,0.0,0.0,June,2,2,1,2,Returning_Visitor,0,0
9,65.54166667,0,0.0,6,744.1666667,0.0,0.004,0.0,0.0,Dec,2,4,1,2,Returning_Visitor,0,0
4,82.0,0,0.0,32,1040.166667,0.011764706,0.041176471,0.0,0.0,May,2,2,2,3,Returning_Visitor,1,0
1,0.0,0,0.0,11,1019.5,0.022222222,0.044444444,26.65777778,0.0,May,2,5,3,1,Returning_Visitor,0,1
1,30.0,0,0.0,21,204.1666667,0.028571429,0.048412698,0.0,0.0,May,3,2,8,4,Returning_Visitor,1,0
0,0.0,0,0.0,74,2763.25,0.005405405,0.021288981,27.74177162,0.0,May,2,5,3,6,Returning_Visitor,0,0
1,18.2,0,0.0,0,0.0,0.0,0.066666667,0.0,0.0,Oct,2,4,1,5,New_Visitor,0,0
0,0.0,0,0.0,8,140.25,0.121428571,0.14375,0.0,0.0,Dec,3,2,2,13,Returning_Visitor,0,0
5,255.75,0,0.0,70,1787.479365,0.004285714,0.019809524,0.0,0.0,Dec,2,4,1,3,Returning_Visitor,0,0
0,0.0,0,0.0,48,3972.0,0.0,0.020991254,0.0,0.0,Dec,2,2,1,2,Returning_Visitor,0,0
4,106.0,0,0.0,6,180.4166667,0.0,0.025,0.0,0.0,Nov,3,6,3,2,New_Visitor,0,0
8,636.0,0,0.0,52,3374.016667,0.0,0.003703704,108.0893873,0.0,Nov,2,2,3,13,Returning_Visitor,0,1
2,7.0,0,0.0,40,906.4,0.0,0.015238095,0.0,0.0,Oct,2,2,9,4,Returning_Visitor,0,0
0,0.0,0,0.0,13,173.25,0.046153846,0.061538462,0.0,0.0,Dec,2,2,3,1,Returning_Visitor,0,0
17,626.4933333,0,0.0,76,1985.894203,0.015630252,0.031102029,0.0,0.0,Oct,2,2,1,1,Returning_Visitor,0,0
3,54.5,0,0.0,67,2891.744571,0.013235294,0.023901833,0.0,0.0,Nov,3,2,1,13,Returning_Visitor,1,0
0,0.0,0,0.0,5,102.0,0.0,0.01,0.0,0.0,May,2,2,9,4,Returning_Visitor,0,0
3,23.0,2,10.16666667,85,1311.072012,0.002657807,0.015013618,0.0,1.0,May,3,2,1,3,Returning_Visitor,1,0
0,0.0,0,0.0,5,116.6666667,0.04,0.05,0.0,0.0,Oct,3,2,1,3,Returning_Visitor,1,0
2,12.1,0,0.0,4,38.3,0.00952381,0.066666667,0.0,0.0,Nov,1,2,1,5,Returning_Visitor,0,0
2,91.0,0,0.0,94,4698.796429,0.0,0.017659574,0.0,0.0,Nov,2,2,5,2,Returning_Visitor,1,0
0,0.0,0,0.0,1,0.0,0.2,0.2,0.0,0.0,Nov,4,1,4,3,Returning_Visitor,0,0
0,0.0,0,0.0,5,44.8,0.0,0.033333333,50.36347405,0.0,Jul,4,1,3,1,Returning_Visitor,0,1
